<?xml version="1.0"?>
<!DOCTYPE source_file SYSTEM "apf.v5.1.1.dtd">
<source_file URI="CNN_IP_20030405.1600.01-3.sgm" SOURCE="broadcast conversation" TYPE="text" AUTHOR="LDC" ENCODING="UTF-8">
<document DOCID="CNN_IP_20030405.1600.01-3">
<entity ID="CNN_IP_20030405.1600.01-3-E1" TYPE="ORG" SUBTYPE="Government" CLASS="SPC">
  <entity_mention ID="CNN_IP_20030405.1600.01-3-E1-2" TYPE="NOM" LDCTYPE="NOMPRE" LDCATR="TRUE">
    <extent>
      <charseq START="615" END="628">Iraqi military</charseq>
    </extent>
    <head>
      <charseq START="621" END="628">military</charseq>
    </head>
  </entity_mention>
  <entity_mention ID="CNN_IP_20030405.1600.01-3-E1-6" TYPE="NOM" LDCTYPE="NOMPRE" LDCATR="TRUE">
    <extent>
      <charseq START="824" END="831">military</charseq>
    </extent>
    <head>
      <charseq START="824" END="831">military</charseq>
    </head>
  </entity_mention>
  <entity_mention ID="CNN_IP_20030405.1600.01-3-E1-49" TYPE="NOM" LDCTYPE="NOMPRE" LDCATR="TRUE">
    <extent>
      <charseq START="340" END="353">Iraqi
military</charseq>
    </extent>
    <head>
      <charseq START="346" END="353">military</charseq>
    </head>
  </entity_mention>
</entity>
<entity ID="CNN_IP_20030405.1600.01-3-E2" TYPE="GPE" SUBTYPE="Nation" CLASS="SPC">
  <entity_mention ID="CNN_IP_20030405.1600.01-3-E2-3" TYPE="NAM" LDCTYPE="NAMPRE" ROLE="GPE" LDCATR="TRUE">
    <extent>
      <charseq START="615" END="619">Iraqi</charseq>
    </extent>
    <head>
      <charseq START="615" END="619">Iraqi</charseq>
    </head>
  </entity_mention>
  <entity_mention ID="CNN_IP_20030405.1600.01-3-E2-29" TYPE="NAM" LDCTYPE="NAMPRE" ROLE="GPE" LDCATR="TRUE">
    <extent>
      <charseq START="2070" END="2074">Iraqi</charseq>
    </extent>
    <head>
      <charseq START="2070" END="2074">Iraqi</charseq>
    </head>
  </entity_mention>
  <entity_mention ID="CNN_IP_20030405.1600.01-3-E2-50" TYPE="NAM" LDCTYPE="NAMPRE" ROLE="GPE" LDCATR="TRUE">
    <extent>
      <charseq START="340" END="344">Iraqi</charseq>
    </extent>
    <head>
      <charseq START="340" END="344">Iraqi</charseq>
    </head>
  </entity_mention>
  <entity_attributes>
    <name NAME="Iraqi">
      <charseq START="615" END="619">Iraqi</charseq>
    </name>
    <name NAME="Iraqi">
      <charseq START="2070" END="2074">Iraqi</charseq>
    </name>
    <name NAME="Iraqi">
      <charseq START="340" END="344">Iraqi</charseq>
    </name>
  </entity_attributes>
</entity>
<entity ID="CNN_IP_20030405.1600.01-3-E3" TYPE="LOC" SUBTYPE="Region-General" CLASS="SPC">
  <entity_mention ID="CNN_IP_20030405.1600.01-3-E3-4" TYPE="NOM" LDCTYPE="NOM">
    <extent>
      <charseq START="638" END="661">the outskirts of Azubayr</charseq>
    </extent>
    <head>
      <charseq START="642" END="650">outskirts</charseq>
    </head>
  </entity_mention>
</entity>
<entity ID="CNN_IP_20030405.1600.01-3-E4" TYPE="GPE" SUBTYPE="Population-Center" CLASS="SPC">
  <entity_mention ID="CNN_IP_20030405.1600.01-3-E4-5" TYPE="NAM" LDCTYPE="NAM" ROLE="LOC">
    <extent>
      <charseq START="655" END="661">Azubayr</charseq>
    </extent>
    <head>
      <charseq START="655" END="661">Azubayr</charseq>
    </head>
  </entity_mention>
  <entity_mention ID="CNN_IP_20030405.1600.01-3-E4-28" TYPE="NAM" LDCTYPE="NAM" ROLE="LOC">
    <extent>
      <charseq START="1927" END="1933">Azubayr</charseq>
    </extent>
    <head>
      <charseq START="1927" END="1933">Azubayr</charseq>
    </head>
  </entity_mention>
  <entity_attributes>
    <name NAME="Azubayr">
      <charseq START="655" END="661">Azubayr</charseq>
    </name>
    <name NAME="Azubayr">
      <charseq START="1927" END="1933">Azubayr</charseq>
    </name>
  </entity_attributes>
</entity>
<entity ID="CNN_IP_20030405.1600.01-3-E6" TYPE="PER" SUBTYPE="Indeterminate" CLASS="GEN">
  <entity_mention ID="CNN_IP_20030405.1600.01-3-E6-10" TYPE="PRO" LDCTYPE="PRO">
    <extent>
      <charseq START="955" END="957">You</charseq>
    </extent>
    <head>
      <charseq START="955" END="957">You</charseq>
    </head>
  </entity_mention>
</entity>
<entity ID="CNN_IP_20030405.1600.01-3-E7" TYPE="PER" SUBTYPE="Individual" CLASS="SPC">
  <entity_mention ID="CNN_IP_20030405.1600.01-3-E7-11" TYPE="PRO" LDCTYPE="PRO">
    <extent>
      <charseq START="1063" END="1063">I</charseq>
    </extent>
    <head>
      <charseq START="1063" END="1063">I</charseq>
    </head>
  </entity_mention>
</entity>
<entity ID="CNN_IP_20030405.1600.01-3-E8" TYPE="PER" SUBTYPE="Group" CLASS="GEN">
  <entity_mention ID="CNN_IP_20030405.1600.01-3-E8-13" TYPE="NOM" LDCTYPE="NOMPRE">
    <extent>
      <charseq START="1094" END="1098">human</charseq>
    </extent>
    <head>
      <charseq START="1094" END="1098">human</charseq>
    </head>
  </entity_mention>
</entity>
<entity ID="CNN_IP_20030405.1600.01-3-E9" TYPE="FAC" SUBTYPE="Building-Grounds" CLASS="SPC">
  <entity_mention ID="CNN_IP_20030405.1600.01-3-E9-14" TYPE="NOM" LDCTYPE="NOM">
    <extent>
      <charseq START="1133" END="1154">a neighboring building</charseq>
    </extent>
    <head>
      <charseq START="1147" END="1154">building</charseq>
    </head>
  </entity_mention>
</entity>
<entity ID="CNN_IP_20030405.1600.01-3-E10" TYPE="FAC" SUBTYPE="Subarea-Facility" CLASS="SPC">
  <entity_mention ID="CNN_IP_20030405.1600.01-3-E10-18" TYPE="NOM" LDCTYPE="NOM">
    <extent>
      <charseq START="1400" END="1432">a purpose-
built shooting gallery</charseq>
    </extent>
    <head>
      <charseq START="1426" END="1432">gallery</charseq>
    </head>
  </entity_mention>
  <entity_mention ID="CNN_IP_20030405.1600.01-3-E10-41" TYPE="PRO" LDCTYPE="PRO">
    <extent>
      <charseq START="1456" END="1457">it</charseq>
    </extent>
    <head>
      <charseq START="1456" END="1457">it</charseq>
    </head>
  </entity_mention>
</entity>
<entity ID="CNN_IP_20030405.1600.01-3-E11" TYPE="WEA" SUBTYPE="Projectile" CLASS="GEN">
  <entity_mention ID="CNN_IP_20030405.1600.01-3-E11-19" TYPE="NOM" LDCTYPE="BAR">
    <extent>
      <charseq START="1472" END="1478">bullets</charseq>
    </extent>
    <head>
      <charseq START="1472" END="1478">bullets</charseq>
    </head>
  </entity_mention>
</entity>
<entity ID="CNN_IP_20030405.1600.01-3-E12" TYPE="PER" SUBTYPE="Group" CLASS="USP">
  <entity_mention ID="CNN_IP_20030405.1600.01-3-E12-20" TYPE="NOM" LDCTYPE="BAR">
    <extent>
      <charseq START="1536" END="1555">Forensic
specialists</charseq>
    </extent>
    <head>
      <charseq START="1545" END="1555">specialists</charseq>
    </head>
  </entity_mention>
</entity>
<entity ID="CNN_IP_20030405.1600.01-3-E13" TYPE="WEA" SUBTYPE="Underspecified" CLASS="USP">
  <entity_mention ID="CNN_IP_20030405.1600.01-3-E13-52" TYPE="NOM" LDCTYPE="BAR">
    <extent>
      <charseq START="2070" END="2082">Iraqi weapons</charseq>
    </extent>
    <head>
      <charseq START="2076" END="2082">weapons</charseq>
    </head>
  </entity_mention>
</entity>
<entity ID="CNN_IP_20030405.1600.01-3-E14" TYPE="PER" SUBTYPE="Individual" CLASS="SPC">
  <entity_mention ID="CNN_IP_20030405.1600.01-3-E14-22" TYPE="NAM" LDCTYPE="NAM">
    <extent>
      <charseq START="1732" END="1745">Saddam Hussein</charseq>
    </extent>
    <head>
      <charseq START="1732" END="1745">Saddam Hussein</charseq>
    </head>
  </entity_mention>
  <entity_attributes>
    <name NAME="Saddam Hussein">
      <charseq START="1732" END="1745">Saddam Hussein</charseq>
    </name>
  </entity_attributes>
</entity>
<entity ID="CNN_IP_20030405.1600.01-3-E15" TYPE="PER" SUBTYPE="Group" CLASS="GEN">
  <entity_mention ID="CNN_IP_20030405.1600.01-3-E15-23" TYPE="NOM" LDCTYPE="NOM">
    <extent>
      <charseq START="1757" END="1767">Most people</charseq>
    </extent>
    <head>
      <charseq START="1762" END="1767">people</charseq>
    </head>
  </entity_mention>
  <entity_mention ID="CNN_IP_20030405.1600.01-3-E15-24" TYPE="PRO" LDCTYPE="PRO">
    <extent>
      <charseq START="1838" END="1841">they</charseq>
    </extent>
    <head>
      <charseq START="1838" END="1841">they</charseq>
    </head>
  </entity_mention>
</entity>
<entity ID="CNN_IP_20030405.1600.01-3-E16" TYPE="GPE" SUBTYPE="Nation" CLASS="SPC">
  <entity_mention ID="CNN_IP_20030405.1600.01-3-E16-25" TYPE="NAM" LDCTYPE="NAMPRE" ROLE="GPE" LDCATR="TRUE">
    <extent>
      <charseq START="1847" END="1853">British</charseq>
    </extent>
    <head>
      <charseq START="1847" END="1853">British</charseq>
    </head>
  </entity_mention>
  <entity_mention ID="CNN_IP_20030405.1600.01-3-E16-45" TYPE="NAM" LDCTYPE="NAMPRE" ROLE="GPE" LDCATR="TRUE">
    <extent>
      <charseq START="252" END="258">British</charseq>
    </extent>
    <head>
      <charseq START="252" END="258">British</charseq>
    </head>
  </entity_mention>
  <entity_mention ID="CNN_IP_20030405.1600.01-3-E16-57" TYPE="NAM" LDCTYPE="NAMPRE" ROLE="GPE" LDCATR="TRUE">
    <extent>
      <charseq START="567" END="573">British</charseq>
    </extent>
    <head>
      <charseq START="567" END="573">British</charseq>
    </head>
  </entity_mention>
  <entity_attributes>
    <name NAME="British">
      <charseq START="1847" END="1853">British</charseq>
    </name>
    <name NAME="British">
      <charseq START="252" END="258">British</charseq>
    </name>
    <name NAME="British">
      <charseq START="567" END="573">British</charseq>
    </name>
  </entity_attributes>
</entity>
<entity ID="CNN_IP_20030405.1600.01-3-E18" TYPE="LOC" SUBTYPE="Region-General" CLASS="SPC">
  <entity_mention ID="CNN_IP_20030405.1600.01-3-E18-30" TYPE="NOM" LDCTYPE="NOM">
    <extent>
      <charseq START="2017" END="2028">central Iraq</charseq>
    </extent>
    <head>
      <charseq START="2025" END="2028">Iraq</charseq>
    </head>
  </entity_mention>
  <entity_mention ID="CNN_IP_20030405.1600.01-3-E18-33" TYPE="NOM" LDCTYPE="NOM">
    <extent>
      <charseq START="2057" END="2065">that area</charseq>
    </extent>
    <head>
      <charseq START="2062" END="2065">area</charseq>
    </head>
  </entity_mention>
</entity>
<entity ID="CNN_IP_20030405.1600.01-3-E19" TYPE="PER" SUBTYPE="Group" CLASS="USP">
  <entity_mention ID="CNN_IP_20030405.1600.01-3-E19-31" TYPE="NOM" LDCTYPE="BAR">
    <extent>
      <charseq START="2031" END="2041">U.S.
troops</charseq>
    </extent>
    <head>
      <charseq START="2036" END="2041">troops</charseq>
    </head>
  </entity_mention>
</entity>
<entity ID="CNN_IP_20030405.1600.01-3-E20" TYPE="GPE" SUBTYPE="Nation" CLASS="SPC">
  <entity_mention ID="CNN_IP_20030405.1600.01-3-E20-32" TYPE="NAM" LDCTYPE="NAMPRE" ROLE="GPE">
    <extent>
      <charseq START="2031" END="2033">U.S</charseq>
    </extent>
    <head>
      <charseq START="2031" END="2033">U.S</charseq>
    </head>
  </entity_mention>
  <entity_attributes>
    <name NAME="U.S">
      <charseq START="2031" END="2033">U.S</charseq>
    </name>
  </entity_attributes>
</entity>
<entity ID="CNN_IP_20030405.1600.01-3-E21" TYPE="FAC" SUBTYPE="Building-Grounds" CLASS="SPC">
  <entity_mention ID="CNN_IP_20030405.1600.01-3-E21-1" TYPE="NOM" LDCTYPE="NOM">
    <extent>
      <charseq START="181" END="215">a makeshift morgue in
southern Iraq</charseq>
    </extent>
    <head>
      <charseq START="193" END="198">morgue</charseq>
    </head>
  </entity_mention>
</entity>
<entity ID="CNN_IP_20030405.1600.01-3-E22" TYPE="ORG" SUBTYPE="Government" CLASS="SPC">
  <entity_mention ID="CNN_IP_20030405.1600.01-3-E22-34" TYPE="NOM" LDCTYPE="NOM">
    <extent>
      <charseq START="1732" END="1754">Saddam Hussein's regime</charseq>
    </extent>
    <head>
      <charseq START="1749" END="1754">regime</charseq>
    </head>
  </entity_mention>
</entity>
<entity ID="CNN_IP_20030405.1600.01-3-E23" TYPE="FAC" SUBTYPE="Subarea-Facility" CLASS="USP">
  <entity_mention ID="CNN_IP_20030405.1600.01-3-E23-35" TYPE="NOM" LDCTYPE="BAR">
    <extent>
      <charseq START="1179" END="1183">cells</charseq>
    </extent>
    <head>
      <charseq START="1179" END="1183">cells</charseq>
    </head>
  </entity_mention>
</entity>
<entity ID="CNN_IP_20030405.1600.01-3-E24" TYPE="PER" SUBTYPE="Group" CLASS="SPC">
  <entity_mention ID="CNN_IP_20030405.1600.01-3-E24-37" TYPE="PRO" LDCTYPE="HLS">
    <extent>
      <charseq START="1227" END="1230">Most</charseq>
    </extent>
    <head>
      <charseq START="1227" END="1230">Most</charseq>
    </head>
  </entity_mention>
</entity>
<entity ID="CNN_IP_20030405.1600.01-3-E25" TYPE="PER" SUBTYPE="Group" CLASS="SPC">
  <entity_mention ID="CNN_IP_20030405.1600.01-3-E25-38" TYPE="NOM" LDCTYPE="BAR">
    <extent>
      <charseq START="1274" END="1279">Others</charseq>
    </extent>
    <head>
      <charseq START="1274" END="1279">Others</charseq>
    </head>
  </entity_mention>
  <entity_mention ID="CNN_IP_20030405.1600.01-3-E25-40" TYPE="PRO" LDCTYPE="PRO">
    <extent>
      <charseq START="1316" END="1320">their</charseq>
    </extent>
    <head>
      <charseq START="1316" END="1320">their</charseq>
    </head>
  </entity_mention>
</entity>
<entity ID="CNN_IP_20030405.1600.01-3-E26" TYPE="PER" SUBTYPE="Group" CLASS="GEN">
  <entity_mention ID="CNN_IP_20030405.1600.01-3-E26-42" TYPE="NOM" LDCTYPE="BAR">
    <extent>
      <charseq START="1847" END="1862">British soldiers</charseq>
    </extent>
    <head>
      <charseq START="1855" END="1862">soldiers</charseq>
    </head>
  </entity_mention>
</entity>
<entity ID="CNN_IP_20030405.1600.01-3-E27" TYPE="PER" SUBTYPE="Group" CLASS="USP">
  <entity_mention ID="CNN_IP_20030405.1600.01-3-E27-43" TYPE="NOM" LDCTYPE="NOM">
    <extent>
      <charseq START="1518" END="1533">some of the dead</charseq>
    </extent>
    <head>
      <charseq START="1530" END="1533">dead</charseq>
    </head>
  </entity_mention>
</entity>
<entity ID="CNN_IP_20030405.1600.01-3-E28" TYPE="LOC" SUBTYPE="Region-General" CLASS="SPC">
  <entity_mention ID="CNN_IP_20030405.1600.01-3-E28-39" TYPE="NOM" LDCTYPE="NOM">
    <extent>
      <charseq START="203" END="215">southern Iraq</charseq>
    </extent>
    <head>
      <charseq START="212" END="215">Iraq</charseq>
    </head>
  </entity_mention>
</entity>
<entity ID="CNN_IP_20030405.1600.01-3-E29" TYPE="PER" SUBTYPE="Group" CLASS="SPC">
  <entity_mention ID="CNN_IP_20030405.1600.01-3-E29-16" TYPE="NOM" LDCTYPE="BAR">
    <extent>
      <charseq START="1357" END="1364">soldiers</charseq>
    </extent>
    <head>
      <charseq START="1357" END="1364">soldiers</charseq>
    </head>
  </entity_mention>
  <entity_mention ID="CNN_IP_20030405.1600.01-3-E29-17" TYPE="PRO" LDCTYPE="PRO">
    <extent>
      <charseq START="1382" END="1385">they</charseq>
    </extent>
    <head>
      <charseq START="1382" END="1385">they</charseq>
    </head>
  </entity_mention>
  <entity_mention ID="CNN_IP_20030405.1600.01-3-E29-44" TYPE="NOM" LDCTYPE="NOM">
    <extent>
      <charseq START="247" END="265">some British troops</charseq>
    </extent>
    <head>
      <charseq START="260" END="265">troops</charseq>
    </head>
  </entity_mention>
  <entity_mention ID="CNN_IP_20030405.1600.01-3-E29-51" TYPE="NOM" LDCTYPE="NOM">
    <extent>
      <charseq START="450" END="473">the soldiers who made it</charseq>
    </extent>
    <head>
      <charseq START="454" END="461">soldiers</charseq>
    </head>
  </entity_mention>
  <entity_mention ID="CNN_IP_20030405.1600.01-3-E29-53" TYPE="PRO" LDCTYPE="WHQ">
    <extent>
      <charseq START="463" END="465">who</charseq>
    </extent>
    <head>
      <charseq START="463" END="465">who</charseq>
    </head>
  </entity_mention>
  <entity_mention ID="CNN_IP_20030405.1600.01-3-E29-56" TYPE="NOM" LDCTYPE="BAR">
    <extent>
      <charseq START="567" END="580">British troops</charseq>
    </extent>
    <head>
      <charseq START="575" END="580">troops</charseq>
    </head>
  </entity_mention>
</entity>
<entity ID="CNN_IP_20030405.1600.01-3-E31" TYPE="PER" SUBTYPE="Individual" CLASS="SPC">
  <entity_mention ID="CNN_IP_20030405.1600.01-3-E31-26" TYPE="NAM" LDCTYPE="NAM">
    <extent>
      <charseq START="1906" END="1914">Tim Ewart</charseq>
    </extent>
    <head>
      <charseq START="1906" END="1914">Tim Ewart</charseq>
    </head>
  </entity_mention>
  <entity_mention ID="CNN_IP_20030405.1600.01-3-E31-46" TYPE="NAM" LDCTYPE="NAM">
    <extent>
      <charseq START="268" END="288">Tim
Ewart of ITN News</charseq>
    </extent>
    <head>
      <charseq START="268" END="276">Tim
Ewart</charseq>
    </head>
  </entity_mention>
  <entity_attributes>
    <name NAME="Tim Ewart">
      <charseq START="1906" END="1914">Tim Ewart</charseq>
    </name>
    <name NAME="Tim Ewart">
      <charseq START="268" END="276">Tim
Ewart</charseq>
    </name>
  </entity_attributes>
</entity>
<entity ID="CNN_IP_20030405.1600.01-3-E32" TYPE="ORG" SUBTYPE="Media" CLASS="SPC">
  <entity_mention ID="CNN_IP_20030405.1600.01-3-E32-27" TYPE="NAM" LDCTYPE="NAM">
    <extent>
      <charseq START="1917" END="1924">ITV News</charseq>
    </extent>
    <head>
      <charseq START="1917" END="1924">ITV News</charseq>
    </head>
  </entity_mention>
  <entity_mention ID="CNN_IP_20030405.1600.01-3-E32-47" TYPE="NAM" LDCTYPE="NAM">
    <extent>
      <charseq START="281" END="288">ITN News</charseq>
    </extent>
    <head>
      <charseq START="281" END="288">ITN News</charseq>
    </head>
  </entity_mention>
  <entity_attributes>
    <name NAME="ITV News">
      <charseq START="1917" END="1924">ITV News</charseq>
    </name>
    <name NAME="ITN News">
      <charseq START="281" END="288">ITN News</charseq>
    </name>
  </entity_attributes>
</entity>
<entity ID="CNN_IP_20030405.1600.01-3-E33" TYPE="FAC" SUBTYPE="Building-Grounds" CLASS="SPC">
  <entity_mention ID="CNN_IP_20030405.1600.01-3-E33-8" TYPE="PRO" LDCTYPE="PRO">
    <extent>
      <charseq START="886" END="889">here</charseq>
    </extent>
    <head>
      <charseq START="886" END="889">here</charseq>
    </head>
  </entity_mention>
  <entity_mention ID="CNN_IP_20030405.1600.01-3-E33-21" TYPE="PRO" LDCTYPE="PRO">
    <extent>
      <charseq START="1631" END="1634">here</charseq>
    </extent>
    <head>
      <charseq START="1631" END="1634">here</charseq>
    </head>
  </entity_mention>
  <entity_mention ID="CNN_IP_20030405.1600.01-3-E33-36" TYPE="PRO" LDCTYPE="PRO">
    <extent>
      <charseq START="687" END="688">it</charseq>
    </extent>
    <head>
      <charseq START="687" END="688">it</charseq>
    </head>
  </entity_mention>
  <entity_mention ID="CNN_IP_20030405.1600.01-3-E33-48" TYPE="NOM" LDCTYPE="NOM">
    <extent>
      <charseq START="327" END="358">an abandoned Iraqi
military base</charseq>
    </extent>
    <head>
      <charseq START="355" END="358">base</charseq>
    </head>
  </entity_mention>
  <entity_mention ID="CNN_IP_20030405.1600.01-3-E33-59" TYPE="NOM" LDCTYPE="NOM">
    <extent>
      <charseq START="602" END="661">an abandoned Iraqi military
base on the outskirts of Azubayr</charseq>
    </extent>
    <head>
      <charseq START="630" END="633">base</charseq>
    </head>
  </entity_mention>
</entity>
<entity ID="CNN_IP_20030405.1600.01-3-E36" TYPE="PER" SUBTYPE="Group" CLASS="SPC">
  <entity_mention ID="CNN_IP_20030405.1600.01-3-E36-7" TYPE="NOM" LDCTYPE="NOM">
    <extent>
      <charseq START="866" END="875">the bodies</charseq>
    </extent>
    <head>
      <charseq START="870" END="875">bodies</charseq>
    </head>
  </entity_mention>
  <entity_mention ID="CNN_IP_20030405.1600.01-3-E36-9" TYPE="PRO" LDCTYPE="PRO">
    <extent>
      <charseq START="896" END="899">they</charseq>
    </extent>
    <head>
      <charseq START="896" END="899">they</charseq>
    </head>
  </entity_mention>
  <entity_mention ID="CNN_IP_20030405.1600.01-3-E36-12" TYPE="NOM" LDCTYPE="NOM">
    <extent>
      <charseq START="1090" END="1106">the human
remains</charseq>
    </extent>
    <head>
      <charseq START="1100" END="1106">remains</charseq>
    </head>
  </entity_mention>
  <entity_mention ID="CNN_IP_20030405.1600.01-3-E36-15" TYPE="NOM" LDCTYPE="NOM">
    <extent>
      <charseq START="1217" END="1224">the dead</charseq>
    </extent>
    <head>
      <charseq START="1221" END="1224">dead</charseq>
    </head>
  </entity_mention>
  <entity_mention ID="CNN_IP_20030405.1600.01-3-E36-54" TYPE="NOM" LDCTYPE="NOM">
    <extent>
      <charseq START="476" END="505">The remains
of hundreds of men</charseq>
    </extent>
    <head>
      <charseq START="480" END="486">remains</charseq>
    </head>
  </entity_mention>
  <entity_mention ID="CNN_IP_20030405.1600.01-3-E36-55" TYPE="NOM" LDCTYPE="NOM">
    <extent>
      <charseq START="491" END="505">hundreds of men</charseq>
    </extent>
    <head>
      <charseq START="503" END="505">men</charseq>
    </head>
  </entity_mention>
  <entity_mention ID="CNN_IP_20030405.1600.01-3-E36-58" TYPE="NOM" LDCTYPE="NOM">
    <extent>
      <charseq START="588" END="597">the bodies</charseq>
    </extent>
    <head>
      <charseq START="592" END="597">bodies</charseq>
    </head>
  </entity_mention>
</entity>
<timex2 ID="CNN_IP_20030405.1600.01-3-T1">
  <timex2_mention ID="CNN_IP_20030405.1600.01-3-T1-1">
    <extent>
      <charseq START="1659" END="1663">Today</charseq>
    </extent>
  </timex2_mention>
</timex2>
<timex2 ID="CNN_IP_20030405.1600.01-3-T2">
  <timex2_mention ID="CNN_IP_20030405.1600.01-3-T2-1">
    <extent>
      <charseq START="38" END="62">2003-04-05T16:00:00-05:00</charseq>
    </extent>
  </timex2_mention>
</timex2>
<relation ID="CNN_IP_20030405.1600.01-3-R1" TYPE="PART-WHOLE" SUBTYPE="Geographical" TENSE="Unspecified" MODALITY="Asserted">
  <relation_argument REFID="CNN_IP_20030405.1600.01-3-E21" ROLE="Arg-1"/>
  <relation_argument REFID="CNN_IP_20030405.1600.01-3-E28" ROLE="Arg-2"/>
  <relation_mention ID="CNN_IP_20030405.1600.01-3-R1-1" LEXICALCONDITION="Preposition">
    <extent>
      <charseq START="181" END="215">a makeshift morgue in
southern Iraq</charseq>
    </extent>
    <relation_mention_argument REFID="CNN_IP_20030405.1600.01-3-E21-1" ROLE="Arg-1">
      <extent>
        <charseq START="181" END="215">a makeshift morgue in
southern Iraq</charseq>
      </extent>
    </relation_mention_argument>
    <relation_mention_argument REFID="CNN_IP_20030405.1600.01-3-E28-39" ROLE="Arg-2">
      <extent>
        <charseq START="203" END="215">southern Iraq</charseq>
      </extent>
    </relation_mention_argument>
  </relation_mention>
</relation>
<relation ID="CNN_IP_20030405.1600.01-3-R2" TYPE="ORG-AFF" SUBTYPE="Employment" TENSE="Unspecified" MODALITY="Asserted">
  <relation_argument REFID="CNN_IP_20030405.1600.01-3-E26" ROLE="Arg-1"/>
  <relation_argument REFID="CNN_IP_20030405.1600.01-3-E16" ROLE="Arg-2"/>
  <relation_mention ID="CNN_IP_20030405.1600.01-3-R2-1" LEXICALCONDITION="PreMod">
    <extent>
      <charseq START="1847" END="1862">British soldiers</charseq>
    </extent>
    <relation_mention_argument REFID="CNN_IP_20030405.1600.01-3-E26-42" ROLE="Arg-1">
      <extent>
        <charseq START="1847" END="1862">British soldiers</charseq>
      </extent>
    </relation_mention_argument>
    <relation_mention_argument REFID="CNN_IP_20030405.1600.01-3-E16-25" ROLE="Arg-2">
      <extent>
        <charseq START="1847" END="1853">British</charseq>
      </extent>
    </relation_mention_argument>
  </relation_mention>
</relation>
<relation ID="CNN_IP_20030405.1600.01-3-R3" TYPE="ORG-AFF" SUBTYPE="Employment" TENSE="Unspecified" MODALITY="Asserted">
  <relation_argument REFID="CNN_IP_20030405.1600.01-3-E31" ROLE="Arg-1"/>
  <relation_argument REFID="CNN_IP_20030405.1600.01-3-E32" ROLE="Arg-2"/>
  <relation_mention ID="CNN_IP_20030405.1600.01-3-R3-1" LEXICALCONDITION="Preposition">
    <extent>
      <charseq START="268" END="288">Tim
Ewart of ITN News</charseq>
    </extent>
    <relation_mention_argument REFID="CNN_IP_20030405.1600.01-3-E31-46" ROLE="Arg-1">
      <extent>
        <charseq START="268" END="288">Tim
Ewart of ITN News</charseq>
      </extent>
    </relation_mention_argument>
    <relation_mention_argument REFID="CNN_IP_20030405.1600.01-3-E32-47" ROLE="Arg-2">
      <extent>
        <charseq START="281" END="288">ITN News</charseq>
      </extent>
    </relation_mention_argument>
  </relation_mention>
  <relation_mention ID="CNN_IP_20030405.1600.01-3-R3-2" LEXICALCONDITION="Formulaic">
    <extent>
      <charseq START="1906" END="1924">Tim Ewart, ITV News</charseq>
    </extent>
    <relation_mention_argument REFID="CNN_IP_20030405.1600.01-3-E31-26" ROLE="Arg-1">
      <extent>
        <charseq START="1906" END="1914">Tim Ewart</charseq>
      </extent>
    </relation_mention_argument>
    <relation_mention_argument REFID="CNN_IP_20030405.1600.01-3-E32-27" ROLE="Arg-2">
      <extent>
        <charseq START="1917" END="1924">ITV News</charseq>
      </extent>
    </relation_mention_argument>
  </relation_mention>
</relation>
<relation ID="CNN_IP_20030405.1600.01-3-R4" TYPE="PART-WHOLE" SUBTYPE="Subsidiary" TENSE="Unspecified" MODALITY="Asserted">
  <relation_argument REFID="CNN_IP_20030405.1600.01-3-E1" ROLE="Arg-1"/>
  <relation_argument REFID="CNN_IP_20030405.1600.01-3-E2" ROLE="Arg-2"/>
  <relation_mention ID="CNN_IP_20030405.1600.01-3-R4-1" LEXICALCONDITION="PreMod">
    <extent>
      <charseq START="615" END="628">Iraqi military</charseq>
    </extent>
    <relation_mention_argument REFID="CNN_IP_20030405.1600.01-3-E1-2" ROLE="Arg-1">
      <extent>
        <charseq START="615" END="628">Iraqi military</charseq>
      </extent>
    </relation_mention_argument>
    <relation_mention_argument REFID="CNN_IP_20030405.1600.01-3-E2-3" ROLE="Arg-2">
      <extent>
        <charseq START="615" END="619">Iraqi</charseq>
      </extent>
    </relation_mention_argument>
  </relation_mention>
  <relation_mention ID="CNN_IP_20030405.1600.01-3-R4-2" LEXICALCONDITION="PreMod">
    <extent>
      <charseq START="340" END="353">Iraqi
military</charseq>
    </extent>
    <relation_mention_argument REFID="CNN_IP_20030405.1600.01-3-E1-49" ROLE="Arg-1">
      <extent>
        <charseq START="340" END="353">Iraqi
military</charseq>
      </extent>
    </relation_mention_argument>
    <relation_mention_argument REFID="CNN_IP_20030405.1600.01-3-E2-50" ROLE="Arg-2">
      <extent>
        <charseq START="340" END="344">Iraqi</charseq>
      </extent>
    </relation_mention_argument>
  </relation_mention>
</relation>
<relation ID="CNN_IP_20030405.1600.01-3-R5" TYPE="ART" SUBTYPE="User-Owner-Inventor-Manufacturer" TENSE="Unspecified" MODALITY="Asserted">
  <relation_argument REFID="CNN_IP_20030405.1600.01-3-E1" ROLE="Arg-1"/>
  <relation_argument REFID="CNN_IP_20030405.1600.01-3-E33" ROLE="Arg-2"/>
  <relation_mention ID="CNN_IP_20030405.1600.01-3-R5-1" LEXICALCONDITION="PreMod">
    <extent>
      <charseq START="602" END="661">an abandoned Iraqi military
base on the outskirts of Azubayr</charseq>
    </extent>
    <relation_mention_argument REFID="CNN_IP_20030405.1600.01-3-E1-2" ROLE="Arg-1">
      <extent>
        <charseq START="615" END="628">Iraqi military</charseq>
      </extent>
    </relation_mention_argument>
    <relation_mention_argument REFID="CNN_IP_20030405.1600.01-3-E33-59" ROLE="Arg-2">
      <extent>
        <charseq START="602" END="661">an abandoned Iraqi military
base on the outskirts of Azubayr</charseq>
      </extent>
    </relation_mention_argument>
  </relation_mention>
  <relation_mention ID="CNN_IP_20030405.1600.01-3-R5-2" LEXICALCONDITION="PreMod">
    <extent>
      <charseq START="327" END="358">an abandoned Iraqi
military base</charseq>
    </extent>
    <relation_mention_argument REFID="CNN_IP_20030405.1600.01-3-E1-49" ROLE="Arg-1">
      <extent>
        <charseq START="340" END="353">Iraqi
military</charseq>
      </extent>
    </relation_mention_argument>
    <relation_mention_argument REFID="CNN_IP_20030405.1600.01-3-E33-48" ROLE="Arg-2">
      <extent>
        <charseq START="327" END="358">an abandoned Iraqi
military base</charseq>
      </extent>
    </relation_mention_argument>
  </relation_mention>
</relation>
<relation ID="CNN_IP_20030405.1600.01-3-R6" TYPE="PHYS" SUBTYPE="Located" TENSE="Unspecified" MODALITY="Asserted">
  <relation_argument REFID="CNN_IP_20030405.1600.01-3-E36" ROLE="Arg-1"/>
  <relation_argument REFID="CNN_IP_20030405.1600.01-3-E33" ROLE="Arg-2"/>
  <relation_mention ID="CNN_IP_20030405.1600.01-3-R6-1" LEXICALCONDITION="Preposition">
    <extent>
      <charseq START="588" END="661">the bodies at an abandoned Iraqi military
base on the outskirts of Azubayr</charseq>
    </extent>
    <relation_mention_argument REFID="CNN_IP_20030405.1600.01-3-E36-58" ROLE="Arg-1">
      <extent>
        <charseq START="588" END="597">the bodies</charseq>
      </extent>
    </relation_mention_argument>
    <relation_mention_argument REFID="CNN_IP_20030405.1600.01-3-E33-59" ROLE="Arg-2">
      <extent>
        <charseq START="602" END="661">an abandoned Iraqi military
base on the outskirts of Azubayr</charseq>
      </extent>
    </relation_mention_argument>
  </relation_mention>
  <relation_mention ID="CNN_IP_20030405.1600.01-3-R6-2" LEXICALCONDITION="Verbal">
    <extent>
      <charseq START="842" END="930">It's not
clear how long the bodies had lain here, but they were clearly not from
this war</charseq>
    </extent>
    <relation_mention_argument REFID="CNN_IP_20030405.1600.01-3-E36-7" ROLE="Arg-1">
      <extent>
        <charseq START="866" END="875">the bodies</charseq>
      </extent>
    </relation_mention_argument>
    <relation_mention_argument REFID="CNN_IP_20030405.1600.01-3-E33-8" ROLE="Arg-2">
      <extent>
        <charseq START="886" END="889">here</charseq>
      </extent>
    </relation_mention_argument>
  </relation_mention>
</relation>
<relation ID="CNN_IP_20030405.1600.01-3-R7" TYPE="PHYS" SUBTYPE="Near" TENSE="Unspecified" MODALITY="Asserted">
  <relation_argument REFID="CNN_IP_20030405.1600.01-3-E3" ROLE="Arg-1"/>
  <relation_argument REFID="CNN_IP_20030405.1600.01-3-E4" ROLE="Arg-2"/>
  <relation_mention ID="CNN_IP_20030405.1600.01-3-R7-1" LEXICALCONDITION="Preposition">
    <extent>
      <charseq START="638" END="661">the outskirts of Azubayr</charseq>
    </extent>
    <relation_mention_argument REFID="CNN_IP_20030405.1600.01-3-E3-4" ROLE="Arg-1">
      <extent>
        <charseq START="638" END="661">the outskirts of Azubayr</charseq>
      </extent>
    </relation_mention_argument>
    <relation_mention_argument REFID="CNN_IP_20030405.1600.01-3-E4-5" ROLE="Arg-2">
      <extent>
        <charseq START="655" END="661">Azubayr</charseq>
      </extent>
    </relation_mention_argument>
  </relation_mention>
</relation>
<relation ID="CNN_IP_20030405.1600.01-3-R10" TYPE="PHYS" SUBTYPE="Located" TENSE="Unspecified" MODALITY="Asserted">
  <relation_argument REFID="CNN_IP_20030405.1600.01-3-E31" ROLE="Arg-1"/>
  <relation_argument REFID="CNN_IP_20030405.1600.01-3-E4" ROLE="Arg-2"/>
  <relation_mention ID="CNN_IP_20030405.1600.01-3-R10-1" LEXICALCONDITION="Formulaic">
    <extent>
      <charseq START="1906" END="1933">Tim Ewart, ITV News, Azubayr</charseq>
    </extent>
    <relation_mention_argument REFID="CNN_IP_20030405.1600.01-3-E31-26" ROLE="Arg-1">
      <extent>
        <charseq START="1906" END="1914">Tim Ewart</charseq>
      </extent>
    </relation_mention_argument>
    <relation_mention_argument REFID="CNN_IP_20030405.1600.01-3-E4-28" ROLE="Arg-2">
      <extent>
        <charseq START="1927" END="1933">Azubayr</charseq>
      </extent>
    </relation_mention_argument>
  </relation_mention>
</relation>
<relation ID="CNN_IP_20030405.1600.01-3-R11" TYPE="ORG-AFF" SUBTYPE="Employment" TENSE="Unspecified" MODALITY="Asserted">
  <relation_argument REFID="CNN_IP_20030405.1600.01-3-E19" ROLE="Arg-1"/>
  <relation_argument REFID="CNN_IP_20030405.1600.01-3-E20" ROLE="Arg-2"/>
  <relation_mention ID="CNN_IP_20030405.1600.01-3-R11-1" LEXICALCONDITION="PreMod">
    <extent>
      <charseq START="2031" END="2041">U.S.
troops</charseq>
    </extent>
    <relation_mention_argument REFID="CNN_IP_20030405.1600.01-3-E19-31" ROLE="Arg-1">
      <extent>
        <charseq START="2031" END="2041">U.S.
troops</charseq>
      </extent>
    </relation_mention_argument>
    <relation_mention_argument REFID="CNN_IP_20030405.1600.01-3-E20-32" ROLE="Arg-2">
      <extent>
        <charseq START="2031" END="2033">U.S</charseq>
      </extent>
    </relation_mention_argument>
  </relation_mention>
</relation>
<relation ID="CNN_IP_20030405.1600.01-3-R12" TYPE="ART" SUBTYPE="User-Owner-Inventor-Manufacturer" TENSE="Unspecified" MODALITY="Asserted">
  <relation_argument REFID="CNN_IP_20030405.1600.01-3-E2" ROLE="Arg-1"/>
  <relation_argument REFID="CNN_IP_20030405.1600.01-3-E13" ROLE="Arg-2"/>
  <relation_mention ID="CNN_IP_20030405.1600.01-3-R12-1" LEXICALCONDITION="PreMod">
    <extent>
      <charseq START="2070" END="2082">Iraqi weapons</charseq>
    </extent>
    <relation_mention_argument REFID="CNN_IP_20030405.1600.01-3-E2-29" ROLE="Arg-1">
      <extent>
        <charseq START="2070" END="2074">Iraqi</charseq>
      </extent>
    </relation_mention_argument>
    <relation_mention_argument REFID="CNN_IP_20030405.1600.01-3-E13-52" ROLE="Arg-2">
      <extent>
        <charseq START="2070" END="2082">Iraqi weapons</charseq>
      </extent>
    </relation_mention_argument>
  </relation_mention>
</relation>
<relation ID="CNN_IP_20030405.1600.01-3-R13" TYPE="PHYS" SUBTYPE="Located" TENSE="Unspecified" MODALITY="Asserted">
  <relation_argument REFID="CNN_IP_20030405.1600.01-3-E19" ROLE="Arg-1"/>
  <relation_argument REFID="CNN_IP_20030405.1600.01-3-E18" ROLE="Arg-2"/>
  <relation_mention ID="CNN_IP_20030405.1600.01-3-R13-1" LEXICALCONDITION="Other">
    <extent>
      <charseq START="2031" END="2093">U.S.
troops work to clear that area of Iraqi weapons, coming up</charseq>
    </extent>
    <relation_mention_argument REFID="CNN_IP_20030405.1600.01-3-E19-31" ROLE="Arg-1">
      <extent>
        <charseq START="2031" END="2041">U.S.
troops</charseq>
      </extent>
    </relation_mention_argument>
    <relation_mention_argument REFID="CNN_IP_20030405.1600.01-3-E18-33" ROLE="Arg-2">
      <extent>
        <charseq START="2057" END="2065">that area</charseq>
      </extent>
    </relation_mention_argument>
  </relation_mention>
</relation>
<relation ID="CNN_IP_20030405.1600.01-3-R14" TYPE="PHYS" SUBTYPE="Located" TENSE="Unspecified" MODALITY="Asserted">
  <relation_argument REFID="CNN_IP_20030405.1600.01-3-E29" ROLE="Arg-1"/>
  <relation_argument REFID="CNN_IP_20030405.1600.01-3-E33" ROLE="Arg-2"/>
  <relation_mention ID="CNN_IP_20030405.1600.01-3-R14-1" LEXICALCONDITION="Verbal">
    <extent>
      <charseq START="567" END="661">British troops found the bodies at an abandoned Iraqi military
base on the outskirts of Azubayr</charseq>
    </extent>
    <relation_mention_argument REFID="CNN_IP_20030405.1600.01-3-E29-56" ROLE="Arg-1">
      <extent>
        <charseq START="567" END="580">British troops</charseq>
      </extent>
    </relation_mention_argument>
    <relation_mention_argument REFID="CNN_IP_20030405.1600.01-3-E33-59" ROLE="Arg-2">
      <extent>
        <charseq START="602" END="661">an abandoned Iraqi military
base on the outskirts of Azubayr</charseq>
      </extent>
    </relation_mention_argument>
  </relation_mention>
</relation>
<relation ID="CNN_IP_20030405.1600.01-3-R15" TYPE="PART-WHOLE" SUBTYPE="Geographical" TENSE="Unspecified" MODALITY="Other">
  <relation_argument REFID="CNN_IP_20030405.1600.01-3-E23" ROLE="Arg-1"/>
  <relation_argument REFID="CNN_IP_20030405.1600.01-3-E9" ROLE="Arg-2"/>
  <relation_mention ID="CNN_IP_20030405.1600.01-3-R15-1" LEXICALCONDITION="Other">
    <extent>
      <charseq START="1126" END="1224">Inside a neighboring building, there was evidence of cells and a catalog
of photographs of the dead</charseq>
    </extent>
    <relation_mention_argument REFID="CNN_IP_20030405.1600.01-3-E23-35" ROLE="Arg-1">
      <extent>
        <charseq START="1179" END="1183">cells</charseq>
      </extent>
    </relation_mention_argument>
    <relation_mention_argument REFID="CNN_IP_20030405.1600.01-3-E9-14" ROLE="Arg-2">
      <extent>
        <charseq START="1133" END="1154">a neighboring building</charseq>
      </extent>
    </relation_mention_argument>
  </relation_mention>
</relation>
<relation ID="CNN_IP_20030405.1600.01-3-R16" TYPE="ORG-AFF" SUBTYPE="Membership" TENSE="Unspecified" MODALITY="Asserted">
  <relation_argument REFID="CNN_IP_20030405.1600.01-3-E14" ROLE="Arg-1"/>
  <relation_argument REFID="CNN_IP_20030405.1600.01-3-E22" ROLE="Arg-2"/>
  <relation_mention ID="CNN_IP_20030405.1600.01-3-R16-1" LEXICALCONDITION="Preposition">
    <extent>
      <charseq START="1732" END="1754">Saddam Hussein's regime</charseq>
    </extent>
    <relation_mention_argument REFID="CNN_IP_20030405.1600.01-3-E14-22" ROLE="Arg-1">
      <extent>
        <charseq START="1732" END="1745">Saddam Hussein</charseq>
      </extent>
    </relation_mention_argument>
    <relation_mention_argument REFID="CNN_IP_20030405.1600.01-3-E22-34" ROLE="Arg-2">
      <extent>
        <charseq START="1732" END="1754">Saddam Hussein's regime</charseq>
      </extent>
    </relation_mention_argument>
  </relation_mention>
</relation>
<relation ID="CNN_IP_20030405.1600.01-3-R17" TYPE="ORG-AFF" SUBTYPE="Employment" TENSE="Unspecified" MODALITY="Asserted">
  <relation_argument REFID="CNN_IP_20030405.1600.01-3-E29" ROLE="Arg-1"/>
  <relation_argument REFID="CNN_IP_20030405.1600.01-3-E16" ROLE="Arg-2"/>
  <relation_mention ID="CNN_IP_20030405.1600.01-3-R17-1" LEXICALCONDITION="PreMod">
    <extent>
      <charseq START="247" END="265">some British troops</charseq>
    </extent>
    <relation_mention_argument REFID="CNN_IP_20030405.1600.01-3-E29-44" ROLE="Arg-1">
      <extent>
        <charseq START="247" END="265">some British troops</charseq>
      </extent>
    </relation_mention_argument>
    <relation_mention_argument REFID="CNN_IP_20030405.1600.01-3-E16-45" ROLE="Arg-2">
      <extent>
        <charseq START="252" END="258">British</charseq>
      </extent>
    </relation_mention_argument>
  </relation_mention>
  <relation_mention ID="CNN_IP_20030405.1600.01-3-R17-2" LEXICALCONDITION="PreMod">
    <extent>
      <charseq START="567" END="580">British troops</charseq>
    </extent>
    <relation_mention_argument REFID="CNN_IP_20030405.1600.01-3-E29-56" ROLE="Arg-1">
      <extent>
        <charseq START="567" END="580">British troops</charseq>
      </extent>
    </relation_mention_argument>
    <relation_mention_argument REFID="CNN_IP_20030405.1600.01-3-E16-57" ROLE="Arg-2">
      <extent>
        <charseq START="567" END="573">British</charseq>
      </extent>
    </relation_mention_argument>
  </relation_mention>
</relation>
<relation ID="CNN_IP_20030405.1600.01-3-R21" TYPE="PART-WHOLE" SUBTYPE="Geographical" TENSE="Unspecified" MODALITY="Asserted">
  <relation_argument REFID="CNN_IP_20030405.1600.01-3-E33" ROLE="Arg-1"/>
  <relation_argument REFID="CNN_IP_20030405.1600.01-3-E3" ROLE="Arg-2"/>
  <relation_mention ID="CNN_IP_20030405.1600.01-3-R21-1" LEXICALCONDITION="Preposition">
    <extent>
      <charseq START="602" END="661">an abandoned Iraqi military
base on the outskirts of Azubayr</charseq>
    </extent>
    <relation_mention_argument REFID="CNN_IP_20030405.1600.01-3-E33-59" ROLE="Arg-1">
      <extent>
        <charseq START="602" END="661">an abandoned Iraqi military
base on the outskirts of Azubayr</charseq>
      </extent>
    </relation_mention_argument>
    <relation_mention_argument REFID="CNN_IP_20030405.1600.01-3-E3-4" ROLE="Arg-2">
      <extent>
        <charseq START="638" END="661">the outskirts of Azubayr</charseq>
      </extent>
    </relation_mention_argument>
  </relation_mention>
</relation>
<event ID="CNN_IP_20030405.1600.01-3-EV1" TYPE="Conflict" SUBTYPE="Attack" MODALITY="Asserted" POLARITY="Positive" GENERICITY="Specific" TENSE="Unspecified">
  <event_mention ID="CNN_IP_20030405.1600.01-3-EV1-1">
    <extent>
      <charseq START="928" END="930">war</charseq>
    </extent>
    <ldc_scope>
      <charseq START="842" END="930">It's not
clear how long the bodies had lain here, but they were clearly not from
this war</charseq>
    </ldc_scope>
    <anchor>
      <charseq START="928" END="930">war</charseq>
    </anchor>
  </event_mention>
</event>
<event ID="CNN_IP_20030405.1600.01-3-EV2" TYPE="Conflict" SUBTYPE="Attack" MODALITY="Asserted" POLARITY="Positive" GENERICITY="Generic" TENSE="Unspecified">
  <event_mention ID="CNN_IP_20030405.1600.01-3-EV2-1">
    <extent>
      <charseq START="988" END="990">war</charseq>
    </extent>
    <ldc_scope>
      <charseq START="955" END="999">You come to expect everything in war fighting</charseq>
    </ldc_scope>
    <anchor>
      <charseq START="988" END="990">war</charseq>
    </anchor>
  </event_mention>
</event>
<event ID="CNN_IP_20030405.1600.01-3-EV3" TYPE="Conflict" SUBTYPE="Attack" MODALITY="Asserted" POLARITY="Positive" GENERICITY="Generic" TENSE="Unspecified">
  <event_mention ID="CNN_IP_20030405.1600.01-3-EV3-1">
    <extent>
      <charseq START="992" END="999">fighting</charseq>
    </extent>
    <ldc_scope>
      <charseq START="955" END="999">You come to expect everything in war fighting</charseq>
    </ldc_scope>
    <anchor>
      <charseq START="992" END="999">fighting</charseq>
    </anchor>
  </event_mention>
</event>
<event ID="CNN_IP_20030405.1600.01-3-EV4" TYPE="Life" SUBTYPE="Die" MODALITY="Asserted" POLARITY="Positive" GENERICITY="Specific" TENSE="Past">
  <event_argument REFID="CNN_IP_20030405.1600.01-3-E24" ROLE="Victim"/>
  <event_mention ID="CNN_IP_20030405.1600.01-3-EV4-1">
    <extent>
      <charseq START="1227" END="1239">Most had died</charseq>
    </extent>
    <ldc_scope>
      <charseq START="1227" END="1271">Most had died from gunshot wounds to the
head</charseq>
    </ldc_scope>
    <anchor>
      <charseq START="1236" END="1239">died</charseq>
    </anchor>
    <event_mention_argument REFID="CNN_IP_20030405.1600.01-3-E24-37" ROLE="Victim">
      <extent>
        <charseq START="1227" END="1230">Most</charseq>
      </extent>
    </event_mention_argument>
  </event_mention>
</event>
<event ID="CNN_IP_20030405.1600.01-3-EV5" TYPE="Life" SUBTYPE="Injure" MODALITY="Asserted" POLARITY="Positive" GENERICITY="Specific" TENSE="Past">
  <event_argument REFID="CNN_IP_20030405.1600.01-3-E25" ROLE="Victim"/>
  <event_mention ID="CNN_IP_20030405.1600.01-3-EV5-1">
    <extent>
      <charseq START="1274" END="1320">Others were mutilated beyond recognition, their</charseq>
    </extent>
    <ldc_scope>
      <charseq START="1274" END="1345">Others were mutilated beyond recognition, their faces burned and
swollen</charseq>
    </ldc_scope>
    <anchor>
      <charseq START="1286" END="1294">mutilated</charseq>
    </anchor>
    <event_mention_argument REFID="CNN_IP_20030405.1600.01-3-E25-38" ROLE="Victim">
      <extent>
        <charseq START="1274" END="1279">Others</charseq>
      </extent>
    </event_mention_argument>
    <event_mention_argument REFID="CNN_IP_20030405.1600.01-3-E25-40" ROLE="Victim">
      <extent>
        <charseq START="1316" END="1320">their</charseq>
      </extent>
    </event_mention_argument>
  </event_mention>
</event>
</document>
</source_file>
