<?xml version="1.0"?>
<!DOCTYPE source_file SYSTEM "apf.v5.1.1.dtd">
<source_file URI="CNN_CF_20030305.1900.00-1.sgm" SOURCE="broadcast conversation" TYPE="text" AUTHOR="LDC" ENCODING="UTF-8">
<document DOCID="CNN_CF_20030305.1900.00-1">
<entity ID="CNN_CF_20030305.1900.00-1-E1" TYPE="PER" SUBTYPE="Group" CLASS="SPC">
  <entity_mention ID="CNN_CF_20030305.1900.00-1-E1-128" TYPE="PRO" LDCTYPE="PRO">
    <extent>
      <charseq START="869" END="872">they</charseq>
    </extent>
    <head>
      <charseq START="869" END="872">they</charseq>
    </head>
  </entity_mention>
  <entity_mention ID="CNN_CF_20030305.1900.00-1-E1-150" TYPE="NOM" LDCTYPE="NOM">
    <extent>
      <charseq START="779" END="829">The foreign
ministers of France, Germany and Russia</charseq>
    </extent>
    <head>
      <charseq START="791" END="799">ministers</charseq>
    </head>
  </entity_mention>
</entity>
<entity ID="CNN_CF_20030305.1900.00-1-E2" TYPE="GPE" SUBTYPE="Nation" CLASS="SPC">
  <entity_mention ID="CNN_CF_20030305.1900.00-1-E2-2" TYPE="NAM" LDCTYPE="NAM" ROLE="GPE">
    <extent>
      <charseq START="804" END="809">France</charseq>
    </extent>
    <head>
      <charseq START="804" END="809">France</charseq>
    </head>
  </entity_mention>
  <entity_mention ID="CNN_CF_20030305.1900.00-1-E2-21" TYPE="NAM" LDCTYPE="NAM" ROLE="ORG">
    <extent>
      <charseq START="1544" END="1549">France</charseq>
    </extent>
    <head>
      <charseq START="1544" END="1549">France</charseq>
    </head>
  </entity_mention>
  <entity_mention ID="CNN_CF_20030305.1900.00-1-E2-23" TYPE="NAM" LDCTYPE="NAM" ROLE="ORG">
    <extent>
      <charseq START="2285" END="2290">France</charseq>
    </extent>
    <head>
      <charseq START="2285" END="2290">France</charseq>
    </head>
  </entity_mention>
  <entity_mention ID="CNN_CF_20030305.1900.00-1-E2-30" TYPE="NAM" LDCTYPE="NAM" ROLE="ORG">
    <extent>
      <charseq START="3225" END="3230">France</charseq>
    </extent>
    <head>
      <charseq START="3225" END="3230">France</charseq>
    </head>
  </entity_mention>
  <entity_attributes>
    <name NAME="France">
      <charseq START="804" END="809">France</charseq>
    </name>
    <name NAME="France">
      <charseq START="1544" END="1549">France</charseq>
    </name>
    <name NAME="France">
      <charseq START="2285" END="2290">France</charseq>
    </name>
    <name NAME="France">
      <charseq START="3225" END="3230">France</charseq>
    </name>
  </entity_attributes>
</entity>
<entity ID="CNN_CF_20030305.1900.00-1-E3" TYPE="GPE" SUBTYPE="Nation" CLASS="SPC">
  <entity_mention ID="CNN_CF_20030305.1900.00-1-E3-3" TYPE="NAM" LDCTYPE="NAM" ROLE="GPE">
    <extent>
      <charseq START="812" END="818">Germany</charseq>
    </extent>
    <head>
      <charseq START="812" END="818">Germany</charseq>
    </head>
  </entity_mention>
  <entity_mention ID="CNN_CF_20030305.1900.00-1-E3-22" TYPE="NAM" LDCTYPE="NAM" ROLE="ORG">
    <extent>
      <charseq START="1555" END="1561">Germany</charseq>
    </extent>
    <head>
      <charseq START="1555" END="1561">Germany</charseq>
    </head>
  </entity_mention>
  <entity_mention ID="CNN_CF_20030305.1900.00-1-E3-24" TYPE="NAM" LDCTYPE="NAM" ROLE="ORG">
    <extent>
      <charseq START="2296" END="2302">Germany</charseq>
    </extent>
    <head>
      <charseq START="2296" END="2302">Germany</charseq>
    </head>
  </entity_mention>
  <entity_attributes>
    <name NAME="Germany">
      <charseq START="812" END="818">Germany</charseq>
    </name>
    <name NAME="Germany">
      <charseq START="1555" END="1561">Germany</charseq>
    </name>
    <name NAME="Germany">
      <charseq START="2296" END="2302">Germany</charseq>
    </name>
  </entity_attributes>
</entity>
<entity ID="CNN_CF_20030305.1900.00-1-E4" TYPE="GPE" SUBTYPE="Nation" CLASS="SPC">
  <entity_mention ID="CNN_CF_20030305.1900.00-1-E4-5" TYPE="NAM" LDCTYPE="NAM" ROLE="GPE">
    <extent>
      <charseq START="824" END="829">Russia</charseq>
    </extent>
    <head>
      <charseq START="824" END="829">Russia</charseq>
    </head>
  </entity_mention>
  <entity_attributes>
    <name NAME="Russia">
      <charseq START="824" END="829">Russia</charseq>
    </name>
  </entity_attributes>
</entity>
<entity ID="CNN_CF_20030305.1900.00-1-E5" TYPE="PER" SUBTYPE="Group" CLASS="SPC">
  <entity_mention ID="CNN_CF_20030305.1900.00-1-E5-4" TYPE="PRO" LDCTYPE="PRO">
    <extent>
      <charseq START="4246" END="4247">We</charseq>
    </extent>
    <head>
      <charseq START="4246" END="4247">We</charseq>
    </head>
  </entity_mention>
</entity>
<entity ID="CNN_CF_20030305.1900.00-1-E6" TYPE="ORG" SUBTYPE="Non-Governmental" CLASS="SPC">
  <entity_mention ID="CNN_CF_20030305.1900.00-1-E6-7" TYPE="NOM" LDCTYPE="NOM" LDCATR="FALSE">
    <extent>
      <charseq START="933" END="967">the
United Nations Security Council</charseq>
    </extent>
    <head>
      <charseq START="961" END="967">Council</charseq>
    </head>
  </entity_mention>
  <entity_mention ID="CNN_CF_20030305.1900.00-1-E6-10" TYPE="NOM" LDCTYPE="NOM" LDCATR="FALSE">
    <extent>
      <charseq START="991" END="1010">the Security
Council</charseq>
    </extent>
    <head>
      <charseq START="1004" END="1010">Council</charseq>
    </head>
  </entity_mention>
  <entity_mention ID="CNN_CF_20030305.1900.00-1-E6-139" TYPE="NOM" LDCTYPE="NOMPRE" LDCATR="TRUE">
    <extent>
      <charseq START="1210" END="1225">Security Council</charseq>
    </extent>
    <head>
      <charseq START="1219" END="1225">Council</charseq>
    </head>
  </entity_mention>
</entity>
<entity ID="CNN_CF_20030305.1900.00-1-E7" TYPE="PER" SUBTYPE="Individual" CLASS="SPC">
  <entity_mention ID="CNN_CF_20030305.1900.00-1-E7-8" TYPE="NAM" LDCTYPE="NAM" LDCATR="TRUE">
    <extent>
      <charseq START="970" END="983">President Bush</charseq>
    </extent>
    <head>
      <charseq START="980" END="983">Bush</charseq>
    </head>
  </entity_mention>
  <entity_mention ID="CNN_CF_20030305.1900.00-1-E7-9" TYPE="NOM" LDCTYPE="NOMPRE" LDCATR="TRUE">
    <extent>
      <charseq START="970" END="978">President</charseq>
    </extent>
    <head>
      <charseq START="970" END="978">President</charseq>
    </head>
  </entity_mention>
  <entity_mention ID="CNN_CF_20030305.1900.00-1-E7-12" TYPE="PRO" LDCTYPE="PRO" LDCATR="TRUE">
    <extent>
      <charseq START="1060" END="1062">his</charseq>
    </extent>
    <head>
      <charseq START="1060" END="1062">his</charseq>
    </head>
  </entity_mention>
  <entity_mention ID="CNN_CF_20030305.1900.00-1-E7-13" TYPE="PRO" LDCTYPE="PRO" LDCATR="TRUE">
    <extent>
      <charseq START="1140" END="1141">he</charseq>
    </extent>
    <head>
      <charseq START="1140" END="1141">he</charseq>
    </head>
  </entity_mention>
  <entity_mention ID="CNN_CF_20030305.1900.00-1-E7-14" TYPE="NAM" LDCTYPE="NAM" LDCATR="TRUE">
    <extent>
      <charseq START="1151" END="1164">President Bush</charseq>
    </extent>
    <head>
      <charseq START="1161" END="1164">Bush</charseq>
    </head>
  </entity_mention>
  <entity_mention ID="CNN_CF_20030305.1900.00-1-E7-15" TYPE="NOM" LDCTYPE="NOMPRE" LDCATR="TRUE">
    <extent>
      <charseq START="1151" END="1159">President</charseq>
    </extent>
    <head>
      <charseq START="1151" END="1159">President</charseq>
    </head>
  </entity_mention>
  <entity_mention ID="CNN_CF_20030305.1900.00-1-E7-16" TYPE="PRO" LDCTYPE="PRO" LDCATR="TRUE">
    <extent>
      <charseq START="1273" END="1274">he</charseq>
    </extent>
    <head>
      <charseq START="1273" END="1274">he</charseq>
    </head>
  </entity_mention>
  <entity_mention ID="CNN_CF_20030305.1900.00-1-E7-17" TYPE="PRO" LDCTYPE="PRO" LDCATR="TRUE">
    <extent>
      <charseq START="1294" END="1294">I</charseq>
    </extent>
    <head>
      <charseq START="1294" END="1294">I</charseq>
    </head>
  </entity_mention>
  <entity_mention ID="CNN_CF_20030305.1900.00-1-E7-18" TYPE="PRO" LDCTYPE="PRO" LDCATR="TRUE">
    <extent>
      <charseq START="1355" END="1356">He</charseq>
    </extent>
    <head>
      <charseq START="1355" END="1356">He</charseq>
    </head>
  </entity_mention>
  <entity_mention ID="CNN_CF_20030305.1900.00-1-E7-19" TYPE="NAM" LDCTYPE="NAM" LDCATR="TRUE">
    <extent>
      <charseq START="1937" END="1950">President Bush</charseq>
    </extent>
    <head>
      <charseq START="1947" END="1950">Bush</charseq>
    </head>
  </entity_mention>
  <entity_mention ID="CNN_CF_20030305.1900.00-1-E7-20" TYPE="NOM" LDCTYPE="NOMPRE" LDCATR="TRUE">
    <extent>
      <charseq START="1937" END="1945">President</charseq>
    </extent>
    <head>
      <charseq START="1937" END="1945">President</charseq>
    </head>
  </entity_mention>
  <entity_mention ID="CNN_CF_20030305.1900.00-1-E7-85" TYPE="NAM" LDCTYPE="NAMPRE" LDCATR="TRUE">
    <extent>
      <charseq START="3336" END="3339">Bush</charseq>
    </extent>
    <head>
      <charseq START="3336" END="3339">Bush</charseq>
    </head>
  </entity_mention>
  <entity_mention ID="CNN_CF_20030305.1900.00-1-E7-89" TYPE="NOM" LDCTYPE="NOM" LDCATR="TRUE">
    <extent>
      <charseq START="3417" END="3429">the president</charseq>
    </extent>
    <head>
      <charseq START="3421" END="3429">president</charseq>
    </head>
  </entity_mention>
  <entity_mention ID="CNN_CF_20030305.1900.00-1-E7-92" TYPE="NOM" LDCTYPE="NOM" LDCATR="TRUE">
    <extent>
      <charseq START="3555" END="3567">the president</charseq>
    </extent>
    <head>
      <charseq START="3559" END="3567">president</charseq>
    </head>
  </entity_mention>
  <entity_mention ID="CNN_CF_20030305.1900.00-1-E7-93" TYPE="PRO" LDCTYPE="PRO" LDCATR="TRUE">
    <extent>
      <charseq START="3579" END="3580">He</charseq>
    </extent>
    <head>
      <charseq START="3579" END="3580">He</charseq>
    </head>
  </entity_mention>
  <entity_mention ID="CNN_CF_20030305.1900.00-1-E7-141" TYPE="NAM" LDCTYPE="NAM" LDCATR="TRUE">
    <extent>
      <charseq START="339" END="352">President Bush</charseq>
    </extent>
    <head>
      <charseq START="349" END="352">Bush</charseq>
    </head>
  </entity_mention>
  <entity_mention ID="CNN_CF_20030305.1900.00-1-E7-142" TYPE="NOM" LDCTYPE="NOMPRE" LDCATR="TRUE">
    <extent>
      <charseq START="339" END="347">President</charseq>
    </extent>
    <head>
      <charseq START="339" END="347">President</charseq>
    </head>
  </entity_mention>
  <entity_attributes>
    <name NAME="Bush">
      <charseq START="980" END="983">Bush</charseq>
    </name>
    <name NAME="Bush">
      <charseq START="1161" END="1164">Bush</charseq>
    </name>
    <name NAME="Bush">
      <charseq START="1947" END="1950">Bush</charseq>
    </name>
    <name NAME="Bush">
      <charseq START="3336" END="3339">Bush</charseq>
    </name>
    <name NAME="Bush">
      <charseq START="349" END="352">Bush</charseq>
    </name>
  </entity_attributes>
</entity>
<entity ID="CNN_CF_20030305.1900.00-1-E8" TYPE="GPE" SUBTYPE="Nation" CLASS="SPC">
  <entity_mention ID="CNN_CF_20030305.1900.00-1-E8-11" TYPE="NAM" LDCTYPE="NAM" ROLE="GPE" LDCATR="FALSE">
    <extent>
      <charseq START="1050" END="1053">Iraq</charseq>
    </extent>
    <head>
      <charseq START="1050" END="1053">Iraq</charseq>
    </head>
  </entity_mention>
  <entity_mention ID="CNN_CF_20030305.1900.00-1-E8-25" TYPE="NAM" LDCTYPE="NAMPRE" ROLE="GPE" LDCATR="TRUE">
    <extent>
      <charseq START="2436" END="2440">Iraqi</charseq>
    </extent>
    <head>
      <charseq START="2436" END="2440">Iraqi</charseq>
    </head>
  </entity_mention>
  <entity_mention ID="CNN_CF_20030305.1900.00-1-E8-26" TYPE="NAM" LDCTYPE="NAM" ROLE="GPE" LDCATR="FALSE">
    <extent>
      <charseq START="2650" END="2653">Iraq</charseq>
    </extent>
    <head>
      <charseq START="2650" END="2653">Iraq</charseq>
    </head>
  </entity_mention>
  <entity_mention ID="CNN_CF_20030305.1900.00-1-E8-27" TYPE="PRO" LDCTYPE="PRO" ROLE="GPE" LDCATR="FALSE">
    <extent>
      <charseq START="2717" END="2718">it</charseq>
    </extent>
    <head>
      <charseq START="2717" END="2718">it</charseq>
    </head>
  </entity_mention>
  <entity_mention ID="CNN_CF_20030305.1900.00-1-E8-28" TYPE="PRO" LDCTYPE="PRO" ROLE="GPE" LDCATR="FALSE">
    <extent>
      <charseq START="2774" END="2775">it</charseq>
    </extent>
    <head>
      <charseq START="2774" END="2775">it</charseq>
    </head>
  </entity_mention>
  <entity_mention ID="CNN_CF_20030305.1900.00-1-E8-29" TYPE="NAM" LDCTYPE="NAM" ROLE="GPE" LDCATR="FALSE">
    <extent>
      <charseq START="2824" END="2827">Iraq</charseq>
    </extent>
    <head>
      <charseq START="2824" END="2827">Iraq</charseq>
    </head>
  </entity_mention>
  <entity_mention ID="CNN_CF_20030305.1900.00-1-E8-55" TYPE="NAM" LDCTYPE="NAM" ROLE="ORG" LDCATR="FALSE">
    <extent>
      <charseq START="2558" END="2564">Baghdad</charseq>
    </extent>
    <head>
      <charseq START="2558" END="2564">Baghdad</charseq>
    </head>
  </entity_mention>
  <entity_mention ID="CNN_CF_20030305.1900.00-1-E8-62" TYPE="PRO" LDCTYPE="PRO" ROLE="GPE" LDCATR="FALSE">
    <extent>
      <charseq START="2577" END="2579">its</charseq>
    </extent>
    <head>
      <charseq START="2577" END="2579">its</charseq>
    </head>
  </entity_mention>
  <entity_mention ID="CNN_CF_20030305.1900.00-1-E8-88" TYPE="PRO" LDCTYPE="PRO" ROLE="ORG" LDCATR="FALSE">
    <extent>
      <charseq START="3392" END="3395">them</charseq>
    </extent>
    <head>
      <charseq START="3392" END="3395">them</charseq>
    </head>
  </entity_mention>
  <entity_mention ID="CNN_CF_20030305.1900.00-1-E8-91" TYPE="PRO" LDCTYPE="PRO" ROLE="ORG" LDCATR="FALSE">
    <extent>
      <charseq START="3496" END="3499">They</charseq>
    </extent>
    <head>
      <charseq START="3496" END="3499">They</charseq>
    </head>
  </entity_mention>
  <entity_mention ID="CNN_CF_20030305.1900.00-1-E8-102" TYPE="PRO" LDCTYPE="PRO" ROLE="LOC" LDCATR="FALSE">
    <extent>
      <charseq START="3675" END="3679">there</charseq>
    </extent>
    <head>
      <charseq START="3675" END="3679">there</charseq>
    </head>
  </entity_mention>
  <entity_attributes>
    <name NAME="Iraq">
      <charseq START="1050" END="1053">Iraq</charseq>
    </name>
    <name NAME="Iraqi">
      <charseq START="2436" END="2440">Iraqi</charseq>
    </name>
    <name NAME="Iraq">
      <charseq START="2650" END="2653">Iraq</charseq>
    </name>
    <name NAME="Iraq">
      <charseq START="2824" END="2827">Iraq</charseq>
    </name>
    <name NAME="Baghdad">
      <charseq START="2558" END="2564">Baghdad</charseq>
    </name>
  </entity_attributes>
</entity>
<entity ID="CNN_CF_20030305.1900.00-1-E12" TYPE="GPE" SUBTYPE="Nation" CLASS="SPC">
  <entity_mention ID="CNN_CF_20030305.1900.00-1-E12-34" TYPE="NOM" LDCTYPE="NOM" ROLE="GPE" LDCATR="FALSE">
    <extent>
      <charseq START="1192" END="1232">one fence-sitting
Security Council member</charseq>
    </extent>
    <head>
      <charseq START="1227" END="1232">member</charseq>
    </head>
  </entity_mention>
  <entity_mention ID="CNN_CF_20030305.1900.00-1-E12-36" TYPE="PRO" LDCTYPE="PRO" ROLE="GPE" LDCATR="FALSE">
    <extent>
      <charseq START="1316" END="1320">their</charseq>
    </extent>
    <head>
      <charseq START="1316" END="1320">their</charseq>
    </head>
  </entity_mention>
  <entity_mention ID="CNN_CF_20030305.1900.00-1-E12-38" TYPE="NAM" LDCTYPE="NAM" ROLE="PER" LDCATR="FALSE">
    <extent>
      <charseq START="1481" END="1486">Guinea</charseq>
    </extent>
    <head>
      <charseq START="1481" END="1486">Guinea</charseq>
    </head>
  </entity_mention>
  <entity_mention ID="CNN_CF_20030305.1900.00-1-E12-39" TYPE="NOM" LDCTYPE="NOM" ROLE="PER" LDCATR="FALSE">
    <extent>
      <charseq START="1491" END="1513">an important swing vote</charseq>
    </extent>
    <head>
      <charseq START="1510" END="1513">vote</charseq>
    </head>
  </entity_mention>
  <entity_mention ID="CNN_CF_20030305.1900.00-1-E12-40" TYPE="PRO" LDCTYPE="PRO" ROLE="PER" LDCATR="FALSE">
    <extent>
      <charseq START="1458" END="1461">they</charseq>
    </extent>
    <head>
      <charseq START="1458" END="1461">they</charseq>
    </head>
  </entity_mention>
  <entity_mention ID="CNN_CF_20030305.1900.00-1-E12-41" TYPE="NOM" LDCTYPE="NOM" ROLE="PER" LDCATR="FALSE">
    <extent>
      <charseq START="1467" END="1478">a swing vote</charseq>
    </extent>
    <head>
      <charseq START="1475" END="1478">vote</charseq>
    </head>
  </entity_mention>
  <entity_mention ID="CNN_CF_20030305.1900.00-1-E12-130" TYPE="NAM" LDCTYPE="NAM" ROLE="GPE" LDCATR="FALSE">
    <extent>
      <charseq START="1257" END="1262">Guinea</charseq>
    </extent>
    <head>
      <charseq START="1257" END="1262">Guinea</charseq>
    </head>
  </entity_mention>
  <entity_mention ID="CNN_CF_20030305.1900.00-1-E12-133" TYPE="NOM" LDCTYPE="NOM" ROLE="GPE" LDCATR="TRUE">
    <extent>
      <charseq START="1235" END="1262">the African nation of Guinea</charseq>
    </extent>
    <head>
      <charseq START="1247" END="1252">nation</charseq>
    </head>
  </entity_mention>
  <entity_attributes>
    <name NAME="Guinea">
      <charseq START="1481" END="1486">Guinea</charseq>
    </name>
    <name NAME="Guinea">
      <charseq START="1257" END="1262">Guinea</charseq>
    </name>
  </entity_attributes>
</entity>
<entity ID="CNN_CF_20030305.1900.00-1-E13" TYPE="GPE" SUBTYPE="Continent" CLASS="SPC">
  <entity_mention ID="CNN_CF_20030305.1900.00-1-E13-35" TYPE="NAM" LDCTYPE="NAMPRE" ROLE="GPE">
    <extent>
      <charseq START="1239" END="1245">African</charseq>
    </extent>
    <head>
      <charseq START="1239" END="1245">African</charseq>
    </head>
  </entity_mention>
  <entity_attributes>
    <name NAME="African">
      <charseq START="1239" END="1245">African</charseq>
    </name>
  </entity_attributes>
</entity>
<entity ID="CNN_CF_20030305.1900.00-1-E14" TYPE="PER" SUBTYPE="Individual" CLASS="SPC">
  <entity_mention ID="CNN_CF_20030305.1900.00-1-E14-6" TYPE="PRO" LDCTYPE="PRO">
    <extent>
      <charseq START="2177" END="2177">I</charseq>
    </extent>
    <head>
      <charseq START="2177" END="2177">I</charseq>
    </head>
  </entity_mention>
  <entity_mention ID="CNN_CF_20030305.1900.00-1-E14-32" TYPE="PRO" LDCTYPE="PRO">
    <extent>
      <charseq START="2218" END="2218">I</charseq>
    </extent>
    <head>
      <charseq START="2218" END="2218">I</charseq>
    </head>
  </entity_mention>
  <entity_mention ID="CNN_CF_20030305.1900.00-1-E14-37" TYPE="PRO" LDCTYPE="PRO">
    <extent>
      <charseq START="1339" END="1339">I</charseq>
    </extent>
    <head>
      <charseq START="1339" END="1339">I</charseq>
    </head>
  </entity_mention>
  <entity_mention ID="CNN_CF_20030305.1900.00-1-E14-90" TYPE="NAM" LDCTYPE="NAM">
    <extent>
      <charseq START="3477" END="3480">Paul</charseq>
    </extent>
    <head>
      <charseq START="3477" END="3480">Paul</charseq>
    </head>
  </entity_mention>
  <entity_mention ID="CNN_CF_20030305.1900.00-1-E14-106" TYPE="PRO" LDCTYPE="PRO">
    <extent>
      <charseq START="3899" END="3901">you</charseq>
    </extent>
    <head>
      <charseq START="3899" END="3901">you</charseq>
    </head>
  </entity_mention>
  <entity_mention ID="CNN_CF_20030305.1900.00-1-E14-114" TYPE="PRO" LDCTYPE="PRO">
    <extent>
      <charseq START="4153" END="4153">I</charseq>
    </extent>
    <head>
      <charseq START="4153" END="4153">I</charseq>
    </head>
  </entity_mention>
  <entity_mention ID="CNN_CF_20030305.1900.00-1-E14-116" TYPE="PRO" LDCTYPE="PRO">
    <extent>
      <charseq START="4171" END="4171">I</charseq>
    </extent>
    <head>
      <charseq START="4171" END="4171">I</charseq>
    </head>
  </entity_mention>
  <entity_mention ID="CNN_CF_20030305.1900.00-1-E14-117" TYPE="PRO" LDCTYPE="PRO">
    <extent>
      <charseq START="1929" END="1929">I</charseq>
    </extent>
    <head>
      <charseq START="1929" END="1929">I</charseq>
    </head>
  </entity_mention>
  <entity_mention ID="CNN_CF_20030305.1900.00-1-E14-119" TYPE="PRO" LDCTYPE="PRO">
    <extent>
      <charseq START="1858" END="1858">I</charseq>
    </extent>
    <head>
      <charseq START="1858" END="1858">I</charseq>
    </head>
  </entity_mention>
  <entity_attributes>
    <name NAME="Paul">
      <charseq START="3477" END="3480">Paul</charseq>
    </name>
  </entity_attributes>
</entity>
<entity ID="CNN_CF_20030305.1900.00-1-E17" TYPE="PER" SUBTYPE="Individual" CLASS="SPC">
  <entity_mention ID="CNN_CF_20030305.1900.00-1-E17-42" TYPE="PRO" LDCTYPE="PRO">
    <extent>
      <charseq START="1413" END="1413">I</charseq>
    </extent>
    <head>
      <charseq START="1413" END="1413">I</charseq>
    </head>
  </entity_mention>
</entity>
<entity ID="CNN_CF_20030305.1900.00-1-E18" TYPE="PER" SUBTYPE="Group" CLASS="GEN">
  <entity_mention ID="CNN_CF_20030305.1900.00-1-E18-1" TYPE="PRO" LDCTYPE="PRO">
    <extent>
      <charseq START="229" END="237">everybody</charseq>
    </extent>
    <head>
      <charseq START="229" END="237">everybody</charseq>
    </head>
  </entity_mention>
</entity>
<entity ID="CNN_CF_20030305.1900.00-1-E19" TYPE="PER" SUBTYPE="Individual" CLASS="USP">
  <entity_mention ID="CNN_CF_20030305.1900.00-1-E19-43" TYPE="PRO" LDCTYPE="PRO">
    <extent>
      <charseq START="1431" END="1433">You</charseq>
    </extent>
    <head>
      <charseq START="1431" END="1433">You</charseq>
    </head>
  </entity_mention>
</entity>
<entity ID="CNN_CF_20030305.1900.00-1-E20" TYPE="PER" SUBTYPE="Individual" CLASS="SPC">
  <entity_mention ID="CNN_CF_20030305.1900.00-1-E20-44" TYPE="NOM" LDCTYPE="NOM">
    <extent>
      <charseq START="1060" END="1078">his press
secretary</charseq>
    </extent>
    <head>
      <charseq START="1070" END="1078">secretary</charseq>
    </head>
  </entity_mention>
</entity>
<entity ID="CNN_CF_20030305.1900.00-1-E21" TYPE="GPE" SUBTYPE="Nation" CLASS="SPC">
  <entity_mention ID="CNN_CF_20030305.1900.00-1-E21-45" TYPE="NAM" LDCTYPE="NAM" ROLE="ORG">
    <extent>
      <charseq START="1534" END="1541">Cameroon</charseq>
    </extent>
    <head>
      <charseq START="1534" END="1541">Cameroon</charseq>
    </head>
  </entity_mention>
  <entity_attributes>
    <name NAME="Cameroon">
      <charseq START="1534" END="1541">Cameroon</charseq>
    </name>
  </entity_attributes>
</entity>
<entity ID="CNN_CF_20030305.1900.00-1-E22" TYPE="PER" SUBTYPE="Indeterminate" CLASS="USP">
  <entity_mention ID="CNN_CF_20030305.1900.00-1-E22-46" TYPE="PRO" LDCTYPE="PRO">
    <extent>
      <charseq START="1625" END="1626">We</charseq>
    </extent>
    <head>
      <charseq START="1625" END="1626">We</charseq>
    </head>
  </entity_mention>
</entity>
<entity ID="CNN_CF_20030305.1900.00-1-E23" TYPE="GPE" SUBTYPE="Nation" CLASS="SPC">
  <entity_mention ID="CNN_CF_20030305.1900.00-1-E23-47" TYPE="PRO" LDCTYPE="PRO" ROLE="ORG">
    <extent>
      <charseq START="1644" END="1647">They</charseq>
    </extent>
    <head>
      <charseq START="1644" END="1647">They</charseq>
    </head>
  </entity_mention>
</entity>
<entity ID="CNN_CF_20030305.1900.00-1-E24" TYPE="PER" SUBTYPE="Individual" CLASS="SPC">
  <entity_mention ID="CNN_CF_20030305.1900.00-1-E24-48" TYPE="NAM" LDCTYPE="NAM" LDCATR="FALSE">
    <extent>
      <charseq START="1747" END="1752">Saddam</charseq>
    </extent>
    <head>
      <charseq START="1747" END="1752">Saddam</charseq>
    </head>
  </entity_mention>
  <entity_mention ID="CNN_CF_20030305.1900.00-1-E24-49" TYPE="PRO" LDCTYPE="PRO" LDCATR="FALSE">
    <extent>
      <charseq START="1793" END="1794">he</charseq>
    </extent>
    <head>
      <charseq START="1793" END="1794">he</charseq>
    </head>
  </entity_mention>
  <entity_mention ID="CNN_CF_20030305.1900.00-1-E24-50" TYPE="PRO" LDCTYPE="PRO" LDCATR="FALSE">
    <extent>
      <charseq START="1804" END="1805">he</charseq>
    </extent>
    <head>
      <charseq START="1804" END="1805">he</charseq>
    </head>
  </entity_mention>
  <entity_mention ID="CNN_CF_20030305.1900.00-1-E24-51" TYPE="PRO" LDCTYPE="PRO" LDCATR="FALSE">
    <extent>
      <charseq START="1836" END="1837">he</charseq>
    </extent>
    <head>
      <charseq START="1836" END="1837">he</charseq>
    </head>
  </entity_mention>
  <entity_mention ID="CNN_CF_20030305.1900.00-1-E24-52" TYPE="NAM" LDCTYPE="NAM" LDCATR="FALSE">
    <extent>
      <charseq START="2145" END="2158">Saddam Hussein</charseq>
    </extent>
    <head>
      <charseq START="2145" END="2158">Saddam Hussein</charseq>
    </head>
  </entity_mention>
  <entity_mention ID="CNN_CF_20030305.1900.00-1-E24-53" TYPE="NAM" LDCTYPE="NAM" LDCATR="FALSE">
    <extent>
      <charseq START="2370" END="2383">Saddam Hussein</charseq>
    </extent>
    <head>
      <charseq START="2370" END="2383">Saddam Hussein</charseq>
    </head>
  </entity_mention>
  <entity_mention ID="CNN_CF_20030305.1900.00-1-E24-54" TYPE="NAM" LDCTYPE="NAM" LDCATR="FALSE">
    <extent>
      <charseq START="2995" END="3008">Saddam Hussein</charseq>
    </extent>
    <head>
      <charseq START="2995" END="3008">Saddam Hussein</charseq>
    </head>
  </entity_mention>
  <entity_mention ID="CNN_CF_20030305.1900.00-1-E24-77" TYPE="NAM" LDCTYPE="NAM" LDCATR="FALSE">
    <extent>
      <charseq START="3130" END="3143">Saddam
Hussein</charseq>
    </extent>
    <head>
      <charseq START="3130" END="3143">Saddam
Hussein</charseq>
    </head>
  </entity_mention>
  <entity_mention ID="CNN_CF_20030305.1900.00-1-E24-94" TYPE="NAM" LDCTYPE="NAM" LDCATR="FALSE">
    <extent>
      <charseq START="3719" END="3732">Saddam Hussein</charseq>
    </extent>
    <head>
      <charseq START="3719" END="3732">Saddam Hussein</charseq>
    </head>
  </entity_mention>
  <entity_mention ID="CNN_CF_20030305.1900.00-1-E24-95" TYPE="PRO" LDCTYPE="PRO" LDCATR="FALSE">
    <extent>
      <charseq START="3756" END="3757">he</charseq>
    </extent>
    <head>
      <charseq START="3756" END="3757">he</charseq>
    </head>
  </entity_mention>
  <entity_mention ID="CNN_CF_20030305.1900.00-1-E24-96" TYPE="PRO" LDCTYPE="PRO" LDCATR="FALSE">
    <extent>
      <charseq START="3777" END="3778">He</charseq>
    </extent>
    <head>
      <charseq START="3777" END="3778">He</charseq>
    </head>
  </entity_mention>
  <entity_mention ID="CNN_CF_20030305.1900.00-1-E24-103" TYPE="NOM" LDCTYPE="NOM" LDCATR="FALSE">
    <extent>
      <charseq START="3782" END="3787">a liar</charseq>
    </extent>
    <head>
      <charseq START="3784" END="3787">liar</charseq>
    </head>
  </entity_mention>
  <entity_mention ID="CNN_CF_20030305.1900.00-1-E24-104" TYPE="NAM" LDCTYPE="NAM" LDCATR="FALSE">
    <extent>
      <charseq START="3837" END="3850">Saddam Hussein</charseq>
    </extent>
    <head>
      <charseq START="3837" END="3850">Saddam Hussein</charseq>
    </head>
  </entity_mention>
  <entity_mention ID="CNN_CF_20030305.1900.00-1-E24-105" TYPE="PRO" LDCTYPE="PRO" LDCATR="FALSE">
    <extent>
      <charseq START="3872" END="3874">him</charseq>
    </extent>
    <head>
      <charseq START="3872" END="3874">him</charseq>
    </head>
  </entity_mention>
  <entity_mention ID="CNN_CF_20030305.1900.00-1-E24-107" TYPE="NAM" LDCTYPE="NAM" LDCATR="FALSE">
    <extent>
      <charseq START="3947" END="3960">Saddam Hussein</charseq>
    </extent>
    <head>
      <charseq START="3947" END="3960">Saddam Hussein</charseq>
    </head>
  </entity_mention>
  <entity_mention ID="CNN_CF_20030305.1900.00-1-E24-109" TYPE="PRO" LDCTYPE="PRO" LDCATR="FALSE">
    <extent>
      <charseq START="3983" END="3984">he</charseq>
    </extent>
    <head>
      <charseq START="3983" END="3984">he</charseq>
    </head>
  </entity_mention>
  <entity_mention ID="CNN_CF_20030305.1900.00-1-E24-115" TYPE="PRO" LDCTYPE="PRO" LDCATR="FALSE">
    <extent>
      <charseq START="4161" END="4162">he</charseq>
    </extent>
    <head>
      <charseq START="4161" END="4162">he</charseq>
    </head>
  </entity_mention>
  <entity_mention ID="CNN_CF_20030305.1900.00-1-E24-129" TYPE="PRO" LDCTYPE="HLS" LDCATR="TRUE">
    <extent>
      <charseq START="3986" END="4021">a
sufficient threat to America today</charseq>
    </extent>
    <head>
      <charseq START="3999" END="4004">threat</charseq>
    </head>
  </entity_mention>
  <entity_attributes>
    <name NAME="Saddam">
      <charseq START="1747" END="1752">Saddam</charseq>
    </name>
    <name NAME="Saddam Hussein">
      <charseq START="2145" END="2158">Saddam Hussein</charseq>
    </name>
    <name NAME="Saddam Hussein">
      <charseq START="2370" END="2383">Saddam Hussein</charseq>
    </name>
    <name NAME="Saddam Hussein">
      <charseq START="2995" END="3008">Saddam Hussein</charseq>
    </name>
    <name NAME="Saddam Hussein">
      <charseq START="3130" END="3143">Saddam
Hussein</charseq>
    </name>
    <name NAME="Saddam Hussein">
      <charseq START="3719" END="3732">Saddam Hussein</charseq>
    </name>
    <name NAME="Saddam Hussein">
      <charseq START="3837" END="3850">Saddam Hussein</charseq>
    </name>
    <name NAME="Saddam Hussein">
      <charseq START="3947" END="3960">Saddam Hussein</charseq>
    </name>
  </entity_attributes>
</entity>
<entity ID="CNN_CF_20030305.1900.00-1-E25" TYPE="GPE" SUBTYPE="Nation" CLASS="SPC">
  <entity_mention ID="CNN_CF_20030305.1900.00-1-E25-33" TYPE="PRO" LDCTYPE="PRO" ROLE="GPE" LDCATR="FALSE">
    <extent>
      <charseq START="2229" END="2230">we</charseq>
    </extent>
    <head>
      <charseq START="2229" END="2230">we</charseq>
    </head>
  </entity_mention>
  <entity_mention ID="CNN_CF_20030305.1900.00-1-E25-56" TYPE="NAM" LDCTYPE="NAMPRE" ROLE="GPE" LDCATR="FALSE">
    <extent>
      <charseq START="2610" END="2612">U.S</charseq>
    </extent>
    <head>
      <charseq START="2610" END="2612">U.S</charseq>
    </head>
  </entity_mention>
  <entity_mention ID="CNN_CF_20030305.1900.00-1-E25-76" TYPE="NAM" LDCTYPE="NAMPRE" ROLE="GPE" LDCATR="FALSE">
    <extent>
      <charseq START="3100" END="3107">American</charseq>
    </extent>
    <head>
      <charseq START="3100" END="3107">American</charseq>
    </head>
  </entity_mention>
  <entity_mention ID="CNN_CF_20030305.1900.00-1-E25-110" TYPE="NAM" LDCTYPE="NAM" ROLE="GPE" LDCATR="FALSE">
    <extent>
      <charseq START="4009" END="4015">America</charseq>
    </extent>
    <head>
      <charseq START="4009" END="4015">America</charseq>
    </head>
  </entity_mention>
  <entity_mention ID="CNN_CF_20030305.1900.00-1-E25-111" TYPE="PRO" LDCTYPE="PRO" ROLE="GPE" LDCATR="FALSE">
    <extent>
      <charseq START="4044" END="4046">our</charseq>
    </extent>
    <head>
      <charseq START="4044" END="4046">our</charseq>
    </head>
  </entity_mention>
  <entity_mention ID="CNN_CF_20030305.1900.00-1-E25-118" TYPE="PRO" LDCTYPE="PRO" ROLE="GPE" LDCATR="FALSE">
    <extent>
      <charseq START="1903" END="1904">we</charseq>
    </extent>
    <head>
      <charseq START="1903" END="1904">we</charseq>
    </head>
  </entity_mention>
  <entity_mention ID="CNN_CF_20030305.1900.00-1-E25-134" TYPE="NAM" LDCTYPE="NAMPRE" ROLE="GPE" LDCATR="TRUE">
    <extent>
      <charseq START="898" END="905">American</charseq>
    </extent>
    <head>
      <charseq START="898" END="905">American</charseq>
    </head>
  </entity_mention>
  <entity_attributes>
    <name NAME="U.S">
      <charseq START="2610" END="2612">U.S</charseq>
    </name>
    <name NAME="American">
      <charseq START="3100" END="3107">American</charseq>
    </name>
    <name NAME="America">
      <charseq START="4009" END="4015">America</charseq>
    </name>
    <name NAME="American">
      <charseq START="898" END="905">American</charseq>
    </name>
  </entity_attributes>
</entity>
<entity ID="CNN_CF_20030305.1900.00-1-E27" TYPE="PER" SUBTYPE="Individual" CLASS="SPC">
  <entity_mention ID="CNN_CF_20030305.1900.00-1-E27-57" TYPE="NAM" LDCTYPE="NAM" LDCATR="FALSE">
    <extent>
      <charseq START="2319" END="2349">Secretary of State Colin Powell</charseq>
    </extent>
    <head>
      <charseq START="2338" END="2349">Colin Powell</charseq>
    </head>
  </entity_mention>
  <entity_mention ID="CNN_CF_20030305.1900.00-1-E27-58" TYPE="NOM" LDCTYPE="NOMPRE" LDCATR="FALSE">
    <extent>
      <charseq START="2319" END="2336">Secretary of State</charseq>
    </extent>
    <head>
      <charseq START="2319" END="2327">Secretary</charseq>
    </head>
  </entity_mention>
  <entity_mention ID="CNN_CF_20030305.1900.00-1-E27-61" TYPE="NAM" LDCTYPE="NAM" LDCATR="FALSE">
    <extent>
      <charseq START="2422" END="2427">Powell</charseq>
    </extent>
    <head>
      <charseq START="2422" END="2427">Powell</charseq>
    </head>
  </entity_mention>
  <entity_mention ID="CNN_CF_20030305.1900.00-1-E27-64" TYPE="NAM" LDCTYPE="NAM" LDCATR="FALSE">
    <extent>
      <charseq START="2633" END="2638">Powell</charseq>
    </extent>
    <head>
      <charseq START="2633" END="2638">Powell</charseq>
    </head>
  </entity_mention>
  <entity_mention ID="CNN_CF_20030305.1900.00-1-E27-69" TYPE="NAM" LDCTYPE="NAM" LDCATR="FALSE">
    <extent>
      <charseq START="2798" END="2803">Powell</charseq>
    </extent>
    <head>
      <charseq START="2798" END="2803">Powell</charseq>
    </head>
  </entity_mention>
  <entity_mention ID="CNN_CF_20030305.1900.00-1-E27-73" TYPE="NAM" LDCTYPE="NAM" LDCATR="FALSE">
    <extent>
      <charseq START="2935" END="2940">Powell</charseq>
    </extent>
    <head>
      <charseq START="2935" END="2940">Powell</charseq>
    </head>
  </entity_mention>
  <entity_mention ID="CNN_CF_20030305.1900.00-1-E27-80" TYPE="NAM" LDCTYPE="NAM" LDCATR="FALSE">
    <extent>
      <charseq START="3190" END="3220">Secretary of State
Colin Powell</charseq>
    </extent>
    <head>
      <charseq START="3209" END="3220">Colin Powell</charseq>
    </head>
  </entity_mention>
  <entity_mention ID="CNN_CF_20030305.1900.00-1-E27-81" TYPE="NOM" LDCTYPE="NOMPRE" LDCATR="TRUE">
    <extent>
      <charseq START="3190" END="3207">Secretary of State</charseq>
    </extent>
    <head>
      <charseq START="3190" END="3198">Secretary</charseq>
    </head>
  </entity_mention>
  <entity_mention ID="CNN_CF_20030305.1900.00-1-E27-137" TYPE="NAM" LDCTYPE="NAM" LDCATR="FALSE">
    <extent>
      <charseq START="405" END="416">Colin Powell</charseq>
    </extent>
    <head>
      <charseq START="405" END="416">Colin Powell</charseq>
    </head>
  </entity_mention>
  <entity_attributes>
    <name NAME="Colin Powell">
      <charseq START="2338" END="2349">Colin Powell</charseq>
    </name>
    <name NAME="Powell">
      <charseq START="2422" END="2427">Powell</charseq>
    </name>
    <name NAME="Powell">
      <charseq START="2633" END="2638">Powell</charseq>
    </name>
    <name NAME="Powell">
      <charseq START="2798" END="2803">Powell</charseq>
    </name>
    <name NAME="Powell">
      <charseq START="2935" END="2940">Powell</charseq>
    </name>
    <name NAME="Colin Powell">
      <charseq START="3209" END="3220">Colin Powell</charseq>
    </name>
    <name NAME="Colin Powell">
      <charseq START="405" END="416">Colin Powell</charseq>
    </name>
  </entity_attributes>
</entity>
<entity ID="CNN_CF_20030305.1900.00-1-E29" TYPE="ORG" SUBTYPE="Government" CLASS="GEN">
  <entity_mention ID="CNN_CF_20030305.1900.00-1-E29-59" TYPE="NOM" LDCTYPE="BAR">
    <extent>
      <charseq START="2332" END="2336">State</charseq>
    </extent>
    <head>
      <charseq START="2332" END="2336">State</charseq>
    </head>
  </entity_mention>
  <entity_mention ID="CNN_CF_20030305.1900.00-1-E29-82" TYPE="NOM" LDCTYPE="BAR">
    <extent>
      <charseq START="3203" END="3207">State</charseq>
    </extent>
    <head>
      <charseq START="3203" END="3207">State</charseq>
    </head>
  </entity_mention>
</entity>
<entity ID="CNN_CF_20030305.1900.00-1-E30" TYPE="LOC" SUBTYPE="Celestial" CLASS="SPC">
  <entity_mention ID="CNN_CF_20030305.1900.00-1-E30-60" TYPE="NOM" LDCTYPE="NOM">
    <extent>
      <charseq START="2411" END="2419">the world</charseq>
    </extent>
    <head>
      <charseq START="2415" END="2419">world</charseq>
    </head>
  </entity_mention>
</entity>
<entity ID="CNN_CF_20030305.1900.00-1-E31" TYPE="WEA" SUBTYPE="Underspecified" CLASS="USP">
  <entity_mention ID="CNN_CF_20030305.1900.00-1-E31-63" TYPE="NOM" LDCTYPE="NOM">
    <extent>
      <charseq START="2577" END="2607">its weapons of mass destruction</charseq>
    </extent>
    <head>
      <charseq START="2581" END="2587">weapons</charseq>
    </head>
  </entity_mention>
</entity>
<entity ID="CNN_CF_20030305.1900.00-1-E32" TYPE="WEA" SUBTYPE="Exploding" CLASS="GEN">
  <entity_mention ID="CNN_CF_20030305.1900.00-1-E32-65" TYPE="NOM" LDCTYPE="BAR">
    <extent>
      <charseq START="2687" END="2706">al-Samoud 2 missiles</charseq>
    </extent>
    <head>
      <charseq START="2699" END="2706">missiles</charseq>
    </head>
  </entity_mention>
</entity>
<entity ID="CNN_CF_20030305.1900.00-1-E33" TYPE="WEA" SUBTYPE="Exploding" CLASS="USP">
  <entity_mention ID="CNN_CF_20030305.1900.00-1-E33-67" TYPE="NOM" LDCTYPE="BAR" LDCATR="FALSE">
    <extent>
      <charseq START="2729" END="2741">existing ones</charseq>
    </extent>
    <head>
      <charseq START="2738" END="2741">ones</charseq>
    </head>
  </entity_mention>
  <entity_mention ID="CNN_CF_20030305.1900.00-1-E33-68" TYPE="PRO" LDCTYPE="WHQ" LDCATR="FALSE">
    <extent>
      <charseq START="2753" END="2756">that</charseq>
    </extent>
    <head>
      <charseq START="2753" END="2756">that</charseq>
    </head>
  </entity_mention>
  <entity_mention ID="CNN_CF_20030305.1900.00-1-E33-131" TYPE="NOM" LDCTYPE="BAR" LDCATR="TRUE">
    <extent>
      <charseq START="2744" END="2795">missiles that until recently, it claimed
not to have</charseq>
    </extent>
    <head>
      <charseq START="2744" END="2751">missiles</charseq>
    </head>
  </entity_mention>
</entity>
<entity ID="CNN_CF_20030305.1900.00-1-E34" TYPE="PER" SUBTYPE="Individual" CLASS="GEN">
  <entity_mention ID="CNN_CF_20030305.1900.00-1-E34-148" TYPE="NOM" LDCTYPE="NOM">
    <extent>
      <charseq START="647" END="653">a
mummy</charseq>
    </extent>
    <head>
      <charseq START="649" END="653">mummy</charseq>
    </head>
  </entity_mention>
</entity>
<entity ID="CNN_CF_20030305.1900.00-1-E35" TYPE="GPE" SUBTYPE="Population-Center" CLASS="SPC">
  <entity_mention ID="CNN_CF_20030305.1900.00-1-E35-70" TYPE="NAM" LDCTYPE="NAM" ROLE="LOC">
    <extent>
      <charseq START="2900" END="2906">Baghdad</charseq>
    </extent>
    <head>
      <charseq START="2900" END="2906">Baghdad</charseq>
    </head>
  </entity_mention>
  <entity_attributes>
    <name NAME="Baghdad">
      <charseq START="2900" END="2906">Baghdad</charseq>
    </name>
  </entity_attributes>
</entity>
<entity ID="CNN_CF_20030305.1900.00-1-E36" TYPE="WEA" SUBTYPE="Underspecified" CLASS="USP">
  <entity_mention ID="CNN_CF_20030305.1900.00-1-E36-71" TYPE="NOM" LDCTYPE="BAR">
    <extent>
      <charseq START="2839" END="2869">chemical and
biological weapons</charseq>
    </extent>
    <head>
      <charseq START="2863" END="2869">weapons</charseq>
    </head>
  </entity_mention>
</entity>
<entity ID="CNN_CF_20030305.1900.00-1-E37" TYPE="LOC" SUBTYPE="Region-General" CLASS="USP">
  <entity_mention ID="CNN_CF_20030305.1900.00-1-E37-72" TYPE="NOM" LDCTYPE="BAR">
    <extent>
      <charseq START="2874" END="2906">poor neighborhoods around Baghdad</charseq>
    </extent>
    <head>
      <charseq START="2879" END="2891">neighborhoods</charseq>
    </head>
  </entity_mention>
</entity>
<entity ID="CNN_CF_20030305.1900.00-1-E38" TYPE="GPE" SUBTYPE="Nation" CLASS="USP">
  <entity_mention ID="CNN_CF_20030305.1900.00-1-E38-74" TYPE="NOM" LDCTYPE="NOM" ROLE="GPE">
    <extent>
      <charseq START="2953" END="2979">the international community</charseq>
    </extent>
    <head>
      <charseq START="2971" END="2979">community</charseq>
    </head>
  </entity_mention>
</entity>
<entity ID="CNN_CF_20030305.1900.00-1-E39" TYPE="PER" SUBTYPE="Indeterminate" CLASS="USP">
  <entity_mention ID="CNN_CF_20030305.1900.00-1-E39-75" TYPE="PRO" LDCTYPE="PRO">
    <extent>
      <charseq START="3068" END="3070">you</charseq>
    </extent>
    <head>
      <charseq START="3068" END="3070">you</charseq>
    </head>
  </entity_mention>
</entity>
<entity ID="CNN_CF_20030305.1900.00-1-E41" TYPE="PER" SUBTYPE="Individual" CLASS="GEN">
  <entity_mention ID="CNN_CF_20030305.1900.00-1-E41-78" TYPE="PRO" LDCTYPE="PRO">
    <extent>
      <charseq START="3177" END="3179">you</charseq>
    </extent>
    <head>
      <charseq START="3177" END="3179">you</charseq>
    </head>
  </entity_mention>
  <entity_mention ID="CNN_CF_20030305.1900.00-1-E41-83" TYPE="PRO" LDCTYPE="PRO">
    <extent>
      <charseq START="3319" END="3321">you</charseq>
    </extent>
    <head>
      <charseq START="3319" END="3321">you</charseq>
    </head>
  </entity_mention>
  <entity_mention ID="CNN_CF_20030305.1900.00-1-E41-86" TYPE="PRO" LDCTYPE="PRO">
    <extent>
      <charseq START="3359" END="3362">your</charseq>
    </extent>
    <head>
      <charseq START="3359" END="3362">your</charseq>
    </head>
  </entity_mention>
</entity>
<entity ID="CNN_CF_20030305.1900.00-1-E43" TYPE="ORG" SUBTYPE="Government" CLASS="SPC">
  <entity_mention ID="CNN_CF_20030305.1900.00-1-E43-84" TYPE="NOM" LDCTYPE="NOM">
    <extent>
      <charseq START="3332" END="3354">the Bush administration</charseq>
    </extent>
    <head>
      <charseq START="3341" END="3354">administration</charseq>
    </head>
  </entity_mention>
</entity>
<entity ID="CNN_CF_20030305.1900.00-1-E45" TYPE="WEA" SUBTYPE="Underspecified" CLASS="USP">
  <entity_mention ID="CNN_CF_20030305.1900.00-1-E45-97" TYPE="NOM" LDCTYPE="BAR" LDCATR="FALSE">
    <extent>
      <charseq START="3405" END="3411">weapons</charseq>
    </extent>
    <head>
      <charseq START="3405" END="3411">weapons</charseq>
    </head>
  </entity_mention>
  <entity_mention ID="CNN_CF_20030305.1900.00-1-E45-98" TYPE="PRO" LDCTYPE="HLS" LDCATR="FALSE">
    <extent>
      <charseq START="3696" END="3700">these</charseq>
    </extent>
    <head>
      <charseq START="3696" END="3700">these</charseq>
    </head>
  </entity_mention>
  <entity_mention ID="CNN_CF_20030305.1900.00-1-E45-99" TYPE="NOM" LDCTYPE="BAR" LDCATR="FALSE">
    <extent>
      <charseq START="3706" END="3774">weapons that Saddam Hussein, until
recently, said he didn't even have</charseq>
    </extent>
    <head>
      <charseq START="3706" END="3712">weapons</charseq>
    </head>
  </entity_mention>
  <entity_mention ID="CNN_CF_20030305.1900.00-1-E45-100" TYPE="PRO" LDCTYPE="WHQ" LDCATR="FALSE">
    <extent>
      <charseq START="3714" END="3717">that</charseq>
    </extent>
    <head>
      <charseq START="3714" END="3717">that</charseq>
    </head>
  </entity_mention>
  <entity_mention ID="CNN_CF_20030305.1900.00-1-E45-101" TYPE="PRO" LDCTYPE="PRO" LDCATR="FALSE">
    <extent>
      <charseq START="3630" END="3634">those</charseq>
    </extent>
    <head>
      <charseq START="3630" END="3634">those</charseq>
    </head>
  </entity_mention>
  <entity_mention ID="CNN_CF_20030305.1900.00-1-E45-136" TYPE="NOM" LDCTYPE="NOM" LDCATR="TRUE">
    <extent>
      <charseq START="3645" END="3679">a small number of the
weapons there</charseq>
    </extent>
    <head>
      <charseq START="3667" END="3673">weapons</charseq>
    </head>
  </entity_mention>
</entity>
<entity ID="CNN_CF_20030305.1900.00-1-E49" TYPE="PER" SUBTYPE="Indeterminate" CLASS="NEG">
  <entity_mention ID="CNN_CF_20030305.1900.00-1-E49-108" TYPE="PRO" LDCTYPE="PRO">
    <extent>
      <charseq START="3933" END="3938">Nobody</charseq>
    </extent>
    <head>
      <charseq START="3933" END="3938">Nobody</charseq>
    </head>
  </entity_mention>
</entity>
<entity ID="CNN_CF_20030305.1900.00-1-E50" TYPE="PER" SUBTYPE="Group" CLASS="USP">
  <entity_mention ID="CNN_CF_20030305.1900.00-1-E50-112" TYPE="NOM" LDCTYPE="NOM">
    <extent>
      <charseq START="4044" END="4066">our young men and
women</charseq>
    </extent>
    <head>
      <charseq START="4054" END="4056">men</charseq>
    </head>
  </entity_mention>
</entity>
<entity ID="CNN_CF_20030305.1900.00-1-E51" TYPE="PER" SUBTYPE="Group" CLASS="USP">
  <entity_mention ID="CNN_CF_20030305.1900.00-1-E51-113" TYPE="NOM" LDCTYPE="NOM">
    <extent>
      <charseq START="4044" END="4066">our young men and
women</charseq>
    </extent>
    <head>
      <charseq START="4062" END="4066">women</charseq>
    </head>
  </entity_mention>
</entity>
<entity ID="CNN_CF_20030305.1900.00-1-E52" TYPE="PER" SUBTYPE="Indeterminate" CLASS="GEN">
  <entity_mention ID="CNN_CF_20030305.1900.00-1-E52-120" TYPE="PRO" LDCTYPE="PRO">
    <extent>
      <charseq START="2070" END="2072">you</charseq>
    </extent>
    <head>
      <charseq START="2070" END="2072">you</charseq>
    </head>
  </entity_mention>
  <entity_mention ID="CNN_CF_20030305.1900.00-1-E52-121" TYPE="PRO" LDCTYPE="PRO">
    <extent>
      <charseq START="2113" END="2115">you</charseq>
    </extent>
    <head>
      <charseq START="2113" END="2115">you</charseq>
    </head>
  </entity_mention>
</entity>
<entity ID="CNN_CF_20030305.1900.00-1-E53" TYPE="PER" SUBTYPE="Individual" CLASS="SPC">
  <entity_mention ID="CNN_CF_20030305.1900.00-1-E53-79" TYPE="NOM" LDCTYPE="NOM">
    <extent>
      <charseq START="285" END="292">the pope</charseq>
    </extent>
    <head>
      <charseq START="289" END="292">pope</charseq>
    </head>
  </entity_mention>
  <entity_mention ID="CNN_CF_20030305.1900.00-1-E53-140" TYPE="PRO" LDCTYPE="PRO">
    <extent>
      <charseq START="331" END="332">he</charseq>
    </extent>
    <head>
      <charseq START="331" END="332">he</charseq>
    </head>
  </entity_mention>
</entity>
<entity ID="CNN_CF_20030305.1900.00-1-E54" TYPE="ORG" SUBTYPE="Non-Governmental" CLASS="SPC">
  <entity_mention ID="CNN_CF_20030305.1900.00-1-E54-122" TYPE="NAM" LDCTYPE="NAMPRE">
    <extent>
      <charseq START="937" END="950">United Nations</charseq>
    </extent>
    <head>
      <charseq START="937" END="950">United Nations</charseq>
    </head>
  </entity_mention>
  <entity_attributes>
    <name NAME="United Nations">
      <charseq START="937" END="950">United Nations</charseq>
    </name>
  </entity_attributes>
</entity>
<entity ID="CNN_CF_20030305.1900.00-1-E55" TYPE="WEA" SUBTYPE="Exploding" CLASS="USP">
  <entity_mention ID="CNN_CF_20030305.1900.00-1-E55-123" TYPE="NOM" LDCTYPE="BAR">
    <extent>
      <charseq START="1777" END="1784">missiles</charseq>
    </extent>
    <head>
      <charseq START="1777" END="1784">missiles</charseq>
    </head>
  </entity_mention>
</entity>
<entity ID="CNN_CF_20030305.1900.00-1-E56" TYPE="PER" SUBTYPE="Indeterminate" CLASS="GEN">
  <entity_mention ID="CNN_CF_20030305.1900.00-1-E56-124" TYPE="PRO" LDCTYPE="PRO">
    <extent>
      <charseq START="577" END="578">we</charseq>
    </extent>
    <head>
      <charseq START="577" END="578">we</charseq>
    </head>
  </entity_mention>
</entity>
<entity ID="CNN_CF_20030305.1900.00-1-E57" TYPE="PER" SUBTYPE="Indeterminate" CLASS="USP">
  <entity_mention ID="CNN_CF_20030305.1900.00-1-E57-125" TYPE="PRO" LDCTYPE="PRO">
    <extent>
      <charseq START="616" END="618">you</charseq>
    </extent>
    <head>
      <charseq START="616" END="618">you</charseq>
    </head>
  </entity_mention>
</entity>
<entity ID="CNN_CF_20030305.1900.00-1-E58" TYPE="PER" SUBTYPE="Individual" CLASS="GEN">
  <entity_mention ID="CNN_CF_20030305.1900.00-1-E58-87" TYPE="NOM" LDCTYPE="NOM">
    <extent>
      <charseq START="670" END="676">a daddy</charseq>
    </extent>
    <head>
      <charseq START="672" END="676">daddy</charseq>
    </head>
  </entity_mention>
</entity>
<entity ID="CNN_CF_20030305.1900.00-1-E59" TYPE="PER" SUBTYPE="Indeterminate" CLASS="USP">
  <entity_mention ID="CNN_CF_20030305.1900.00-1-E59-126" TYPE="PRO" LDCTYPE="WHQ">
    <extent>
      <charseq START="3170" END="3172">who</charseq>
    </extent>
    <head>
      <charseq START="3170" END="3172">who</charseq>
    </head>
  </entity_mention>
</entity>
<entity ID="CNN_CF_20030305.1900.00-1-E60" TYPE="PER" SUBTYPE="Indeterminate" CLASS="USP">
  <entity_mention ID="CNN_CF_20030305.1900.00-1-E60-127" TYPE="PRO" LDCTYPE="WHQ">
    <extent>
      <charseq START="3312" END="3314">Who</charseq>
    </extent>
    <head>
      <charseq START="3312" END="3314">Who</charseq>
    </head>
  </entity_mention>
</entity>
<entity ID="CNN_CF_20030305.1900.00-1-E65" TYPE="PER" SUBTYPE="Group" CLASS="USP">
  <entity_mention ID="CNN_CF_20030305.1900.00-1-E65-135" TYPE="PRO" LDCTYPE="PRO">
    <extent>
      <charseq START="3376" END="3377">We</charseq>
    </extent>
    <head>
      <charseq START="3376" END="3377">We</charseq>
    </head>
  </entity_mention>
</entity>
<entity ID="CNN_CF_20030305.1900.00-1-E68" TYPE="PER" SUBTYPE="Group" CLASS="GEN">
  <entity_mention ID="CNN_CF_20030305.1900.00-1-E68-132" TYPE="NOM" LDCTYPE="BAR">
    <extent>
      <charseq START="299" END="307">Catholics</charseq>
    </extent>
    <head>
      <charseq START="299" END="307">Catholics</charseq>
    </head>
  </entity_mention>
</entity>
<entity ID="CNN_CF_20030305.1900.00-1-E71" TYPE="ORG" SUBTYPE="Government" CLASS="SPC">
  <entity_mention ID="CNN_CF_20030305.1900.00-1-E71-143" TYPE="NAM" LDCTYPE="NAM">
    <extent>
      <charseq START="379" END="393">the White House</charseq>
    </extent>
    <head>
      <charseq START="383" END="393">White House</charseq>
    </head>
  </entity_mention>
  <entity_attributes>
    <name NAME="White House">
      <charseq START="383" END="393">White House</charseq>
    </name>
  </entity_attributes>
</entity>
<entity ID="CNN_CF_20030305.1900.00-1-E72" TYPE="ORG" SUBTYPE="Media" CLASS="SPC">
  <entity_mention ID="CNN_CF_20030305.1900.00-1-E72-144" TYPE="NAM" LDCTYPE="NAM">
    <extent>
      <charseq START="491" END="501">Vanity Fair</charseq>
    </extent>
    <head>
      <charseq START="491" END="501">Vanity Fair</charseq>
    </head>
  </entity_mention>
  <entity_attributes>
    <name NAME="Vanity Fair">
      <charseq START="491" END="501">Vanity Fair</charseq>
    </name>
  </entity_attributes>
</entity>
<entity ID="CNN_CF_20030305.1900.00-1-E73" TYPE="PER" SUBTYPE="Individual" CLASS="SPC">
  <entity_mention ID="CNN_CF_20030305.1900.00-1-E73-145" TYPE="NAM" LDCTYPE="NAM">
    <extent>
      <charseq START="541" END="555">Michael Jackson</charseq>
    </extent>
    <head>
      <charseq START="541" END="555">Michael Jackson</charseq>
    </head>
  </entity_mention>
  <entity_mention ID="CNN_CF_20030305.1900.00-1-E73-146" TYPE="NAM" LDCTYPE="NAM">
    <extent>
      <charseq START="596" END="610">Michael Jackson</charseq>
    </extent>
    <head>
      <charseq START="596" END="610">Michael Jackson</charseq>
    </head>
  </entity_mention>
  <entity_mention ID="CNN_CF_20030305.1900.00-1-E73-147" TYPE="PRO" LDCTYPE="PRO">
    <extent>
      <charseq START="626" END="627">he</charseq>
    </extent>
    <head>
      <charseq START="626" END="627">he</charseq>
    </head>
  </entity_mention>
  <entity_attributes>
    <name NAME="Michael Jackson">
      <charseq START="541" END="555">Michael Jackson</charseq>
    </name>
    <name NAME="Michael Jackson">
      <charseq START="596" END="610">Michael Jackson</charseq>
    </name>
  </entity_attributes>
</entity>
<entity ID="CNN_CF_20030305.1900.00-1-E74" TYPE="PER" SUBTYPE="Group" CLASS="USP">
  <entity_mention ID="CNN_CF_20030305.1900.00-1-E74-138" TYPE="PRO" LDCTYPE="PRO">
    <extent>
      <charseq START="452" END="453">We</charseq>
    </extent>
    <head>
      <charseq START="452" END="453">We</charseq>
    </head>
  </entity_mention>
  <entity_mention ID="CNN_CF_20030305.1900.00-1-E74-149" TYPE="PRO" LDCTYPE="PRO">
    <extent>
      <charseq START="690" END="696">our own</charseq>
    </extent>
    <head>
      <charseq START="690" END="692">our</charseq>
    </head>
  </entity_mention>
</entity>
<timex2 ID="CNN_CF_20030305.1900.00-1-T1">
  <timex2_mention ID="CNN_CF_20030305.1900.00-1-T1-1">
    <extent>
      <charseq START="38" END="62">2003-03-05T19:00:00-05:00</charseq>
    </extent>
  </timex2_mention>
</timex2>
<timex2 ID="CNN_CF_20030305.1900.00-1-T2">
  <timex2_mention ID="CNN_CF_20030305.1900.00-1-T2-1">
    <extent>
      <charseq START="265" END="282">this Ash Wednesday</charseq>
    </extent>
  </timex2_mention>
</timex2>
<timex2 ID="CNN_CF_20030305.1900.00-1-T3">
  <timex2_mention ID="CNN_CF_20030305.1900.00-1-T3-1">
    <extent>
      <charseq START="831" END="835">today</charseq>
    </extent>
  </timex2_mention>
</timex2>
<timex2 ID="CNN_CF_20030305.1900.00-1-T4">
  <timex2_mention ID="CNN_CF_20030305.1900.00-1-T4-1">
    <extent>
      <charseq START="1080" END="1084">today</charseq>
    </extent>
  </timex2_mention>
</timex2>
<timex2 ID="CNN_CF_20030305.1900.00-1-T5">
  <timex2_mention ID="CNN_CF_20030305.1900.00-1-T5-1">
    <extent>
      <charseq START="2256" END="2264">right now</charseq>
    </extent>
  </timex2_mention>
</timex2>
<timex2 ID="CNN_CF_20030305.1900.00-1-T6">
  <timex2_mention ID="CNN_CF_20030305.1900.00-1-T6-1">
    <extent>
      <charseq START="2351" END="2355">today</charseq>
    </extent>
  </timex2_mention>
</timex2>
<timex2 ID="CNN_CF_20030305.1900.00-1-T7">
  <timex2_mention ID="CNN_CF_20030305.1900.00-1-T7-1">
    <extent>
      <charseq START="3741" END="3748">recently</charseq>
    </extent>
  </timex2_mention>
</timex2>
<timex2 ID="CNN_CF_20030305.1900.00-1-T8">
  <timex2_mention ID="CNN_CF_20030305.1900.00-1-T8-1">
    <extent>
      <charseq START="4017" END="4021">today</charseq>
    </extent>
  </timex2_mention>
</timex2>
<timex2 ID="CNN_CF_20030305.1900.00-1-T9">
  <timex2_mention ID="CNN_CF_20030305.1900.00-1-T9-1">
    <extent>
      <charseq START="4264" END="4268">later</charseq>
    </extent>
  </timex2_mention>
</timex2>
<timex2 ID="CNN_CF_20030305.1900.00-1-T10">
  <timex2_mention ID="CNN_CF_20030305.1900.00-1-T10-1">
    <extent>
      <charseq START="3052" END="3054">now</charseq>
    </extent>
  </timex2_mention>
</timex2>
<relation ID="CNN_CF_20030305.1900.00-1-R1" TYPE="ORG-AFF" SUBTYPE="Employment" TENSE="Unspecified" MODALITY="Asserted">
  <relation_argument REFID="CNN_CF_20030305.1900.00-1-E27" ROLE="Arg-1"/>
  <relation_argument REFID="CNN_CF_20030305.1900.00-1-E29" ROLE="Arg-2"/>
  <relation_mention ID="CNN_CF_20030305.1900.00-1-R1-1" LEXICALCONDITION="Preposition">
    <extent>
      <charseq START="3190" END="3207">Secretary of State</charseq>
    </extent>
    <relation_mention_argument REFID="CNN_CF_20030305.1900.00-1-E27-81" ROLE="Arg-1">
      <extent>
        <charseq START="3190" END="3207">Secretary of State</charseq>
      </extent>
    </relation_mention_argument>
    <relation_mention_argument REFID="CNN_CF_20030305.1900.00-1-E29-82" ROLE="Arg-2">
      <extent>
        <charseq START="3203" END="3207">State</charseq>
      </extent>
    </relation_mention_argument>
  </relation_mention>
  <relation_mention ID="CNN_CF_20030305.1900.00-1-R1-2" LEXICALCONDITION="Preposition">
    <extent>
      <charseq START="2319" END="2336">Secretary of State</charseq>
    </extent>
    <relation_mention_argument REFID="CNN_CF_20030305.1900.00-1-E27-58" ROLE="Arg-1">
      <extent>
        <charseq START="2319" END="2336">Secretary of State</charseq>
      </extent>
    </relation_mention_argument>
    <relation_mention_argument REFID="CNN_CF_20030305.1900.00-1-E29-59" ROLE="Arg-2">
      <extent>
        <charseq START="2332" END="2336">State</charseq>
      </extent>
    </relation_mention_argument>
  </relation_mention>
</relation>
<relation ID="CNN_CF_20030305.1900.00-1-R2" TYPE="ART" SUBTYPE="User-Owner-Inventor-Manufacturer" TENSE="Unspecified" MODALITY="Other">
  <relation_argument REFID="CNN_CF_20030305.1900.00-1-E8" ROLE="Arg-1"/>
  <relation_argument REFID="CNN_CF_20030305.1900.00-1-E33" ROLE="Arg-2"/>
  <relation_mention ID="CNN_CF_20030305.1900.00-1-R2-1" LEXICALCONDITION="Verbal">
    <extent>
      <charseq START="2610" END="2795">U.S. intelligence said Powell
indicates Iraq has hidden equipment to produce al-Samoud 2 missiles, even
as it destroys existing ones, missiles that until recently, it claimed
not to have</charseq>
    </extent>
    <relation_mention_argument REFID="CNN_CF_20030305.1900.00-1-E8-26" ROLE="Arg-1">
      <extent>
        <charseq START="2650" END="2653">Iraq</charseq>
      </extent>
    </relation_mention_argument>
    <relation_mention_argument REFID="CNN_CF_20030305.1900.00-1-E33-67" ROLE="Arg-2">
      <extent>
        <charseq START="2729" END="2741">existing ones</charseq>
      </extent>
    </relation_mention_argument>
  </relation_mention>
</relation>
<relation ID="CNN_CF_20030305.1900.00-1-R3" TYPE="ART" SUBTYPE="User-Owner-Inventor-Manufacturer" TENSE="Unspecified" MODALITY="Other">
  <relation_argument REFID="CNN_CF_20030305.1900.00-1-E8" ROLE="Arg-1"/>
  <relation_argument REFID="CNN_CF_20030305.1900.00-1-E36" ROLE="Arg-2"/>
  <relation_mention ID="CNN_CF_20030305.1900.00-1-R3-1" LEXICALCONDITION="Verbal">
    <extent>
      <charseq START="2798" END="2906">Powell also revealed that Iraq is hiding chemical and
biological weapons in poor neighborhoods around Baghdad</charseq>
    </extent>
    <relation_mention_argument REFID="CNN_CF_20030305.1900.00-1-E8-29" ROLE="Arg-1">
      <extent>
        <charseq START="2824" END="2827">Iraq</charseq>
      </extent>
    </relation_mention_argument>
    <relation_mention_argument REFID="CNN_CF_20030305.1900.00-1-E36-71" ROLE="Arg-2">
      <extent>
        <charseq START="2839" END="2869">chemical and
biological weapons</charseq>
      </extent>
    </relation_mention_argument>
  </relation_mention>
</relation>
<relation ID="CNN_CF_20030305.1900.00-1-R4" TYPE="ORG-AFF" SUBTYPE="Employment" TENSE="Unspecified" MODALITY="Asserted">
  <relation_argument REFID="CNN_CF_20030305.1900.00-1-E1" ROLE="Arg-1"/>
  <relation_argument REFID="CNN_CF_20030305.1900.00-1-E2" ROLE="Arg-2"/>
  <relation_mention ID="CNN_CF_20030305.1900.00-1-R4-1" LEXICALCONDITION="Preposition">
    <extent>
      <charseq START="779" END="829">The foreign
ministers of France, Germany and Russia</charseq>
    </extent>
    <relation_mention_argument REFID="CNN_CF_20030305.1900.00-1-E1-150" ROLE="Arg-1">
      <extent>
        <charseq START="779" END="829">The foreign
ministers of France, Germany and Russia</charseq>
      </extent>
    </relation_mention_argument>
    <relation_mention_argument REFID="CNN_CF_20030305.1900.00-1-E2-2" ROLE="Arg-2">
      <extent>
        <charseq START="804" END="809">France</charseq>
      </extent>
    </relation_mention_argument>
  </relation_mention>
</relation>
<relation ID="CNN_CF_20030305.1900.00-1-R5" TYPE="ORG-AFF" SUBTYPE="Employment" TENSE="Unspecified" MODALITY="Asserted">
  <relation_argument REFID="CNN_CF_20030305.1900.00-1-E1" ROLE="Arg-1"/>
  <relation_argument REFID="CNN_CF_20030305.1900.00-1-E3" ROLE="Arg-2"/>
  <relation_mention ID="CNN_CF_20030305.1900.00-1-R5-1" LEXICALCONDITION="Preposition">
    <extent>
      <charseq START="779" END="829">The foreign
ministers of France, Germany and Russia</charseq>
    </extent>
    <relation_mention_argument REFID="CNN_CF_20030305.1900.00-1-E1-150" ROLE="Arg-1">
      <extent>
        <charseq START="779" END="829">The foreign
ministers of France, Germany and Russia</charseq>
      </extent>
    </relation_mention_argument>
    <relation_mention_argument REFID="CNN_CF_20030305.1900.00-1-E3-3" ROLE="Arg-2">
      <extent>
        <charseq START="812" END="818">Germany</charseq>
      </extent>
    </relation_mention_argument>
  </relation_mention>
</relation>
<relation ID="CNN_CF_20030305.1900.00-1-R6" TYPE="ORG-AFF" SUBTYPE="Employment" TENSE="Unspecified" MODALITY="Asserted">
  <relation_argument REFID="CNN_CF_20030305.1900.00-1-E1" ROLE="Arg-1"/>
  <relation_argument REFID="CNN_CF_20030305.1900.00-1-E4" ROLE="Arg-2"/>
  <relation_mention ID="CNN_CF_20030305.1900.00-1-R6-1" LEXICALCONDITION="Preposition">
    <extent>
      <charseq START="779" END="829">The foreign
ministers of France, Germany and Russia</charseq>
    </extent>
    <relation_mention_argument REFID="CNN_CF_20030305.1900.00-1-E1-150" ROLE="Arg-1">
      <extent>
        <charseq START="779" END="829">The foreign
ministers of France, Germany and Russia</charseq>
      </extent>
    </relation_mention_argument>
    <relation_mention_argument REFID="CNN_CF_20030305.1900.00-1-E4-5" ROLE="Arg-2">
      <extent>
        <charseq START="824" END="829">Russia</charseq>
      </extent>
    </relation_mention_argument>
  </relation_mention>
</relation>
<relation ID="CNN_CF_20030305.1900.00-1-R7" TYPE="PART-WHOLE" SUBTYPE="Subsidiary" TENSE="Unspecified" MODALITY="Asserted">
  <relation_argument REFID="CNN_CF_20030305.1900.00-1-E6" ROLE="Arg-1"/>
  <relation_argument REFID="CNN_CF_20030305.1900.00-1-E54" ROLE="Arg-2"/>
  <relation_mention ID="CNN_CF_20030305.1900.00-1-R7-1" LEXICALCONDITION="PreMod">
    <extent>
      <charseq START="933" END="967">the
United Nations Security Council</charseq>
    </extent>
    <relation_mention_argument REFID="CNN_CF_20030305.1900.00-1-E6-7" ROLE="Arg-1">
      <extent>
        <charseq START="933" END="967">the
United Nations Security Council</charseq>
      </extent>
    </relation_mention_argument>
    <relation_mention_argument REFID="CNN_CF_20030305.1900.00-1-E54-122" ROLE="Arg-2">
      <extent>
        <charseq START="937" END="950">United Nations</charseq>
      </extent>
    </relation_mention_argument>
  </relation_mention>
</relation>
<relation ID="CNN_CF_20030305.1900.00-1-R8" TYPE="ORG-AFF" SUBTYPE="Membership" TENSE="Unspecified" MODALITY="Asserted">
  <relation_argument REFID="CNN_CF_20030305.1900.00-1-E12" ROLE="Arg-1"/>
  <relation_argument REFID="CNN_CF_20030305.1900.00-1-E6" ROLE="Arg-2"/>
  <relation_mention ID="CNN_CF_20030305.1900.00-1-R8-1" LEXICALCONDITION="PreMod">
    <extent>
      <charseq START="1192" END="1232">one fence-sitting
Security Council member</charseq>
    </extent>
    <relation_mention_argument REFID="CNN_CF_20030305.1900.00-1-E12-34" ROLE="Arg-1">
      <extent>
        <charseq START="1192" END="1232">one fence-sitting
Security Council member</charseq>
      </extent>
    </relation_mention_argument>
    <relation_mention_argument REFID="CNN_CF_20030305.1900.00-1-E6-139" ROLE="Arg-2">
      <extent>
        <charseq START="1210" END="1225">Security Council</charseq>
      </extent>
    </relation_mention_argument>
  </relation_mention>
</relation>
<relation ID="CNN_CF_20030305.1900.00-1-R9" TYPE="GEN-AFF" SUBTYPE="Citizen-Resident-Religion-Ethnicity" TENSE="Unspecified" MODALITY="Asserted">
  <relation_argument REFID="CNN_CF_20030305.1900.00-1-E50" ROLE="Arg-1"/>
  <relation_argument REFID="CNN_CF_20030305.1900.00-1-E25" ROLE="Arg-2"/>
  <relation_mention ID="CNN_CF_20030305.1900.00-1-R9-1" LEXICALCONDITION="Possessive">
    <extent>
      <charseq START="4044" END="4066">our young men and
women</charseq>
    </extent>
    <relation_mention_argument REFID="CNN_CF_20030305.1900.00-1-E50-112" ROLE="Arg-1">
      <extent>
        <charseq START="4044" END="4066">our young men and
women</charseq>
      </extent>
    </relation_mention_argument>
    <relation_mention_argument REFID="CNN_CF_20030305.1900.00-1-E25-111" ROLE="Arg-2">
      <extent>
        <charseq START="4044" END="4046">our</charseq>
      </extent>
    </relation_mention_argument>
  </relation_mention>
</relation>
<relation ID="CNN_CF_20030305.1900.00-1-R10" TYPE="PART-WHOLE" SUBTYPE="Geographical" TENSE="Unspecified" MODALITY="Asserted">
  <relation_argument REFID="CNN_CF_20030305.1900.00-1-E12" ROLE="Arg-1"/>
  <relation_argument REFID="CNN_CF_20030305.1900.00-1-E13" ROLE="Arg-2"/>
  <relation_mention ID="CNN_CF_20030305.1900.00-1-R10-1" LEXICALCONDITION="PreMod">
    <extent>
      <charseq START="1235" END="1262">the African nation of Guinea</charseq>
    </extent>
    <relation_mention_argument REFID="CNN_CF_20030305.1900.00-1-E12-133" ROLE="Arg-1">
      <extent>
        <charseq START="1235" END="1262">the African nation of Guinea</charseq>
      </extent>
    </relation_mention_argument>
    <relation_mention_argument REFID="CNN_CF_20030305.1900.00-1-E13-35" ROLE="Arg-2">
      <extent>
        <charseq START="1239" END="1245">African</charseq>
      </extent>
    </relation_mention_argument>
  </relation_mention>
</relation>
<relation ID="CNN_CF_20030305.1900.00-1-R11" TYPE="ART" SUBTYPE="User-Owner-Inventor-Manufacturer" TENSE="Unspecified" MODALITY="Asserted">
  <relation_argument REFID="CNN_CF_20030305.1900.00-1-E8" ROLE="Arg-1"/>
  <relation_argument REFID="CNN_CF_20030305.1900.00-1-E31" ROLE="Arg-2"/>
  <relation_mention ID="CNN_CF_20030305.1900.00-1-R11-1" LEXICALCONDITION="Possessive">
    <extent>
      <charseq START="2577" END="2607">its weapons of mass destruction</charseq>
    </extent>
    <relation_mention_argument REFID="CNN_CF_20030305.1900.00-1-E8-62" ROLE="Arg-1">
      <extent>
        <charseq START="2577" END="2579">its</charseq>
      </extent>
    </relation_mention_argument>
    <relation_mention_argument REFID="CNN_CF_20030305.1900.00-1-E31-63" ROLE="Arg-2">
      <extent>
        <charseq START="2577" END="2607">its weapons of mass destruction</charseq>
      </extent>
    </relation_mention_argument>
  </relation_mention>
</relation>
<relation ID="CNN_CF_20030305.1900.00-1-R12" TYPE="PHYS" SUBTYPE="Near" TENSE="Unspecified" MODALITY="Asserted">
  <relation_argument REFID="CNN_CF_20030305.1900.00-1-E37" ROLE="Arg-1"/>
  <relation_argument REFID="CNN_CF_20030305.1900.00-1-E35" ROLE="Arg-2"/>
  <relation_mention ID="CNN_CF_20030305.1900.00-1-R12-1" LEXICALCONDITION="Preposition">
    <extent>
      <charseq START="2874" END="2906">poor neighborhoods around Baghdad</charseq>
    </extent>
    <relation_mention_argument REFID="CNN_CF_20030305.1900.00-1-E37-72" ROLE="Arg-1">
      <extent>
        <charseq START="2874" END="2906">poor neighborhoods around Baghdad</charseq>
      </extent>
    </relation_mention_argument>
    <relation_mention_argument REFID="CNN_CF_20030305.1900.00-1-E35-70" ROLE="Arg-2">
      <extent>
        <charseq START="2900" END="2906">Baghdad</charseq>
      </extent>
    </relation_mention_argument>
  </relation_mention>
</relation>
<relation ID="CNN_CF_20030305.1900.00-1-R13" TYPE="ART" SUBTYPE="User-Owner-Inventor-Manufacturer" TENSE="Unspecified" MODALITY="Other">
  <relation_argument REFID="CNN_CF_20030305.1900.00-1-E8" ROLE="Arg-1"/>
  <relation_argument REFID="CNN_CF_20030305.1900.00-1-E32" ROLE="Arg-2"/>
  <relation_mention ID="CNN_CF_20030305.1900.00-1-R13-1" LEXICALCONDITION="Verbal">
    <extent>
      <charseq START="2610" END="2795">U.S. intelligence said Powell
indicates Iraq has hidden equipment to produce al-Samoud 2 missiles, even
as it destroys existing ones, missiles that until recently, it claimed
not to have</charseq>
    </extent>
    <relation_mention_argument REFID="CNN_CF_20030305.1900.00-1-E8-26" ROLE="Arg-1">
      <extent>
        <charseq START="2650" END="2653">Iraq</charseq>
      </extent>
    </relation_mention_argument>
    <relation_mention_argument REFID="CNN_CF_20030305.1900.00-1-E32-65" ROLE="Arg-2">
      <extent>
        <charseq START="2687" END="2706">al-Samoud 2 missiles</charseq>
      </extent>
    </relation_mention_argument>
  </relation_mention>
</relation>
<relation ID="CNN_CF_20030305.1900.00-1-R14" TYPE="GEN-AFF" SUBTYPE="Citizen-Resident-Religion-Ethnicity" TENSE="Unspecified" MODALITY="Asserted">
  <relation_argument REFID="CNN_CF_20030305.1900.00-1-E51" ROLE="Arg-1"/>
  <relation_argument REFID="CNN_CF_20030305.1900.00-1-E25" ROLE="Arg-2"/>
  <relation_mention ID="CNN_CF_20030305.1900.00-1-R14-1" LEXICALCONDITION="Possessive">
    <extent>
      <charseq START="4044" END="4066">our young men and
women</charseq>
    </extent>
    <relation_mention_argument REFID="CNN_CF_20030305.1900.00-1-E51-113" ROLE="Arg-1">
      <extent>
        <charseq START="4044" END="4066">our young men and
women</charseq>
      </extent>
    </relation_mention_argument>
    <relation_mention_argument REFID="CNN_CF_20030305.1900.00-1-E25-111" ROLE="Arg-2">
      <extent>
        <charseq START="4044" END="4046">our</charseq>
      </extent>
    </relation_mention_argument>
  </relation_mention>
</relation>
<relation ID="CNN_CF_20030305.1900.00-1-R15" TYPE="ART" SUBTYPE="User-Owner-Inventor-Manufacturer" TENSE="Past" MODALITY="Asserted">
  <relation_argument REFID="CNN_CF_20030305.1900.00-1-E24" ROLE="Arg-1"/>
  <relation_argument REFID="CNN_CF_20030305.1900.00-1-E45" ROLE="Arg-2"/>
  <relation_mention ID="CNN_CF_20030305.1900.00-1-R15-1" LEXICALCONDITION="Verbal">
    <extent>
      <charseq START="3682" END="3774">Keep in mind, these are weapons that Saddam Hussein, until
recently, said he didn't even have</charseq>
    </extent>
    <relation_mention_argument REFID="CNN_CF_20030305.1900.00-1-E24-94" ROLE="Arg-1">
      <extent>
        <charseq START="3719" END="3732">Saddam Hussein</charseq>
      </extent>
    </relation_mention_argument>
    <relation_mention_argument REFID="CNN_CF_20030305.1900.00-1-E45-99" ROLE="Arg-2">
      <extent>
        <charseq START="3706" END="3774">weapons that Saddam Hussein, until
recently, said he didn't even have</charseq>
      </extent>
    </relation_mention_argument>
  </relation_mention>
</relation>
<relation ID="CNN_CF_20030305.1900.00-1-R17" TYPE="PER-SOC" SUBTYPE="Business" TENSE="Unspecified" MODALITY="Asserted">
  <relation_argument REFID="CNN_CF_20030305.1900.00-1-E7" ROLE="Arg-1"/>
  <relation_argument REFID="CNN_CF_20030305.1900.00-1-E20" ROLE="Arg-2"/>
  <relation_mention ID="CNN_CF_20030305.1900.00-1-R17-1" LEXICALCONDITION="Possessive">
    <extent>
      <charseq START="1060" END="1078">his press
secretary</charseq>
    </extent>
    <relation_mention_argument REFID="CNN_CF_20030305.1900.00-1-E7-12" ROLE="Arg-1">
      <extent>
        <charseq START="1060" END="1062">his</charseq>
      </extent>
    </relation_mention_argument>
    <relation_mention_argument REFID="CNN_CF_20030305.1900.00-1-E20-44" ROLE="Arg-2">
      <extent>
        <charseq START="1060" END="1078">his press
secretary</charseq>
      </extent>
    </relation_mention_argument>
  </relation_mention>
</relation>
<event ID="CNN_CF_20030305.1900.00-1-EV1" TYPE="Conflict" SUBTYPE="Attack" MODALITY="Other" POLARITY="Positive" GENERICITY="Generic" TENSE="Unspecified">
  <event_argument REFID="CNN_CF_20030305.1900.00-1-E25" ROLE="Attacker"/>
  <event_argument REFID="CNN_CF_20030305.1900.00-1-E24" ROLE="Target"/>
  <event_mention ID="CNN_CF_20030305.1900.00-1-EV1-1">
    <extent>
      <charseq START="447" END="449">war</charseq>
    </extent>
    <ldc_scope>
      <charseq START="262" END="449">On this Ash Wednesday, the pope
asks Catholics to fast for peace and he asks President Bush to work for
peace, while the White House sends out Colin Powell to make yet another
case for war</charseq>
    </ldc_scope>
    <anchor>
      <charseq START="447" END="449">war</charseq>
    </anchor>
  </event_mention>
  <event_mention ID="CNN_CF_20030305.1900.00-1-EV1-2">
    <extent>
      <charseq START="1639" END="1641">war</charseq>
    </extent>
    <ldc_scope>
      <charseq START="1625" END="1641">We don't need war</charseq>
    </ldc_scope>
    <anchor>
      <charseq START="1639" END="1641">war</charseq>
    </anchor>
  </event_mention>
  <event_mention ID="CNN_CF_20030305.1900.00-1-EV1-3">
    <extent>
      <charseq START="1742" END="1744">war</charseq>
    </extent>
    <ldc_scope>
      <charseq START="1644" END="1744">They're not pointing out that
inspections are working only because there's the credible threat of war</charseq>
    </ldc_scope>
    <anchor>
      <charseq START="1742" END="1744">war</charseq>
    </anchor>
  </event_mention>
  <event_mention ID="CNN_CF_20030305.1900.00-1-EV1-4">
    <extent>
      <charseq START="3100" END="3143">American case for war against Saddam
Hussein</charseq>
    </extent>
    <ldc_scope>
      <charseq START="3081" END="3143">The essence of the American case for war against Saddam
Hussein</charseq>
    </ldc_scope>
    <anchor>
      <charseq START="3118" END="3120">war</charseq>
    </anchor>
    <event_mention_argument REFID="CNN_CF_20030305.1900.00-1-E25-76" ROLE="Attacker">
      <extent>
        <charseq START="3100" END="3107">American</charseq>
      </extent>
    </event_mention_argument>
    <event_mention_argument REFID="CNN_CF_20030305.1900.00-1-E24-77" ROLE="Target">
      <extent>
        <charseq START="3130" END="3143">Saddam
Hussein</charseq>
      </extent>
    </event_mention_argument>
  </event_mention>
</event>
<event ID="CNN_CF_20030305.1900.00-1-EV2" TYPE="Conflict" SUBTYPE="Attack" MODALITY="Other" POLARITY="Positive" GENERICITY="Generic" TENSE="Unspecified">
  <event_argument REFID="CNN_CF_20030305.1900.00-1-E8" ROLE="Target"/>
  <event_mention ID="CNN_CF_20030305.1900.00-1-EV2-1">
    <extent>
      <charseq START="1036" END="1053">force against Iraq</charseq>
    </extent>
    <ldc_scope>
      <charseq START="970" END="1148">President Bush wants the Security
Council to explicitly authorize force against Iraq, and his press
secretary today remained optimistic that in the end, that's just what
he'll get</charseq>
    </ldc_scope>
    <anchor>
      <charseq START="1036" END="1040">force</charseq>
    </anchor>
    <event_mention_argument REFID="CNN_CF_20030305.1900.00-1-E8-11" ROLE="Target">
      <extent>
        <charseq START="1050" END="1053">Iraq</charseq>
      </extent>
    </event_mention_argument>
  </event_mention>
</event>
<event ID="CNN_CF_20030305.1900.00-1-EV3" TYPE="Conflict" SUBTYPE="Attack" MODALITY="Other" POLARITY="Positive" GENERICITY="Generic" TENSE="Unspecified">
  <event_argument REFID="CNN_CF_20030305.1900.00-1-E25" ROLE="Attacker"/>
  <event_mention ID="CNN_CF_20030305.1900.00-1-EV3-1">
    <extent>
      <charseq START="1903" END="1922">we have to go to war</charseq>
    </extent>
    <ldc_scope>
      <charseq START="1887" END="1922">It doesn't mean we have to go to war</charseq>
    </ldc_scope>
    <anchor>
      <charseq START="1920" END="1922">war</charseq>
    </anchor>
    <event_mention_argument REFID="CNN_CF_20030305.1900.00-1-E25-118" ROLE="Attacker">
      <extent>
        <charseq START="1903" END="1904">we</charseq>
      </extent>
    </event_mention_argument>
  </event_mention>
</event>
<event ID="CNN_CF_20030305.1900.00-1-EV4" TYPE="Conflict" SUBTYPE="Attack" MODALITY="Other" POLARITY="Positive" GENERICITY="Generic" TENSE="Unspecified">
  <event_mention ID="CNN_CF_20030305.1900.00-1-EV4-1">
    <extent>
      <charseq START="2037" END="2041">force</charseq>
    </extent>
    <ldc_scope>
      <charseq START="1925" END="2041">But I
think President Bush should get credit for pushing to instructions and
backing them up with the threat of force</charseq>
    </ldc_scope>
    <anchor>
      <charseq START="2037" END="2041">force</charseq>
    </anchor>
  </event_mention>
  <event_mention ID="CNN_CF_20030305.1900.00-1-EV4-2">
    <extent>
      <charseq START="2093" END="2097">force</charseq>
    </extent>
    <ldc_scope>
      <charseq START="2056" END="2158">It means when you take the threat of force of the table, you're likely to
stop disarming Saddam Hussein</charseq>
    </ldc_scope>
    <anchor>
      <charseq START="2093" END="2097">force</charseq>
    </anchor>
  </event_mention>
  <event_mention ID="CNN_CF_20030305.1900.00-1-EV4-3">
    <extent>
      <charseq START="2211" END="2215">force</charseq>
    </extent>
    <ldc_scope>
      <charseq START="2172" END="2215">Yes, I'm not saying take the threat of force</charseq>
    </ldc_scope>
    <anchor>
      <charseq START="2211" END="2215">force</charseq>
    </anchor>
  </event_mention>
</event>
<event ID="CNN_CF_20030305.1900.00-1-EV5" TYPE="Conflict" SUBTYPE="Attack" MODALITY="Other" POLARITY="Positive" GENERICITY="Generic" TENSE="Unspecified">
  <event_argument REFID="CNN_CF_20030305.1900.00-1-E25" ROLE="Attacker"/>
  <event_mention ID="CNN_CF_20030305.1900.00-1-EV5-1">
    <extent>
      <charseq START="2229" END="2254">we don't need to
use force</charseq>
    </extent>
    <ldc_scope>
      <charseq START="2218" END="2264">I'm saying we don't need to
use force right now</charseq>
    </ldc_scope>
    <anchor>
      <charseq START="2250" END="2254">force</charseq>
    </anchor>
    <event_mention_argument REFID="CNN_CF_20030305.1900.00-1-E25-33" ROLE="Attacker">
      <extent>
        <charseq START="2229" END="2230">we</charseq>
      </extent>
    </event_mention_argument>
  </event_mention>
</event>
<event ID="CNN_CF_20030305.1900.00-1-EV6" TYPE="Conflict" SUBTYPE="Attack" MODALITY="Other" POLARITY="Positive" GENERICITY="Generic" TENSE="Future">
  <event_argument REFID="CNN_CF_20030305.1900.00-1-E24" ROLE="Target"/>
  <event_mention ID="CNN_CF_20030305.1900.00-1-EV6-1">
    <extent>
      <charseq START="1747" END="1831">Saddam wouldn't be destroying missiles unless he thought he was going to
be destroyed</charseq>
    </extent>
    <ldc_scope>
      <charseq START="1747" END="1844">Saddam wouldn't be destroying missiles unless he thought he was going to
be destroyed if he didn't</charseq>
    </ldc_scope>
    <anchor>
      <charseq START="1823" END="1831">destroyed</charseq>
    </anchor>
    <event_mention_argument REFID="CNN_CF_20030305.1900.00-1-E24-48" ROLE="Target">
      <extent>
        <charseq START="1747" END="1752">Saddam</charseq>
      </extent>
    </event_mention_argument>
  </event_mention>
</event>
</document>
</source_file>
