<?xml version="1.0"?>
<!DOCTYPE source_file SYSTEM "apf.v5.1.1.dtd">
<source_file URI="CNN_IP_20030328.1600.07.sgm" SOURCE="broadcast conversation" TYPE="text" AUTHOR="LDC" ENCODING="UTF-8">
<document DOCID="CNN_IP_20030328.1600.07">
<entity ID="CNN_IP_20030328.1600.07-E1" TYPE="PER" SUBTYPE="Indeterminate" CLASS="GEN">
  <entity_mention ID="CNN_IP_20030328.1600.07-E1-2" TYPE="PRO" LDCTYPE="PRO">
    <extent>
      <charseq START="680" END="682">you</charseq>
    </extent>
    <head>
      <charseq START="680" END="682">you</charseq>
    </head>
  </entity_mention>
  <entity_mention ID="CNN_IP_20030328.1600.07-E1-3" TYPE="PRO" LDCTYPE="PRO">
    <extent>
      <charseq START="700" END="702">you</charseq>
    </extent>
    <head>
      <charseq START="700" END="702">you</charseq>
    </head>
  </entity_mention>
  <entity_mention ID="CNN_IP_20030328.1600.07-E1-33" TYPE="PRO" LDCTYPE="PRO">
    <extent>
      <charseq START="1641" END="1643">You</charseq>
    </extent>
    <head>
      <charseq START="1641" END="1643">You</charseq>
    </head>
  </entity_mention>
  <entity_mention ID="CNN_IP_20030328.1600.07-E1-41" TYPE="PRO" LDCTYPE="PRO">
    <extent>
      <charseq START="1991" END="1993">you</charseq>
    </extent>
    <head>
      <charseq START="1991" END="1993">you</charseq>
    </head>
  </entity_mention>
  <entity_mention ID="CNN_IP_20030328.1600.07-E1-43" TYPE="PRO" LDCTYPE="PRO">
    <extent>
      <charseq START="2059" END="2061">You</charseq>
    </extent>
    <head>
      <charseq START="2059" END="2061">You</charseq>
    </head>
  </entity_mention>
  <entity_mention ID="CNN_IP_20030328.1600.07-E1-47" TYPE="PRO" LDCTYPE="PRO">
    <extent>
      <charseq START="2448" END="2450">You</charseq>
    </extent>
    <head>
      <charseq START="2448" END="2450">You</charseq>
    </head>
  </entity_mention>
  <entity_mention ID="CNN_IP_20030328.1600.07-E1-49" TYPE="PRO" LDCTYPE="PRO">
    <extent>
      <charseq START="2510" END="2512">you</charseq>
    </extent>
    <head>
      <charseq START="2510" END="2512">you</charseq>
    </head>
  </entity_mention>
  <entity_mention ID="CNN_IP_20030328.1600.07-E1-50" TYPE="PRO" LDCTYPE="PRO">
    <extent>
      <charseq START="2529" END="2531">you</charseq>
    </extent>
    <head>
      <charseq START="2529" END="2531">you</charseq>
    </head>
  </entity_mention>
  <entity_mention ID="CNN_IP_20030328.1600.07-E1-51" TYPE="PRO" LDCTYPE="PRO">
    <extent>
      <charseq START="2552" END="2555">your</charseq>
    </extent>
    <head>
      <charseq START="2552" END="2555">your</charseq>
    </head>
  </entity_mention>
  <entity_mention ID="CNN_IP_20030328.1600.07-E1-52" TYPE="PRO" LDCTYPE="PRO">
    <extent>
      <charseq START="2606" END="2608">you</charseq>
    </extent>
    <head>
      <charseq START="2606" END="2608">you</charseq>
    </head>
  </entity_mention>
  <entity_mention ID="CNN_IP_20030328.1600.07-E1-53" TYPE="PRO" LDCTYPE="PRO">
    <extent>
      <charseq START="2618" END="2620">you</charseq>
    </extent>
    <head>
      <charseq START="2618" END="2620">you</charseq>
    </head>
  </entity_mention>
  <entity_mention ID="CNN_IP_20030328.1600.07-E1-54" TYPE="PRO" LDCTYPE="PRO">
    <extent>
      <charseq START="2640" END="2642">You</charseq>
    </extent>
    <head>
      <charseq START="2640" END="2642">You</charseq>
    </head>
  </entity_mention>
  <entity_mention ID="CNN_IP_20030328.1600.07-E1-55" TYPE="PRO" LDCTYPE="PRO">
    <extent>
      <charseq START="2652" END="2654">you</charseq>
    </extent>
    <head>
      <charseq START="2652" END="2654">you</charseq>
    </head>
  </entity_mention>
  <entity_mention ID="CNN_IP_20030328.1600.07-E1-57" TYPE="PRO" LDCTYPE="PRO">
    <extent>
      <charseq START="2743" END="2745">you</charseq>
    </extent>
    <head>
      <charseq START="2743" END="2745">you</charseq>
    </head>
  </entity_mention>
  <entity_mention ID="CNN_IP_20030328.1600.07-E1-59" TYPE="PRO" LDCTYPE="PRO">
    <extent>
      <charseq START="2814" END="2816">you</charseq>
    </extent>
    <head>
      <charseq START="2814" END="2816">you</charseq>
    </head>
  </entity_mention>
  <entity_mention ID="CNN_IP_20030328.1600.07-E1-60" TYPE="PRO" LDCTYPE="PRO">
    <extent>
      <charseq START="2935" END="2938">your</charseq>
    </extent>
    <head>
      <charseq START="2935" END="2938">your</charseq>
    </head>
  </entity_mention>
  <entity_mention ID="CNN_IP_20030328.1600.07-E1-61" TYPE="PRO" LDCTYPE="PRO">
    <extent>
      <charseq START="3007" END="3009">You</charseq>
    </extent>
    <head>
      <charseq START="3007" END="3009">You</charseq>
    </head>
  </entity_mention>
  <entity_mention ID="CNN_IP_20030328.1600.07-E1-62" TYPE="PRO" LDCTYPE="PRO">
    <extent>
      <charseq START="3044" END="3044">I</charseq>
    </extent>
    <head>
      <charseq START="3044" END="3044">I</charseq>
    </head>
  </entity_mention>
  <entity_mention ID="CNN_IP_20030328.1600.07-E1-63" TYPE="PRO" LDCTYPE="PRO">
    <extent>
      <charseq START="3069" END="3069">I</charseq>
    </extent>
    <head>
      <charseq START="3069" END="3069">I</charseq>
    </head>
  </entity_mention>
  <entity_mention ID="CNN_IP_20030328.1600.07-E1-70" TYPE="PRO" LDCTYPE="PRO">
    <extent>
      <charseq START="3290" END="3292">you</charseq>
    </extent>
    <head>
      <charseq START="3290" END="3292">you</charseq>
    </head>
  </entity_mention>
</entity>
<entity ID="CNN_IP_20030328.1600.07-E2" TYPE="PER" SUBTYPE="Group" CLASS="GEN">
  <entity_mention ID="CNN_IP_20030328.1600.07-E2-4" TYPE="NOM" LDCTYPE="BAR">
    <extent>
      <charseq START="738" END="743">people</charseq>
    </extent>
    <head>
      <charseq START="738" END="743">people</charseq>
    </head>
  </entity_mention>
  <entity_mention ID="CNN_IP_20030328.1600.07-E2-48" TYPE="NOM" LDCTYPE="BAR">
    <extent>
      <charseq START="2471" END="2476">people</charseq>
    </extent>
    <head>
      <charseq START="2471" END="2476">people</charseq>
    </head>
  </entity_mention>
  <entity_mention ID="CNN_IP_20030328.1600.07-E2-71" TYPE="NOM" LDCTYPE="BAR">
    <extent>
      <charseq START="3305" END="3310">people</charseq>
    </extent>
    <head>
      <charseq START="3305" END="3310">people</charseq>
    </head>
  </entity_mention>
</entity>
<entity ID="CNN_IP_20030328.1600.07-E3" TYPE="PER" SUBTYPE="Group" CLASS="SPC">
  <entity_mention ID="CNN_IP_20030328.1600.07-E3-5" TYPE="NOM" LDCTYPE="NOM">
    <extent>
      <charseq START="781" END="804">a squad of U.S. soldiers</charseq>
    </extent>
    <head>
      <charseq START="783" END="787">squad</charseq>
    </head>
  </entity_mention>
</entity>
<entity ID="CNN_IP_20030328.1600.07-E4" TYPE="PER" SUBTYPE="Group" CLASS="SPC">
  <entity_mention ID="CNN_IP_20030328.1600.07-E4-6" TYPE="NOM" LDCTYPE="BAR">
    <extent>
      <charseq START="792" END="804">U.S. soldiers</charseq>
    </extent>
    <head>
      <charseq START="797" END="804">soldiers</charseq>
    </head>
  </entity_mention>
</entity>
<entity ID="CNN_IP_20030328.1600.07-E5" TYPE="GPE" SUBTYPE="Nation" CLASS="SPC">
  <entity_mention ID="CNN_IP_20030328.1600.07-E5-7" TYPE="NAM" LDCTYPE="NAMPRE" ROLE="GPE" LDCATR="TRUE">
    <extent>
      <charseq START="792" END="794">U.S</charseq>
    </extent>
    <head>
      <charseq START="792" END="794">U.S</charseq>
    </head>
  </entity_mention>
  <entity_mention ID="CNN_IP_20030328.1600.07-E5-117" TYPE="NAM" LDCTYPE="NAMPRE" ROLE="GPE" LDCATR="TRUE">
    <extent>
      <charseq START="143" END="150">American</charseq>
    </extent>
    <head>
      <charseq START="143" END="150">American</charseq>
    </head>
  </entity_mention>
  <entity_attributes>
    <name NAME="U.S">
      <charseq START="792" END="794">U.S</charseq>
    </name>
    <name NAME="American">
      <charseq START="143" END="150">American</charseq>
    </name>
  </entity_attributes>
</entity>
<entity ID="CNN_IP_20030328.1600.07-E6" TYPE="ORG" SUBTYPE="Government" CLASS="SPC">
  <entity_mention ID="CNN_IP_20030328.1600.07-E6-8" TYPE="NOM" LDCTYPE="NOM">
    <extent>
      <charseq START="814" END="870">a small unit of
Viet Cong that had been circling for days</charseq>
    </extent>
    <head>
      <charseq START="822" END="825">unit</charseq>
    </head>
  </entity_mention>
</entity>
<entity ID="CNN_IP_20030328.1600.07-E7" TYPE="PER" SUBTYPE="Group" CLASS="SPC">
  <entity_mention ID="CNN_IP_20030328.1600.07-E7-9" TYPE="PRO" LDCTYPE="HLS" LDCATR="FALSE">
    <extent>
      <charseq START="830" END="870">Viet Cong that had been circling for days</charseq>
    </extent>
    <head>
      <charseq START="830" END="838">Viet Cong</charseq>
    </head>
  </entity_mention>
  <entity_mention ID="CNN_IP_20030328.1600.07-E7-10" TYPE="PRO" LDCTYPE="WHQ" LDCATR="FALSE">
    <extent>
      <charseq START="840" END="843">that</charseq>
    </extent>
    <head>
      <charseq START="840" END="843">that</charseq>
    </head>
  </entity_mention>
  <entity_mention ID="CNN_IP_20030328.1600.07-E7-103" TYPE="NAM" LDCTYPE="NAMPRE" LDCATR="FALSE">
    <extent>
      <charseq START="913" END="921">Viet Cong</charseq>
    </extent>
    <head>
      <charseq START="913" END="921">Viet Cong</charseq>
    </head>
  </entity_mention>
  <entity_mention ID="CNN_IP_20030328.1600.07-E7-104" TYPE="NOM" LDCTYPE="NOMPRE" LDCATR="TRUE">
    <extent>
      <charseq START="1333" END="1337">enemy</charseq>
    </extent>
    <head>
      <charseq START="1333" END="1337">enemy</charseq>
    </head>
  </entity_mention>
  <entity_attributes>
    <name NAME="Viet Cong">
      <charseq START="913" END="921">Viet Cong</charseq>
    </name>
  </entity_attributes>
</entity>
<entity ID="CNN_IP_20030328.1600.07-E8" TYPE="PER" SUBTYPE="Individual" CLASS="SPC">
  <entity_mention ID="CNN_IP_20030328.1600.07-E8-11" TYPE="NAM" LDCTYPE="NAM" LDCATR="FALSE">
    <extent>
      <charseq START="873" END="896">Staff Sergeant Tom Ridge</charseq>
    </extent>
    <head>
      <charseq START="888" END="896">Tom Ridge</charseq>
    </head>
  </entity_mention>
  <entity_mention ID="CNN_IP_20030328.1600.07-E8-12" TYPE="NOM" LDCTYPE="NOMPRE" LDCATR="TRUE">
    <extent>
      <charseq START="873" END="886">Staff Sergeant</charseq>
    </extent>
    <head>
      <charseq START="879" END="886">Sergeant</charseq>
    </head>
  </entity_mention>
  <entity_mention ID="CNN_IP_20030328.1600.07-E8-14" TYPE="PRO" LDCTYPE="PRO" LDCATR="FALSE">
    <extent>
      <charseq START="962" END="964">you</charseq>
    </extent>
    <head>
      <charseq START="962" END="964">you</charseq>
    </head>
  </entity_mention>
  <entity_mention ID="CNN_IP_20030328.1600.07-E8-15" TYPE="PRO" LDCTYPE="PRO" LDCATR="FALSE">
    <extent>
      <charseq START="986" END="988">you</charseq>
    </extent>
    <head>
      <charseq START="986" END="988">you</charseq>
    </head>
  </entity_mention>
  <entity_mention ID="CNN_IP_20030328.1600.07-E8-21" TYPE="PRO" LDCTYPE="PRO" LDCATR="FALSE">
    <extent>
      <charseq START="1353" END="1355">his</charseq>
    </extent>
    <head>
      <charseq START="1353" END="1355">his</charseq>
    </head>
  </entity_mention>
  <entity_mention ID="CNN_IP_20030328.1600.07-E8-22" TYPE="PRO" LDCTYPE="PRO" LDCATR="FALSE">
    <extent>
      <charseq START="1364" END="1365">he</charseq>
    </extent>
    <head>
      <charseq START="1364" END="1365">he</charseq>
    </head>
  </entity_mention>
  <entity_mention ID="CNN_IP_20030328.1600.07-E8-78" TYPE="NAM" LDCTYPE="NAM" LDCATR="FALSE">
    <extent>
      <charseq START="3493" END="3497">Ridge</charseq>
    </extent>
    <head>
      <charseq START="3493" END="3497">Ridge</charseq>
    </head>
  </entity_mention>
  <entity_attributes>
    <name NAME="Tom Ridge">
      <charseq START="888" END="896">Tom Ridge</charseq>
    </name>
    <name NAME="Ridge">
      <charseq START="3493" END="3497">Ridge</charseq>
    </name>
  </entity_attributes>
</entity>
<entity ID="CNN_IP_20030328.1600.07-E10" TYPE="PER" SUBTYPE="Individual" CLASS="SPC">
  <entity_mention ID="CNN_IP_20030328.1600.07-E10-13" TYPE="NOM" LDCTYPE="NOM">
    <extent>
      <charseq START="911" END="929">A Viet Cong soldier</charseq>
    </extent>
    <head>
      <charseq START="923" END="929">soldier</charseq>
    </head>
  </entity_mention>
</entity>
<entity ID="CNN_IP_20030328.1600.07-E11" TYPE="PER" SUBTYPE="Individual" CLASS="GEN">
  <entity_mention ID="CNN_IP_20030328.1600.07-E11-16" TYPE="PRO" LDCTYPE="PRO">
    <extent>
      <charseq START="1032" END="1038">someone</charseq>
    </extent>
    <head>
      <charseq START="1032" END="1038">someone</charseq>
    </head>
  </entity_mention>
</entity>
<entity ID="CNN_IP_20030328.1600.07-E12" TYPE="PER" SUBTYPE="Individual" CLASS="SPC">
  <entity_mention ID="CNN_IP_20030328.1600.07-E12-17" TYPE="NAM" LDCTYPE="NAM" LDCATR="FALSE">
    <extent>
      <charseq START="1272" END="1286">Duke Cunningham</charseq>
    </extent>
    <head>
      <charseq START="1272" END="1286">Duke Cunningham</charseq>
    </head>
  </entity_mention>
  <entity_mention ID="CNN_IP_20030328.1600.07-E12-18" TYPE="NOM" LDCTYPE="NOM" LDCATR="TRUE">
    <extent>
      <charseq START="1292" END="1312">a Vietnam fighter ace</charseq>
    </extent>
    <head>
      <charseq START="1310" END="1312">ace</charseq>
    </head>
  </entity_mention>
  <entity_mention ID="CNN_IP_20030328.1600.07-E12-27" TYPE="PRO" LDCTYPE="PRO" LDCATR="FALSE">
    <extent>
      <charseq START="1545" END="1546">me</charseq>
    </extent>
    <head>
      <charseq START="1545" END="1546">me</charseq>
    </head>
  </entity_mention>
  <entity_mention ID="CNN_IP_20030328.1600.07-E12-28" TYPE="PRO" LDCTYPE="PRO" LDCATR="FALSE">
    <extent>
      <charseq START="1434" END="1436">his</charseq>
    </extent>
    <head>
      <charseq START="1434" END="1436">his</charseq>
    </head>
  </entity_mention>
  <entity_mention ID="CNN_IP_20030328.1600.07-E12-29" TYPE="PRO" LDCTYPE="PRO" LDCATR="FALSE">
    <extent>
      <charseq START="1463" END="1465">his</charseq>
    </extent>
    <head>
      <charseq START="1463" END="1465">his</charseq>
    </head>
  </entity_mention>
  <entity_mention ID="CNN_IP_20030328.1600.07-E12-30" TYPE="NAM" LDCTYPE="NAM" LDCATR="FALSE">
    <extent>
      <charseq START="1558" END="1561">Duke</charseq>
    </extent>
    <head>
      <charseq START="1558" END="1561">Duke</charseq>
    </head>
  </entity_mention>
  <entity_mention ID="CNN_IP_20030328.1600.07-E12-32" TYPE="PRO" LDCTYPE="PRO" LDCATR="FALSE">
    <extent>
      <charseq START="1637" END="1638">me</charseq>
    </extent>
    <head>
      <charseq START="1637" END="1638">me</charseq>
    </head>
  </entity_mention>
  <entity_mention ID="CNN_IP_20030328.1600.07-E12-34" TYPE="PRO" LDCTYPE="PRO" LDCATR="FALSE">
    <extent>
      <charseq START="1732" END="1732">I</charseq>
    </extent>
    <head>
      <charseq START="1732" END="1732">I</charseq>
    </head>
  </entity_mention>
  <entity_mention ID="CNN_IP_20030328.1600.07-E12-36" TYPE="PRO" LDCTYPE="PRO" LDCATR="FALSE">
    <extent>
      <charseq START="1774" END="1775">me</charseq>
    </extent>
    <head>
      <charseq START="1774" END="1775">me</charseq>
    </head>
  </entity_mention>
  <entity_mention ID="CNN_IP_20030328.1600.07-E12-37" TYPE="PRO" LDCTYPE="PRO" LDCATR="FALSE">
    <extent>
      <charseq START="1778" END="1778">I</charseq>
    </extent>
    <head>
      <charseq START="1778" END="1778">I</charseq>
    </head>
  </entity_mention>
  <entity_mention ID="CNN_IP_20030328.1600.07-E12-38" TYPE="PRO" LDCTYPE="PRO" LDCATR="FALSE">
    <extent>
      <charseq START="1785" END="1785">I</charseq>
    </extent>
    <head>
      <charseq START="1785" END="1785">I</charseq>
    </head>
  </entity_mention>
  <entity_mention ID="CNN_IP_20030328.1600.07-E12-39" TYPE="PRO" LDCTYPE="PRO" LDCATR="FALSE">
    <extent>
      <charseq START="1810" END="1810">I</charseq>
    </extent>
    <head>
      <charseq START="1810" END="1810">I</charseq>
    </head>
  </entity_mention>
  <entity_mention ID="CNN_IP_20030328.1600.07-E12-40" TYPE="PRO" LDCTYPE="PRO" LDCATR="FALSE">
    <extent>
      <charseq START="1847" END="1848">me</charseq>
    </extent>
    <head>
      <charseq START="1847" END="1848">me</charseq>
    </head>
  </entity_mention>
  <entity_mention ID="CNN_IP_20030328.1600.07-E12-77" TYPE="NAM" LDCTYPE="NAM" LDCATR="FALSE">
    <extent>
      <charseq START="3481" END="3490">Cunningham</charseq>
    </extent>
    <head>
      <charseq START="3481" END="3490">Cunningham</charseq>
    </head>
  </entity_mention>
  <entity_mention ID="CNN_IP_20030328.1600.07-E12-81" TYPE="PRO" LDCTYPE="PRO" LDCATR="FALSE">
    <extent>
      <charseq START="3655" END="3657">you</charseq>
    </extent>
    <head>
      <charseq START="3655" END="3657">you</charseq>
    </head>
  </entity_mention>
  <entity_mention ID="CNN_IP_20030328.1600.07-E12-82" TYPE="PRO" LDCTYPE="PRO" LDCATR="FALSE">
    <extent>
      <charseq START="3687" END="3687">I</charseq>
    </extent>
    <head>
      <charseq START="3687" END="3687">I</charseq>
    </head>
  </entity_mention>
  <entity_mention ID="CNN_IP_20030328.1600.07-E12-83" TYPE="PRO" LDCTYPE="PRO" LDCATR="FALSE">
    <extent>
      <charseq START="3694" END="3694">I</charseq>
    </extent>
    <head>
      <charseq START="3694" END="3694">I</charseq>
    </head>
  </entity_mention>
  <entity_mention ID="CNN_IP_20030328.1600.07-E12-85" TYPE="PRO" LDCTYPE="PRO" LDCATR="FALSE">
    <extent>
      <charseq START="3726" END="3726">I</charseq>
    </extent>
    <head>
      <charseq START="3726" END="3726">I</charseq>
    </head>
  </entity_mention>
  <entity_mention ID="CNN_IP_20030328.1600.07-E12-86" TYPE="PRO" LDCTYPE="PRO" LDCATR="FALSE">
    <extent>
      <charseq START="3739" END="3744">myself</charseq>
    </extent>
    <head>
      <charseq START="3739" END="3744">myself</charseq>
    </head>
  </entity_mention>
  <entity_mention ID="CNN_IP_20030328.1600.07-E12-87" TYPE="PRO" LDCTYPE="PRO" LDCATR="FALSE">
    <extent>
      <charseq START="3749" END="3749">I</charseq>
    </extent>
    <head>
      <charseq START="3749" END="3749">I</charseq>
    </head>
  </entity_mention>
  <entity_mention ID="CNN_IP_20030328.1600.07-E12-88" TYPE="PRO" LDCTYPE="PRO" LDCATR="FALSE">
    <extent>
      <charseq START="3765" END="3765">I</charseq>
    </extent>
    <head>
      <charseq START="3765" END="3765">I</charseq>
    </head>
  </entity_mention>
  <entity_mention ID="CNN_IP_20030328.1600.07-E12-89" TYPE="PRO" LDCTYPE="PRO" LDCATR="FALSE">
    <extent>
      <charseq START="3790" END="3790">I</charseq>
    </extent>
    <head>
      <charseq START="3790" END="3790">I</charseq>
    </head>
  </entity_mention>
  <entity_attributes>
    <name NAME="Duke Cunningham">
      <charseq START="1272" END="1286">Duke Cunningham</charseq>
    </name>
    <name NAME="Duke">
      <charseq START="1558" END="1561">Duke</charseq>
    </name>
    <name NAME="Cunningham">
      <charseq START="3481" END="3490">Cunningham</charseq>
    </name>
  </entity_attributes>
</entity>
<entity ID="CNN_IP_20030328.1600.07-E14" TYPE="GPE" SUBTYPE="Nation" CLASS="SPC">
  <entity_mention ID="CNN_IP_20030328.1600.07-E14-19" TYPE="NAM" LDCTYPE="NAMPRE" ROLE="GPE" LDCATR="TRUE">
    <extent>
      <charseq START="1294" END="1300">Vietnam</charseq>
    </extent>
    <head>
      <charseq START="1294" END="1300">Vietnam</charseq>
    </head>
  </entity_mention>
  <entity_mention ID="CNN_IP_20030328.1600.07-E14-46" TYPE="NAM" LDCTYPE="NAM" ROLE="LOC" LDCATR="TRUE">
    <extent>
      <charseq START="2429" END="2435">Vietnam</charseq>
    </extent>
    <head>
      <charseq START="2429" END="2435">Vietnam</charseq>
    </head>
  </entity_mention>
  <entity_mention ID="CNN_IP_20030328.1600.07-E14-56" TYPE="NAM" LDCTYPE="NAM" ROLE="LOC" LDCATR="TRUE">
    <extent>
      <charseq START="2680" END="2686">Vietnam</charseq>
    </extent>
    <head>
      <charseq START="2680" END="2686">Vietnam</charseq>
    </head>
  </entity_mention>
  <entity_mention ID="CNN_IP_20030328.1600.07-E14-110" TYPE="PRO" LDCTYPE="PRO" ROLE="LOC" LDCATR="TRUE">
    <extent>
      <charseq START="3805" END="3808">here</charseq>
    </extent>
    <head>
      <charseq START="3805" END="3808">here</charseq>
    </head>
  </entity_mention>
  <entity_mention ID="CNN_IP_20030328.1600.07-E14-123" TYPE="NAM" LDCTYPE="NAMPRE" ROLE="GPE" LDCATR="TRUE">
    <extent>
      <charseq START="283" END="289">Vietnam</charseq>
    </extent>
    <head>
      <charseq START="283" END="289">Vietnam</charseq>
    </head>
  </entity_mention>
  <entity_attributes>
    <name NAME="Vietnam">
      <charseq START="1294" END="1300">Vietnam</charseq>
    </name>
    <name NAME="Vietnam">
      <charseq START="2429" END="2435">Vietnam</charseq>
    </name>
    <name NAME="Vietnam">
      <charseq START="2680" END="2686">Vietnam</charseq>
    </name>
    <name NAME="Vietnam">
      <charseq START="283" END="289">Vietnam</charseq>
    </name>
  </entity_attributes>
</entity>
<entity ID="CNN_IP_20030328.1600.07-E15" TYPE="VEH" SUBTYPE="Air" CLASS="SPC">
  <entity_mention ID="CNN_IP_20030328.1600.07-E15-20" TYPE="NOM" LDCTYPE="NOM">
    <extent>
      <charseq START="1328" END="1344">five enemy
planes</charseq>
    </extent>
    <head>
      <charseq START="1339" END="1344">planes</charseq>
    </head>
  </entity_mention>
</entity>
<entity ID="CNN_IP_20030328.1600.07-E16" TYPE="PER" SUBTYPE="Group" CLASS="USP">
  <entity_mention ID="CNN_IP_20030328.1600.07-E16-23" TYPE="NOM" LDCTYPE="NOM">
    <extent>
      <charseq START="1379" END="1470">a ship deck full of sailors and
crew cheering, shaking his hand, pushing in to slap his back</charseq>
    </extent>
    <head>
      <charseq START="1399" END="1405">sailors</charseq>
    </head>
  </entity_mention>
</entity>
<entity ID="CNN_IP_20030328.1600.07-E17" TYPE="PER" SUBTYPE="Group" CLASS="USP">
  <entity_mention ID="CNN_IP_20030328.1600.07-E17-24" TYPE="NOM" LDCTYPE="NOM">
    <extent>
      <charseq START="1379" END="1470">a ship deck full of sailors and
crew cheering, shaking his hand, pushing in to slap his back</charseq>
    </extent>
    <head>
      <charseq START="1411" END="1414">crew</charseq>
    </head>
  </entity_mention>
</entity>
<entity ID="CNN_IP_20030328.1600.07-E18" TYPE="PER" SUBTYPE="Individual" CLASS="SPC">
  <entity_mention ID="CNN_IP_20030328.1600.07-E18-25" TYPE="PRO" LDCTYPE="PTV">
    <extent>
      <charseq START="1519" END="1533">one of the guys</charseq>
    </extent>
    <head>
      <charseq START="1519" END="1521">one</charseq>
    </head>
  </entity_mention>
</entity>
<entity ID="CNN_IP_20030328.1600.07-E19" TYPE="PER" SUBTYPE="Group" CLASS="USP">
  <entity_mention ID="CNN_IP_20030328.1600.07-E19-26" TYPE="NOM" LDCTYPE="NOM">
    <extent>
      <charseq START="1526" END="1533">the guys</charseq>
    </extent>
    <head>
      <charseq START="1530" END="1533">guys</charseq>
    </head>
  </entity_mention>
</entity>
<entity ID="CNN_IP_20030328.1600.07-E20" TYPE="ORG" SUBTYPE="Media" CLASS="SPC">
  <entity_mention ID="CNN_IP_20030328.1600.07-E20-1" TYPE="PRO" LDCTYPE="PRO">
    <extent>
      <charseq START="118" END="119">We</charseq>
    </extent>
    <head>
      <charseq START="118" END="119">We</charseq>
    </head>
  </entity_mention>
  <entity_mention ID="CNN_IP_20030328.1600.07-E20-97" TYPE="PRO" LDCTYPE="PRO">
    <extent>
      <charseq START="4056" END="4058">our</charseq>
    </extent>
    <head>
      <charseq START="4056" END="4058">our</charseq>
    </head>
  </entity_mention>
  <entity_mention ID="CNN_IP_20030328.1600.07-E20-111" TYPE="NAM" LDCTYPE="NAM">
    <extent>
      <charseq START="3851" END="3853">CNN</charseq>
    </extent>
    <head>
      <charseq START="3851" END="3853">CNN</charseq>
    </head>
  </entity_mention>
  <entity_mention ID="CNN_IP_20030328.1600.07-E20-112" TYPE="NAM" LDCTYPE="NAM">
    <extent>
      <charseq START="404" END="406">CNN</charseq>
    </extent>
    <head>
      <charseq START="404" END="406">CNN</charseq>
    </head>
  </entity_mention>
  <entity_mention ID="CNN_IP_20030328.1600.07-E20-113" TYPE="PRO" LDCTYPE="PRO">
    <extent>
      <charseq START="540" END="541">we</charseq>
    </extent>
    <head>
      <charseq START="540" END="541">we</charseq>
    </head>
  </entity_mention>
  <entity_attributes>
    <name NAME="CNN">
      <charseq START="3851" END="3853">CNN</charseq>
    </name>
    <name NAME="CNN">
      <charseq START="404" END="406">CNN</charseq>
    </name>
  </entity_attributes>
</entity>
<entity ID="CNN_IP_20030328.1600.07-E21" TYPE="PER" SUBTYPE="Individual" CLASS="GEN">
  <entity_mention ID="CNN_IP_20030328.1600.07-E21-31" TYPE="PRO" LDCTYPE="PRO">
    <extent>
      <charseq START="1587" END="1594">somebody</charseq>
    </extent>
    <head>
      <charseq START="1587" END="1594">somebody</charseq>
    </head>
  </entity_mention>
</entity>
<entity ID="CNN_IP_20030328.1600.07-E22" TYPE="PER" SUBTYPE="Individual" CLASS="SPC">
  <entity_mention ID="CNN_IP_20030328.1600.07-E22-35" TYPE="NOM" LDCTYPE="NOM">
    <extent>
      <charseq START="1742" END="1751">the priest</charseq>
    </extent>
    <head>
      <charseq START="1746" END="1751">priest</charseq>
    </head>
  </entity_mention>
</entity>
<entity ID="CNN_IP_20030328.1600.07-E23" TYPE="PER" SUBTYPE="Group" CLASS="GEN">
  <entity_mention ID="CNN_IP_20030328.1600.07-E23-42" TYPE="NOM" LDCTYPE="BAR">
    <extent>
      <charseq START="2038" END="2053">civilized people</charseq>
    </extent>
    <head>
      <charseq START="2048" END="2053">people</charseq>
    </head>
  </entity_mention>
  <entity_mention ID="CNN_IP_20030328.1600.07-E23-107" TYPE="PRO" LDCTYPE="PRO">
    <extent>
      <charseq START="2188" END="2189">we</charseq>
    </extent>
    <head>
      <charseq START="2188" END="2189">we</charseq>
    </head>
  </entity_mention>
  <entity_mention ID="CNN_IP_20030328.1600.07-E23-108" TYPE="PRO" LDCTYPE="PRO">
    <extent>
      <charseq START="2174" END="2175">we</charseq>
    </extent>
    <head>
      <charseq START="2174" END="2175">we</charseq>
    </head>
  </entity_mention>
</entity>
<entity ID="CNN_IP_20030328.1600.07-E24" TYPE="PER" SUBTYPE="Individual" CLASS="SPC">
  <entity_mention ID="CNN_IP_20030328.1600.07-E24-44" TYPE="NAM" LDCTYPE="NAM" LDCATR="FALSE">
    <extent>
      <charseq START="2377" END="2396">Sergeant Chuck Hagel</charseq>
    </extent>
    <head>
      <charseq START="2386" END="2396">Chuck Hagel</charseq>
    </head>
  </entity_mention>
  <entity_mention ID="CNN_IP_20030328.1600.07-E24-45" TYPE="NOM" LDCTYPE="NOMPRE" LDCATR="TRUE">
    <extent>
      <charseq START="2377" END="2384">Sergeant</charseq>
    </extent>
    <head>
      <charseq START="2377" END="2384">Sergeant</charseq>
    </head>
  </entity_mention>
  <entity_mention ID="CNN_IP_20030328.1600.07-E24-79" TYPE="NAM" LDCTYPE="NAM" LDCATR="FALSE">
    <extent>
      <charseq START="3503" END="3507">Hagel</charseq>
    </extent>
    <head>
      <charseq START="3503" END="3507">Hagel</charseq>
    </head>
  </entity_mention>
  <entity_attributes>
    <name NAME="Chuck Hagel">
      <charseq START="2386" END="2396">Chuck Hagel</charseq>
    </name>
    <name NAME="Hagel">
      <charseq START="3503" END="3507">Hagel</charseq>
    </name>
  </entity_attributes>
</entity>
<entity ID="CNN_IP_20030328.1600.07-E26" TYPE="VEH" SUBTYPE="Land" CLASS="USP">
  <entity_mention ID="CNN_IP_20030328.1600.07-E26-58" TYPE="NOM" LDCTYPE="BAR">
    <extent>
      <charseq START="2778" END="2807">trucks loaded
with dead bodies</charseq>
    </extent>
    <head>
      <charseq START="2778" END="2783">trucks</charseq>
    </head>
  </entity_mention>
</entity>
<entity ID="CNN_IP_20030328.1600.07-E27" TYPE="GPE" SUBTYPE="Nation" CLASS="SPC">
  <entity_mention ID="CNN_IP_20030328.1600.07-E27-64" TYPE="NAM" LDCTYPE="NAM" ROLE="LOC">
    <extent>
      <charseq START="3175" END="3179">Korea</charseq>
    </extent>
    <head>
      <charseq START="3175" END="3179">Korea</charseq>
    </head>
  </entity_mention>
  <entity_attributes>
    <name NAME="Korea">
      <charseq START="3175" END="3179">Korea</charseq>
    </name>
  </entity_attributes>
</entity>
<entity ID="CNN_IP_20030328.1600.07-E28" TYPE="PER" SUBTYPE="Individual" CLASS="SPC">
  <entity_mention ID="CNN_IP_20030328.1600.07-E28-65" TYPE="NAM" LDCTYPE="NAM" LDCATR="FALSE">
    <extent>
      <charseq START="3182" END="3210">Staff
Sergeant Charlie Rangel</charseq>
    </extent>
    <head>
      <charseq START="3197" END="3210">Charlie Rangel</charseq>
    </head>
  </entity_mention>
  <entity_mention ID="CNN_IP_20030328.1600.07-E28-66" TYPE="NOM" LDCTYPE="NOMPRE" LDCATR="TRUE">
    <extent>
      <charseq START="3182" END="3195">Staff
Sergeant</charseq>
    </extent>
    <head>
      <charseq START="3188" END="3195">Sergeant</charseq>
    </head>
  </entity_mention>
  <entity_mention ID="CNN_IP_20030328.1600.07-E28-69" TYPE="PRO" LDCTYPE="PRO" LDCATR="FALSE">
    <extent>
      <charseq START="3254" END="3255">He</charseq>
    </extent>
    <head>
      <charseq START="3254" END="3255">He</charseq>
    </head>
  </entity_mention>
  <entity_mention ID="CNN_IP_20030328.1600.07-E28-72" TYPE="PRO" LDCTYPE="PRO" LDCATR="FALSE">
    <extent>
      <charseq START="3346" END="3347">my</charseq>
    </extent>
    <head>
      <charseq START="3346" END="3347">my</charseq>
    </head>
  </entity_mention>
  <entity_mention ID="CNN_IP_20030328.1600.07-E28-76" TYPE="NAM" LDCTYPE="NAM" LDCATR="FALSE">
    <extent>
      <charseq START="3473" END="3478">Rangel</charseq>
    </extent>
    <head>
      <charseq START="3473" END="3478">Rangel</charseq>
    </head>
  </entity_mention>
  <entity_mention ID="CNN_IP_20030328.1600.07-E28-115" TYPE="PRO" LDCTYPE="PRO" LDCATR="FALSE">
    <extent>
      <charseq START="3126" END="3127">he</charseq>
    </extent>
    <head>
      <charseq START="3126" END="3127">he</charseq>
    </head>
  </entity_mention>
  <entity_attributes>
    <name NAME="Charlie Rangel">
      <charseq START="3197" END="3210">Charlie Rangel</charseq>
    </name>
    <name NAME="Rangel">
      <charseq START="3473" END="3478">Rangel</charseq>
    </name>
  </entity_attributes>
</entity>
<entity ID="CNN_IP_20030328.1600.07-E30" TYPE="PER" SUBTYPE="Group" CLASS="SPC">
  <entity_mention ID="CNN_IP_20030328.1600.07-E30-67" TYPE="NOM" LDCTYPE="NOM">
    <extent>
      <charseq START="3216" END="3221">40 men</charseq>
    </extent>
    <head>
      <charseq START="3219" END="3221">men</charseq>
    </head>
  </entity_mention>
  <entity_mention ID="CNN_IP_20030328.1600.07-E30-68" TYPE="PRO" LDCTYPE="PRO">
    <extent>
      <charseq START="3233" END="3237">their</charseq>
    </extent>
    <head>
      <charseq START="3233" END="3237">their</charseq>
    </head>
  </entity_mention>
</entity>
<entity ID="CNN_IP_20030328.1600.07-E31" TYPE="PER" SUBTYPE="Indeterminate" CLASS="NEG">
  <entity_mention ID="CNN_IP_20030328.1600.07-E31-73" TYPE="PRO" LDCTYPE="PRO">
    <extent>
      <charseq START="3374" END="3379">Nobody</charseq>
    </extent>
    <head>
      <charseq START="3374" END="3379">Nobody</charseq>
    </head>
  </entity_mention>
</entity>
<entity ID="CNN_IP_20030328.1600.07-E32" TYPE="PER" SUBTYPE="Group" CLASS="GEN">
  <entity_mention ID="CNN_IP_20030328.1600.07-E32-74" TYPE="PRO" LDCTYPE="PRO">
    <extent>
      <charseq START="3404" END="3411">Everyone</charseq>
    </extent>
    <head>
      <charseq START="3404" END="3411">Everyone</charseq>
    </head>
  </entity_mention>
</entity>
<entity ID="CNN_IP_20030328.1600.07-E33" TYPE="PER" SUBTYPE="Group" CLASS="SPC">
  <entity_mention ID="CNN_IP_20030328.1600.07-E33-80" TYPE="NOM" LDCTYPE="BAR">
    <extent>
      <charseq START="3517" END="3548">proud,
decorated combat veterans</charseq>
    </extent>
    <head>
      <charseq START="3541" END="3548">veterans</charseq>
    </head>
  </entity_mention>
</entity>
<entity ID="CNN_IP_20030328.1600.07-E34" TYPE="VEH" SUBTYPE="Air" CLASS="SPC">
  <entity_mention ID="CNN_IP_20030328.1600.07-E34-84" TYPE="NOM" LDCTYPE="NOM">
    <extent>
      <charseq START="3706" END="3719">four more MiGs</charseq>
    </extent>
    <head>
      <charseq START="3716" END="3719">MiGs</charseq>
    </head>
  </entity_mention>
</entity>
<entity ID="CNN_IP_20030328.1600.07-E35" TYPE="GPE" SUBTYPE="Population-Center" CLASS="SPC">
  <entity_mention ID="CNN_IP_20030328.1600.07-E35-91" TYPE="NAM" LDCTYPE="NAM" ROLE="LOC">
    <extent>
      <charseq START="3856" END="3865">Washington</charseq>
    </extent>
    <head>
      <charseq START="3856" END="3865">Washington</charseq>
    </head>
  </entity_mention>
  <entity_attributes>
    <name NAME="Washington">
      <charseq START="3856" END="3865">Washington</charseq>
    </name>
  </entity_attributes>
</entity>
<entity ID="CNN_IP_20030328.1600.07-E36" TYPE="PER" SUBTYPE="Group" CLASS="USP">
  <entity_mention ID="CNN_IP_20030328.1600.07-E36-92" TYPE="NOM" LDCTYPE="NOM">
    <extent>
      <charseq START="3944" END="3962">these men and women</charseq>
    </extent>
    <head>
      <charseq START="3950" END="3952">men</charseq>
    </head>
  </entity_mention>
</entity>
<entity ID="CNN_IP_20030328.1600.07-E37" TYPE="PER" SUBTYPE="Group" CLASS="USP">
  <entity_mention ID="CNN_IP_20030328.1600.07-E37-93" TYPE="NOM" LDCTYPE="NOM">
    <extent>
      <charseq START="3944" END="3962">these men and women</charseq>
    </extent>
    <head>
      <charseq START="3958" END="3962">women</charseq>
    </head>
  </entity_mention>
</entity>
<entity ID="CNN_IP_20030328.1600.07-E38" TYPE="PER" SUBTYPE="Group" CLASS="USP">
  <entity_mention ID="CNN_IP_20030328.1600.07-E38-95" TYPE="PRO" LDCTYPE="PRO">
    <extent>
      <charseq START="4001" END="4004">they</charseq>
    </extent>
    <head>
      <charseq START="4001" END="4004">they</charseq>
    </head>
  </entity_mention>
  <entity_mention ID="CNN_IP_20030328.1600.07-E38-96" TYPE="PRO" LDCTYPE="PRO">
    <extent>
      <charseq START="4036" END="4040">their</charseq>
    </extent>
    <head>
      <charseq START="4036" END="4040">their</charseq>
    </head>
  </entity_mention>
</entity>
<entity ID="CNN_IP_20030328.1600.07-E39" TYPE="LOC" SUBTYPE="Region-General" CLASS="USP">
  <entity_mention ID="CNN_IP_20030328.1600.07-E39-98" TYPE="NOM" LDCTYPE="BAR">
    <extent>
      <charseq START="377" END="380">home</charseq>
    </extent>
    <head>
      <charseq START="377" END="380">home</charseq>
    </head>
  </entity_mention>
</entity>
<entity ID="CNN_IP_20030328.1600.07-E40" TYPE="PER" SUBTYPE="Group" CLASS="USP">
  <entity_mention ID="CNN_IP_20030328.1600.07-E40-75" TYPE="PRO" LDCTYPE="PTV" LDCATR="FALSE">
    <extent>
      <charseq START="131" END="178">some of the American troops now fighting in Iraq</charseq>
    </extent>
    <head>
      <charseq START="131" END="134">some</charseq>
    </head>
  </entity_mention>
  <entity_mention ID="CNN_IP_20030328.1600.07-E40-109" TYPE="PRO" LDCTYPE="HLS" LDCATR="FALSE">
    <extent>
      <charseq START="237" END="240">some</charseq>
    </extent>
    <head>
      <charseq START="237" END="240">some</charseq>
    </head>
  </entity_mention>
  <entity_mention ID="CNN_IP_20030328.1600.07-E40-119" TYPE="NOM" LDCTYPE="BAR" LDCATR="TRUE">
    <extent>
      <charseq START="184" END="211">longtime veterans of warfare</charseq>
    </extent>
    <head>
      <charseq START="193" END="200">veterans</charseq>
    </head>
  </entity_mention>
  <entity_mention ID="CNN_IP_20030328.1600.07-E40-121" TYPE="PRO" LDCTYPE="PRO" LDCATR="FALSE">
    <extent>
      <charseq START="243" END="247">Their</charseq>
    </extent>
    <head>
      <charseq START="243" END="247">Their</charseq>
    </head>
  </entity_mention>
</entity>
<entity ID="CNN_IP_20030328.1600.07-E41" TYPE="VEH" SUBTYPE="Air" CLASS="SPC">
  <entity_mention ID="CNN_IP_20030328.1600.07-E41-99" TYPE="PRO" LDCTYPE="HLS">
    <extent>
      <charseq START="1353" END="1361">his first</charseq>
    </extent>
    <head>
      <charseq START="1357" END="1361">first</charseq>
    </head>
  </entity_mention>
</entity>
<entity ID="CNN_IP_20030328.1600.07-E42" TYPE="VEH" SUBTYPE="Subarea-Vehicle" CLASS="SPC">
  <entity_mention ID="CNN_IP_20030328.1600.07-E42-100" TYPE="NOM" LDCTYPE="NOM">
    <extent>
      <charseq START="1379" END="1470">a ship deck full of sailors and
crew cheering, shaking his hand, pushing in to slap his back</charseq>
    </extent>
    <head>
      <charseq START="1386" END="1389">deck</charseq>
    </head>
  </entity_mention>
</entity>
<entity ID="CNN_IP_20030328.1600.07-E43" TYPE="GPE" SUBTYPE="Nation" CLASS="USP">
  <entity_mention ID="CNN_IP_20030328.1600.07-E43-102" TYPE="PRO" LDCTYPE="PRO" ROLE="LOC">
    <extent>
      <charseq START="2659" END="2663">there</charseq>
    </extent>
    <head>
      <charseq START="2659" END="2663">there</charseq>
    </head>
  </entity_mention>
</entity>
<entity ID="CNN_IP_20030328.1600.07-E46" TYPE="VEH" SUBTYPE="Air" CLASS="GEN">
  <entity_mention ID="CNN_IP_20030328.1600.07-E46-106" TYPE="NOM" LDCTYPE="NOMPRE">
    <extent>
      <charseq START="1302" END="1308">fighter</charseq>
    </extent>
    <head>
      <charseq START="1302" END="1308">fighter</charseq>
    </head>
  </entity_mention>
</entity>
<entity ID="CNN_IP_20030328.1600.07-E47" TYPE="PER" SUBTYPE="Indeterminate" CLASS="USP">
  <entity_mention ID="CNN_IP_20030328.1600.07-E47-114" TYPE="NOM" LDCTYPE="NOMPRE">
    <extent>
      <charseq START="3160" END="3164">enemy</charseq>
    </extent>
    <head>
      <charseq START="3160" END="3164">enemy</charseq>
    </head>
  </entity_mention>
</entity>
<entity ID="CNN_IP_20030328.1600.07-E48" TYPE="VEH" SUBTYPE="Water" CLASS="SPC">
  <entity_mention ID="CNN_IP_20030328.1600.07-E48-116" TYPE="NOM" LDCTYPE="NOMPRE">
    <extent>
      <charseq START="1381" END="1384">ship</charseq>
    </extent>
    <head>
      <charseq START="1381" END="1384">ship</charseq>
    </head>
  </entity_mention>
</entity>
<entity ID="CNN_IP_20030328.1600.07-E49" TYPE="PER" SUBTYPE="Group" CLASS="USP">
  <entity_mention ID="CNN_IP_20030328.1600.07-E49-101" TYPE="NOM" LDCTYPE="NOM">
    <extent>
      <charseq START="139" END="178">the American troops now fighting in Iraq</charseq>
    </extent>
    <head>
      <charseq START="152" END="157">troops</charseq>
    </head>
  </entity_mention>
</entity>
<entity ID="CNN_IP_20030328.1600.07-E51" TYPE="GPE" SUBTYPE="Nation" CLASS="SPC">
  <entity_mention ID="CNN_IP_20030328.1600.07-E51-94" TYPE="NAM" LDCTYPE="NAM" ROLE="LOC">
    <extent>
      <charseq START="3995" END="3998">Iraq</charseq>
    </extent>
    <head>
      <charseq START="3995" END="3998">Iraq</charseq>
    </head>
  </entity_mention>
  <entity_mention ID="CNN_IP_20030328.1600.07-E51-118" TYPE="NAM" LDCTYPE="NAM" ROLE="LOC">
    <extent>
      <charseq START="175" END="178">Iraq</charseq>
    </extent>
    <head>
      <charseq START="175" END="178">Iraq</charseq>
    </head>
  </entity_mention>
  <entity_attributes>
    <name NAME="Iraq">
      <charseq START="3995" END="3998">Iraq</charseq>
    </name>
    <name NAME="Iraq">
      <charseq START="175" END="178">Iraq</charseq>
    </name>
  </entity_attributes>
</entity>
<entity ID="CNN_IP_20030328.1600.07-E53" TYPE="PER" SUBTYPE="Group" CLASS="USP">
  <entity_mention ID="CNN_IP_20030328.1600.07-E53-120" TYPE="PRO" LDCTYPE="HLS">
    <extent>
      <charseq START="227" END="230">most</charseq>
    </extent>
    <head>
      <charseq START="227" END="230">most</charseq>
    </head>
  </entity_mention>
</entity>
<entity ID="CNN_IP_20030328.1600.07-E54" TYPE="ORG" SUBTYPE="Government" CLASS="SPC">
  <entity_mention ID="CNN_IP_20030328.1600.07-E54-122" TYPE="NOM" LDCTYPE="NOMPRE">
    <extent>
      <charseq START="249" END="256">military</charseq>
    </extent>
    <head>
      <charseq START="249" END="256">military</charseq>
    </head>
  </entity_mention>
</entity>
<entity ID="CNN_IP_20030328.1600.07-E57" TYPE="PER" SUBTYPE="Group" CLASS="USP">
  <entity_mention ID="CNN_IP_20030328.1600.07-E57-105" TYPE="PRO" LDCTYPE="PRO" LDCATR="FALSE">
    <extent>
      <charseq START="530" END="533">They</charseq>
    </extent>
    <head>
      <charseq START="530" END="533">They</charseq>
    </head>
  </entity_mention>
  <entity_mention ID="CNN_IP_20030328.1600.07-E57-124" TYPE="NOM" LDCTYPE="BAR" LDCATR="FALSE">
    <extent>
      <charseq START="296" END="301">Others</charseq>
    </extent>
    <head>
      <charseq START="296" END="301">Others</charseq>
    </head>
  </entity_mention>
  <entity_mention ID="CNN_IP_20030328.1600.07-E57-125" TYPE="NOM" LDCTYPE="BAR" LDCATR="TRUE">
    <extent>
      <charseq START="316" END="322">novices</charseq>
    </extent>
    <head>
      <charseq START="316" END="322">novices</charseq>
    </head>
  </entity_mention>
  <entity_mention ID="CNN_IP_20030328.1600.07-E57-126" TYPE="PRO" LDCTYPE="PRO" LDCATR="FALSE">
    <extent>
      <charseq START="348" END="351">them</charseq>
    </extent>
    <head>
      <charseq START="348" END="351">them</charseq>
    </head>
  </entity_mention>
</entity>
<entity ID="CNN_IP_20030328.1600.07-E59" TYPE="PER" SUBTYPE="Individual" CLASS="SPC">
  <entity_mention ID="CNN_IP_20030328.1600.07-E59-90" TYPE="NAM" LDCTYPE="NAM">
    <extent>
      <charseq START="3836" END="3848">Candy Crowley</charseq>
    </extent>
    <head>
      <charseq START="3836" END="3848">Candy Crowley</charseq>
    </head>
  </entity_mention>
  <entity_mention ID="CNN_IP_20030328.1600.07-E59-127" TYPE="NAM" LDCTYPE="NAM">
    <extent>
      <charseq START="404" END="422">CNN's Candy Crowley</charseq>
    </extent>
    <head>
      <charseq START="410" END="422">Candy Crowley</charseq>
    </head>
  </entity_mention>
  <entity_attributes>
    <name NAME="Candy Crowley">
      <charseq START="3836" END="3848">Candy Crowley</charseq>
    </name>
    <name NAME="Candy Crowley">
      <charseq START="410" END="422">Candy Crowley</charseq>
    </name>
  </entity_attributes>
</entity>
<timex2 ID="CNN_IP_20030328.1600.07-T1">
  <timex2_mention ID="CNN_IP_20030328.1600.07-T1-1">
    <extent>
      <charseq START="159" END="161">now</charseq>
    </extent>
  </timex2_mention>
</timex2>
<timex2 ID="CNN_IP_20030328.1600.07-T2">
  <timex2_mention ID="CNN_IP_20030328.1600.07-T2-1">
    <extent>
      <charseq START="761" END="778">the spring of 1970</charseq>
    </extent>
  </timex2_mention>
</timex2>
<timex2 ID="CNN_IP_20030328.1600.07-T3">
  <timex2_mention ID="CNN_IP_20030328.1600.07-T3-1">
    <extent>
      <charseq START="867" END="870">days</charseq>
    </extent>
  </timex2_mention>
</timex2>
<timex2 ID="CNN_IP_20030328.1600.07-T4">
  <timex2_mention ID="CNN_IP_20030328.1600.07-T4-1">
    <extent>
      <charseq START="3562" END="3575">a decade later</charseq>
    </extent>
  </timex2_mention>
</timex2>
<timex2 ID="CNN_IP_20030328.1600.07-T5">
  <timex2_mention ID="CNN_IP_20030328.1600.07-T5-1">
    <extent>
      <charseq START="3982" END="3990">right now</charseq>
    </extent>
  </timex2_mention>
</timex2>
<timex2 ID="CNN_IP_20030328.1600.07-T6">
  <timex2_mention ID="CNN_IP_20030328.1600.07-T6-1">
    <extent>
      <charseq START="36" END="60">2003-03-28T16:00:00-05:00</charseq>
    </extent>
  </timex2_mention>
</timex2>
<timex2 ID="CNN_IP_20030328.1600.07-T7">
  <timex2_mention ID="CNN_IP_20030328.1600.07-T7-1">
    <extent>
      <charseq START="4069" END="4077">this hour</charseq>
    </extent>
  </timex2_mention>
</timex2>
<timex2 ID="CNN_IP_20030328.1600.07-T8">
  <timex2_mention ID="CNN_IP_20030328.1600.07-T8-1">
    <extent>
      <charseq START="3427" END="3437">another day</charseq>
    </extent>
  </timex2_mention>
</timex2>
<timex2 ID="CNN_IP_20030328.1600.07-T9">
  <timex2_mention ID="CNN_IP_20030328.1600.07-T9-1">
    <extent>
      <charseq START="966" END="976">at
the time</charseq>
    </extent>
  </timex2_mention>
</timex2>
<timex2 ID="CNN_IP_20030328.1600.07-T10">
  <timex2_mention ID="CNN_IP_20030328.1600.07-T10-1">
    <extent>
      <charseq START="990" END="994">since</charseq>
    </extent>
  </timex2_mention>
</timex2>
<relation ID="CNN_IP_20030328.1600.07-R2" TYPE="ORG-AFF" SUBTYPE="Employment" TENSE="Unspecified" MODALITY="Asserted">
  <relation_argument REFID="CNN_IP_20030328.1600.07-E49" ROLE="Arg-1"/>
  <relation_argument REFID="CNN_IP_20030328.1600.07-E5" ROLE="Arg-2"/>
  <relation_mention ID="CNN_IP_20030328.1600.07-R2-1" LEXICALCONDITION="PreMod">
    <extent>
      <charseq START="139" END="178">the American troops now fighting in Iraq</charseq>
    </extent>
    <relation_mention_argument REFID="CNN_IP_20030328.1600.07-E49-101" ROLE="Arg-1">
      <extent>
        <charseq START="139" END="178">the American troops now fighting in Iraq</charseq>
      </extent>
    </relation_mention_argument>
    <relation_mention_argument REFID="CNN_IP_20030328.1600.07-E5-117" ROLE="Arg-2">
      <extent>
        <charseq START="143" END="150">American</charseq>
      </extent>
    </relation_mention_argument>
  </relation_mention>
</relation>
<relation ID="CNN_IP_20030328.1600.07-R3" TYPE="PHYS" SUBTYPE="Located" TENSE="Unspecified" MODALITY="Asserted">
  <relation_argument REFID="CNN_IP_20030328.1600.07-E49" ROLE="Arg-1"/>
  <relation_argument REFID="CNN_IP_20030328.1600.07-E51" ROLE="Arg-2"/>
  <relation_argument REFID="CNN_IP_20030328.1600.07-T1" ROLE="Time-Within"/>
  <relation_mention ID="CNN_IP_20030328.1600.07-R3-1" LEXICALCONDITION="Preposition">
    <extent>
      <charseq START="139" END="178">the American troops now fighting in Iraq</charseq>
    </extent>
    <relation_mention_argument REFID="CNN_IP_20030328.1600.07-E49-101" ROLE="Arg-1">
      <extent>
        <charseq START="139" END="178">the American troops now fighting in Iraq</charseq>
      </extent>
    </relation_mention_argument>
    <relation_mention_argument REFID="CNN_IP_20030328.1600.07-E51-118" ROLE="Arg-2">
      <extent>
        <charseq START="175" END="178">Iraq</charseq>
      </extent>
    </relation_mention_argument>
    <relation_mention_argument REFID="CNN_IP_20030328.1600.07-T1-1" ROLE="Time-Within">
      <extent>
        <charseq START="159" END="161">now</charseq>
      </extent>
    </relation_mention_argument>
  </relation_mention>
</relation>
<relation ID="CNN_IP_20030328.1600.07-R4" TYPE="ORG-AFF" SUBTYPE="Employment" TENSE="Unspecified" MODALITY="Asserted">
  <relation_argument REFID="CNN_IP_20030328.1600.07-E59" ROLE="Arg-1"/>
  <relation_argument REFID="CNN_IP_20030328.1600.07-E20" ROLE="Arg-2"/>
  <relation_mention ID="CNN_IP_20030328.1600.07-R4-1" LEXICALCONDITION="Possessive">
    <extent>
      <charseq START="404" END="422">CNN's Candy Crowley</charseq>
    </extent>
    <relation_mention_argument REFID="CNN_IP_20030328.1600.07-E59-127" ROLE="Arg-1">
      <extent>
        <charseq START="404" END="422">CNN's Candy Crowley</charseq>
      </extent>
    </relation_mention_argument>
    <relation_mention_argument REFID="CNN_IP_20030328.1600.07-E20-112" ROLE="Arg-2">
      <extent>
        <charseq START="404" END="406">CNN</charseq>
      </extent>
    </relation_mention_argument>
  </relation_mention>
  <relation_mention ID="CNN_IP_20030328.1600.07-R4-2" LEXICALCONDITION="Formulaic">
    <extent>
      <charseq START="3836" END="3853">Candy Crowley, CNN</charseq>
    </extent>
    <relation_mention_argument REFID="CNN_IP_20030328.1600.07-E59-90" ROLE="Arg-1">
      <extent>
        <charseq START="3836" END="3848">Candy Crowley</charseq>
      </extent>
    </relation_mention_argument>
    <relation_mention_argument REFID="CNN_IP_20030328.1600.07-E20-111" ROLE="Arg-2">
      <extent>
        <charseq START="3851" END="3853">CNN</charseq>
      </extent>
    </relation_mention_argument>
  </relation_mention>
</relation>
<relation ID="CNN_IP_20030328.1600.07-R5" TYPE="ORG-AFF" SUBTYPE="Employment" TENSE="Unspecified" MODALITY="Asserted">
  <relation_argument REFID="CNN_IP_20030328.1600.07-E4" ROLE="Arg-1"/>
  <relation_argument REFID="CNN_IP_20030328.1600.07-E5" ROLE="Arg-2"/>
  <relation_mention ID="CNN_IP_20030328.1600.07-R5-1" LEXICALCONDITION="PreMod">
    <extent>
      <charseq START="792" END="804">U.S. soldiers</charseq>
    </extent>
    <relation_mention_argument REFID="CNN_IP_20030328.1600.07-E4-6" ROLE="Arg-1">
      <extent>
        <charseq START="792" END="804">U.S. soldiers</charseq>
      </extent>
    </relation_mention_argument>
    <relation_mention_argument REFID="CNN_IP_20030328.1600.07-E5-7" ROLE="Arg-2">
      <extent>
        <charseq START="792" END="794">U.S</charseq>
      </extent>
    </relation_mention_argument>
  </relation_mention>
</relation>
<relation ID="CNN_IP_20030328.1600.07-R6" TYPE="ART" SUBTYPE="User-Owner-Inventor-Manufacturer" TENSE="Unspecified" MODALITY="Asserted">
  <relation_argument REFID="CNN_IP_20030328.1600.07-E15" ROLE="Arg-2"/>
  <relation_argument REFID="CNN_IP_20030328.1600.07-E7" ROLE="Arg-1"/>
  <relation_mention ID="CNN_IP_20030328.1600.07-R6-1" LEXICALCONDITION="PreMod">
    <extent>
      <charseq START="1328" END="1344">five enemy
planes</charseq>
    </extent>
    <relation_mention_argument REFID="CNN_IP_20030328.1600.07-E15-20" ROLE="Arg-2">
      <extent>
        <charseq START="1328" END="1344">five enemy
planes</charseq>
      </extent>
    </relation_mention_argument>
    <relation_mention_argument REFID="CNN_IP_20030328.1600.07-E7-104" ROLE="Arg-1">
      <extent>
        <charseq START="1333" END="1337">enemy</charseq>
      </extent>
    </relation_mention_argument>
  </relation_mention>
</relation>
<relation ID="CNN_IP_20030328.1600.07-R7" TYPE="PHYS" SUBTYPE="Located" TENSE="Past" MODALITY="Asserted">
  <relation_argument REFID="CNN_IP_20030328.1600.07-E24" ROLE="Arg-1"/>
  <relation_argument REFID="CNN_IP_20030328.1600.07-E14" ROLE="Arg-2"/>
  <relation_mention ID="CNN_IP_20030328.1600.07-R7-1" LEXICALCONDITION="Verbal">
    <extent>
      <charseq START="2377" END="2435">Sergeant Chuck Hagel was seriously
wounded twice in Vietnam</charseq>
    </extent>
    <relation_mention_argument REFID="CNN_IP_20030328.1600.07-E24-44" ROLE="Arg-1">
      <extent>
        <charseq START="2377" END="2396">Sergeant Chuck Hagel</charseq>
      </extent>
    </relation_mention_argument>
    <relation_mention_argument REFID="CNN_IP_20030328.1600.07-E14-46" ROLE="Arg-2">
      <extent>
        <charseq START="2429" END="2435">Vietnam</charseq>
      </extent>
    </relation_mention_argument>
  </relation_mention>
</relation>
<relation ID="CNN_IP_20030328.1600.07-R8" TYPE="PHYS" SUBTYPE="Located" TENSE="Unspecified" MODALITY="Asserted">
  <relation_argument REFID="CNN_IP_20030328.1600.07-E59" ROLE="Arg-1"/>
  <relation_argument REFID="CNN_IP_20030328.1600.07-E35" ROLE="Arg-2"/>
  <relation_mention ID="CNN_IP_20030328.1600.07-R8-1" LEXICALCONDITION="Formulaic">
    <extent>
      <charseq START="3836" END="3865">Candy Crowley, CNN, Washington</charseq>
    </extent>
    <relation_mention_argument REFID="CNN_IP_20030328.1600.07-E59-90" ROLE="Arg-1">
      <extent>
        <charseq START="3836" END="3848">Candy Crowley</charseq>
      </extent>
    </relation_mention_argument>
    <relation_mention_argument REFID="CNN_IP_20030328.1600.07-E35-91" ROLE="Arg-2">
      <extent>
        <charseq START="3856" END="3865">Washington</charseq>
      </extent>
    </relation_mention_argument>
  </relation_mention>
</relation>
<relation ID="CNN_IP_20030328.1600.07-R9" TYPE="PHYS" SUBTYPE="Located" TENSE="Present" MODALITY="Asserted">
  <relation_argument REFID="CNN_IP_20030328.1600.07-E36" ROLE="Arg-1"/>
  <relation_argument REFID="CNN_IP_20030328.1600.07-E51" ROLE="Arg-2"/>
  <relation_argument REFID="CNN_IP_20030328.1600.07-T5" ROLE="Time-Within"/>
  <relation_mention ID="CNN_IP_20030328.1600.07-R9-1" LEXICALCONDITION="Other">
    <extent>
      <charseq START="3897" END="4046">Remarkable interviews and a reminder that what these men and women are
going through right now in Iraq, they will remember for the rest of their
lives</charseq>
    </extent>
    <relation_mention_argument REFID="CNN_IP_20030328.1600.07-E36-92" ROLE="Arg-1">
      <extent>
        <charseq START="3944" END="3962">these men and women</charseq>
      </extent>
    </relation_mention_argument>
    <relation_mention_argument REFID="CNN_IP_20030328.1600.07-E51-94" ROLE="Arg-2">
      <extent>
        <charseq START="3995" END="3998">Iraq</charseq>
      </extent>
    </relation_mention_argument>
    <relation_mention_argument REFID="CNN_IP_20030328.1600.07-T5-1" ROLE="Time-Within">
      <extent>
        <charseq START="3982" END="3990">right now</charseq>
      </extent>
    </relation_mention_argument>
  </relation_mention>
</relation>
<relation ID="CNN_IP_20030328.1600.07-R10" TYPE="PHYS" SUBTYPE="Located" TENSE="Present" MODALITY="Asserted">
  <relation_argument REFID="CNN_IP_20030328.1600.07-E37" ROLE="Arg-1"/>
  <relation_argument REFID="CNN_IP_20030328.1600.07-E51" ROLE="Arg-2"/>
  <relation_argument REFID="CNN_IP_20030328.1600.07-T5" ROLE="Time-Within"/>
  <relation_mention ID="CNN_IP_20030328.1600.07-R10-1" LEXICALCONDITION="Other">
    <extent>
      <charseq START="3897" END="4046">Remarkable interviews and a reminder that what these men and women are
going through right now in Iraq, they will remember for the rest of their
lives</charseq>
    </extent>
    <relation_mention_argument REFID="CNN_IP_20030328.1600.07-E37-93" ROLE="Arg-1">
      <extent>
        <charseq START="3944" END="3962">these men and women</charseq>
      </extent>
    </relation_mention_argument>
    <relation_mention_argument REFID="CNN_IP_20030328.1600.07-E51-94" ROLE="Arg-2">
      <extent>
        <charseq START="3995" END="3998">Iraq</charseq>
      </extent>
    </relation_mention_argument>
    <relation_mention_argument REFID="CNN_IP_20030328.1600.07-T5-1" ROLE="Time-Within">
      <extent>
        <charseq START="3982" END="3990">right now</charseq>
      </extent>
    </relation_mention_argument>
  </relation_mention>
</relation>
<relation ID="CNN_IP_20030328.1600.07-R11" TYPE="PHYS" SUBTYPE="Located" TENSE="Unspecified" MODALITY="Asserted">
  <relation_argument REFID="CNN_IP_20030328.1600.07-E12" ROLE="Arg-1"/>
  <relation_argument REFID="CNN_IP_20030328.1600.07-E14" ROLE="Arg-2"/>
  <relation_mention ID="CNN_IP_20030328.1600.07-R11-1" LEXICALCONDITION="PreMod">
    <extent>
      <charseq START="1292" END="1312">a Vietnam fighter ace</charseq>
    </extent>
    <relation_mention_argument REFID="CNN_IP_20030328.1600.07-E12-18" ROLE="Arg-1">
      <extent>
        <charseq START="1292" END="1312">a Vietnam fighter ace</charseq>
      </extent>
    </relation_mention_argument>
    <relation_mention_argument REFID="CNN_IP_20030328.1600.07-E14-19" ROLE="Arg-2">
      <extent>
        <charseq START="1294" END="1300">Vietnam</charseq>
      </extent>
    </relation_mention_argument>
  </relation_mention>
  <relation_mention ID="CNN_IP_20030328.1600.07-R11-2" LEXICALCONDITION="Verbal">
    <extent>
      <charseq START="3722" END="3808">And I often told myself -- I said
that, if I ever get used to this, I shouldn't be here</charseq>
    </extent>
    <relation_mention_argument REFID="CNN_IP_20030328.1600.07-E12-89" ROLE="Arg-1">
      <extent>
        <charseq START="3790" END="3790">I</charseq>
      </extent>
    </relation_mention_argument>
    <relation_mention_argument REFID="CNN_IP_20030328.1600.07-E14-110" ROLE="Arg-2">
      <extent>
        <charseq START="3805" END="3808">here</charseq>
      </extent>
    </relation_mention_argument>
  </relation_mention>
</relation>
<relation ID="CNN_IP_20030328.1600.07-R12" TYPE="ART" SUBTYPE="User-Owner-Inventor-Manufacturer" TENSE="Unspecified" MODALITY="Asserted">
  <relation_argument REFID="CNN_IP_20030328.1600.07-E16" ROLE="Arg-1"/>
  <relation_argument REFID="CNN_IP_20030328.1600.07-E42" ROLE="Arg-2"/>
  <relation_mention ID="CNN_IP_20030328.1600.07-R12-1" LEXICALCONDITION="Preposition">
    <extent>
      <charseq START="1379" END="1470">a ship deck full of sailors and
crew cheering, shaking his hand, pushing in to slap his back</charseq>
    </extent>
    <relation_mention_argument REFID="CNN_IP_20030328.1600.07-E16-23" ROLE="Arg-1">
      <extent>
        <charseq START="1379" END="1470">a ship deck full of sailors and
crew cheering, shaking his hand, pushing in to slap his back</charseq>
      </extent>
    </relation_mention_argument>
    <relation_mention_argument REFID="CNN_IP_20030328.1600.07-E42-100" ROLE="Arg-2">
      <extent>
        <charseq START="1379" END="1470">a ship deck full of sailors and
crew cheering, shaking his hand, pushing in to slap his back</charseq>
      </extent>
    </relation_mention_argument>
  </relation_mention>
</relation>
<relation ID="CNN_IP_20030328.1600.07-R13" TYPE="ART" SUBTYPE="User-Owner-Inventor-Manufacturer" TENSE="Unspecified" MODALITY="Asserted">
  <relation_argument REFID="CNN_IP_20030328.1600.07-E17" ROLE="Arg-1"/>
  <relation_argument REFID="CNN_IP_20030328.1600.07-E42" ROLE="Arg-2"/>
  <relation_mention ID="CNN_IP_20030328.1600.07-R13-1" LEXICALCONDITION="Preposition">
    <extent>
      <charseq START="1379" END="1470">a ship deck full of sailors and
crew cheering, shaking his hand, pushing in to slap his back</charseq>
    </extent>
    <relation_mention_argument REFID="CNN_IP_20030328.1600.07-E17-24" ROLE="Arg-1">
      <extent>
        <charseq START="1379" END="1470">a ship deck full of sailors and
crew cheering, shaking his hand, pushing in to slap his back</charseq>
      </extent>
    </relation_mention_argument>
    <relation_mention_argument REFID="CNN_IP_20030328.1600.07-E42-100" ROLE="Arg-2">
      <extent>
        <charseq START="1379" END="1470">a ship deck full of sailors and
crew cheering, shaking his hand, pushing in to slap his back</charseq>
      </extent>
    </relation_mention_argument>
  </relation_mention>
</relation>
<relation ID="CNN_IP_20030328.1600.07-R14" TYPE="PHYS" SUBTYPE="Located" TENSE="Unspecified" MODALITY="Other">
  <relation_argument REFID="CNN_IP_20030328.1600.07-E1" ROLE="Arg-1"/>
  <relation_argument REFID="CNN_IP_20030328.1600.07-E43" ROLE="Arg-2"/>
  <relation_mention ID="CNN_IP_20030328.1600.07-R14-1" LEXICALCONDITION="Verbal">
    <extent>
      <charseq START="2640" END="2669">You do what you're there
to do</charseq>
    </extent>
    <relation_mention_argument REFID="CNN_IP_20030328.1600.07-E1-54" ROLE="Arg-1">
      <extent>
        <charseq START="2640" END="2642">You</charseq>
      </extent>
    </relation_mention_argument>
    <relation_mention_argument REFID="CNN_IP_20030328.1600.07-E43-102" ROLE="Arg-2">
      <extent>
        <charseq START="2659" END="2663">there</charseq>
      </extent>
    </relation_mention_argument>
  </relation_mention>
</relation>
<relation ID="CNN_IP_20030328.1600.07-R15" TYPE="PHYS" SUBTYPE="Located" TENSE="Past" MODALITY="Asserted">
  <relation_argument REFID="CNN_IP_20030328.1600.07-E28" ROLE="Arg-1"/>
  <relation_argument REFID="CNN_IP_20030328.1600.07-E27" ROLE="Arg-2"/>
  <relation_mention ID="CNN_IP_20030328.1600.07-R15-1" LEXICALCONDITION="Other">
    <extent>
      <charseq START="3114" END="3251">Later, when he was wounded and trapped behind enemy lines in Korea, Staff
Sergeant Charlie Rangel led 40 men, fighting their way to safety</charseq>
    </extent>
    <relation_mention_argument REFID="CNN_IP_20030328.1600.07-E28-115" ROLE="Arg-1">
      <extent>
        <charseq START="3126" END="3127">he</charseq>
      </extent>
    </relation_mention_argument>
    <relation_mention_argument REFID="CNN_IP_20030328.1600.07-E27-64" ROLE="Arg-2">
      <extent>
        <charseq START="3175" END="3179">Korea</charseq>
      </extent>
    </relation_mention_argument>
  </relation_mention>
</relation>
<event ID="CNN_IP_20030328.1600.07-EV1" TYPE="Conflict" SUBTYPE="Attack" MODALITY="Asserted" POLARITY="Positive" GENERICITY="Specific" TENSE="Present">
  <event_argument REFID="CNN_IP_20030328.1600.07-E49" ROLE="Attacker"/>
  <event_argument REFID="CNN_IP_20030328.1600.07-E51" ROLE="Place"/>
  <event_argument REFID="CNN_IP_20030328.1600.07-T1" ROLE="Time-Within"/>
  <event_mention ID="CNN_IP_20030328.1600.07-EV1-1">
    <extent>
      <charseq START="139" END="178">the American troops now fighting in Iraq</charseq>
    </extent>
    <ldc_scope>
      <charseq START="118" END="240">We know that some of the American troops now fighting in Iraq are
longtime veterans of warfare, probably not most, but some</charseq>
    </ldc_scope>
    <anchor>
      <charseq START="163" END="170">fighting</charseq>
    </anchor>
    <event_mention_argument REFID="CNN_IP_20030328.1600.07-E49-101" ROLE="Attacker">
      <extent>
        <charseq START="139" END="178">the American troops now fighting in Iraq</charseq>
      </extent>
    </event_mention_argument>
    <event_mention_argument REFID="CNN_IP_20030328.1600.07-E51-118" ROLE="Place">
      <extent>
        <charseq START="175" END="178">Iraq</charseq>
      </extent>
    </event_mention_argument>
    <event_mention_argument REFID="CNN_IP_20030328.1600.07-T1-1" ROLE="Time-Within">
      <extent>
        <charseq START="159" END="161">now</charseq>
      </extent>
    </event_mention_argument>
  </event_mention>
</event>
<event ID="CNN_IP_20030328.1600.07-EV2" TYPE="Conflict" SUBTYPE="Attack" MODALITY="Asserted" POLARITY="Positive" GENERICITY="Generic" TENSE="Past">
  <event_argument REFID="CNN_IP_20030328.1600.07-E40" ROLE="Attacker"/>
  <event_argument REFID="CNN_IP_20030328.1600.07-E40" ROLE="Target"/>
  <event_mention ID="CNN_IP_20030328.1600.07-EV2-1">
    <extent>
      <charseq START="131" END="211">some of the American troops now fighting in Iraq are
longtime veterans of warfare</charseq>
    </extent>
    <ldc_scope>
      <charseq START="118" END="240">We know that some of the American troops now fighting in Iraq are
longtime veterans of warfare, probably not most, but some</charseq>
    </ldc_scope>
    <anchor>
      <charseq START="205" END="211">warfare</charseq>
    </anchor>
    <event_mention_argument REFID="CNN_IP_20030328.1600.07-E40-75" ROLE="Attacker">
      <extent>
        <charseq START="131" END="178">some of the American troops now fighting in Iraq</charseq>
      </extent>
    </event_mention_argument>
    <event_mention_argument REFID="CNN_IP_20030328.1600.07-E40-75" ROLE="Target">
      <extent>
        <charseq START="131" END="178">some of the American troops now fighting in Iraq</charseq>
      </extent>
    </event_mention_argument>
  </event_mention>
</event>
<event ID="CNN_IP_20030328.1600.07-EV3" TYPE="Conflict" SUBTYPE="Attack" MODALITY="Asserted" POLARITY="Positive" GENERICITY="Generic" TENSE="Unspecified">
  <event_argument REFID="CNN_IP_20030328.1600.07-E57" ROLE="Attacker"/>
  <event_argument REFID="CNN_IP_20030328.1600.07-E57" ROLE="Target"/>
  <event_mention ID="CNN_IP_20030328.1600.07-EV3-1">
    <extent>
      <charseq START="348" END="366">them to face combat</charseq>
    </extent>
    <ldc_scope>
      <charseq START="325" END="380">So
what is it like for them to face combat far from home</charseq>
    </ldc_scope>
    <anchor>
      <charseq START="361" END="366">combat</charseq>
    </anchor>
    <event_mention_argument REFID="CNN_IP_20030328.1600.07-E57-126" ROLE="Attacker">
      <extent>
        <charseq START="348" END="351">them</charseq>
      </extent>
    </event_mention_argument>
    <event_mention_argument REFID="CNN_IP_20030328.1600.07-E57-126" ROLE="Target">
      <extent>
        <charseq START="348" END="351">them</charseq>
      </extent>
    </event_mention_argument>
  </event_mention>
</event>
<event ID="CNN_IP_20030328.1600.07-EV4" TYPE="Conflict" SUBTYPE="Attack" MODALITY="Asserted" POLARITY="Positive" GENERICITY="Generic" TENSE="Unspecified">
  <event_mention ID="CNN_IP_20030328.1600.07-EV4-1">
    <extent>
      <charseq START="434" END="436">war</charseq>
    </extent>
    <ldc_scope>
      <charseq START="383" END="444">For an idea, here
is CNN's Candy Crowley with some war stories</charseq>
    </ldc_scope>
    <anchor>
      <charseq START="434" END="436">war</charseq>
    </anchor>
  </event_mention>
</event>
<event ID="CNN_IP_20030328.1600.07-EV5" TYPE="Conflict" SUBTYPE="Attack" MODALITY="Asserted" POLARITY="Positive" GENERICITY="Generic" TENSE="Unspecified">
  <event_argument REFID="CNN_IP_20030328.1600.07-E1" ROLE="Attacker"/>
  <event_argument REFID="CNN_IP_20030328.1600.07-E1" ROLE="Target"/>
  <event_mention ID="CNN_IP_20030328.1600.07-EV5-1">
    <extent>
      <charseq START="700" END="713">you for combat</charseq>
    </extent>
    <ldc_scope>
      <charseq START="628" END="743">There's nothing very pretty about the training
that you take to prepare you for combat, because it is to kill people</charseq>
    </ldc_scope>
    <anchor>
      <charseq START="708" END="713">combat</charseq>
    </anchor>
    <event_mention_argument REFID="CNN_IP_20030328.1600.07-E1-3" ROLE="Attacker">
      <extent>
        <charseq START="700" END="702">you</charseq>
      </extent>
    </event_mention_argument>
    <event_mention_argument REFID="CNN_IP_20030328.1600.07-E1-3" ROLE="Target">
      <extent>
        <charseq START="700" END="702">you</charseq>
      </extent>
    </event_mention_argument>
  </event_mention>
</event>
<event ID="CNN_IP_20030328.1600.07-EV6" TYPE="Life" SUBTYPE="Die" MODALITY="Other" POLARITY="Positive" GENERICITY="Generic" TENSE="Unspecified">
  <event_argument REFID="CNN_IP_20030328.1600.07-E2" ROLE="Victim"/>
  <event_argument REFID="CNN_IP_20030328.1600.07-E1" ROLE="Agent"/>
  <event_mention ID="CNN_IP_20030328.1600.07-EV6-1">
    <extent>
      <charseq START="700" END="743">you for combat, because it is to kill people</charseq>
    </extent>
    <ldc_scope>
      <charseq START="628" END="743">There's nothing very pretty about the training
that you take to prepare you for combat, because it is to kill people</charseq>
    </ldc_scope>
    <anchor>
      <charseq START="733" END="736">kill</charseq>
    </anchor>
    <event_mention_argument REFID="CNN_IP_20030328.1600.07-E2-4" ROLE="Victim">
      <extent>
        <charseq START="738" END="743">people</charseq>
      </extent>
    </event_mention_argument>
    <event_mention_argument REFID="CNN_IP_20030328.1600.07-E1-3" ROLE="Agent">
      <extent>
        <charseq START="700" END="702">you</charseq>
      </extent>
    </event_mention_argument>
  </event_mention>
</event>
<event ID="CNN_IP_20030328.1600.07-EV7" TYPE="Conflict" SUBTYPE="Attack" MODALITY="Asserted" POLARITY="Positive" GENERICITY="Specific" TENSE="Past">
  <event_argument REFID="CNN_IP_20030328.1600.07-E8" ROLE="Attacker"/>
  <event_mention ID="CNN_IP_20030328.1600.07-EV7-1">
    <extent>
      <charseq START="873" END="908">Staff Sergeant Tom Ridge
opened fire</charseq>
    </extent>
    <ldc_scope>
      <charseq START="873" END="908">Staff Sergeant Tom Ridge
opened fire</charseq>
    </ldc_scope>
    <anchor>
      <charseq START="905" END="908">fire</charseq>
    </anchor>
    <event_mention_argument REFID="CNN_IP_20030328.1600.07-E8-11" ROLE="Attacker">
      <extent>
        <charseq START="873" END="896">Staff Sergeant Tom Ridge</charseq>
      </extent>
    </event_mention_argument>
  </event_mention>
</event>
<event ID="CNN_IP_20030328.1600.07-EV8" TYPE="Life" SUBTYPE="Die" MODALITY="Asserted" POLARITY="Positive" GENERICITY="Specific" TENSE="Past">
  <event_argument REFID="CNN_IP_20030328.1600.07-E10" ROLE="Victim"/>
  <event_mention ID="CNN_IP_20030328.1600.07-EV8-1">
    <extent>
      <charseq START="911" END="942">A Viet Cong soldier dropped dead</charseq>
    </extent>
    <ldc_scope>
      <charseq START="911" END="942">A Viet Cong soldier dropped dead</charseq>
    </ldc_scope>
    <anchor>
      <charseq START="939" END="942">dead</charseq>
    </anchor>
    <event_mention_argument REFID="CNN_IP_20030328.1600.07-E10-13" ROLE="Victim">
      <extent>
        <charseq START="911" END="929">A Viet Cong soldier</charseq>
      </extent>
    </event_mention_argument>
  </event_mention>
</event>
<event ID="CNN_IP_20030328.1600.07-EV9" TYPE="Life" SUBTYPE="Die" MODALITY="Other" POLARITY="Positive" GENERICITY="Generic" TENSE="Unspecified">
  <event_argument REFID="CNN_IP_20030328.1600.07-E11" ROLE="Victim"/>
  <event_argument REFID="CNN_IP_20030328.1600.07-E8" ROLE="Agent"/>
  <event_mention ID="CNN_IP_20030328.1600.07-EV9-1">
    <extent>
      <charseq START="986" END="1038">you since looked back and pondered on killing someone</charseq>
    </extent>
    <ldc_scope>
      <charseq START="958" END="1038">Did you at
the time or have you since looked back and pondered on killing someone</charseq>
    </ldc_scope>
    <anchor>
      <charseq START="1024" END="1030">killing</charseq>
    </anchor>
    <event_mention_argument REFID="CNN_IP_20030328.1600.07-E11-16" ROLE="Victim">
      <extent>
        <charseq START="1032" END="1038">someone</charseq>
      </extent>
    </event_mention_argument>
    <event_mention_argument REFID="CNN_IP_20030328.1600.07-E8-15" ROLE="Agent">
      <extent>
        <charseq START="986" END="988">you</charseq>
      </extent>
    </event_mention_argument>
  </event_mention>
</event>
<event ID="CNN_IP_20030328.1600.07-EV10" TYPE="Conflict" SUBTYPE="Attack" MODALITY="Asserted" POLARITY="Positive" GENERICITY="Specific" TENSE="Past">
  <event_argument REFID="CNN_IP_20030328.1600.07-E12" ROLE="Attacker"/>
  <event_argument REFID="CNN_IP_20030328.1600.07-E14" ROLE="Place"/>
  <event_argument REFID="CNN_IP_20030328.1600.07-E15" ROLE="Target"/>
  <event_mention ID="CNN_IP_20030328.1600.07-EV10-1">
    <extent>
      <charseq START="1272" END="1344">Duke Cunningham was a Vietnam fighter ace shooting down five enemy
planes</charseq>
    </extent>
    <ldc_scope>
      <charseq START="1272" END="1344">Duke Cunningham was a Vietnam fighter ace shooting down five enemy
planes</charseq>
    </ldc_scope>
    <anchor>
      <charseq START="1314" END="1326">shooting down</charseq>
    </anchor>
    <event_mention_argument REFID="CNN_IP_20030328.1600.07-E12-17" ROLE="Attacker">
      <extent>
        <charseq START="1272" END="1286">Duke Cunningham</charseq>
      </extent>
    </event_mention_argument>
    <event_mention_argument REFID="CNN_IP_20030328.1600.07-E14-19" ROLE="Place">
      <extent>
        <charseq START="1294" END="1300">Vietnam</charseq>
      </extent>
    </event_mention_argument>
    <event_mention_argument REFID="CNN_IP_20030328.1600.07-E15-20" ROLE="Target">
      <extent>
        <charseq START="1328" END="1344">five enemy
planes</charseq>
      </extent>
    </event_mention_argument>
  </event_mention>
</event>
<event ID="CNN_IP_20030328.1600.07-EV11" TYPE="Life" SUBTYPE="Die" MODALITY="Other" POLARITY="Positive" GENERICITY="Specific" TENSE="Unspecified">
  <event_argument REFID="CNN_IP_20030328.1600.07-E21" ROLE="Victim"/>
  <event_mention ID="CNN_IP_20030328.1600.07-EV11-1">
    <extent>
      <charseq START="1582" END="1594">kill
somebody</charseq>
    </extent>
    <ldc_scope>
      <charseq START="1558" END="1594">Duke, what's it like to kill
somebody</charseq>
    </ldc_scope>
    <anchor>
      <charseq START="1582" END="1585">kill</charseq>
    </anchor>
    <event_mention_argument REFID="CNN_IP_20030328.1600.07-E21-31" ROLE="Victim">
      <extent>
        <charseq START="1587" END="1594">somebody</charseq>
      </extent>
    </event_mention_argument>
  </event_mention>
</event>
<event ID="CNN_IP_20030328.1600.07-EV12" TYPE="Life" SUBTYPE="Die" MODALITY="Asserted" POLARITY="Positive" GENERICITY="Specific" TENSE="Past">
  <event_mention ID="CNN_IP_20030328.1600.07-EV12-1">
    <extent>
      <charseq START="1762" END="1763">it</charseq>
    </extent>
    <ldc_scope>
      <charseq START="1728" END="1775">And I went to the priest, because it bothered me</charseq>
    </ldc_scope>
    <anchor>
      <charseq START="1762" END="1763">it</charseq>
    </anchor>
  </event_mention>
</event>
<event ID="CNN_IP_20030328.1600.07-EV13" TYPE="Life" SUBTYPE="Die" MODALITY="Asserted" POLARITY="Positive" GENERICITY="Specific" TENSE="Past">
  <event_argument REFID="CNN_IP_20030328.1600.07-E12" ROLE="Agent"/>
  <event_mention ID="CNN_IP_20030328.1600.07-EV13-1">
    <extent>
      <charseq START="1778" END="1797">I knew I could do it</charseq>
    </extent>
    <ldc_scope>
      <charseq START="1778" END="1803">I knew I could do it
again</charseq>
    </ldc_scope>
    <anchor>
      <charseq START="1796" END="1797">it</charseq>
    </anchor>
    <event_mention_argument REFID="CNN_IP_20030328.1600.07-E12-37" ROLE="Agent">
      <extent>
        <charseq START="1778" END="1778">I</charseq>
      </extent>
    </event_mention_argument>
  </event_mention>
</event>
<event ID="CNN_IP_20030328.1600.07-EV14" TYPE="Life" SUBTYPE="Die" MODALITY="Asserted" POLARITY="Positive" GENERICITY="Specific" TENSE="Past">
  <event_mention ID="CNN_IP_20030328.1600.07-EV14-1">
    <extent>
      <charseq START="1824" END="1825">it</charseq>
    </extent>
    <ldc_scope>
      <charseq START="1806" END="1866">But I didn't know it was going to bother me as much as it did</charseq>
    </ldc_scope>
    <anchor>
      <charseq START="1824" END="1825">it</charseq>
    </anchor>
  </event_mention>
</event>
<event ID="CNN_IP_20030328.1600.07-EV15" TYPE="Life" SUBTYPE="Die" MODALITY="Asserted" POLARITY="Positive" GENERICITY="Specific" TENSE="Past">
  <event_mention ID="CNN_IP_20030328.1600.07-EV15-1">
    <extent>
      <charseq START="1873" END="1874">it</charseq>
    </extent>
    <ldc_scope>
      <charseq START="1869" END="1885">And
it still does</charseq>
    </ldc_scope>
    <anchor>
      <charseq START="1873" END="1874">it</charseq>
    </anchor>
  </event_mention>
</event>
<event ID="CNN_IP_20030328.1600.07-EV16" TYPE="Conflict" SUBTYPE="Attack" MODALITY="Asserted" POLARITY="Positive" GENERICITY="Generic" TENSE="Unspecified">
  <event_mention ID="CNN_IP_20030328.1600.07-EV16-1">
    <extent>
      <charseq START="2273" END="2275">War</charseq>
    </extent>
    <ldc_scope>
      <charseq START="2273" END="2347">War may sometimes be a necessary thing, but it can never be a natural
thing</charseq>
    </ldc_scope>
    <anchor>
      <charseq START="2273" END="2275">War</charseq>
    </anchor>
  </event_mention>
  <event_mention ID="CNN_IP_20030328.1600.07-EV16-2">
    <extent>
      <charseq START="2317" END="2318">it</charseq>
    </extent>
    <ldc_scope>
      <charseq START="2317" END="2318">it</charseq>
    </ldc_scope>
    <anchor>
      <charseq START="2317" END="2318">it</charseq>
    </anchor>
  </event_mention>
</event>
<event ID="CNN_IP_20030328.1600.07-EV17" TYPE="Life" SUBTYPE="Injure" MODALITY="Asserted" POLARITY="Positive" GENERICITY="Specific" TENSE="Past">
  <event_argument REFID="CNN_IP_20030328.1600.07-E24" ROLE="Victim"/>
  <event_argument REFID="CNN_IP_20030328.1600.07-E14" ROLE="Place"/>
  <event_mention ID="CNN_IP_20030328.1600.07-EV17-1">
    <extent>
      <charseq START="2377" END="2435">Sergeant Chuck Hagel was seriously
wounded twice in Vietnam</charseq>
    </extent>
    <ldc_scope>
      <charseq START="2377" END="2435">Sergeant Chuck Hagel was seriously
wounded twice in Vietnam</charseq>
    </ldc_scope>
    <anchor>
      <charseq START="2412" END="2418">wounded</charseq>
    </anchor>
    <event_mention_argument REFID="CNN_IP_20030328.1600.07-E24-44" ROLE="Victim">
      <extent>
        <charseq START="2377" END="2396">Sergeant Chuck Hagel</charseq>
      </extent>
    </event_mention_argument>
    <event_mention_argument REFID="CNN_IP_20030328.1600.07-E14-46" ROLE="Place">
      <extent>
        <charseq START="2429" END="2435">Vietnam</charseq>
      </extent>
    </event_mention_argument>
  </event_mention>
</event>
<event ID="CNN_IP_20030328.1600.07-EV18" TYPE="Life" SUBTYPE="Die" MODALITY="Other" POLARITY="Positive" GENERICITY="Generic" TENSE="Unspecified">
  <event_argument REFID="CNN_IP_20030328.1600.07-E2" ROLE="Victim"/>
  <event_argument REFID="CNN_IP_20030328.1600.07-E1" ROLE="Agent"/>
  <event_mention ID="CNN_IP_20030328.1600.07-EV18-1">
    <extent>
      <charseq START="2448" END="2476">You are trying to kill people</charseq>
    </extent>
    <ldc_scope>
      <charseq START="2448" END="2546">You are trying to kill people, because the alternative is, if you are in
combat, you will be killed</charseq>
    </ldc_scope>
    <anchor>
      <charseq START="2466" END="2469">kill</charseq>
    </anchor>
    <event_mention_argument REFID="CNN_IP_20030328.1600.07-E2-48" ROLE="Victim">
      <extent>
        <charseq START="2471" END="2476">people</charseq>
      </extent>
    </event_mention_argument>
    <event_mention_argument REFID="CNN_IP_20030328.1600.07-E1-47" ROLE="Agent">
      <extent>
        <charseq START="2448" END="2450">You</charseq>
      </extent>
    </event_mention_argument>
  </event_mention>
</event>
<event ID="CNN_IP_20030328.1600.07-EV19" TYPE="Conflict" SUBTYPE="Attack" MODALITY="Other" POLARITY="Positive" GENERICITY="Generic" TENSE="Unspecified">
  <event_argument REFID="CNN_IP_20030328.1600.07-E1" ROLE="Attacker"/>
  <event_argument REFID="CNN_IP_20030328.1600.07-E1" ROLE="Target"/>
  <event_mention ID="CNN_IP_20030328.1600.07-EV19-1">
    <extent>
      <charseq START="2510" END="2526">you are in
combat</charseq>
    </extent>
    <ldc_scope>
      <charseq START="2448" END="2546">You are trying to kill people, because the alternative is, if you are in
combat, you will be killed</charseq>
    </ldc_scope>
    <anchor>
      <charseq START="2521" END="2526">combat</charseq>
    </anchor>
    <event_mention_argument REFID="CNN_IP_20030328.1600.07-E1-49" ROLE="Attacker">
      <extent>
        <charseq START="2510" END="2512">you</charseq>
      </extent>
    </event_mention_argument>
    <event_mention_argument REFID="CNN_IP_20030328.1600.07-E1-49" ROLE="Target">
      <extent>
        <charseq START="2510" END="2512">you</charseq>
      </extent>
    </event_mention_argument>
  </event_mention>
</event>
<event ID="CNN_IP_20030328.1600.07-EV20" TYPE="Life" SUBTYPE="Die" MODALITY="Other" POLARITY="Positive" GENERICITY="Specific" TENSE="Future">
  <event_argument REFID="CNN_IP_20030328.1600.07-E1" ROLE="Victim"/>
  <event_mention ID="CNN_IP_20030328.1600.07-EV20-1">
    <extent>
      <charseq START="2529" END="2546">you will be killed</charseq>
    </extent>
    <ldc_scope>
      <charseq START="2448" END="2546">You are trying to kill people, because the alternative is, if you are in
combat, you will be killed</charseq>
    </ldc_scope>
    <anchor>
      <charseq START="2541" END="2546">killed</charseq>
    </anchor>
    <event_mention_argument REFID="CNN_IP_20030328.1600.07-E1-50" ROLE="Victim">
      <extent>
        <charseq START="2529" END="2531">you</charseq>
      </extent>
    </event_mention_argument>
  </event_mention>
</event>
<event ID="CNN_IP_20030328.1600.07-EV21" TYPE="Life" SUBTYPE="Die" MODALITY="Asserted" POLARITY="Positive" GENERICITY="Generic" TENSE="Unspecified">
  <event_mention ID="CNN_IP_20030328.1600.07-EV21-1">
    <extent>
      <charseq START="2797" END="2800">dead</charseq>
    </extent>
    <ldc_scope>
      <charseq START="2720" END="2837">Training is what keeps you running toward the front while trucks loaded
with dead bodies pass you, going the other way</charseq>
    </ldc_scope>
    <anchor>
      <charseq START="2797" END="2800">dead</charseq>
    </anchor>
  </event_mention>
</event>
<event ID="CNN_IP_20030328.1600.07-EV22" TYPE="Life" SUBTYPE="Injure" MODALITY="Asserted" POLARITY="Positive" GENERICITY="Specific" TENSE="Past">
  <event_argument REFID="CNN_IP_20030328.1600.07-E28" ROLE="Victim"/>
  <event_argument REFID="CNN_IP_20030328.1600.07-E27" ROLE="Place"/>
  <event_mention ID="CNN_IP_20030328.1600.07-EV22-1">
    <extent>
      <charseq START="3126" END="3179">he was wounded and trapped behind enemy lines in Korea</charseq>
    </extent>
    <ldc_scope>
      <charseq START="3114" END="3251">Later, when he was wounded and trapped behind enemy lines in Korea, Staff
Sergeant Charlie Rangel led 40 men, fighting their way to safety</charseq>
    </ldc_scope>
    <anchor>
      <charseq START="3133" END="3139">wounded</charseq>
    </anchor>
    <event_mention_argument REFID="CNN_IP_20030328.1600.07-E28-115" ROLE="Victim">
      <extent>
        <charseq START="3126" END="3127">he</charseq>
      </extent>
    </event_mention_argument>
    <event_mention_argument REFID="CNN_IP_20030328.1600.07-E27-64" ROLE="Place">
      <extent>
        <charseq START="3175" END="3179">Korea</charseq>
      </extent>
    </event_mention_argument>
  </event_mention>
</event>
<event ID="CNN_IP_20030328.1600.07-EV23" TYPE="Conflict" SUBTYPE="Attack" MODALITY="Asserted" POLARITY="Positive" GENERICITY="Specific" TENSE="Past">
  <event_argument REFID="CNN_IP_20030328.1600.07-E28" ROLE="Attacker"/>
  <event_argument REFID="CNN_IP_20030328.1600.07-E30" ROLE="Attacker"/>
  <event_argument REFID="CNN_IP_20030328.1600.07-E27" ROLE="Place"/>
  <event_mention ID="CNN_IP_20030328.1600.07-EV23-1">
    <extent>
      <charseq START="3175" END="3231">Korea, Staff
Sergeant Charlie Rangel led 40 men, fighting</charseq>
    </extent>
    <ldc_scope>
      <charseq START="3114" END="3251">Later, when he was wounded and trapped behind enemy lines in Korea, Staff
Sergeant Charlie Rangel led 40 men, fighting their way to safety</charseq>
    </ldc_scope>
    <anchor>
      <charseq START="3224" END="3231">fighting</charseq>
    </anchor>
    <event_mention_argument REFID="CNN_IP_20030328.1600.07-E28-65" ROLE="Attacker">
      <extent>
        <charseq START="3182" END="3210">Staff
Sergeant Charlie Rangel</charseq>
      </extent>
    </event_mention_argument>
    <event_mention_argument REFID="CNN_IP_20030328.1600.07-E30-67" ROLE="Attacker">
      <extent>
        <charseq START="3216" END="3221">40 men</charseq>
      </extent>
    </event_mention_argument>
    <event_mention_argument REFID="CNN_IP_20030328.1600.07-E27-64" ROLE="Place">
      <extent>
        <charseq START="3175" END="3179">Korea</charseq>
      </extent>
    </event_mention_argument>
  </event_mention>
</event>
<event ID="CNN_IP_20030328.1600.07-EV24" TYPE="Life" SUBTYPE="Die" MODALITY="Other" POLARITY="Positive" GENERICITY="Generic" TENSE="Unspecified">
  <event_argument REFID="CNN_IP_20030328.1600.07-E2" ROLE="Victim"/>
  <event_argument REFID="CNN_IP_20030328.1600.07-E1" ROLE="Agent"/>
  <event_mention ID="CNN_IP_20030328.1600.07-EV24-1">
    <extent>
      <charseq START="3290" END="3310">you're killing people</charseq>
    </extent>
    <ldc_scope>
      <charseq START="3287" END="3371">If you're killing people, it's out of fear, not really, in my opinion,
out of bravery</charseq>
    </ldc_scope>
    <anchor>
      <charseq START="3297" END="3303">killing</charseq>
    </anchor>
    <event_mention_argument REFID="CNN_IP_20030328.1600.07-E2-71" ROLE="Victim">
      <extent>
        <charseq START="3305" END="3310">people</charseq>
      </extent>
    </event_mention_argument>
    <event_mention_argument REFID="CNN_IP_20030328.1600.07-E1-70" ROLE="Agent">
      <extent>
        <charseq START="3290" END="3292">you</charseq>
      </extent>
    </event_mention_argument>
  </event_mention>
</event>
<event ID="CNN_IP_20030328.1600.07-EV25" TYPE="Conflict" SUBTYPE="Attack" MODALITY="Asserted" POLARITY="Positive" GENERICITY="Specific" TENSE="Past">
  <event_mention ID="CNN_IP_20030328.1600.07-EV25-1">
    <extent>
      <charseq START="3534" END="3539">combat</charseq>
    </extent>
    <ldc_scope>
      <charseq START="3473" END="3548">Rangel, Cunningham, Ridge and Hagel are all proud,
decorated combat veterans</charseq>
    </ldc_scope>
    <anchor>
      <charseq START="3534" END="3539">combat</charseq>
    </anchor>
  </event_mention>
</event>
<event ID="CNN_IP_20030328.1600.07-EV26" TYPE="Life" SUBTYPE="Die" MODALITY="Asserted" POLARITY="Positive" GENERICITY="Generic" TENSE="Unspecified">
  <event_mention ID="CNN_IP_20030328.1600.07-EV26-1">
    <extent>
      <charseq START="3578" END="3584">killing</charseq>
    </extent>
    <ldc_scope>
      <charseq START="3551" END="3608">It's just, a decade later, killing still
troubles the soul</charseq>
    </ldc_scope>
    <anchor>
      <charseq START="3578" END="3584">killing</charseq>
    </anchor>
  </event_mention>
</event>
<event ID="CNN_IP_20030328.1600.07-EV27" TYPE="Life" SUBTYPE="Die" MODALITY="Asserted" POLARITY="Positive" GENERICITY="Generic" TENSE="Unspecified">
  <event_argument REFID="CNN_IP_20030328.1600.07-E12" ROLE="Agent"/>
  <event_mention ID="CNN_IP_20030328.1600.07-EV27-1">
    <extent>
      <charseq START="3655" END="3663">you do it</charseq>
    </extent>
    <ldc_scope>
      <charseq START="3651" END="3669">Did you do it
again</charseq>
    </ldc_scope>
    <anchor>
      <charseq START="3662" END="3663">it</charseq>
    </anchor>
    <event_mention_argument REFID="CNN_IP_20030328.1600.07-E12-81" ROLE="Agent">
      <extent>
        <charseq START="3655" END="3657">you</charseq>
      </extent>
    </event_mention_argument>
  </event_mention>
</event>
<event ID="CNN_IP_20030328.1600.07-EV28" TYPE="Conflict" SUBTYPE="Attack" MODALITY="Asserted" POLARITY="Positive" GENERICITY="Specific" TENSE="Past">
  <event_argument REFID="CNN_IP_20030328.1600.07-E12" ROLE="Attacker"/>
  <event_argument REFID="CNN_IP_20030328.1600.07-E34" ROLE="Target"/>
  <event_mention ID="CNN_IP_20030328.1600.07-EV28-1">
    <extent>
      <charseq START="3694" END="3719">I shot down four more MiGs</charseq>
    </extent>
    <ldc_scope>
      <charseq START="3694" END="3719">I shot down four more MiGs</charseq>
    </ldc_scope>
    <anchor>
      <charseq START="3696" END="3704">shot down</charseq>
    </anchor>
    <event_mention_argument REFID="CNN_IP_20030328.1600.07-E12-83" ROLE="Attacker">
      <extent>
        <charseq START="3694" END="3694">I</charseq>
      </extent>
    </event_mention_argument>
    <event_mention_argument REFID="CNN_IP_20030328.1600.07-E34-84" ROLE="Target">
      <extent>
        <charseq START="3706" END="3719">four more MiGs</charseq>
      </extent>
    </event_mention_argument>
  </event_mention>
</event>
</document>
</source_file>
