<?xml version="1.0"?>
<!DOCTYPE source_file SYSTEM "apf.v5.1.1.dtd">
<source_file URI="CNN_CF_20030305.1900.00-3.sgm" SOURCE="broadcast conversation" TYPE="text" AUTHOR="LDC" ENCODING="UTF-8">
<document DOCID="CNN_CF_20030305.1900.00-3">
<entity ID="CNN_CF_20030305.1900.00-3-E1" TYPE="GPE" SUBTYPE="State-or-Province" CLASS="SPC">
  <entity_mention ID="CNN_CF_20030305.1900.00-3-E1-82" TYPE="NAM" LDCTYPE="NAM" ROLE="LOC">
    <extent>
      <charseq START="741" END="753">New Hampshire</charseq>
    </extent>
    <head>
      <charseq START="741" END="753">New Hampshire</charseq>
    </head>
  </entity_mention>
  <entity_attributes>
    <name NAME="New Hampshire">
      <charseq START="741" END="753">New Hampshire</charseq>
    </name>
  </entity_attributes>
</entity>
<entity ID="CNN_CF_20030305.1900.00-3-E2" TYPE="ORG" SUBTYPE="Media" CLASS="SPC">
  <entity_mention ID="CNN_CF_20030305.1900.00-3-E2-77" TYPE="NAM" LDCTYPE="NAMPRE">
    <extent>
      <charseq START="864" END="866">CNN</charseq>
    </extent>
    <head>
      <charseq START="864" END="866">CNN</charseq>
    </head>
  </entity_mention>
  <entity_attributes>
    <name NAME="CNN">
      <charseq START="864" END="866">CNN</charseq>
    </name>
  </entity_attributes>
</entity>
<entity ID="CNN_CF_20030305.1900.00-3-E3" TYPE="PER" SUBTYPE="Individual" CLASS="SPC">
  <entity_mention ID="CNN_CF_20030305.1900.00-3-E3-4" TYPE="NOM" LDCTYPE="NOM" LDCATR="FALSE">
    <extent>
      <charseq START="904" END="941">the
candidate she set out to discredit</charseq>
    </extent>
    <head>
      <charseq START="908" END="916">candidate</charseq>
    </head>
  </entity_mention>
  <entity_mention ID="CNN_CF_20030305.1900.00-3-E3-6" TYPE="PRO" LDCTYPE="PRO" LDCATR="FALSE">
    <extent>
      <charseq START="944" END="947">That</charseq>
    </extent>
    <head>
      <charseq START="944" END="947">That</charseq>
    </head>
  </entity_mention>
  <entity_mention ID="CNN_CF_20030305.1900.00-3-E3-7" TYPE="NAM" LDCTYPE="NAM" LDCATR="FALSE">
    <extent>
      <charseq START="970" END="994">the
honorable Al Sharpton</charseq>
    </extent>
    <head>
      <charseq START="984" END="994">Al Sharpton</charseq>
    </head>
  </entity_mention>
  <entity_mention ID="CNN_CF_20030305.1900.00-3-E3-8" TYPE="NAM" LDCTYPE="NAM" LDCATR="FALSE">
    <extent>
      <charseq START="997" END="1004">Sharpton</charseq>
    </extent>
    <head>
      <charseq START="997" END="1004">Sharpton</charseq>
    </head>
  </entity_mention>
  <entity_mention ID="CNN_CF_20030305.1900.00-3-E3-9" TYPE="NOM" LDCTYPE="NOM" LDCATR="FALSE">
    <extent>
      <charseq START="1025" END="1067">the first choice of
black voters nationally</charseq>
    </extent>
    <head>
      <charseq START="1035" END="1040">choice</charseq>
    </head>
  </entity_mention>
  <entity_mention ID="CNN_CF_20030305.1900.00-3-E3-11" TYPE="PRO" LDCTYPE="PRO" LDCATR="FALSE">
    <extent>
      <charseq START="1070" END="1071">he</charseq>
    </extent>
    <head>
      <charseq START="1070" END="1071">he</charseq>
    </head>
  </entity_mention>
  <entity_mention ID="CNN_CF_20030305.1900.00-3-E3-22" TYPE="NAM" LDCTYPE="NAM" LDCATR="FALSE">
    <extent>
      <charseq START="1231" END="1241">Al Sharpton</charseq>
    </extent>
    <head>
      <charseq START="1231" END="1241">Al Sharpton</charseq>
    </head>
  </entity_mention>
  <entity_mention ID="CNN_CF_20030305.1900.00-3-E3-23" TYPE="PRO" LDCTYPE="PRO" LDCATR="FALSE">
    <extent>
      <charseq START="1270" END="1272">his</charseq>
    </extent>
    <head>
      <charseq START="1270" END="1272">his</charseq>
    </head>
  </entity_mention>
  <entity_mention ID="CNN_CF_20030305.1900.00-3-E3-24" TYPE="PRO" LDCTYPE="PRO" LDCATR="FALSE">
    <extent>
      <charseq START="1299" END="1300">he</charseq>
    </extent>
    <head>
      <charseq START="1299" END="1300">he</charseq>
    </head>
  </entity_mention>
  <entity_mention ID="CNN_CF_20030305.1900.00-3-E3-31" TYPE="PRO" LDCTYPE="PRO" LDCATR="FALSE">
    <extent>
      <charseq START="1586" END="1587">He</charseq>
    </extent>
    <head>
      <charseq START="1586" END="1587">He</charseq>
    </head>
  </entity_mention>
  <entity_mention ID="CNN_CF_20030305.1900.00-3-E3-32" TYPE="NOM" LDCTYPE="NOM" LDCATR="FALSE">
    <extent>
      <charseq START="1591" END="1604">the No. 1 pick</charseq>
    </extent>
    <head>
      <charseq START="1601" END="1604">pick</charseq>
    </head>
  </entity_mention>
  <entity_mention ID="CNN_CF_20030305.1900.00-3-E3-37" TYPE="PRO" LDCTYPE="PRO" LDCATR="FALSE">
    <extent>
      <charseq START="1701" END="1703">him</charseq>
    </extent>
    <head>
      <charseq START="1701" END="1703">him</charseq>
    </head>
  </entity_mention>
  <entity_mention ID="CNN_CF_20030305.1900.00-3-E3-38" TYPE="PRO" LDCTYPE="PRO" LDCATR="FALSE">
    <extent>
      <charseq START="1706" END="1707">He</charseq>
    </extent>
    <head>
      <charseq START="1706" END="1707">He</charseq>
    </head>
  </entity_mention>
  <entity_mention ID="CNN_CF_20030305.1900.00-3-E3-39" TYPE="NOM" LDCTYPE="NOM" LDCATR="FALSE">
    <extent>
      <charseq START="1711" END="1729">a serious candidate</charseq>
    </extent>
    <head>
      <charseq START="1721" END="1729">candidate</charseq>
    </head>
  </entity_mention>
  <entity_mention ID="CNN_CF_20030305.1900.00-3-E3-41" TYPE="PRO" LDCTYPE="PRO" LDCATR="FALSE">
    <extent>
      <charseq START="1780" END="1781">He</charseq>
    </extent>
    <head>
      <charseq START="1780" END="1781">He</charseq>
    </head>
  </entity_mention>
  <entity_mention ID="CNN_CF_20030305.1900.00-3-E3-43" TYPE="PRO" LDCTYPE="PRO" LDCATR="FALSE">
    <extent>
      <charseq START="1810" END="1811">He</charseq>
    </extent>
    <head>
      <charseq START="1810" END="1811">He</charseq>
    </head>
  </entity_mention>
  <entity_mention ID="CNN_CF_20030305.1900.00-3-E3-44" TYPE="NOM" LDCTYPE="NOM" LDCATR="TRUE">
    <extent>
      <charseq START="1815" END="1832">right wing fantasy</charseq>
    </extent>
    <head>
      <charseq START="1826" END="1832">fantasy</charseq>
    </head>
  </entity_mention>
  <entity_mention ID="CNN_CF_20030305.1900.00-3-E3-45" TYPE="NAM" LDCTYPE="NAM" LDCATR="FALSE">
    <extent>
      <charseq START="1899" END="1909">Al Sharpton</charseq>
    </extent>
    <head>
      <charseq START="1899" END="1909">Al Sharpton</charseq>
    </head>
  </entity_mention>
  <entity_mention ID="CNN_CF_20030305.1900.00-3-E3-66" TYPE="NOM" LDCTYPE="NOM" LDCATR="FALSE">
    <extent>
      <charseq START="1607" END="1672">the most popular, among all candidates, among black
primary voters</charseq>
    </extent>
    <head>
      <charseq START="1616" END="1622">popular</charseq>
    </head>
  </entity_mention>
  <entity_attributes>
    <name NAME="Al Sharpton">
      <charseq START="984" END="994">Al Sharpton</charseq>
    </name>
    <name NAME="Sharpton">
      <charseq START="997" END="1004">Sharpton</charseq>
    </name>
    <name NAME="Al Sharpton">
      <charseq START="1231" END="1241">Al Sharpton</charseq>
    </name>
    <name NAME="Al Sharpton">
      <charseq START="1899" END="1909">Al Sharpton</charseq>
    </name>
  </entity_attributes>
</entity>
<entity ID="CNN_CF_20030305.1900.00-3-E6" TYPE="PER" SUBTYPE="Group" CLASS="SPC">
  <entity_mention ID="CNN_CF_20030305.1900.00-3-E6-10" TYPE="NOM" LDCTYPE="BAR">
    <extent>
      <charseq START="1045" END="1056">black voters</charseq>
    </extent>
    <head>
      <charseq START="1051" END="1056">voters</charseq>
    </head>
  </entity_mention>
  <entity_mention ID="CNN_CF_20030305.1900.00-3-E6-35" TYPE="NOM" LDCTYPE="BAR">
    <extent>
      <charseq START="1653" END="1672">black
primary voters</charseq>
    </extent>
    <head>
      <charseq START="1667" END="1672">voters</charseq>
    </head>
  </entity_mention>
</entity>
<entity ID="CNN_CF_20030305.1900.00-3-E7" TYPE="PER" SUBTYPE="Individual" CLASS="SPC">
  <entity_mention ID="CNN_CF_20030305.1900.00-3-E7-12" TYPE="NAM" LDCTYPE="NAM" LDCATR="FALSE">
    <extent>
      <charseq START="1086" END="1105">Senator John Edwards</charseq>
    </extent>
    <head>
      <charseq START="1094" END="1105">John Edwards</charseq>
    </head>
  </entity_mention>
  <entity_mention ID="CNN_CF_20030305.1900.00-3-E7-13" TYPE="NOM" LDCTYPE="NOMPRE" LDCATR="TRUE">
    <extent>
      <charseq START="1086" END="1092">Senator</charseq>
    </extent>
    <head>
      <charseq START="1086" END="1092">Senator</charseq>
    </head>
  </entity_mention>
  <entity_attributes>
    <name NAME="John Edwards">
      <charseq START="1094" END="1105">John Edwards</charseq>
    </name>
  </entity_attributes>
</entity>
<entity ID="CNN_CF_20030305.1900.00-3-E9" TYPE="PER" SUBTYPE="Group" CLASS="SPC">
  <entity_mention ID="CNN_CF_20030305.1900.00-3-E9-14" TYPE="NOM" LDCTYPE="NOM">
    <extent>
      <charseq START="1113" END="1122">all
voters</charseq>
    </extent>
    <head>
      <charseq START="1117" END="1122">voters</charseq>
    </head>
  </entity_mention>
</entity>
<entity ID="CNN_CF_20030305.1900.00-3-E10" TYPE="PER" SUBTYPE="Individual" CLASS="SPC">
  <entity_mention ID="CNN_CF_20030305.1900.00-3-E10-15" TYPE="NAM" LDCTYPE="NAM" LDCATR="FALSE">
    <extent>
      <charseq START="1136" END="1155">Governor Howard Dean</charseq>
    </extent>
    <head>
      <charseq START="1145" END="1155">Howard Dean</charseq>
    </head>
  </entity_mention>
  <entity_mention ID="CNN_CF_20030305.1900.00-3-E10-16" TYPE="NOM" LDCTYPE="NOMPRE" LDCATR="TRUE">
    <extent>
      <charseq START="1136" END="1143">Governor</charseq>
    </extent>
    <head>
      <charseq START="1136" END="1143">Governor</charseq>
    </head>
  </entity_mention>
  <entity_attributes>
    <name NAME="Howard Dean">
      <charseq START="1145" END="1155">Howard Dean</charseq>
    </name>
  </entity_attributes>
</entity>
<entity ID="CNN_CF_20030305.1900.00-3-E12" TYPE="PER" SUBTYPE="Individual" CLASS="SPC">
  <entity_mention ID="CNN_CF_20030305.1900.00-3-E12-17" TYPE="NAM" LDCTYPE="NAM" LDCATR="FALSE">
    <extent>
      <charseq START="1158" END="1187">Representative Dennis Kucinich</charseq>
    </extent>
    <head>
      <charseq START="1173" END="1187">Dennis Kucinich</charseq>
    </head>
  </entity_mention>
  <entity_mention ID="CNN_CF_20030305.1900.00-3-E12-18" TYPE="NOM" LDCTYPE="NOMPRE" LDCATR="TRUE">
    <extent>
      <charseq START="1158" END="1171">Representative</charseq>
    </extent>
    <head>
      <charseq START="1158" END="1171">Representative</charseq>
    </head>
  </entity_mention>
  <entity_attributes>
    <name NAME="Dennis Kucinich">
      <charseq START="1173" END="1187">Dennis Kucinich</charseq>
    </name>
  </entity_attributes>
</entity>
<entity ID="CNN_CF_20030305.1900.00-3-E14" TYPE="PER" SUBTYPE="Individual" CLASS="SPC">
  <entity_mention ID="CNN_CF_20030305.1900.00-3-E14-19" TYPE="NAM" LDCTYPE="NAM" LDCATR="FALSE">
    <extent>
      <charseq START="1193" END="1210">Senator Bob Graham</charseq>
    </extent>
    <head>
      <charseq START="1201" END="1210">Bob Graham</charseq>
    </head>
  </entity_mention>
  <entity_mention ID="CNN_CF_20030305.1900.00-3-E14-20" TYPE="NOM" LDCTYPE="NOMPRE" LDCATR="TRUE">
    <extent>
      <charseq START="1193" END="1199">Senator</charseq>
    </extent>
    <head>
      <charseq START="1193" END="1199">Senator</charseq>
    </head>
  </entity_mention>
  <entity_attributes>
    <name NAME="Bob Graham">
      <charseq START="1201" END="1210">Bob Graham</charseq>
    </name>
  </entity_attributes>
</entity>
<entity ID="CNN_CF_20030305.1900.00-3-E16" TYPE="PER" SUBTYPE="Group" CLASS="SPC">
  <entity_mention ID="CNN_CF_20030305.1900.00-3-E16-21" TYPE="PRO" LDCTYPE="PRO">
    <extent>
      <charseq START="1221" END="1224">them</charseq>
    </extent>
    <head>
      <charseq START="1221" END="1224">them</charseq>
    </head>
  </entity_mention>
  <entity_mention ID="CNN_CF_20030305.1900.00-3-E16-34" TYPE="NOM" LDCTYPE="NOM">
    <extent>
      <charseq START="1631" END="1644">all candidates</charseq>
    </extent>
    <head>
      <charseq START="1635" END="1644">candidates</charseq>
    </head>
  </entity_mention>
</entity>
<entity ID="CNN_CF_20030305.1900.00-3-E17" TYPE="PER" SUBTYPE="Indeterminate" CLASS="GEN">
  <entity_mention ID="CNN_CF_20030305.1900.00-3-E17-25" TYPE="PRO" LDCTYPE="PRO">
    <extent>
      <charseq START="1360" END="1362">You</charseq>
    </extent>
    <head>
      <charseq START="1360" END="1362">You</charseq>
    </head>
  </entity_mention>
  <entity_mention ID="CNN_CF_20030305.1900.00-3-E17-28" TYPE="PRO" LDCTYPE="PRO">
    <extent>
      <charseq START="1528" END="1531">your</charseq>
    </extent>
    <head>
      <charseq START="1528" END="1531">your</charseq>
    </head>
  </entity_mention>
  <entity_mention ID="CNN_CF_20030305.1900.00-3-E17-29" TYPE="PRO" LDCTYPE="PRO">
    <extent>
      <charseq START="1551" END="1554">Your</charseq>
    </extent>
    <head>
      <charseq START="1551" END="1554">Your</charseq>
    </head>
  </entity_mention>
  <entity_mention ID="CNN_CF_20030305.1900.00-3-E17-33" TYPE="PRO" LDCTYPE="PRO">
    <extent>
      <charseq START="595" END="597">you</charseq>
    </extent>
    <head>
      <charseq START="595" END="597">you</charseq>
    </head>
  </entity_mention>
  <entity_mention ID="CNN_CF_20030305.1900.00-3-E17-60" TYPE="PRO" LDCTYPE="PRO">
    <extent>
      <charseq START="1683" END="1685">you</charseq>
    </extent>
    <head>
      <charseq START="1683" END="1685">you</charseq>
    </head>
  </entity_mention>
  <entity_mention ID="CNN_CF_20030305.1900.00-3-E17-62" TYPE="PRO" LDCTYPE="PRO">
    <extent>
      <charseq START="2291" END="2293">You</charseq>
    </extent>
    <head>
      <charseq START="2291" END="2293">You</charseq>
    </head>
  </entity_mention>
  <entity_mention ID="CNN_CF_20030305.1900.00-3-E17-63" TYPE="PRO" LDCTYPE="PRO">
    <extent>
      <charseq START="2163" END="2165">you</charseq>
    </extent>
    <head>
      <charseq START="2163" END="2165">you</charseq>
    </head>
  </entity_mention>
</entity>
<entity ID="CNN_CF_20030305.1900.00-3-E18" TYPE="PER" SUBTYPE="Individual" CLASS="GEN">
  <entity_mention ID="CNN_CF_20030305.1900.00-3-E18-26" TYPE="NOM" LDCTYPE="NOM">
    <extent>
      <charseq START="1446" END="1458">an ambassador</charseq>
    </extent>
    <head>
      <charseq START="1449" END="1458">ambassador</charseq>
    </head>
  </entity_mention>
</entity>
<entity ID="CNN_CF_20030305.1900.00-3-E19" TYPE="PER" SUBTYPE="Individual" CLASS="GEN">
  <entity_mention ID="CNN_CF_20030305.1900.00-3-E19-27" TYPE="NOM" LDCTYPE="NOM">
    <extent>
      <charseq START="1463" END="1472">a governor</charseq>
    </extent>
    <head>
      <charseq START="1465" END="1472">governor</charseq>
    </head>
  </entity_mention>
</entity>
<entity ID="CNN_CF_20030305.1900.00-3-E20" TYPE="PER" SUBTYPE="Individual" CLASS="SPC">
  <entity_mention ID="CNN_CF_20030305.1900.00-3-E20-30" TYPE="PRO" LDCTYPE="PRO">
    <extent>
      <charseq START="1568" END="1571">mine</charseq>
    </extent>
    <head>
      <charseq START="1568" END="1571">mine</charseq>
    </head>
  </entity_mention>
</entity>
<entity ID="CNN_CF_20030305.1900.00-3-E23" TYPE="PER" SUBTYPE="Individual" CLASS="SPC">
  <entity_mention ID="CNN_CF_20030305.1900.00-3-E23-36" TYPE="PRO" LDCTYPE="PRO">
    <extent>
      <charseq START="1675" END="1675">I</charseq>
    </extent>
    <head>
      <charseq START="1675" END="1675">I</charseq>
    </head>
  </entity_mention>
</entity>
<entity ID="CNN_CF_20030305.1900.00-3-E24" TYPE="PER" SUBTYPE="Individual" CLASS="SPC">
  <entity_mention ID="CNN_CF_20030305.1900.00-3-E24-1" TYPE="NAM" LDCTYPE="NAM" LDCATR="FALSE">
    <extent>
      <charseq START="205" END="247">Former Illinois Senator Carol Moseley-Braun</charseq>
    </extent>
    <head>
      <charseq START="229" END="247">Carol Moseley-Braun</charseq>
    </head>
  </entity_mention>
  <entity_mention ID="CNN_CF_20030305.1900.00-3-E24-3" TYPE="NAM" LDCTYPE="NAM" LDCATR="FALSE">
    <extent>
      <charseq START="879" END="891">Moseley Braun</charseq>
    </extent>
    <head>
      <charseq START="879" END="891">Moseley Braun</charseq>
    </head>
  </entity_mention>
  <entity_mention ID="CNN_CF_20030305.1900.00-3-E24-5" TYPE="PRO" LDCTYPE="PRO" LDCATR="FALSE">
    <extent>
      <charseq START="918" END="920">she</charseq>
    </extent>
    <head>
      <charseq START="918" END="920">she</charseq>
    </head>
  </entity_mention>
  <entity_mention ID="CNN_CF_20030305.1900.00-3-E24-61" TYPE="NOM" LDCTYPE="NOMPRE" LDCATR="FALSE">
    <extent>
      <charseq START="205" END="227">Former Illinois Senator</charseq>
    </extent>
    <head>
      <charseq START="221" END="227">Senator</charseq>
    </head>
  </entity_mention>
  <entity_mention ID="CNN_CF_20030305.1900.00-3-E24-67" TYPE="PRO" LDCTYPE="PRO" LDCATR="FALSE">
    <extent>
      <charseq START="335" END="337">she</charseq>
    </extent>
    <head>
      <charseq START="335" END="337">she</charseq>
    </head>
  </entity_mention>
  <entity_mention ID="CNN_CF_20030305.1900.00-3-E24-68" TYPE="PRO" LDCTYPE="PRO" LDCATR="FALSE">
    <extent>
      <charseq START="349" END="351">she</charseq>
    </extent>
    <head>
      <charseq START="349" END="351">she</charseq>
    </head>
  </entity_mention>
  <entity_mention ID="CNN_CF_20030305.1900.00-3-E24-69" TYPE="PRO" LDCTYPE="PRO" LDCATR="FALSE">
    <extent>
      <charseq START="387" END="389">her</charseq>
    </extent>
    <head>
      <charseq START="387" END="389">her</charseq>
    </head>
  </entity_mention>
  <entity_mention ID="CNN_CF_20030305.1900.00-3-E24-70" TYPE="PRO" LDCTYPE="PRO" LDCATR="FALSE">
    <extent>
      <charseq START="420" END="422">her</charseq>
    </extent>
    <head>
      <charseq START="420" END="422">her</charseq>
    </head>
  </entity_mention>
  <entity_mention ID="CNN_CF_20030305.1900.00-3-E24-72" TYPE="PRO" LDCTYPE="PRO" LDCATR="FALSE">
    <extent>
      <charseq START="474" END="476">her</charseq>
    </extent>
    <head>
      <charseq START="474" END="476">her</charseq>
    </head>
  </entity_mention>
  <entity_mention ID="CNN_CF_20030305.1900.00-3-E24-74" TYPE="PRO" LDCTYPE="PRO" LDCATR="FALSE">
    <extent>
      <charseq START="519" END="521">her</charseq>
    </extent>
    <head>
      <charseq START="519" END="521">her</charseq>
    </head>
  </entity_mention>
  <entity_mention ID="CNN_CF_20030305.1900.00-3-E24-75" TYPE="NAM" LDCTYPE="NAM" LDCATR="FALSE">
    <extent>
      <charseq START="547" END="565">Carol
Moseley-Braun</charseq>
    </extent>
    <head>
      <charseq START="547" END="565">Carol
Moseley-Braun</charseq>
    </head>
  </entity_mention>
  <entity_mention ID="CNN_CF_20030305.1900.00-3-E24-76" TYPE="NAM" LDCTYPE="NAM" LDCATR="TRUE">
    <extent>
      <charseq START="570" END="588">Carol Moseley Braun</charseq>
    </extent>
    <head>
      <charseq START="570" END="588">Carol Moseley Braun</charseq>
    </head>
  </entity_mention>
  <entity_mention ID="CNN_CF_20030305.1900.00-3-E24-78" TYPE="PRO" LDCTYPE="PRO" LDCATR="FALSE">
    <extent>
      <charseq START="671" END="673">her</charseq>
    </extent>
    <head>
      <charseq START="671" END="673">her</charseq>
    </head>
  </entity_mention>
  <entity_mention ID="CNN_CF_20030305.1900.00-3-E24-79" TYPE="NAM" LDCTYPE="NAM" LDCATR="FALSE">
    <extent>
      <charseq START="687" END="699">Moseley
Braun</charseq>
    </extent>
    <head>
      <charseq START="687" END="699">Moseley
Braun</charseq>
    </head>
  </entity_mention>
  <entity_attributes>
    <name NAME="Carol Moseley-Braun">
      <charseq START="229" END="247">Carol Moseley-Braun</charseq>
    </name>
    <name NAME="Moseley Braun">
      <charseq START="879" END="891">Moseley Braun</charseq>
    </name>
    <name NAME="Carol Moseley-Braun">
      <charseq START="547" END="565">Carol
Moseley-Braun</charseq>
    </name>
    <name NAME="Carol Moseley Braun">
      <charseq START="570" END="588">Carol Moseley Braun</charseq>
    </name>
    <name NAME="Moseley Braun">
      <charseq START="687" END="699">Moseley
Braun</charseq>
    </name>
  </entity_attributes>
</entity>
<entity ID="CNN_CF_20030305.1900.00-3-E26" TYPE="PER" SUBTYPE="Indeterminate" CLASS="USP">
  <entity_mention ID="CNN_CF_20030305.1900.00-3-E26-40" TYPE="PRO" LDCTYPE="PRO">
    <extent>
      <charseq START="1743" END="1744">We</charseq>
    </extent>
    <head>
      <charseq START="1743" END="1744">We</charseq>
    </head>
  </entity_mention>
</entity>
<entity ID="CNN_CF_20030305.1900.00-3-E27" TYPE="PER" SUBTYPE="Individual" CLASS="GEN">
  <entity_mention ID="CNN_CF_20030305.1900.00-3-E27-42" TYPE="NOM" LDCTYPE="NOM">
    <extent>
      <charseq START="1789" END="1807">a serious candidate</charseq>
    </extent>
    <head>
      <charseq START="1799" END="1807">candidate</charseq>
    </head>
  </entity_mention>
</entity>
<entity ID="CNN_CF_20030305.1900.00-3-E29" TYPE="PER" SUBTYPE="Group" CLASS="USP">
  <entity_mention ID="CNN_CF_20030305.1900.00-3-E29-46" TYPE="PRO" LDCTYPE="PRO">
    <extent>
      <charseq START="1929" END="1931">our</charseq>
    </extent>
    <head>
      <charseq START="1929" END="1931">our</charseq>
    </head>
  </entity_mention>
  <entity_mention ID="CNN_CF_20030305.1900.00-3-E29-47" TYPE="PRO" LDCTYPE="PRO">
    <extent>
      <charseq START="1963" END="1964">we</charseq>
    </extent>
    <head>
      <charseq START="1963" END="1964">we</charseq>
    </head>
  </entity_mention>
  <entity_mention ID="CNN_CF_20030305.1900.00-3-E29-57" TYPE="PRO" LDCTYPE="PRO">
    <extent>
      <charseq START="2272" END="2273">We</charseq>
    </extent>
    <head>
      <charseq START="2272" END="2273">We</charseq>
    </head>
  </entity_mention>
  <entity_mention ID="CNN_CF_20030305.1900.00-3-E29-59" TYPE="PRO" LDCTYPE="PRO">
    <extent>
      <charseq START="2320" END="2321">We</charseq>
    </extent>
    <head>
      <charseq START="2320" END="2321">We</charseq>
    </head>
  </entity_mention>
</entity>
<entity ID="CNN_CF_20030305.1900.00-3-E30" TYPE="PER" SUBTYPE="Group" CLASS="SPC">
  <entity_mention ID="CNN_CF_20030305.1900.00-3-E30-48" TYPE="NOM" LDCTYPE="NOM">
    <extent>
      <charseq START="1973" END="1995">two members of Congress</charseq>
    </extent>
    <head>
      <charseq START="1977" END="1983">members</charseq>
    </head>
  </entity_mention>
  <entity_mention ID="CNN_CF_20030305.1900.00-3-E30-50" TYPE="PRO" LDCTYPE="PRO">
    <extent>
      <charseq START="2000" END="2003">they</charseq>
    </extent>
    <head>
      <charseq START="2000" END="2003">they</charseq>
    </head>
  </entity_mention>
</entity>
<entity ID="CNN_CF_20030305.1900.00-3-E31" TYPE="ORG" SUBTYPE="Government" CLASS="SPC">
  <entity_mention ID="CNN_CF_20030305.1900.00-3-E31-49" TYPE="NAM" LDCTYPE="NAM">
    <extent>
      <charseq START="1988" END="1995">Congress</charseq>
    </extent>
    <head>
      <charseq START="1988" END="1995">Congress</charseq>
    </head>
  </entity_mention>
  <entity_attributes>
    <name NAME="Congress">
      <charseq START="1988" END="1995">Congress</charseq>
    </name>
  </entity_attributes>
</entity>
<entity ID="CNN_CF_20030305.1900.00-3-E32" TYPE="PER" SUBTYPE="Individual" CLASS="SPC">
  <entity_mention ID="CNN_CF_20030305.1900.00-3-E32-51" TYPE="NAM" LDCTYPE="NAM">
    <extent>
      <charseq START="2051" END="2064">Saddam Hussein</charseq>
    </extent>
    <head>
      <charseq START="2051" END="2064">Saddam Hussein</charseq>
    </head>
  </entity_mention>
  <entity_attributes>
    <name NAME="Saddam Hussein">
      <charseq START="2051" END="2064">Saddam Hussein</charseq>
    </name>
  </entity_attributes>
</entity>
<entity ID="CNN_CF_20030305.1900.00-3-E33" TYPE="PER" SUBTYPE="Individual" CLASS="SPC">
  <entity_mention ID="CNN_CF_20030305.1900.00-3-E33-52" TYPE="NOM" LDCTYPE="NOM">
    <extent>
      <charseq START="2081" END="2088">the pope</charseq>
    </extent>
    <head>
      <charseq START="2085" END="2088">pope</charseq>
    </head>
  </entity_mention>
</entity>
<entity ID="CNN_CF_20030305.1900.00-3-E34" TYPE="PER" SUBTYPE="Individual" CLASS="SPC">
  <entity_mention ID="CNN_CF_20030305.1900.00-3-E34-53" TYPE="NAM" LDCTYPE="NAM">
    <extent>
      <charseq START="2190" END="2201">Maureen Orth</charseq>
    </extent>
    <head>
      <charseq START="2190" END="2201">Maureen Orth</charseq>
    </head>
  </entity_mention>
  <entity_mention ID="CNN_CF_20030305.1900.00-3-E34-54" TYPE="PRO" LDCTYPE="PRO">
    <extent>
      <charseq START="2212" END="2214">she</charseq>
    </extent>
    <head>
      <charseq START="2212" END="2214">she</charseq>
    </head>
  </entity_mention>
  <entity_mention ID="CNN_CF_20030305.1900.00-3-E34-58" TYPE="PRO" LDCTYPE="PRO">
    <extent>
      <charseq START="2286" END="2288">her</charseq>
    </extent>
    <head>
      <charseq START="2286" END="2288">her</charseq>
    </head>
  </entity_mention>
  <entity_attributes>
    <name NAME="Maureen Orth">
      <charseq START="2190" END="2201">Maureen Orth</charseq>
    </name>
  </entity_attributes>
</entity>
<entity ID="CNN_CF_20030305.1900.00-3-E35" TYPE="ORG" SUBTYPE="Media" CLASS="SPC">
  <entity_mention ID="CNN_CF_20030305.1900.00-3-E35-55" TYPE="NAM" LDCTYPE="NAM">
    <extent>
      <charseq START="2231" END="2241">Vanity Fair</charseq>
    </extent>
    <head>
      <charseq START="2231" END="2241">Vanity Fair</charseq>
    </head>
  </entity_mention>
  <entity_attributes>
    <name NAME="Vanity Fair">
      <charseq START="2231" END="2241">Vanity Fair</charseq>
    </name>
  </entity_attributes>
</entity>
<entity ID="CNN_CF_20030305.1900.00-3-E36" TYPE="PER" SUBTYPE="Individual" CLASS="SPC">
  <entity_mention ID="CNN_CF_20030305.1900.00-3-E36-56" TYPE="NAM" LDCTYPE="NAM">
    <extent>
      <charseq START="2255" END="2269">Michael Jackson</charseq>
    </extent>
    <head>
      <charseq START="2255" END="2269">Michael Jackson</charseq>
    </head>
  </entity_mention>
  <entity_attributes>
    <name NAME="Michael Jackson">
      <charseq START="2255" END="2269">Michael Jackson</charseq>
    </name>
  </entity_attributes>
</entity>
<entity ID="CNN_CF_20030305.1900.00-3-E38" TYPE="GPE" SUBTYPE="State-or-Province" CLASS="SPC">
  <entity_mention ID="CNN_CF_20030305.1900.00-3-E38-64" TYPE="NAM" LDCTYPE="NAMPRE" ROLE="GPE">
    <extent>
      <charseq START="212" END="219">Illinois</charseq>
    </extent>
    <head>
      <charseq START="212" END="219">Illinois</charseq>
    </head>
  </entity_mention>
  <entity_attributes>
    <name NAME="Illinois">
      <charseq START="212" END="219">Illinois</charseq>
    </name>
  </entity_attributes>
</entity>
<entity ID="CNN_CF_20030305.1900.00-3-E39" TYPE="ORG" SUBTYPE="Non-Governmental" CLASS="GEN">
  <entity_mention ID="CNN_CF_20030305.1900.00-3-E39-65" TYPE="NOM" LDCTYPE="NOM">
    <extent>
      <charseq START="1528" END="1537">your party</charseq>
    </extent>
    <head>
      <charseq START="1533" END="1537">party</charseq>
    </head>
  </entity_mention>
</entity>
<entity ID="CNN_CF_20030305.1900.00-3-E40" TYPE="PER" SUBTYPE="Group" CLASS="SPC">
  <entity_mention ID="CNN_CF_20030305.1900.00-3-E40-71" TYPE="NOM" LDCTYPE="NOM">
    <extent>
      <charseq START="474" END="482">her staff</charseq>
    </extent>
    <head>
      <charseq START="478" END="482">staff</charseq>
    </head>
  </entity_mention>
  <entity_mention ID="CNN_CF_20030305.1900.00-3-E40-73" TYPE="PRO" LDCTYPE="WHQ">
    <extent>
      <charseq START="485" END="489">which</charseq>
    </extent>
    <head>
      <charseq START="485" END="489">which</charseq>
    </head>
  </entity_mention>
</entity>
<entity ID="CNN_CF_20030305.1900.00-3-E42" TYPE="PER" SUBTYPE="Group" CLASS="USP">
  <entity_mention ID="CNN_CF_20030305.1900.00-3-E42-2" TYPE="PRO" LDCTYPE="PRO">
    <extent>
      <charseq START="828" END="831">They</charseq>
    </extent>
    <head>
      <charseq START="828" END="831">They</charseq>
    </head>
  </entity_mention>
  <entity_mention ID="CNN_CF_20030305.1900.00-3-E42-80" TYPE="NOM" LDCTYPE="BAR">
    <extent>
      <charseq START="714" END="753">primary voters in Iowa and New Hampshire</charseq>
    </extent>
    <head>
      <charseq START="722" END="727">voters</charseq>
    </head>
  </entity_mention>
</entity>
<entity ID="CNN_CF_20030305.1900.00-3-E43" TYPE="GPE" SUBTYPE="State-or-Province" CLASS="SPC">
  <entity_mention ID="CNN_CF_20030305.1900.00-3-E43-81" TYPE="NAM" LDCTYPE="NAM" ROLE="LOC">
    <extent>
      <charseq START="732" END="735">Iowa</charseq>
    </extent>
    <head>
      <charseq START="732" END="735">Iowa</charseq>
    </head>
  </entity_mention>
  <entity_attributes>
    <name NAME="Iowa">
      <charseq START="732" END="735">Iowa</charseq>
    </name>
  </entity_attributes>
</entity>
<value ID="CNN_CF_20030305.1900.00-3-V1" TYPE="Job-Title">
  <value_mention ID="CNN_CF_20030305.1900.00-3-V1-1">
    <extent>
      <charseq START="221" END="227">Senator</charseq>
    </extent>
  </value_mention>
</value>
<timex2 ID="CNN_CF_20030305.1900.00-3-T1">
  <timex2_mention ID="CNN_CF_20030305.1900.00-3-T1-1">
    <extent>
      <charseq START="38" END="62">2003-03-05T19:00:00-05:00</charseq>
    </extent>
  </timex2_mention>
</timex2>
<timex2 ID="CNN_CF_20030305.1900.00-3-T2">
  <timex2_mention ID="CNN_CF_20030305.1900.00-3-T2-1">
    <extent>
      <charseq START="205" END="210">Former</charseq>
    </extent>
  </timex2_mention>
</timex2>
<timex2 ID="CNN_CF_20030305.1900.00-3-T3">
  <timex2_mention ID="CNN_CF_20030305.1900.00-3-T3-1">
    <extent>
      <charseq START="249" END="256">recently</charseq>
    </extent>
  </timex2_mention>
</timex2>
<timex2 ID="CNN_CF_20030305.1900.00-3-T4">
  <timex2_mention ID="CNN_CF_20030305.1900.00-3-T4-1">
    <extent>
      <charseq START="325" END="333">yesterday</charseq>
    </extent>
  </timex2_mention>
</timex2>
<timex2 ID="CNN_CF_20030305.1900.00-3-T5">
  <timex2_mention ID="CNN_CF_20030305.1900.00-3-T5-1">
    <extent>
      <charseq START="857" END="862">latest</charseq>
    </extent>
  </timex2_mention>
</timex2>
<timex2 ID="CNN_CF_20030305.1900.00-3-T6">
  <timex2_mention ID="CNN_CF_20030305.1900.00-3-T6-1">
    <extent>
      <charseq START="1941" END="1947">tonight</charseq>
    </extent>
  </timex2_mention>
</timex2>
<relation ID="CNN_CF_20030305.1900.00-3-R1" TYPE="ORG-AFF" SUBTYPE="Employment" TENSE="Past" MODALITY="Asserted">
  <relation_argument REFID="CNN_CF_20030305.1900.00-3-E24" ROLE="Arg-1"/>
  <relation_argument REFID="CNN_CF_20030305.1900.00-3-E38" ROLE="Arg-2"/>
  <relation_mention ID="CNN_CF_20030305.1900.00-3-R1-1" LEXICALCONDITION="PreMod">
    <extent>
      <charseq START="205" END="227">Former Illinois Senator</charseq>
    </extent>
    <relation_mention_argument REFID="CNN_CF_20030305.1900.00-3-E24-61" ROLE="Arg-1">
      <extent>
        <charseq START="205" END="227">Former Illinois Senator</charseq>
      </extent>
    </relation_mention_argument>
    <relation_mention_argument REFID="CNN_CF_20030305.1900.00-3-E38-64" ROLE="Arg-2">
      <extent>
        <charseq START="212" END="219">Illinois</charseq>
      </extent>
    </relation_mention_argument>
  </relation_mention>
</relation>
<relation ID="CNN_CF_20030305.1900.00-3-R2" TYPE="PER-SOC" SUBTYPE="Business" TENSE="Unspecified" MODALITY="Asserted">
  <relation_argument REFID="CNN_CF_20030305.1900.00-3-E24" ROLE="Arg-1"/>
  <relation_argument REFID="CNN_CF_20030305.1900.00-3-E40" ROLE="Arg-2"/>
  <relation_mention ID="CNN_CF_20030305.1900.00-3-R2-1" LEXICALCONDITION="Possessive">
    <extent>
      <charseq START="474" END="482">her staff</charseq>
    </extent>
    <relation_mention_argument REFID="CNN_CF_20030305.1900.00-3-E24-72" ROLE="Arg-1">
      <extent>
        <charseq START="474" END="476">her</charseq>
      </extent>
    </relation_mention_argument>
    <relation_mention_argument REFID="CNN_CF_20030305.1900.00-3-E40-71" ROLE="Arg-2">
      <extent>
        <charseq START="474" END="482">her staff</charseq>
      </extent>
    </relation_mention_argument>
  </relation_mention>
</relation>
<relation ID="CNN_CF_20030305.1900.00-3-R3" TYPE="PHYS" SUBTYPE="Located" TENSE="Unspecified" MODALITY="Asserted">
  <relation_argument REFID="CNN_CF_20030305.1900.00-3-E42" ROLE="Arg-1"/>
  <relation_argument REFID="CNN_CF_20030305.1900.00-3-E43" ROLE="Arg-2"/>
  <relation_mention ID="CNN_CF_20030305.1900.00-3-R3-1" LEXICALCONDITION="Preposition">
    <extent>
      <charseq START="714" END="753">primary voters in Iowa and New Hampshire</charseq>
    </extent>
    <relation_mention_argument REFID="CNN_CF_20030305.1900.00-3-E42-80" ROLE="Arg-1">
      <extent>
        <charseq START="714" END="753">primary voters in Iowa and New Hampshire</charseq>
      </extent>
    </relation_mention_argument>
    <relation_mention_argument REFID="CNN_CF_20030305.1900.00-3-E43-81" ROLE="Arg-2">
      <extent>
        <charseq START="732" END="735">Iowa</charseq>
      </extent>
    </relation_mention_argument>
  </relation_mention>
</relation>
<relation ID="CNN_CF_20030305.1900.00-3-R4" TYPE="PHYS" SUBTYPE="Located" TENSE="Unspecified" MODALITY="Asserted">
  <relation_argument REFID="CNN_CF_20030305.1900.00-3-E42" ROLE="Arg-1"/>
  <relation_argument REFID="CNN_CF_20030305.1900.00-3-E1" ROLE="Arg-2"/>
  <relation_mention ID="CNN_CF_20030305.1900.00-3-R4-1" LEXICALCONDITION="Preposition">
    <extent>
      <charseq START="714" END="753">primary voters in Iowa and New Hampshire</charseq>
    </extent>
    <relation_mention_argument REFID="CNN_CF_20030305.1900.00-3-E42-80" ROLE="Arg-1">
      <extent>
        <charseq START="714" END="753">primary voters in Iowa and New Hampshire</charseq>
      </extent>
    </relation_mention_argument>
    <relation_mention_argument REFID="CNN_CF_20030305.1900.00-3-E1-82" ROLE="Arg-2">
      <extent>
        <charseq START="741" END="753">New Hampshire</charseq>
      </extent>
    </relation_mention_argument>
  </relation_mention>
</relation>
<relation ID="CNN_CF_20030305.1900.00-3-R5" TYPE="ORG-AFF" SUBTYPE="Membership" TENSE="Unspecified" MODALITY="Asserted">
  <relation_argument REFID="CNN_CF_20030305.1900.00-3-E30" ROLE="Arg-1"/>
  <relation_argument REFID="CNN_CF_20030305.1900.00-3-E31" ROLE="Arg-2"/>
  <relation_mention ID="CNN_CF_20030305.1900.00-3-R5-1" LEXICALCONDITION="Preposition">
    <extent>
      <charseq START="1973" END="1995">two members of Congress</charseq>
    </extent>
    <relation_mention_argument REFID="CNN_CF_20030305.1900.00-3-E30-48" ROLE="Arg-1">
      <extent>
        <charseq START="1973" END="1995">two members of Congress</charseq>
      </extent>
    </relation_mention_argument>
    <relation_mention_argument REFID="CNN_CF_20030305.1900.00-3-E31-49" ROLE="Arg-2">
      <extent>
        <charseq START="1988" END="1995">Congress</charseq>
      </extent>
    </relation_mention_argument>
  </relation_mention>
</relation>
<relation ID="CNN_CF_20030305.1900.00-3-R6" TYPE="ORG-AFF" SUBTYPE="Membership" TENSE="Unspecified" MODALITY="Asserted">
  <relation_argument REFID="CNN_CF_20030305.1900.00-3-E17" ROLE="Arg-1"/>
  <relation_argument REFID="CNN_CF_20030305.1900.00-3-E39" ROLE="Arg-2"/>
  <relation_mention ID="CNN_CF_20030305.1900.00-3-R6-1" LEXICALCONDITION="Possessive">
    <extent>
      <charseq START="1528" END="1537">your party</charseq>
    </extent>
    <relation_mention_argument REFID="CNN_CF_20030305.1900.00-3-E17-28" ROLE="Arg-1">
      <extent>
        <charseq START="1528" END="1531">your</charseq>
      </extent>
    </relation_mention_argument>
    <relation_mention_argument REFID="CNN_CF_20030305.1900.00-3-E39-65" ROLE="Arg-2">
      <extent>
        <charseq START="1528" END="1537">your party</charseq>
      </extent>
    </relation_mention_argument>
  </relation_mention>
</relation>
<event ID="CNN_CF_20030305.1900.00-3-EV1" TYPE="Personnel" SUBTYPE="End-Position" MODALITY="Asserted" POLARITY="Positive" GENERICITY="Specific" TENSE="Past">
  <event_argument REFID="CNN_CF_20030305.1900.00-3-E24" ROLE="Person"/>
  <event_argument REFID="CNN_CF_20030305.1900.00-3-E38" ROLE="Place"/>
  <event_argument REFID="CNN_CF_20030305.1900.00-3-V1" ROLE="Position"/>
  <event_mention ID="CNN_CF_20030305.1900.00-3-EV1-1">
    <extent>
      <charseq START="205" END="247">Former Illinois Senator Carol Moseley-Braun</charseq>
    </extent>
    <ldc_scope>
      <charseq START="205" END="285">Former Illinois Senator Carol Moseley-Braun recently decided to run for
president</charseq>
    </ldc_scope>
    <anchor>
      <charseq START="205" END="210">Former</charseq>
    </anchor>
    <event_mention_argument REFID="CNN_CF_20030305.1900.00-3-E24-1" ROLE="Person">
      <extent>
        <charseq START="205" END="247">Former Illinois Senator Carol Moseley-Braun</charseq>
      </extent>
    </event_mention_argument>
    <event_mention_argument REFID="CNN_CF_20030305.1900.00-3-E38-64" ROLE="Place">
      <extent>
        <charseq START="212" END="219">Illinois</charseq>
      </extent>
    </event_mention_argument>
    <event_mention_argument REFID="CNN_CF_20030305.1900.00-3-V1-1" ROLE="Position">
      <extent>
        <charseq START="221" END="227">Senator</charseq>
      </extent>
    </event_mention_argument>
  </event_mention>
</event>
<event ID="CNN_CF_20030305.1900.00-3-EV2" TYPE="Personnel" SUBTYPE="Elect" MODALITY="Asserted" POLARITY="Positive" GENERICITY="Generic" TENSE="Unspecified">
  <event_argument REFID="CNN_CF_20030305.1900.00-3-E17" ROLE="Person"/>
  <event_mention ID="CNN_CF_20030305.1900.00-3-EV2-1">
    <extent>
      <charseq START="1360" END="1402">You become honorable by winning an election</charseq>
    </extent>
    <ldc_scope>
      <charseq START="1360" END="1486">You become honorable by winning an election of some sort or having a high
post, being an ambassador or a governor or some thing</charseq>
    </ldc_scope>
    <anchor>
      <charseq START="1395" END="1402">election</charseq>
    </anchor>
    <event_mention_argument REFID="CNN_CF_20030305.1900.00-3-E17-25" ROLE="Person">
      <extent>
        <charseq START="1360" END="1362">You</charseq>
      </extent>
    </event_mention_argument>
  </event_mention>
</event>
<event ID="CNN_CF_20030305.1900.00-3-EV3" TYPE="Conflict" SUBTYPE="Attack" MODALITY="Asserted" POLARITY="Positive" GENERICITY="Generic" TENSE="Unspecified">
  <event_argument REFID="CNN_CF_20030305.1900.00-3-E32" ROLE="Target"/>
  <event_mention ID="CNN_CF_20030305.1900.00-3-EV3-1">
    <extent>
      <charseq START="2023" END="2064">war is the only way to make Saddam Hussein</charseq>
    </extent>
    <ldc_scope>
      <charseq START="1950" END="2071">In a moment, we'll ask two members of Congress if they're convinced that
war is the only way to make Saddam Hussein disarm</charseq>
    </ldc_scope>
    <anchor>
      <charseq START="2023" END="2025">war</charseq>
    </anchor>
    <event_mention_argument REFID="CNN_CF_20030305.1900.00-3-E32-51" ROLE="Target">
      <extent>
        <charseq START="2051" END="2064">Saddam Hussein</charseq>
      </extent>
    </event_mention_argument>
  </event_mention>
</event>
<event ID="CNN_CF_20030305.1900.00-3-EV4" TYPE="Conflict" SUBTYPE="Attack" MODALITY="Asserted" POLARITY="Negative" GENERICITY="Generic" TENSE="Unspecified">
  <event_mention ID="CNN_CF_20030305.1900.00-3-EV4-1">
    <extent>
      <charseq START="2127" END="2129">war</charseq>
    </extent>
    <ldc_scope>
      <charseq START="2074" END="2150">Later, the pope
practices religion and a little anti-war politics on the side</charseq>
    </ldc_scope>
    <anchor>
      <charseq START="2127" END="2129">war</charseq>
    </anchor>
  </event_mention>
</event>
</document>
</source_file>
