<?xml version="1.0"?>
<!DOCTYPE AGSet SYSTEM "ag-1.1.dtd">
<AGSet id="CNN_IP_20030417.1600.06" version="1.0" xmlns="http://www.ldc.upenn.edu/atlas/ag/" xmlns:xlink="http://www.w3.org/1999/xlink" xmlns:dc="http://purl.org/DC/documents/rec-dces-19990702.htm">
<Metadata>
<MetadataElement name="author">LDC</MetadataElement>
<MetadataElement name="encoding">UTF-8</MetadataElement>
<MetadataElement name="source"></MetadataElement>
<MetadataElement name="type">text</MetadataElement>
<MetadataElement name="uri">CNN_IP_20030417.1600.06.sgm</MetadataElement>
<MetadataElement name="version">3.1</MetadataElement>
</Metadata>
<Timeline id="CNN_IP_20030417.1600.06:T1">
<Signal id="CNN_IP_20030417.1600.06:T1:1" mimeClass="text" mimeType="NULL" encoding="unknown" unit="char" xlink:type="simple" xlink:href="URI" track="NULL"></Signal>
</Timeline>
<AG id="CNN_IP_20030417.1600.06:1" timeline="CNN_IP_20030417.1600.06:T1">
<Metadata>
<MetadataElement name="docid">CNN_IP_20030417.1600.06</MetadataElement>
</Metadata>
<Anchor id="CNN_IP_20030417.1600.06:1:33" offset="117.000000"></Anchor>
<Anchor id="CNN_IP_20030417.1600.06:1:34" offset="141.000000"></Anchor>
<Anchor id="CNN_IP_20030417.1600.06:1:1" offset="279.000000"></Anchor>
<Anchor id="CNN_IP_20030417.1600.06:1:3g" offset="279.000000"></Anchor>
<Anchor id="CNN_IP_20030417.1600.06:1:3o" offset="279.000000"></Anchor>
<Anchor id="CNN_IP_20030417.1600.06:1:4r" offset="279.000000"></Anchor>
<Anchor id="CNN_IP_20030417.1600.06:1:3" offset="283.000000"></Anchor>
<Anchor id="CNN_IP_20030417.1600.06:1:4" offset="291.000000"></Anchor>
<Anchor id="CNN_IP_20030417.1600.06:1:9" offset="293.000000"></Anchor>
<Anchor id="CNN_IP_20030417.1600.06:1:B" offset="293.000000"></Anchor>
<Anchor id="CNN_IP_20030417.1600.06:1:A" offset="295.000000"></Anchor>
<Anchor id="CNN_IP_20030417.1600.06:1:C" offset="295.000000"></Anchor>
<Anchor id="CNN_IP_20030417.1600.06:1:3i" offset="297.000000"></Anchor>
<Anchor id="CNN_IP_20030417.1600.06:1:3j" offset="300.000000"></Anchor>
<Anchor id="CNN_IP_20030417.1600.06:1:D" offset="302.000000"></Anchor>
<Anchor id="CNN_IP_20030417.1600.06:1:G" offset="302.000000"></Anchor>
<Anchor id="CNN_IP_20030417.1600.06:1:F" offset="306.000000"></Anchor>
<Anchor id="CNN_IP_20030417.1600.06:1:H" offset="306.000000"></Anchor>
<Anchor id="CNN_IP_20030417.1600.06:1:3q" offset="317.000000"></Anchor>
<Anchor id="CNN_IP_20030417.1600.06:1:2" offset="339.000000"></Anchor>
<Anchor id="CNN_IP_20030417.1600.06:1:3r" offset="339.000000"></Anchor>
<Anchor id="CNN_IP_20030417.1600.06:1:I" offset="356.000000"></Anchor>
<Anchor id="CNN_IP_20030417.1600.06:1:K" offset="356.000000"></Anchor>
<Anchor id="CNN_IP_20030417.1600.06:1:J" offset="382.000000"></Anchor>
<Anchor id="CNN_IP_20030417.1600.06:1:L" offset="382.000000"></Anchor>
<Anchor id="CNN_IP_20030417.1600.06:1:1h" offset="384.000000"></Anchor>
<Anchor id="CNN_IP_20030417.1600.06:1:1i" offset="388.000000"></Anchor>
<Anchor id="CNN_IP_20030417.1600.06:1:3h" offset="388.000000"></Anchor>
<Anchor id="CNN_IP_20030417.1600.06:1:3p" offset="388.000000"></Anchor>
<Anchor id="CNN_IP_20030417.1600.06:1:4s" offset="388.000000"></Anchor>
<Anchor id="CNN_IP_20030417.1600.06:1:38" offset="391.000000"></Anchor>
<Anchor id="CNN_IP_20030417.1600.06:1:3H" offset="391.000000"></Anchor>
<Anchor id="CNN_IP_20030417.1600.06:1:3u" offset="391.000000"></Anchor>
<Anchor id="CNN_IP_20030417.1600.06:1:59" offset="391.000000"></Anchor>
<Anchor id="CNN_IP_20030417.1600.06:1:Q" offset="391.000000"></Anchor>
<Anchor id="CNN_IP_20030417.1600.06:1:Z" offset="391.000000"></Anchor>
<Anchor id="CNN_IP_20030417.1600.06:1:f" offset="391.000000"></Anchor>
<Anchor id="CNN_IP_20030417.1600.06:1:h" offset="391.000000"></Anchor>
<Anchor id="CNN_IP_20030417.1600.06:1:g" offset="396.000000"></Anchor>
<Anchor id="CNN_IP_20030417.1600.06:1:i" offset="396.000000"></Anchor>
<Anchor id="CNN_IP_20030417.1600.06:1:b" offset="404.000000"></Anchor>
<Anchor id="CNN_IP_20030417.1600.06:1:39" offset="411.000000"></Anchor>
<Anchor id="CNN_IP_20030417.1600.06:1:a" offset="411.000000"></Anchor>
<Anchor id="CNN_IP_20030417.1600.06:1:c" offset="411.000000"></Anchor>
<Anchor id="CNN_IP_20030417.1600.06:1:S" offset="413.000000"></Anchor>
<Anchor id="CNN_IP_20030417.1600.06:1:R" offset="425.000000"></Anchor>
<Anchor id="CNN_IP_20030417.1600.06:1:U" offset="425.000000"></Anchor>
<Anchor id="CNN_IP_20030417.1600.06:1:p" offset="431.000000"></Anchor>
<Anchor id="CNN_IP_20030417.1600.06:1:r" offset="431.000000"></Anchor>
<Anchor id="CNN_IP_20030417.1600.06:1:s" offset="433.000000"></Anchor>
<Anchor id="CNN_IP_20030417.1600.06:1:x" offset="438.000000"></Anchor>
<Anchor id="CNN_IP_20030417.1600.06:1:z" offset="438.000000"></Anchor>
<Anchor id="CNN_IP_20030417.1600.06:1:10" offset="439.000000"></Anchor>
<Anchor id="CNN_IP_20030417.1600.06:1:3w" offset="441.000000"></Anchor>
<Anchor id="CNN_IP_20030417.1600.06:1:3x" offset="446.000000"></Anchor>
<Anchor id="CNN_IP_20030417.1600.06:1:5G" offset="454.000000"></Anchor>
<Anchor id="CNN_IP_20030417.1600.06:1:5H" offset="459.000000"></Anchor>
<Anchor id="CNN_IP_20030417.1600.06:1:15" offset="466.000000"></Anchor>
<Anchor id="CNN_IP_20030417.1600.06:1:17" offset="466.000000"></Anchor>
<Anchor id="CNN_IP_20030417.1600.06:1:16" offset="474.000000"></Anchor>
<Anchor id="CNN_IP_20030417.1600.06:1:18" offset="474.000000"></Anchor>
<Anchor id="CNN_IP_20030417.1600.06:1:1l" offset="479.000000"></Anchor>
<Anchor id="CNN_IP_20030417.1600.06:1:1m" offset="486.000000"></Anchor>
<Anchor id="CNN_IP_20030417.1600.06:1:3I" offset="486.000000"></Anchor>
<Anchor id="CNN_IP_20030417.1600.06:1:3v" offset="486.000000"></Anchor>
<Anchor id="CNN_IP_20030417.1600.06:1:5A" offset="486.000000"></Anchor>
<Anchor id="CNN_IP_20030417.1600.06:1:q" offset="486.000000"></Anchor>
<Anchor id="CNN_IP_20030417.1600.06:1:y" offset="486.000000"></Anchor>
<Anchor id="CNN_IP_20030417.1600.06:1:37" offset="489.000000"></Anchor>
<Anchor id="CNN_IP_20030417.1600.06:1:3V" offset="489.000000"></Anchor>
<Anchor id="CNN_IP_20030417.1600.06:1:46" offset="489.000000"></Anchor>
<Anchor id="CNN_IP_20030417.1600.06:1:4I" offset="489.000000"></Anchor>
<Anchor id="CNN_IP_20030417.1600.06:1:3R" offset="490.000000"></Anchor>
<Anchor id="CNN_IP_20030417.1600.06:1:3W" offset="490.000000"></Anchor>
<Anchor id="CNN_IP_20030417.1600.06:1:4n" offset="496.000000"></Anchor>
<Anchor id="CNN_IP_20030417.1600.06:1:4o" offset="507.000000"></Anchor>
<Anchor id="CNN_IP_20030417.1600.06:1:3X" offset="513.000000"></Anchor>
<Anchor id="CNN_IP_20030417.1600.06:1:4D" offset="523.000000"></Anchor>
<Anchor id="CNN_IP_20030417.1600.06:1:4F" offset="532.000000"></Anchor>
<Anchor id="CNN_IP_20030417.1600.06:1:48" offset="537.000000"></Anchor>
<Anchor id="CNN_IP_20030417.1600.06:1:49" offset="539.000000"></Anchor>
<Anchor id="CNN_IP_20030417.1600.06:1:4K" offset="548.000000"></Anchor>
<Anchor id="CNN_IP_20030417.1600.06:1:47" offset="550.000000"></Anchor>
<Anchor id="CNN_IP_20030417.1600.06:1:4C" offset="550.000000"></Anchor>
<Anchor id="CNN_IP_20030417.1600.06:1:4J" offset="550.000000"></Anchor>
<Anchor id="CNN_IP_20030417.1600.06:1:4L" offset="550.000000"></Anchor>
<Anchor id="CNN_IP_20030417.1600.06:1:51" offset="553.000000"></Anchor>
<Anchor id="CNN_IP_20030417.1600.06:1:1O" offset="557.000000"></Anchor>
<Anchor id="CNN_IP_20030417.1600.06:1:1o" offset="557.000000"></Anchor>
<Anchor id="CNN_IP_20030417.1600.06:1:1u" offset="557.000000"></Anchor>
<Anchor id="CNN_IP_20030417.1600.06:1:1w" offset="557.000000"></Anchor>
<Anchor id="CNN_IP_20030417.1600.06:1:3Y" offset="557.000000"></Anchor>
<Anchor id="CNN_IP_20030417.1600.06:1:1v" offset="561.000000"></Anchor>
<Anchor id="CNN_IP_20030417.1600.06:1:1x" offset="561.000000"></Anchor>
<Anchor id="CNN_IP_20030417.1600.06:1:1q" offset="576.000000"></Anchor>
<Anchor id="CNN_IP_20030417.1600.06:1:1p" offset="584.000000"></Anchor>
<Anchor id="CNN_IP_20030417.1600.06:1:1r" offset="584.000000"></Anchor>
<Anchor id="CNN_IP_20030417.1600.06:1:3Z" offset="584.000000"></Anchor>
<Anchor id="CNN_IP_20030417.1600.06:1:1a" offset="586.000000"></Anchor>
<Anchor id="CNN_IP_20030417.1600.06:1:1c" offset="586.000000"></Anchor>
<Anchor id="CNN_IP_20030417.1600.06:1:1b" offset="590.000000"></Anchor>
<Anchor id="CNN_IP_20030417.1600.06:1:1d" offset="590.000000"></Anchor>
<Anchor id="CNN_IP_20030417.1600.06:1:1Q" offset="592.000000"></Anchor>
<Anchor id="CNN_IP_20030417.1600.06:1:1P" offset="604.000000"></Anchor>
<Anchor id="CNN_IP_20030417.1600.06:1:1R" offset="604.000000"></Anchor>
<Anchor id="CNN_IP_20030417.1600.06:1:24" offset="632.000000"></Anchor>
<Anchor id="CNN_IP_20030417.1600.06:1:26" offset="632.000000"></Anchor>
<Anchor id="CNN_IP_20030417.1600.06:1:25" offset="640.000000"></Anchor>
<Anchor id="CNN_IP_20030417.1600.06:1:27" offset="640.000000"></Anchor>
<Anchor id="CNN_IP_20030417.1600.06:1:52" offset="640.000000"></Anchor>
<Anchor id="CNN_IP_20030417.1600.06:1:28" offset="643.000000"></Anchor>
<Anchor id="CNN_IP_20030417.1600.06:1:2A" offset="643.000000"></Anchor>
<Anchor id="CNN_IP_20030417.1600.06:1:4O" offset="643.000000"></Anchor>
<Anchor id="CNN_IP_20030417.1600.06:1:4b" offset="643.000000"></Anchor>
<Anchor id="CNN_IP_20030417.1600.06:1:5K" offset="643.000000"></Anchor>
<Anchor id="CNN_IP_20030417.1600.06:1:29" offset="644.000000"></Anchor>
<Anchor id="CNN_IP_20030417.1600.06:1:2B" offset="644.000000"></Anchor>
<Anchor id="CNN_IP_20030417.1600.06:1:4Q" offset="646.000000"></Anchor>
<Anchor id="CNN_IP_20030417.1600.06:1:4R" offset="649.000000"></Anchor>
<Anchor id="CNN_IP_20030417.1600.06:1:4d" offset="654.000000"></Anchor>
<Anchor id="CNN_IP_20030417.1600.06:1:4e" offset="661.000000"></Anchor>
<Anchor id="CNN_IP_20030417.1600.06:1:2C" offset="670.000000"></Anchor>
<Anchor id="CNN_IP_20030417.1600.06:1:2F" offset="670.000000"></Anchor>
<Anchor id="CNN_IP_20030417.1600.06:1:2D" offset="676.000000"></Anchor>
<Anchor id="CNN_IP_20030417.1600.06:1:2G" offset="676.000000"></Anchor>
<Anchor id="CNN_IP_20030417.1600.06:1:5Q" offset="678.000000"></Anchor>
<Anchor id="CNN_IP_20030417.1600.06:1:5R" offset="683.000000"></Anchor>
<Anchor id="CNN_IP_20030417.1600.06:1:2N" offset="688.000000"></Anchor>
<Anchor id="CNN_IP_20030417.1600.06:1:2P" offset="697.000000"></Anchor>
<Anchor id="CNN_IP_20030417.1600.06:1:2O" offset="703.000000"></Anchor>
<Anchor id="CNN_IP_20030417.1600.06:1:2Q" offset="703.000000"></Anchor>
<Anchor id="CNN_IP_20030417.1600.06:1:4P" offset="703.000000"></Anchor>
<Anchor id="CNN_IP_20030417.1600.06:1:4c" offset="703.000000"></Anchor>
<Anchor id="CNN_IP_20030417.1600.06:1:5L" offset="703.000000"></Anchor>
<Anchor id="CNN_IP_20030417.1600.06:1:2W" offset="766.000000"></Anchor>
<Anchor id="CNN_IP_20030417.1600.06:1:2X" offset="766.000000"></Anchor>
<Anchor id="CNN_IP_20030417.1600.06:1:2Y" offset="766.000000"></Anchor>
<Anchor id="CNN_IP_20030417.1600.06:1:2Z" offset="766.000000"></Anchor>
<Anchor id="CNN_IP_20030417.1600.06:1:2e" offset="770.000000"></Anchor>
<Anchor id="CNN_IP_20030417.1600.06:1:2g" offset="770.000000"></Anchor>
<Anchor id="CNN_IP_20030417.1600.06:1:2f" offset="782.000000"></Anchor>
<Anchor id="CNN_IP_20030417.1600.06:1:2h" offset="782.000000"></Anchor>
<Anchor id="CNN_IP_20030417.1600.06:1:2k" offset="785.000000"></Anchor>
<Anchor id="CNN_IP_20030417.1600.06:1:2m" offset="785.000000"></Anchor>
<Anchor id="CNN_IP_20030417.1600.06:1:2l" offset="786.000000"></Anchor>
<Anchor id="CNN_IP_20030417.1600.06:1:2n" offset="786.000000"></Anchor>
<Anchor id="CNN_IP_20030417.1600.06:1:2s" offset="794.000000"></Anchor>
<Anchor id="CNN_IP_20030417.1600.06:1:2u" offset="794.000000"></Anchor>
<Anchor id="CNN_IP_20030417.1600.06:1:2t" offset="796.000000"></Anchor>
<Anchor id="CNN_IP_20030417.1600.06:1:2v" offset="796.000000"></Anchor>
<Anchor id="CNN_IP_20030417.1600.06:1:1X" offset="810.000000"></Anchor>
<Anchor id="CNN_IP_20030417.1600.06:1:1Z" offset="810.000000"></Anchor>
<Anchor id="CNN_IP_20030417.1600.06:1:1Y" offset="811.000000"></Anchor>
<Anchor id="CNN_IP_20030417.1600.06:1:1g" offset="811.000000"></Anchor>
<Anchor id="CNN_IP_20030417.1600.06:1:11"></Anchor>
<Anchor id="CNN_IP_20030417.1600.06:1:12"></Anchor>
<Anchor id="CNN_IP_20030417.1600.06:1:13"></Anchor>
<Anchor id="CNN_IP_20030417.1600.06:1:14"></Anchor>
<Anchor id="CNN_IP_20030417.1600.06:1:19"></Anchor>
<Anchor id="CNN_IP_20030417.1600.06:1:1A"></Anchor>
<Anchor id="CNN_IP_20030417.1600.06:1:1B"></Anchor>
<Anchor id="CNN_IP_20030417.1600.06:1:1C"></Anchor>
<Anchor id="CNN_IP_20030417.1600.06:1:1S"></Anchor>
<Anchor id="CNN_IP_20030417.1600.06:1:1U"></Anchor>
<Anchor id="CNN_IP_20030417.1600.06:1:1V"></Anchor>
<Anchor id="CNN_IP_20030417.1600.06:1:1W"></Anchor>
<Anchor id="CNN_IP_20030417.1600.06:1:1e"></Anchor>
<Anchor id="CNN_IP_20030417.1600.06:1:1f"></Anchor>
<Anchor id="CNN_IP_20030417.1600.06:1:1j"></Anchor>
<Anchor id="CNN_IP_20030417.1600.06:1:1k"></Anchor>
<Anchor id="CNN_IP_20030417.1600.06:1:1n"></Anchor>
<Anchor id="CNN_IP_20030417.1600.06:1:1s"></Anchor>
<Anchor id="CNN_IP_20030417.1600.06:1:1t"></Anchor>
<Anchor id="CNN_IP_20030417.1600.06:1:1y"></Anchor>
<Anchor id="CNN_IP_20030417.1600.06:1:1z"></Anchor>
<Anchor id="CNN_IP_20030417.1600.06:1:20"></Anchor>
<Anchor id="CNN_IP_20030417.1600.06:1:21"></Anchor>
<Anchor id="CNN_IP_20030417.1600.06:1:22"></Anchor>
<Anchor id="CNN_IP_20030417.1600.06:1:23"></Anchor>
<Anchor id="CNN_IP_20030417.1600.06:1:2H"></Anchor>
<Anchor id="CNN_IP_20030417.1600.06:1:2I"></Anchor>
<Anchor id="CNN_IP_20030417.1600.06:1:2J"></Anchor>
<Anchor id="CNN_IP_20030417.1600.06:1:2K"></Anchor>
<Anchor id="CNN_IP_20030417.1600.06:1:2L"></Anchor>
<Anchor id="CNN_IP_20030417.1600.06:1:2M"></Anchor>
<Anchor id="CNN_IP_20030417.1600.06:1:2R"></Anchor>
<Anchor id="CNN_IP_20030417.1600.06:1:2S"></Anchor>
<Anchor id="CNN_IP_20030417.1600.06:1:2U"></Anchor>
<Anchor id="CNN_IP_20030417.1600.06:1:2V"></Anchor>
<Anchor id="CNN_IP_20030417.1600.06:1:2a"></Anchor>
<Anchor id="CNN_IP_20030417.1600.06:1:2b"></Anchor>
<Anchor id="CNN_IP_20030417.1600.06:1:2c"></Anchor>
<Anchor id="CNN_IP_20030417.1600.06:1:2d"></Anchor>
<Anchor id="CNN_IP_20030417.1600.06:1:2i"></Anchor>
<Anchor id="CNN_IP_20030417.1600.06:1:2j"></Anchor>
<Anchor id="CNN_IP_20030417.1600.06:1:2o"></Anchor>
<Anchor id="CNN_IP_20030417.1600.06:1:2p"></Anchor>
<Anchor id="CNN_IP_20030417.1600.06:1:2q"></Anchor>
<Anchor id="CNN_IP_20030417.1600.06:1:2r"></Anchor>
<Anchor id="CNN_IP_20030417.1600.06:1:2w"></Anchor>
<Anchor id="CNN_IP_20030417.1600.06:1:2x"></Anchor>
<Anchor id="CNN_IP_20030417.1600.06:1:2y"></Anchor>
<Anchor id="CNN_IP_20030417.1600.06:1:2z"></Anchor>
<Anchor id="CNN_IP_20030417.1600.06:1:30"></Anchor>
<Anchor id="CNN_IP_20030417.1600.06:1:31"></Anchor>
<Anchor id="CNN_IP_20030417.1600.06:1:32"></Anchor>
<Anchor id="CNN_IP_20030417.1600.06:1:35"></Anchor>
<Anchor id="CNN_IP_20030417.1600.06:1:36"></Anchor>
<Anchor id="CNN_IP_20030417.1600.06:1:3A"></Anchor>
<Anchor id="CNN_IP_20030417.1600.06:1:3B"></Anchor>
<Anchor id="CNN_IP_20030417.1600.06:1:3C"></Anchor>
<Anchor id="CNN_IP_20030417.1600.06:1:3D"></Anchor>
<Anchor id="CNN_IP_20030417.1600.06:1:3F"></Anchor>
<Anchor id="CNN_IP_20030417.1600.06:1:3G"></Anchor>
<Anchor id="CNN_IP_20030417.1600.06:1:3J"></Anchor>
<Anchor id="CNN_IP_20030417.1600.06:1:3K"></Anchor>
<Anchor id="CNN_IP_20030417.1600.06:1:3L"></Anchor>
<Anchor id="CNN_IP_20030417.1600.06:1:3M"></Anchor>
<Anchor id="CNN_IP_20030417.1600.06:1:3N"></Anchor>
<Anchor id="CNN_IP_20030417.1600.06:1:3O"></Anchor>
<Anchor id="CNN_IP_20030417.1600.06:1:3P"></Anchor>
<Anchor id="CNN_IP_20030417.1600.06:1:3Q"></Anchor>
<Anchor id="CNN_IP_20030417.1600.06:1:3a"></Anchor>
<Anchor id="CNN_IP_20030417.1600.06:1:3b"></Anchor>
<Anchor id="CNN_IP_20030417.1600.06:1:3c"></Anchor>
<Anchor id="CNN_IP_20030417.1600.06:1:3d"></Anchor>
<Anchor id="CNN_IP_20030417.1600.06:1:3e"></Anchor>
<Anchor id="CNN_IP_20030417.1600.06:1:3f"></Anchor>
<Anchor id="CNN_IP_20030417.1600.06:1:3k"></Anchor>
<Anchor id="CNN_IP_20030417.1600.06:1:3l"></Anchor>
<Anchor id="CNN_IP_20030417.1600.06:1:3m"></Anchor>
<Anchor id="CNN_IP_20030417.1600.06:1:3n"></Anchor>
<Anchor id="CNN_IP_20030417.1600.06:1:3s"></Anchor>
<Anchor id="CNN_IP_20030417.1600.06:1:3t"></Anchor>
<Anchor id="CNN_IP_20030417.1600.06:1:3y"></Anchor>
<Anchor id="CNN_IP_20030417.1600.06:1:3z"></Anchor>
<Anchor id="CNN_IP_20030417.1600.06:1:40"></Anchor>
<Anchor id="CNN_IP_20030417.1600.06:1:41"></Anchor>
<Anchor id="CNN_IP_20030417.1600.06:1:42"></Anchor>
<Anchor id="CNN_IP_20030417.1600.06:1:43"></Anchor>
<Anchor id="CNN_IP_20030417.1600.06:1:44"></Anchor>
<Anchor id="CNN_IP_20030417.1600.06:1:45"></Anchor>
<Anchor id="CNN_IP_20030417.1600.06:1:4A"></Anchor>
<Anchor id="CNN_IP_20030417.1600.06:1:4B"></Anchor>
<Anchor id="CNN_IP_20030417.1600.06:1:4G"></Anchor>
<Anchor id="CNN_IP_20030417.1600.06:1:4H"></Anchor>
<Anchor id="CNN_IP_20030417.1600.06:1:4M"></Anchor>
<Anchor id="CNN_IP_20030417.1600.06:1:4N"></Anchor>
<Anchor id="CNN_IP_20030417.1600.06:1:4S"></Anchor>
<Anchor id="CNN_IP_20030417.1600.06:1:4U"></Anchor>
<Anchor id="CNN_IP_20030417.1600.06:1:4V"></Anchor>
<Anchor id="CNN_IP_20030417.1600.06:1:4W"></Anchor>
<Anchor id="CNN_IP_20030417.1600.06:1:4X"></Anchor>
<Anchor id="CNN_IP_20030417.1600.06:1:4Y"></Anchor>
<Anchor id="CNN_IP_20030417.1600.06:1:4Z"></Anchor>
<Anchor id="CNN_IP_20030417.1600.06:1:4a"></Anchor>
<Anchor id="CNN_IP_20030417.1600.06:1:4f"></Anchor>
<Anchor id="CNN_IP_20030417.1600.06:1:4g"></Anchor>
<Anchor id="CNN_IP_20030417.1600.06:1:4h"></Anchor>
<Anchor id="CNN_IP_20030417.1600.06:1:4i"></Anchor>
<Anchor id="CNN_IP_20030417.1600.06:1:4j"></Anchor>
<Anchor id="CNN_IP_20030417.1600.06:1:4k"></Anchor>
<Anchor id="CNN_IP_20030417.1600.06:1:4l"></Anchor>
<Anchor id="CNN_IP_20030417.1600.06:1:4m"></Anchor>
<Anchor id="CNN_IP_20030417.1600.06:1:4p"></Anchor>
<Anchor id="CNN_IP_20030417.1600.06:1:4q"></Anchor>
<Anchor id="CNN_IP_20030417.1600.06:1:4t"></Anchor>
<Anchor id="CNN_IP_20030417.1600.06:1:4u"></Anchor>
<Anchor id="CNN_IP_20030417.1600.06:1:4v"></Anchor>
<Anchor id="CNN_IP_20030417.1600.06:1:4w"></Anchor>
<Anchor id="CNN_IP_20030417.1600.06:1:4x"></Anchor>
<Anchor id="CNN_IP_20030417.1600.06:1:4y"></Anchor>
<Anchor id="CNN_IP_20030417.1600.06:1:4z"></Anchor>
<Anchor id="CNN_IP_20030417.1600.06:1:5"></Anchor>
<Anchor id="CNN_IP_20030417.1600.06:1:50"></Anchor>
<Anchor id="CNN_IP_20030417.1600.06:1:53"></Anchor>
<Anchor id="CNN_IP_20030417.1600.06:1:54"></Anchor>
<Anchor id="CNN_IP_20030417.1600.06:1:55"></Anchor>
<Anchor id="CNN_IP_20030417.1600.06:1:56"></Anchor>
<Anchor id="CNN_IP_20030417.1600.06:1:57"></Anchor>
<Anchor id="CNN_IP_20030417.1600.06:1:58"></Anchor>
<Anchor id="CNN_IP_20030417.1600.06:1:5B"></Anchor>
<Anchor id="CNN_IP_20030417.1600.06:1:5C"></Anchor>
<Anchor id="CNN_IP_20030417.1600.06:1:5D"></Anchor>
<Anchor id="CNN_IP_20030417.1600.06:1:5F"></Anchor>
<Anchor id="CNN_IP_20030417.1600.06:1:5I"></Anchor>
<Anchor id="CNN_IP_20030417.1600.06:1:5J"></Anchor>
<Anchor id="CNN_IP_20030417.1600.06:1:5M"></Anchor>
<Anchor id="CNN_IP_20030417.1600.06:1:5N"></Anchor>
<Anchor id="CNN_IP_20030417.1600.06:1:5O"></Anchor>
<Anchor id="CNN_IP_20030417.1600.06:1:5P"></Anchor>
<Anchor id="CNN_IP_20030417.1600.06:1:5S"></Anchor>
<Anchor id="CNN_IP_20030417.1600.06:1:5U"></Anchor>
<Anchor id="CNN_IP_20030417.1600.06:1:5V"></Anchor>
<Anchor id="CNN_IP_20030417.1600.06:1:5W"></Anchor>
<Anchor id="CNN_IP_20030417.1600.06:1:6"></Anchor>
<Anchor id="CNN_IP_20030417.1600.06:1:7"></Anchor>
<Anchor id="CNN_IP_20030417.1600.06:1:8"></Anchor>
<Anchor id="CNN_IP_20030417.1600.06:1:M"></Anchor>
<Anchor id="CNN_IP_20030417.1600.06:1:N"></Anchor>
<Anchor id="CNN_IP_20030417.1600.06:1:O"></Anchor>
<Anchor id="CNN_IP_20030417.1600.06:1:P"></Anchor>
<Anchor id="CNN_IP_20030417.1600.06:1:V"></Anchor>
<Anchor id="CNN_IP_20030417.1600.06:1:W"></Anchor>
<Anchor id="CNN_IP_20030417.1600.06:1:X"></Anchor>
<Anchor id="CNN_IP_20030417.1600.06:1:Y"></Anchor>
<Anchor id="CNN_IP_20030417.1600.06:1:d"></Anchor>
<Anchor id="CNN_IP_20030417.1600.06:1:e"></Anchor>
<Anchor id="CNN_IP_20030417.1600.06:1:j"></Anchor>
<Anchor id="CNN_IP_20030417.1600.06:1:k"></Anchor>
<Anchor id="CNN_IP_20030417.1600.06:1:l"></Anchor>
<Anchor id="CNN_IP_20030417.1600.06:1:m"></Anchor>
<Anchor id="CNN_IP_20030417.1600.06:1:n"></Anchor>
<Anchor id="CNN_IP_20030417.1600.06:1:o"></Anchor>
<Annotation id="CNN_IP_20030417.1600.06:1:E10" type="entity" start="CNN_IP_20030417.1600.06:1:22" end="CNN_IP_20030417.1600.06:1:23">
<Feature name="class">ATR</Feature>
<Feature name="class_difficultDecision">FALSE</Feature>
<Feature name="composite_entity">CNN_IP_20030417.1600.06:1:Ez</Feature>
<Feature name="id">E16</Feature>
<Feature name="subtype">State-or-Province</Feature>
<Feature name="subtype_difficultDecision">FALSE</Feature>
<Feature name="type">GPE</Feature>
<Feature name="type_difficultDecision">FALSE</Feature>
</Annotation>
<Annotation id="CNN_IP_20030417.1600.06:1:E17" type="entity" start="CNN_IP_20030417.1600.06:1:2H" end="CNN_IP_20030417.1600.06:1:2I">
<Feature name="class">GEN</Feature>
<Feature name="class_difficultDecision">FALSE</Feature>
<Feature name="composite_entity">CNN_IP_20030417.1600.06:1:E18</Feature>
<Feature name="id">E17</Feature>
<Feature name="subtype">Exploding</Feature>
<Feature name="subtype_difficultDecision">FALSE</Feature>
<Feature name="type">WEA</Feature>
<Feature name="type_difficultDecision">FALSE</Feature>
</Annotation>
<Annotation id="CNN_IP_20030417.1600.06:1:E18" type="composite_entity" start="CNN_IP_20030417.1600.06:1:2J" end="CNN_IP_20030417.1600.06:1:2K">
<Feature name="composite_entity_class">GEN</Feature>
<Feature name="id">CE3</Feature>
</Annotation>
<Annotation id="CNN_IP_20030417.1600.06:1:E19" type="entity" start="CNN_IP_20030417.1600.06:1:2L" end="CNN_IP_20030417.1600.06:1:2M">
<Feature name="class">ATR</Feature>
<Feature name="class_difficultDecision">FALSE</Feature>
<Feature name="composite_entity">CNN_IP_20030417.1600.06:1:E18</Feature>
<Feature name="id">E18</Feature>
<Feature name="subtype">Exploding</Feature>
<Feature name="subtype_difficultDecision">FALSE</Feature>
<Feature name="type">WEA</Feature>
<Feature name="type_difficultDecision">FALSE</Feature>
</Annotation>
<Annotation id="CNN_IP_20030417.1600.06:1:E1C" type="entity" start="CNN_IP_20030417.1600.06:1:2R" end="CNN_IP_20030417.1600.06:1:2S">
<Feature name="class">SPC</Feature>
<Feature name="class_difficultDecision">FALSE</Feature>
<Feature name="composite_entity">CNN_IP_20030417.1600.06:1:E1D</Feature>
<Feature name="id">E19</Feature>
<Feature name="subtype">Individual</Feature>
<Feature name="subtype_difficultDecision">FALSE</Feature>
<Feature name="type">PER</Feature>
<Feature name="type_difficultDecision">FALSE</Feature>
</Annotation>
<Annotation id="CNN_IP_20030417.1600.06:1:E1D" type="composite_entity" start="CNN_IP_20030417.1600.06:1:2U" end="CNN_IP_20030417.1600.06:1:2V">
<Feature name="composite_entity_class">SPC</Feature>
<Feature name="id">CE10</Feature>
</Annotation>
<Annotation id="CNN_IP_20030417.1600.06:1:E1H" type="entity" start="CNN_IP_20030417.1600.06:1:2a" end="CNN_IP_20030417.1600.06:1:2b">
<Feature name="class">SPC</Feature>
<Feature name="class_difficultDecision">FALSE</Feature>
<Feature name="composite_entity">CNN_IP_20030417.1600.06:1:E1I</Feature>
<Feature name="id">E20</Feature>
<Feature name="subtype">Individual</Feature>
<Feature name="subtype_difficultDecision">FALSE</Feature>
<Feature name="type">PER</Feature>
<Feature name="type_difficultDecision">FALSE</Feature>
</Annotation>
<Annotation id="CNN_IP_20030417.1600.06:1:E1I" type="composite_entity" start="CNN_IP_20030417.1600.06:1:2c" end="CNN_IP_20030417.1600.06:1:2d">
<Feature name="composite_entity_class">SPC</Feature>
<Feature name="id">CE11</Feature>
</Annotation>
<Annotation id="CNN_IP_20030417.1600.06:1:E1L" type="entity" start="CNN_IP_20030417.1600.06:1:2i" end="CNN_IP_20030417.1600.06:1:2j">
<Feature name="class">ATR</Feature>
<Feature name="class_difficultDecision">FALSE</Feature>
<Feature name="composite_entity">CNN_IP_20030417.1600.06:1:E1I</Feature>
<Feature name="id">E21</Feature>
<Feature name="subtype">Individual</Feature>
<Feature name="subtype_difficultDecision">FALSE</Feature>
<Feature name="type">PER</Feature>
<Feature name="type_difficultDecision">FALSE</Feature>
</Annotation>
<Annotation id="CNN_IP_20030417.1600.06:1:E1O" type="entity" start="CNN_IP_20030417.1600.06:1:2o" end="CNN_IP_20030417.1600.06:1:2p">
<Feature name="class">SPC</Feature>
<Feature name="class_difficultDecision">FALSE</Feature>
<Feature name="composite_entity">CNN_IP_20030417.1600.06:1:E1P</Feature>
<Feature name="id">E22</Feature>
<Feature name="subtype">MED</Feature>
<Feature name="subtype_difficultDecision">FALSE</Feature>
<Feature name="type">ORG</Feature>
<Feature name="type_difficultDecision">FALSE</Feature>
</Annotation>
<Annotation id="CNN_IP_20030417.1600.06:1:E1P" type="composite_entity" start="CNN_IP_20030417.1600.06:1:2q" end="CNN_IP_20030417.1600.06:1:2r">
<Feature name="composite_entity_class">SPC</Feature>
<Feature name="id">CE12</Feature>
</Annotation>
<Annotation id="CNN_IP_20030417.1600.06:1:E1S" type="entity" start="CNN_IP_20030417.1600.06:1:2w" end="CNN_IP_20030417.1600.06:1:2x">
<Feature name="class">USP</Feature>
<Feature name="class_difficultDecision">FALSE</Feature>
<Feature name="composite_entity">CNN_IP_20030417.1600.06:1:E1U</Feature>
<Feature name="id">E23</Feature>
<Feature name="subtype">Indeterminate</Feature>
<Feature name="subtype_difficultDecision">FALSE</Feature>
<Feature name="type">PER</Feature>
<Feature name="type_difficultDecision">FALSE</Feature>
</Annotation>
<Annotation id="CNN_IP_20030417.1600.06:1:E1U" type="composite_entity" start="CNN_IP_20030417.1600.06:1:2y" end="CNN_IP_20030417.1600.06:1:2z">
<Feature name="composite_entity_class">USP</Feature>
<Feature name="id">CE13</Feature>
</Annotation>
<Annotation id="CNN_IP_20030417.1600.06:1:E1W" type="value" start="CNN_IP_20030417.1600.06:1:1n" end="CNN_IP_20030417.1600.06:1:30">
<Feature name="id">Q3</Feature>
<Feature name="subtype"></Feature>
<Feature name="subtype_difficultDecision">FALSE</Feature>
<Feature name="type">TIME</Feature>
<Feature name="type_difficultDecision">FALSE</Feature>
</Annotation>
<Annotation id="CNN_IP_20030417.1600.06:1:E1X" type="value" start="CNN_IP_20030417.1600.06:1:31" end="CNN_IP_20030417.1600.06:1:32">
<Feature name="id">Q1</Feature>
<Feature name="subtype"></Feature>
<Feature name="subtype_difficultDecision">FALSE</Feature>
<Feature name="type">TIME</Feature>
<Feature name="type_difficultDecision">FALSE</Feature>
</Annotation>
<Annotation id="CNN_IP_20030417.1600.06:1:E1Z" type="entity" start="CNN_IP_20030417.1600.06:1:35" end="CNN_IP_20030417.1600.06:1:36">
<Feature name="class">ATR</Feature>
<Feature name="class_difficultDecision">FALSE</Feature>
<Feature name="composite_entity">CNN_IP_20030417.1600.06:1:EH</Feature>
<Feature name="id">E24</Feature>
<Feature name="subtype">Individual</Feature>
<Feature name="subtype_difficultDecision">FALSE</Feature>
<Feature name="type">PER</Feature>
<Feature name="type_difficultDecision">FALSE</Feature>
</Annotation>
<Annotation id="CNN_IP_20030417.1600.06:1:E1b" type="relation" start="CNN_IP_20030417.1600.06:1:3A" end="CNN_IP_20030417.1600.06:1:3B">
<Feature name="id">R2</Feature>
<Feature name="modality">Asserted</Feature>
<Feature name="subtype">Employment</Feature>
<Feature name="subtype_difficultDecision">FALSE</Feature>
<Feature name="tense">Unspecified</Feature>
<Feature name="type">ORG-AFF</Feature>
<Feature name="type_difficultDecision">FALSE</Feature>
</Annotation>
<Annotation id="CNN_IP_20030417.1600.06:1:E1c" type="relation_mention_argument" start="CNN_IP_20030417.1600.06:1:3C" end="CNN_IP_20030417.1600.06:1:3D">
<Feature name="argnum">1</Feature>
<Feature name="indexing_type">charseq</Feature>
<Feature name="object_mention">CNN_IP_20030417.1600.06:1:EI</Feature>
<Feature name="relation_mention">CNN_IP_20030417.1600.06:1:E1a</Feature>
<Feature name="subrole"></Feature>
</Annotation>
<Annotation id="CNN_IP_20030417.1600.06:1:E1d" type="relation_mention_argument" start="CNN_IP_20030417.1600.06:1:3F" end="CNN_IP_20030417.1600.06:1:3G">
<Feature name="argnum">2</Feature>
<Feature name="indexing_type">charseq</Feature>
<Feature name="object_mention">CNN_IP_20030417.1600.06:1:EL</Feature>
<Feature name="relation_mention">CNN_IP_20030417.1600.06:1:E1a</Feature>
<Feature name="subrole"></Feature>
</Annotation>
<Annotation id="CNN_IP_20030417.1600.06:1:E1f" type="relation" start="CNN_IP_20030417.1600.06:1:3J" end="CNN_IP_20030417.1600.06:1:3K">
<Feature name="id">R3</Feature>
<Feature name="modality">Asserted</Feature>
<Feature name="subtype">Near</Feature>
<Feature name="subtype_difficultDecision">FALSE</Feature>
<Feature name="tense">Past</Feature>
<Feature name="type">PHYS</Feature>
<Feature name="type_difficultDecision">FALSE</Feature>
</Annotation>
<Annotation id="CNN_IP_20030417.1600.06:1:E1g" type="relation_mention_argument" start="CNN_IP_20030417.1600.06:1:3L" end="CNN_IP_20030417.1600.06:1:3M">
<Feature name="argnum">1</Feature>
<Feature name="indexing_type">charseq</Feature>
<Feature name="object_mention">CNN_IP_20030417.1600.06:1:ED</Feature>
<Feature name="relation_mention">CNN_IP_20030417.1600.06:1:E1e</Feature>
<Feature name="subrole"></Feature>
</Annotation>
<Annotation id="CNN_IP_20030417.1600.06:1:E1h" type="relation_mention_argument" start="CNN_IP_20030417.1600.06:1:3N" end="CNN_IP_20030417.1600.06:1:3O">
<Feature name="argnum">2</Feature>
<Feature name="indexing_type">charseq</Feature>
<Feature name="object_mention">CNN_IP_20030417.1600.06:1:EZ</Feature>
<Feature name="relation_mention">CNN_IP_20030417.1600.06:1:E1e</Feature>
<Feature name="subrole"></Feature>
</Annotation>
<Annotation id="CNN_IP_20030417.1600.06:1:E1i" type="relation_mention_argument" start="CNN_IP_20030417.1600.06:1:3P" end="CNN_IP_20030417.1600.06:1:3Q">
<Feature name="argnum">3</Feature>
<Feature name="indexing_type">charseq</Feature>
<Feature name="object_mention">CNN_IP_20030417.1600.06:1:E1V</Feature>
<Feature name="relation_mention">CNN_IP_20030417.1600.06:1:E1e</Feature>
<Feature name="subrole">Within</Feature>
</Annotation>
<Annotation id="CNN_IP_20030417.1600.06:1:E1n" type="relation" start="CNN_IP_20030417.1600.06:1:3a" end="CNN_IP_20030417.1600.06:1:3b">
<Feature name="id">R5</Feature>
<Feature name="modality">Asserted</Feature>
<Feature name="subtype">CRRE</Feature>
<Feature name="subtype_difficultDecision">FALSE</Feature>
<Feature name="tense">Unspecified</Feature>
<Feature name="type">GEN-AFF</Feature>
<Feature name="type_difficultDecision">FALSE</Feature>
</Annotation>
<Annotation id="CNN_IP_20030417.1600.06:1:E1o" type="relation_mention_argument" start="CNN_IP_20030417.1600.06:1:3c" end="CNN_IP_20030417.1600.06:1:3d">
<Feature name="argnum">1</Feature>
<Feature name="indexing_type">charseq</Feature>
<Feature name="object_mention">CNN_IP_20030417.1600.06:1:Et</Feature>
<Feature name="relation_mention">CNN_IP_20030417.1600.06:1:E1m</Feature>
<Feature name="subrole"></Feature>
</Annotation>
<Annotation id="CNN_IP_20030417.1600.06:1:E1p" type="relation_mention_argument" start="CNN_IP_20030417.1600.06:1:3e" end="CNN_IP_20030417.1600.06:1:3f">
<Feature name="argnum">2</Feature>
<Feature name="indexing_type">charseq</Feature>
<Feature name="object_mention">CNN_IP_20030417.1600.06:1:Ew</Feature>
<Feature name="relation_mention">CNN_IP_20030417.1600.06:1:E1m</Feature>
<Feature name="subrole"></Feature>
</Annotation>
<Annotation id="CNN_IP_20030417.1600.06:1:E1s" type="event" start="CNN_IP_20030417.1600.06:1:3k" end="CNN_IP_20030417.1600.06:1:3l">
<Feature name="genericity">Specific</Feature>
<Feature name="id">V1</Feature>
<Feature name="modality">Asserted</Feature>
<Feature name="polarity">Positive</Feature>
<Feature name="subtype">Die</Feature>
<Feature name="subtype_difficultDecision">FALSE</Feature>
<Feature name="tense">Past</Feature>
<Feature name="type">Life</Feature>
<Feature name="type_difficultDecision">FALSE</Feature>
</Annotation>
<Annotation id="CNN_IP_20030417.1600.06:1:E1t" type="event_mention_participant" start="CNN_IP_20030417.1600.06:1:3m" end="CNN_IP_20030417.1600.06:1:3n">
<Feature name="event_mention">CNN_IP_20030417.1600.06:1:E1q</Feature>
<Feature name="indexing_type">charseq</Feature>
<Feature name="object_mention">CNN_IP_20030417.1600.06:1:E1</Feature>
<Feature name="role">Victim</Feature>
<Feature name="subrole"></Feature>
</Annotation>
<Annotation id="CNN_IP_20030417.1600.06:1:E1w" type="event" start="CNN_IP_20030417.1600.06:1:3s" end="CNN_IP_20030417.1600.06:1:3t">
<Feature name="genericity">Specific</Feature>
<Feature name="id">V2</Feature>
<Feature name="modality">Asserted</Feature>
<Feature name="polarity">Positive</Feature>
<Feature name="subtype">Attack</Feature>
<Feature name="subtype_difficultDecision">FALSE</Feature>
<Feature name="tense">Unspecified</Feature>
<Feature name="type">Conflict</Feature>
<Feature name="type_difficultDecision">FALSE</Feature>
</Annotation>
<Annotation id="CNN_IP_20030417.1600.06:1:E1z" type="event" start="CNN_IP_20030417.1600.06:1:3y" end="CNN_IP_20030417.1600.06:1:3z">
<Feature name="genericity">Specific</Feature>
<Feature name="id">V3</Feature>
<Feature name="modality">Asserted</Feature>
<Feature name="polarity">Positive</Feature>
<Feature name="subtype">Die</Feature>
<Feature name="subtype_difficultDecision">FALSE</Feature>
<Feature name="tense">Past</Feature>
<Feature name="type">Life</Feature>
<Feature name="type_difficultDecision">FALSE</Feature>
</Annotation>
<Annotation id="CNN_IP_20030417.1600.06:1:E20" type="event_mention_participant" start="CNN_IP_20030417.1600.06:1:40" end="CNN_IP_20030417.1600.06:1:41">
<Feature name="event_mention">CNN_IP_20030417.1600.06:1:E1x</Feature>
<Feature name="indexing_type">charseq</Feature>
<Feature name="object_mention">CNN_IP_20030417.1600.06:1:EV</Feature>
<Feature name="role">Victim</Feature>
<Feature name="subrole"></Feature>
</Annotation>
<Annotation id="CNN_IP_20030417.1600.06:1:E21" type="event_mention_participant" start="CNN_IP_20030417.1600.06:1:42" end="CNN_IP_20030417.1600.06:1:43">
<Feature name="event_mention">CNN_IP_20030417.1600.06:1:E1x</Feature>
<Feature name="indexing_type">charseq</Feature>
<Feature name="object_mention">CNN_IP_20030417.1600.06:1:EZ</Feature>
<Feature name="role">Place</Feature>
<Feature name="subrole"></Feature>
</Annotation>
<Annotation id="CNN_IP_20030417.1600.06:1:E22" type="event_mention_participant" start="CNN_IP_20030417.1600.06:1:44" end="CNN_IP_20030417.1600.06:1:45">
<Feature name="event_mention">CNN_IP_20030417.1600.06:1:E1x</Feature>
<Feature name="indexing_type">charseq</Feature>
<Feature name="object_mention">CNN_IP_20030417.1600.06:1:E1V</Feature>
<Feature name="role">Time</Feature>
<Feature name="subrole">Within</Feature>
</Annotation>
<Annotation id="CNN_IP_20030417.1600.06:1:E2A" type="event" start="CNN_IP_20030417.1600.06:1:4M" end="CNN_IP_20030417.1600.06:1:4N">
<Feature name="genericity">Specific</Feature>
<Feature name="id">V5</Feature>
<Feature name="modality">Asserted</Feature>
<Feature name="polarity">Positive</Feature>
<Feature name="subtype">Attack</Feature>
<Feature name="subtype_difficultDecision">FALSE</Feature>
<Feature name="tense">Unspecified</Feature>
<Feature name="type">Conflict</Feature>
<Feature name="type_difficultDecision">FALSE</Feature>
</Annotation>
<Annotation id="CNN_IP_20030417.1600.06:1:E2D" type="event" start="CNN_IP_20030417.1600.06:1:4S" end="CNN_IP_20030417.1600.06:1:4U">
<Feature name="genericity">Specific</Feature>
<Feature name="id">V6</Feature>
<Feature name="modality">Asserted</Feature>
<Feature name="polarity">Positive</Feature>
<Feature name="subtype">Die</Feature>
<Feature name="subtype_difficultDecision">FALSE</Feature>
<Feature name="tense">Past</Feature>
<Feature name="type">Life</Feature>
<Feature name="type_difficultDecision">FALSE</Feature>
</Annotation>
<Annotation id="CNN_IP_20030417.1600.06:1:E2F" type="event_mention_participant" start="CNN_IP_20030417.1600.06:1:4V" end="CNN_IP_20030417.1600.06:1:4W">
<Feature name="event_mention">CNN_IP_20030417.1600.06:1:E2B</Feature>
<Feature name="indexing_type">charseq</Feature>
<Feature name="object_mention">CNN_IP_20030417.1600.06:1:E15</Feature>
<Feature name="role">Instrument</Feature>
<Feature name="subrole"></Feature>
</Annotation>
<Annotation id="CNN_IP_20030417.1600.06:1:E2G" type="event_mention_participant" start="CNN_IP_20030417.1600.06:1:4X" end="CNN_IP_20030417.1600.06:1:4Y">
<Feature name="event_mention">CNN_IP_20030417.1600.06:1:E2B</Feature>
<Feature name="indexing_type">charseq</Feature>
<Feature name="object_mention">CNN_IP_20030417.1600.06:1:E13</Feature>
<Feature name="role">Victim</Feature>
<Feature name="subrole"></Feature>
</Annotation>
<Annotation id="CNN_IP_20030417.1600.06:1:E2H" type="event_mention_participant" start="CNN_IP_20030417.1600.06:1:4Z" end="CNN_IP_20030417.1600.06:1:4a">
<Feature name="event_mention">CNN_IP_20030417.1600.06:1:E2B</Feature>
<Feature name="indexing_type">charseq</Feature>
<Feature name="object_mention">CNN_IP_20030417.1600.06:1:E1A</Feature>
<Feature name="role">Agent</Feature>
<Feature name="subrole"></Feature>
</Annotation>
<Annotation id="CNN_IP_20030417.1600.06:1:E2K" type="event" start="CNN_IP_20030417.1600.06:1:4f" end="CNN_IP_20030417.1600.06:1:4g">
<Feature name="genericity">Specific</Feature>
<Feature name="id">V7</Feature>
<Feature name="modality">Asserted</Feature>
<Feature name="polarity">Positive</Feature>
<Feature name="subtype">Injure</Feature>
<Feature name="subtype_difficultDecision">FALSE</Feature>
<Feature name="tense">Past</Feature>
<Feature name="type">Life</Feature>
<Feature name="type_difficultDecision">FALSE</Feature>
</Annotation>
<Annotation id="CNN_IP_20030417.1600.06:1:E2L" type="event_mention_participant" start="CNN_IP_20030417.1600.06:1:4h" end="CNN_IP_20030417.1600.06:1:4i">
<Feature name="event_mention">CNN_IP_20030417.1600.06:1:E2I</Feature>
<Feature name="indexing_type">charseq</Feature>
<Feature name="object_mention">CNN_IP_20030417.1600.06:1:E15</Feature>
<Feature name="role">Instrument</Feature>
<Feature name="subrole"></Feature>
</Annotation>
<Annotation id="CNN_IP_20030417.1600.06:1:E2M" type="event_mention_participant" start="CNN_IP_20030417.1600.06:1:4j" end="CNN_IP_20030417.1600.06:1:4k">
<Feature name="event_mention">CNN_IP_20030417.1600.06:1:E2I</Feature>
<Feature name="indexing_type">charseq</Feature>
<Feature name="object_mention">CNN_IP_20030417.1600.06:1:E13</Feature>
<Feature name="role">Victim</Feature>
<Feature name="subrole"></Feature>
</Annotation>
<Annotation id="CNN_IP_20030417.1600.06:1:E2N" type="event_mention_participant" start="CNN_IP_20030417.1600.06:1:4l" end="CNN_IP_20030417.1600.06:1:4m">
<Feature name="event_mention">CNN_IP_20030417.1600.06:1:E2I</Feature>
<Feature name="indexing_type">charseq</Feature>
<Feature name="object_mention">CNN_IP_20030417.1600.06:1:E1A</Feature>
<Feature name="role">Agent</Feature>
<Feature name="subrole"></Feature>
</Annotation>
<Annotation id="CNN_IP_20030417.1600.06:1:E2O" type="entity" start="CNN_IP_20030417.1600.06:1:4G" end="CNN_IP_20030417.1600.06:1:4H">
<Feature name="class">ATR</Feature>
<Feature name="class_difficultDecision">FALSE</Feature>
<Feature name="composite_entity">CNN_IP_20030417.1600.06:1:EH</Feature>
<Feature name="id">E25</Feature>
<Feature name="subtype">Individual</Feature>
<Feature name="subtype_difficultDecision">FALSE</Feature>
<Feature name="type">PER</Feature>
<Feature name="type_difficultDecision">FALSE</Feature>
</Annotation>
<Annotation id="CNN_IP_20030417.1600.06:1:E2Q" type="value" start="CNN_IP_20030417.1600.06:1:4p" end="CNN_IP_20030417.1600.06:1:4q">
<Feature name="id">Q4</Feature>
<Feature name="subtype"></Feature>
<Feature name="subtype_difficultDecision">FALSE</Feature>
<Feature name="type">TIME</Feature>
<Feature name="type_difficultDecision">FALSE</Feature>
</Annotation>
<Annotation id="CNN_IP_20030417.1600.06:1:E2S" type="relation_mention_argument" start="CNN_IP_20030417.1600.06:1:4t" end="CNN_IP_20030417.1600.06:1:4u">
<Feature name="argnum">1</Feature>
<Feature name="indexing_type">charseq</Feature>
<Feature name="object_mention">CNN_IP_20030417.1600.06:1:E1</Feature>
<Feature name="relation_mention">CNN_IP_20030417.1600.06:1:E2R</Feature>
<Feature name="subrole"></Feature>
</Annotation>
<Annotation id="CNN_IP_20030417.1600.06:1:E2U" type="relation_mention_argument" start="CNN_IP_20030417.1600.06:1:4v" end="CNN_IP_20030417.1600.06:1:4w">
<Feature name="argnum">2</Feature>
<Feature name="indexing_type">charseq</Feature>
<Feature name="object_mention">CNN_IP_20030417.1600.06:1:E9</Feature>
<Feature name="relation_mention">CNN_IP_20030417.1600.06:1:E2R</Feature>
<Feature name="subrole"></Feature>
</Annotation>
<Annotation id="CNN_IP_20030417.1600.06:1:E2V" type="relation_mention_argument" start="CNN_IP_20030417.1600.06:1:4x" end="CNN_IP_20030417.1600.06:1:4y">
<Feature name="argnum">3</Feature>
<Feature name="indexing_type">charseq</Feature>
<Feature name="object_mention">CNN_IP_20030417.1600.06:1:Er</Feature>
<Feature name="relation_mention">CNN_IP_20030417.1600.06:1:E2R</Feature>
<Feature name="subrole">Starting</Feature>
</Annotation>
<Annotation id="CNN_IP_20030417.1600.06:1:E2W" type="relation" start="CNN_IP_20030417.1600.06:1:4z" end="CNN_IP_20030417.1600.06:1:50">
<Feature name="id">R1</Feature>
<Feature name="modality">Asserted</Feature>
<Feature name="subtype">Located</Feature>
<Feature name="subtype_difficultDecision">FALSE</Feature>
<Feature name="tense">Unspecified</Feature>
<Feature name="type">PHYS</Feature>
<Feature name="type_difficultDecision">FALSE</Feature>
</Annotation>
<Annotation id="CNN_IP_20030417.1600.06:1:E2Y" type="relation_mention_argument" start="CNN_IP_20030417.1600.06:1:53" end="CNN_IP_20030417.1600.06:1:54">
<Feature name="argnum">1</Feature>
<Feature name="indexing_type">charseq</Feature>
<Feature name="object_mention">CNN_IP_20030417.1600.06:1:Ei</Feature>
<Feature name="relation_mention">CNN_IP_20030417.1600.06:1:E2X</Feature>
<Feature name="subrole"></Feature>
</Annotation>
<Annotation id="CNN_IP_20030417.1600.06:1:E2Z" type="relation_mention_argument" start="CNN_IP_20030417.1600.06:1:55" end="CNN_IP_20030417.1600.06:1:56">
<Feature name="argnum">2</Feature>
<Feature name="indexing_type">charseq</Feature>
<Feature name="object_mention">CNN_IP_20030417.1600.06:1:E11</Feature>
<Feature name="relation_mention">CNN_IP_20030417.1600.06:1:E2X</Feature>
<Feature name="subrole"></Feature>
</Annotation>
<Annotation id="CNN_IP_20030417.1600.06:1:E2a" type="relation" start="CNN_IP_20030417.1600.06:1:57" end="CNN_IP_20030417.1600.06:1:58">
<Feature name="id">R4</Feature>
<Feature name="modality">Asserted</Feature>
<Feature name="subtype">Located</Feature>
<Feature name="subtype_difficultDecision">FALSE</Feature>
<Feature name="tense">Unspecified</Feature>
<Feature name="type">PHYS</Feature>
<Feature name="type_difficultDecision">FALSE</Feature>
</Annotation>
<Annotation id="CNN_IP_20030417.1600.06:1:E2c" type="event_mention_participant" start="CNN_IP_20030417.1600.06:1:5B" end="CNN_IP_20030417.1600.06:1:5C">
<Feature name="event_mention">CNN_IP_20030417.1600.06:1:E2b</Feature>
<Feature name="indexing_type">charseq</Feature>
<Feature name="object_mention">CNN_IP_20030417.1600.06:1:EV</Feature>
<Feature name="role">Target</Feature>
<Feature name="subrole"></Feature>
</Annotation>
<Annotation id="CNN_IP_20030417.1600.06:1:E2d" type="event_mention_participant" start="CNN_IP_20030417.1600.06:1:5D" end="CNN_IP_20030417.1600.06:1:5F">
<Feature name="event_mention">CNN_IP_20030417.1600.06:1:E2b</Feature>
<Feature name="indexing_type">charseq</Feature>
<Feature name="object_mention">CNN_IP_20030417.1600.06:1:E1V</Feature>
<Feature name="role">Time</Feature>
<Feature name="subrole">Within</Feature>
</Annotation>
<Annotation id="CNN_IP_20030417.1600.06:1:E2f" type="event" start="CNN_IP_20030417.1600.06:1:5I" end="CNN_IP_20030417.1600.06:1:5J">
<Feature name="genericity">Specific</Feature>
<Feature name="id">V4</Feature>
<Feature name="modality">Asserted</Feature>
<Feature name="polarity">Positive</Feature>
<Feature name="subtype">Attack</Feature>
<Feature name="subtype_difficultDecision">FALSE</Feature>
<Feature name="tense">Past</Feature>
<Feature name="type">Conflict</Feature>
<Feature name="type_difficultDecision">FALSE</Feature>
</Annotation>
<Annotation id="CNN_IP_20030417.1600.06:1:E2h" type="event_mention_participant" start="CNN_IP_20030417.1600.06:1:5M" end="CNN_IP_20030417.1600.06:1:5N">
<Feature name="event_mention">CNN_IP_20030417.1600.06:1:E2g</Feature>
<Feature name="indexing_type">charseq</Feature>
<Feature name="object_mention">CNN_IP_20030417.1600.06:1:E1A</Feature>
<Feature name="role">Attacker</Feature>
<Feature name="subrole"></Feature>
</Annotation>
<Annotation id="CNN_IP_20030417.1600.06:1:E2i" type="event_mention_participant" start="CNN_IP_20030417.1600.06:1:5O" end="CNN_IP_20030417.1600.06:1:5P">
<Feature name="event_mention">CNN_IP_20030417.1600.06:1:E2g</Feature>
<Feature name="indexing_type">charseq</Feature>
<Feature name="object_mention">CNN_IP_20030417.1600.06:1:E15</Feature>
<Feature name="role">Instrument</Feature>
<Feature name="subrole"></Feature>
</Annotation>
<Annotation id="CNN_IP_20030417.1600.06:1:E2k" type="event" start="CNN_IP_20030417.1600.06:1:5S" end="CNN_IP_20030417.1600.06:1:5U">
<Feature name="genericity">Specific</Feature>
<Feature name="id">V8</Feature>
<Feature name="modality">Asserted</Feature>
<Feature name="polarity">Positive</Feature>
<Feature name="subtype">Attack</Feature>
<Feature name="subtype_difficultDecision">FALSE</Feature>
<Feature name="tense">Past</Feature>
<Feature name="type">Conflict</Feature>
<Feature name="type_difficultDecision">FALSE</Feature>
</Annotation>
<Annotation id="CNN_IP_20030417.1600.06:1:E2l" type="event_mention_participant" start="CNN_IP_20030417.1600.06:1:5V" end="CNN_IP_20030417.1600.06:1:5W">
<Feature name="event_mention">CNN_IP_20030417.1600.06:1:E23</Feature>
<Feature name="indexing_type">charseq</Feature>
<Feature name="object_mention">CNN_IP_20030417.1600.06:1:E26</Feature>
<Feature name="role">Victim</Feature>
<Feature name="subrole"></Feature>
</Annotation>
<Annotation id="CNN_IP_20030417.1600.06:1:E3" type="entity" start="CNN_IP_20030417.1600.06:1:5" end="CNN_IP_20030417.1600.06:1:6">
<Feature name="class">SPC</Feature>
<Feature name="class_difficultDecision">FALSE</Feature>
<Feature name="composite_entity">CNN_IP_20030417.1600.06:1:E4</Feature>
<Feature name="id">E1</Feature>
<Feature name="subtype">Group</Feature>
<Feature name="subtype_difficultDecision">FALSE</Feature>
<Feature name="type">PER</Feature>
<Feature name="type_difficultDecision">FALSE</Feature>
</Annotation>
<Annotation id="CNN_IP_20030417.1600.06:1:E4" type="composite_entity" start="CNN_IP_20030417.1600.06:1:7" end="CNN_IP_20030417.1600.06:1:8">
<Feature name="composite_entity_class">SPC</Feature>
<Feature name="id">CE4</Feature>
</Annotation>
<Annotation id="CNN_IP_20030417.1600.06:1:EB" type="entity" start="CNN_IP_20030417.1600.06:1:M" end="CNN_IP_20030417.1600.06:1:N">
<Feature name="class">SPC</Feature>
<Feature name="class_difficultDecision">FALSE</Feature>
<Feature name="composite_entity">CNN_IP_20030417.1600.06:1:EC</Feature>
<Feature name="id">E2</Feature>
<Feature name="subtype">Building-Grounds</Feature>
<Feature name="subtype_difficultDecision">FALSE</Feature>
<Feature name="type">FAC</Feature>
<Feature name="type_difficultDecision">FALSE</Feature>
</Annotation>
<Annotation id="CNN_IP_20030417.1600.06:1:EC" type="composite_entity" start="CNN_IP_20030417.1600.06:1:O" end="CNN_IP_20030417.1600.06:1:P">
<Feature name="composite_entity_class">SPC</Feature>
<Feature name="id">CE5</Feature>
</Annotation>
<Annotation id="CNN_IP_20030417.1600.06:1:EG" type="entity" start="CNN_IP_20030417.1600.06:1:V" end="CNN_IP_20030417.1600.06:1:W">
<Feature name="class">SPC</Feature>
<Feature name="class_difficultDecision">FALSE</Feature>
<Feature name="composite_entity">CNN_IP_20030417.1600.06:1:EH</Feature>
<Feature name="id">E3</Feature>
<Feature name="subtype">Individual</Feature>
<Feature name="subtype_difficultDecision">FALSE</Feature>
<Feature name="type">PER</Feature>
<Feature name="type_difficultDecision">FALSE</Feature>
</Annotation>
<Annotation id="CNN_IP_20030417.1600.06:1:EH" type="composite_entity" start="CNN_IP_20030417.1600.06:1:X" end="CNN_IP_20030417.1600.06:1:Y">
<Feature name="composite_entity_class">SPC</Feature>
<Feature name="id">CE6</Feature>
</Annotation>
<Annotation id="CNN_IP_20030417.1600.06:1:EK" type="entity" start="CNN_IP_20030417.1600.06:1:d" end="CNN_IP_20030417.1600.06:1:e">
<Feature name="class">ATR</Feature>
<Feature name="class_difficultDecision">FALSE</Feature>
<Feature name="composite_entity">CNN_IP_20030417.1600.06:1:EH</Feature>
<Feature name="id">E4</Feature>
<Feature name="subtype">Individual</Feature>
<Feature name="subtype_difficultDecision">FALSE</Feature>
<Feature name="type">PER</Feature>
<Feature name="type_difficultDecision">FALSE</Feature>
</Annotation>
<Annotation id="CNN_IP_20030417.1600.06:1:EN" type="entity" start="CNN_IP_20030417.1600.06:1:j" end="CNN_IP_20030417.1600.06:1:k">
<Feature name="class">SPC</Feature>
<Feature name="class_difficultDecision">FALSE</Feature>
<Feature name="composite_entity">CNN_IP_20030417.1600.06:1:EO</Feature>
<Feature name="id">E5</Feature>
<Feature name="subtype">GOV</Feature>
<Feature name="subtype_difficultDecision">FALSE</Feature>
<Feature name="type">ORG</Feature>
<Feature name="type_difficultDecision">FALSE</Feature>
</Annotation>
<Annotation id="CNN_IP_20030417.1600.06:1:EO" type="composite_entity" start="CNN_IP_20030417.1600.06:1:l" end="CNN_IP_20030417.1600.06:1:m">
<Feature name="composite_entity_class">SPC</Feature>
<Feature name="id">CE2</Feature>
</Annotation>
<Annotation id="CNN_IP_20030417.1600.06:1:EP" type="entity" start="CNN_IP_20030417.1600.06:1:n" end="CNN_IP_20030417.1600.06:1:o">
<Feature name="class">ATR</Feature>
<Feature name="class_difficultDecision">FALSE</Feature>
<Feature name="composite_entity">CNN_IP_20030417.1600.06:1:EO</Feature>
<Feature name="id">E6</Feature>
<Feature name="subtype">GOV</Feature>
<Feature name="subtype_difficultDecision">FALSE</Feature>
<Feature name="type">ORG</Feature>
<Feature name="type_difficultDecision">FALSE</Feature>
</Annotation>
<Annotation id="CNN_IP_20030417.1600.06:1:EX" type="entity" start="CNN_IP_20030417.1600.06:1:11" end="CNN_IP_20030417.1600.06:1:12">
<Feature name="class">SPC</Feature>
<Feature name="class_difficultDecision">FALSE</Feature>
<Feature name="composite_entity">CNN_IP_20030417.1600.06:1:EY</Feature>
<Feature name="id">E8</Feature>
<Feature name="subtype">Group</Feature>
<Feature name="subtype_difficultDecision">FALSE</Feature>
<Feature name="type">PER</Feature>
<Feature name="type_difficultDecision">FALSE</Feature>
</Annotation>
<Annotation id="CNN_IP_20030417.1600.06:1:EY" type="composite_entity" start="CNN_IP_20030417.1600.06:1:13" end="CNN_IP_20030417.1600.06:1:14">
<Feature name="composite_entity_class">SPC</Feature>
<Feature name="id">CE7</Feature>
</Annotation>
<Annotation id="CNN_IP_20030417.1600.06:1:Eb" type="entity" start="CNN_IP_20030417.1600.06:1:19" end="CNN_IP_20030417.1600.06:1:1A">
<Feature name="class">SPC</Feature>
<Feature name="class_difficultDecision">FALSE</Feature>
<Feature name="composite_entity">CNN_IP_20030417.1600.06:1:Ec</Feature>
<Feature name="id">E9</Feature>
<Feature name="subtype">Population-Center</Feature>
<Feature name="subtype_difficultDecision">FALSE</Feature>
<Feature name="type">GPE</Feature>
<Feature name="type_difficultDecision">FALSE</Feature>
</Annotation>
<Annotation id="CNN_IP_20030417.1600.06:1:Ec" type="composite_entity" start="CNN_IP_20030417.1600.06:1:1B" end="CNN_IP_20030417.1600.06:1:1C">
<Feature name="composite_entity_class">SPC</Feature>
<Feature name="id">CE8</Feature>
</Annotation>
<Annotation id="CNN_IP_20030417.1600.06:1:Ek" type="entity" start="CNN_IP_20030417.1600.06:1:1S" end="CNN_IP_20030417.1600.06:1:1U">
<Feature name="class">SPC</Feature>
<Feature name="class_difficultDecision">FALSE</Feature>
<Feature name="composite_entity">CNN_IP_20030417.1600.06:1:El</Feature>
<Feature name="id">E11</Feature>
<Feature name="subtype">Individual</Feature>
<Feature name="subtype_difficultDecision">FALSE</Feature>
<Feature name="type">PER</Feature>
<Feature name="type_difficultDecision">FALSE</Feature>
</Annotation>
<Annotation id="CNN_IP_20030417.1600.06:1:El" type="composite_entity" start="CNN_IP_20030417.1600.06:1:1V" end="CNN_IP_20030417.1600.06:1:1W">
<Feature name="composite_entity_class">SPC</Feature>
<Feature name="id">CE9</Feature>
</Annotation>
<Annotation id="CNN_IP_20030417.1600.06:1:Ep" type="entity" start="CNN_IP_20030417.1600.06:1:1e" end="CNN_IP_20030417.1600.06:1:1f">
<Feature name="class">ATR</Feature>
<Feature name="class_difficultDecision">FALSE</Feature>
<Feature name="composite_entity">CNN_IP_20030417.1600.06:1:El</Feature>
<Feature name="id">E12</Feature>
<Feature name="subtype">Individual</Feature>
<Feature name="subtype_difficultDecision">FALSE</Feature>
<Feature name="type">PER</Feature>
<Feature name="type_difficultDecision">FALSE</Feature>
</Annotation>
<Annotation id="CNN_IP_20030417.1600.06:1:Es" type="value" start="CNN_IP_20030417.1600.06:1:1j" end="CNN_IP_20030417.1600.06:1:1k">
<Feature name="id">Q2</Feature>
<Feature name="subtype"></Feature>
<Feature name="subtype_difficultDecision">FALSE</Feature>
<Feature name="type">TIME</Feature>
<Feature name="type_difficultDecision">FALSE</Feature>
</Annotation>
<Annotation id="CNN_IP_20030417.1600.06:1:Ev" type="entity" start="CNN_IP_20030417.1600.06:1:1s" end="CNN_IP_20030417.1600.06:1:1t">
<Feature name="class">ATR</Feature>
<Feature name="class_difficultDecision">FALSE</Feature>
<Feature name="composite_entity">CNN_IP_20030417.1600.06:1:El</Feature>
<Feature name="id">E14</Feature>
<Feature name="subtype">Individual</Feature>
<Feature name="subtype_difficultDecision">FALSE</Feature>
<Feature name="type">PER</Feature>
<Feature name="type_difficultDecision">FALSE</Feature>
</Annotation>
<Annotation id="CNN_IP_20030417.1600.06:1:Ey" type="entity" start="CNN_IP_20030417.1600.06:1:1y" end="CNN_IP_20030417.1600.06:1:1z">
<Feature name="class">SPC</Feature>
<Feature name="class_difficultDecision">FALSE</Feature>
<Feature name="composite_entity">CNN_IP_20030417.1600.06:1:Ez</Feature>
<Feature name="id">E15</Feature>
<Feature name="subtype">State-or-Province</Feature>
<Feature name="subtype_difficultDecision">FALSE</Feature>
<Feature name="type">GPE</Feature>
<Feature name="type_difficultDecision">FALSE</Feature>
</Annotation>
<Annotation id="CNN_IP_20030417.1600.06:1:Ez" type="composite_entity" start="CNN_IP_20030417.1600.06:1:20" end="CNN_IP_20030417.1600.06:1:21">
<Feature name="composite_entity_class">SPC</Feature>
<Feature name="id">CE1</Feature>
</Annotation>
<Annotation id="CNN_IP_20030417.1600.06:1:E1Y" type="value_mention" start="CNN_IP_20030417.1600.06:1:33" end="CNN_IP_20030417.1600.06:1:34">
<Feature name="id">QM1</Feature>
<Feature name="indexing_type">charseq</Feature>
<Feature name="value">CNN_IP_20030417.1600.06:1:E1X</Feature>
</Annotation>
<Annotation id="CNN_IP_20030417.1600.06:1:E1" type="entity_mention" start="CNN_IP_20030417.1600.06:1:1" end="CNN_IP_20030417.1600.06:1:2">
<Feature name="entity">CNN_IP_20030417.1600.06:1:E3</Feature>
<Feature name="entity_difficultDecision">FALSE</Feature>
<Feature name="head">CNN_IP_20030417.1600.06:1:E2</Feature>
<Feature name="id">EM1</Feature>
<Feature name="indexing_type">charseq</Feature>
<Feature name="role"></Feature>
<Feature name="role_difficultDecision">FALSE</Feature>
<Feature name="type">NOM</Feature>
<Feature name="type_difficultDecision">FALSE</Feature>
</Annotation>
<Annotation id="CNN_IP_20030417.1600.06:1:E1q" type="event_mention" start="CNN_IP_20030417.1600.06:1:3g" end="CNN_IP_20030417.1600.06:1:3h">
<Feature name="anchor">CNN_IP_20030417.1600.06:1:E1r</Feature>
<Feature name="event">CNN_IP_20030417.1600.06:1:E1s</Feature>
<Feature name="event_difficultDecision">FALSE</Feature>
<Feature name="id">VM1</Feature>
<Feature name="indexing_type">charseq</Feature>
</Annotation>
<Annotation id="CNN_IP_20030417.1600.06:1:E1u" type="event_mention" start="CNN_IP_20030417.1600.06:1:3o" end="CNN_IP_20030417.1600.06:1:3p">
<Feature name="anchor">CNN_IP_20030417.1600.06:1:E1v</Feature>
<Feature name="event">CNN_IP_20030417.1600.06:1:E1w</Feature>
<Feature name="event_difficultDecision">FALSE</Feature>
<Feature name="id">VM2</Feature>
<Feature name="indexing_type">charseq</Feature>
</Annotation>
<Annotation id="CNN_IP_20030417.1600.06:1:E2R" type="relation_mention" start="CNN_IP_20030417.1600.06:1:4r" end="CNN_IP_20030417.1600.06:1:4s">
<Feature name="id">RM1</Feature>
<Feature name="indexing_type">charseq</Feature>
<Feature name="lexical_condition">Verbal</Feature>
<Feature name="lexical_condition_difficultDecision">FALSE</Feature>
<Feature name="relation">CNN_IP_20030417.1600.06:1:E2W</Feature>
<Feature name="relation_difficultDecision">FALSE</Feature>
</Annotation>
<Annotation id="CNN_IP_20030417.1600.06:1:E2" type="entity_mention_head" start="CNN_IP_20030417.1600.06:1:3" end="CNN_IP_20030417.1600.06:1:4">
<Feature name="indexing_type">charseq</Feature>
</Annotation>
<Annotation id="CNN_IP_20030417.1600.06:1:E5" type="entity_mention" start="CNN_IP_20030417.1600.06:1:9" end="CNN_IP_20030417.1600.06:1:A">
<Feature name="entity">CNN_IP_20030417.1600.06:1:E3</Feature>
<Feature name="entity_difficultDecision">FALSE</Feature>
<Feature name="head">CNN_IP_20030417.1600.06:1:E6</Feature>
<Feature name="id">EM2</Feature>
<Feature name="indexing_type">charseq</Feature>
<Feature name="role"></Feature>
<Feature name="role_difficultDecision">FALSE</Feature>
<Feature name="type">WHQ</Feature>
<Feature name="type_difficultDecision">FALSE</Feature>
</Annotation>
<Annotation id="CNN_IP_20030417.1600.06:1:E6" type="entity_mention_head" start="CNN_IP_20030417.1600.06:1:B" end="CNN_IP_20030417.1600.06:1:C">
<Feature name="indexing_type">charseq</Feature>
</Annotation>
<Annotation id="CNN_IP_20030417.1600.06:1:E1r" type="event_mention_anchor" start="CNN_IP_20030417.1600.06:1:3i" end="CNN_IP_20030417.1600.06:1:3j">
<Feature name="indexing_type">charseq</Feature>
</Annotation>
<Annotation id="CNN_IP_20030417.1600.06:1:E7" type="entity_mention" start="CNN_IP_20030417.1600.06:1:D" end="CNN_IP_20030417.1600.06:1:F">
<Feature name="entity">CNN_IP_20030417.1600.06:1:E3</Feature>
<Feature name="entity_difficultDecision">FALSE</Feature>
<Feature name="head">CNN_IP_20030417.1600.06:1:E8</Feature>
<Feature name="id">EM3</Feature>
<Feature name="indexing_type">charseq</Feature>
<Feature name="role"></Feature>
<Feature name="role_difficultDecision">FALSE</Feature>
<Feature name="type">PRO</Feature>
<Feature name="type_difficultDecision">FALSE</Feature>
</Annotation>
<Annotation id="CNN_IP_20030417.1600.06:1:E8" type="entity_mention_head" start="CNN_IP_20030417.1600.06:1:G" end="CNN_IP_20030417.1600.06:1:H">
<Feature name="indexing_type">charseq</Feature>
</Annotation>
<Annotation id="CNN_IP_20030417.1600.06:1:E1v" type="event_mention_anchor" start="CNN_IP_20030417.1600.06:1:3q" end="CNN_IP_20030417.1600.06:1:3r">
<Feature name="indexing_type">charseq</Feature>
</Annotation>
<Annotation id="CNN_IP_20030417.1600.06:1:E9" type="entity_mention" start="CNN_IP_20030417.1600.06:1:I" end="CNN_IP_20030417.1600.06:1:J">
<Feature name="entity">CNN_IP_20030417.1600.06:1:EB</Feature>
<Feature name="entity_difficultDecision">FALSE</Feature>
<Feature name="head">CNN_IP_20030417.1600.06:1:EA</Feature>
<Feature name="id">EM4</Feature>
<Feature name="indexing_type">charseq</Feature>
<Feature name="role"></Feature>
<Feature name="role_difficultDecision">FALSE</Feature>
<Feature name="type">NAM</Feature>
<Feature name="type_difficultDecision">FALSE</Feature>
</Annotation>
<Annotation id="CNN_IP_20030417.1600.06:1:EA" type="entity_mention_head" start="CNN_IP_20030417.1600.06:1:K" end="CNN_IP_20030417.1600.06:1:L">
<Feature name="indexing_type">charseq</Feature>
</Annotation>
<Annotation id="CNN_IP_20030417.1600.06:1:Er" type="value_mention" start="CNN_IP_20030417.1600.06:1:1h" end="CNN_IP_20030417.1600.06:1:1i">
<Feature name="id">QM2</Feature>
<Feature name="indexing_type">charseq</Feature>
<Feature name="value">CNN_IP_20030417.1600.06:1:Es</Feature>
</Annotation>
<Annotation id="CNN_IP_20030417.1600.06:1:EL" type="entity_mention" start="CNN_IP_20030417.1600.06:1:f" end="CNN_IP_20030417.1600.06:1:g">
<Feature name="entity">CNN_IP_20030417.1600.06:1:EP</Feature>
<Feature name="entity_difficultDecision">FALSE</Feature>
<Feature name="head">CNN_IP_20030417.1600.06:1:EM</Feature>
<Feature name="id">EM7</Feature>
<Feature name="indexing_type">charseq</Feature>
<Feature name="role"></Feature>
<Feature name="role_difficultDecision">FALSE</Feature>
<Feature name="type">NAMPRE</Feature>
<Feature name="type_difficultDecision">FALSE</Feature>
</Annotation>
<Annotation id="CNN_IP_20030417.1600.06:1:EM" type="entity_mention_head" start="CNN_IP_20030417.1600.06:1:h" end="CNN_IP_20030417.1600.06:1:i">
<Feature name="indexing_type">charseq</Feature>
</Annotation>
<Annotation id="CNN_IP_20030417.1600.06:1:E1a" type="relation_mention" start="CNN_IP_20030417.1600.06:1:38" end="CNN_IP_20030417.1600.06:1:39">
<Feature name="id">RM2</Feature>
<Feature name="indexing_type">charseq</Feature>
<Feature name="lexical_condition">PreMod</Feature>
<Feature name="lexical_condition_difficultDecision">FALSE</Feature>
<Feature name="relation">CNN_IP_20030417.1600.06:1:E1b</Feature>
<Feature name="relation_difficultDecision">FALSE</Feature>
</Annotation>
<Annotation id="CNN_IP_20030417.1600.06:1:EI" type="entity_mention" start="CNN_IP_20030417.1600.06:1:Z" end="CNN_IP_20030417.1600.06:1:a">
<Feature name="entity">CNN_IP_20030417.1600.06:1:EK</Feature>
<Feature name="entity_difficultDecision">FALSE</Feature>
<Feature name="head">CNN_IP_20030417.1600.06:1:EJ</Feature>
<Feature name="id">EM6</Feature>
<Feature name="indexing_type">charseq</Feature>
<Feature name="role"></Feature>
<Feature name="role_difficultDecision">FALSE</Feature>
<Feature name="type">NOMPRE</Feature>
<Feature name="type_difficultDecision">FALSE</Feature>
</Annotation>
<Annotation id="CNN_IP_20030417.1600.06:1:ED" type="entity_mention" start="CNN_IP_20030417.1600.06:1:Q" end="CNN_IP_20030417.1600.06:1:R">
<Feature name="entity">CNN_IP_20030417.1600.06:1:EG</Feature>
<Feature name="entity_difficultDecision">FALSE</Feature>
<Feature name="head">CNN_IP_20030417.1600.06:1:EF</Feature>
<Feature name="id">EM5</Feature>
<Feature name="indexing_type">charseq</Feature>
<Feature name="role"></Feature>
<Feature name="role_difficultDecision">FALSE</Feature>
<Feature name="type">NAM</Feature>
<Feature name="type_difficultDecision">FALSE</Feature>
</Annotation>
<Annotation id="CNN_IP_20030417.1600.06:1:E1e" type="relation_mention" start="CNN_IP_20030417.1600.06:1:3H" end="CNN_IP_20030417.1600.06:1:3I">
<Feature name="id">RM3</Feature>
<Feature name="indexing_type">charseq</Feature>
<Feature name="lexical_condition">Verbal</Feature>
<Feature name="lexical_condition_difficultDecision">FALSE</Feature>
<Feature name="relation">CNN_IP_20030417.1600.06:1:E1f</Feature>
<Feature name="relation_difficultDecision">FALSE</Feature>
</Annotation>
<Annotation id="CNN_IP_20030417.1600.06:1:E1x" type="event_mention" start="CNN_IP_20030417.1600.06:1:3u" end="CNN_IP_20030417.1600.06:1:3v">
<Feature name="anchor">CNN_IP_20030417.1600.06:1:E1y</Feature>
<Feature name="event">CNN_IP_20030417.1600.06:1:E1z</Feature>
<Feature name="event_difficultDecision">FALSE</Feature>
<Feature name="id">VM3</Feature>
<Feature name="indexing_type">charseq</Feature>
</Annotation>
<Annotation id="CNN_IP_20030417.1600.06:1:E2b" type="event_mention" start="CNN_IP_20030417.1600.06:1:59" end="CNN_IP_20030417.1600.06:1:5A">
<Feature name="anchor">CNN_IP_20030417.1600.06:1:E2e</Feature>
<Feature name="event">CNN_IP_20030417.1600.06:1:E2f</Feature>
<Feature name="event_difficultDecision">FALSE</Feature>
<Feature name="id">VM4</Feature>
<Feature name="indexing_type">charseq</Feature>
</Annotation>
<Annotation id="CNN_IP_20030417.1600.06:1:EJ" type="entity_mention_head" start="CNN_IP_20030417.1600.06:1:b" end="CNN_IP_20030417.1600.06:1:c">
<Feature name="indexing_type">charseq</Feature>
</Annotation>
<Annotation id="CNN_IP_20030417.1600.06:1:EF" type="entity_mention_head" start="CNN_IP_20030417.1600.06:1:S" end="CNN_IP_20030417.1600.06:1:U">
<Feature name="indexing_type">charseq</Feature>
</Annotation>
<Annotation id="CNN_IP_20030417.1600.06:1:ER" type="entity_mention_head" start="CNN_IP_20030417.1600.06:1:r" end="CNN_IP_20030417.1600.06:1:s">
<Feature name="indexing_type">charseq</Feature>
</Annotation>
<Annotation id="CNN_IP_20030417.1600.06:1:EQ" type="entity_mention" start="CNN_IP_20030417.1600.06:1:p" end="CNN_IP_20030417.1600.06:1:q">
<Feature name="entity">CNN_IP_20030417.1600.06:1:E1Z</Feature>
<Feature name="entity_difficultDecision">FALSE</Feature>
<Feature name="head">CNN_IP_20030417.1600.06:1:ER</Feature>
<Feature name="id">EM8</Feature>
<Feature name="indexing_type">charseq</Feature>
<Feature name="role"></Feature>
<Feature name="role_difficultDecision">TRUE</Feature>
<Feature name="type">PTV</Feature>
<Feature name="type_difficultDecision">TRUE</Feature>
</Annotation>
<Annotation id="CNN_IP_20030417.1600.06:1:EW" type="entity_mention_head" start="CNN_IP_20030417.1600.06:1:z" end="CNN_IP_20030417.1600.06:1:10">
<Feature name="indexing_type">charseq</Feature>
</Annotation>
<Annotation id="CNN_IP_20030417.1600.06:1:EV" type="entity_mention" start="CNN_IP_20030417.1600.06:1:x" end="CNN_IP_20030417.1600.06:1:y">
<Feature name="entity">CNN_IP_20030417.1600.06:1:EX</Feature>
<Feature name="entity_difficultDecision">FALSE</Feature>
<Feature name="head">CNN_IP_20030417.1600.06:1:EW</Feature>
<Feature name="id">EM9</Feature>
<Feature name="indexing_type">charseq</Feature>
<Feature name="role"></Feature>
<Feature name="role_difficultDecision">FALSE</Feature>
<Feature name="type">HLS</Feature>
<Feature name="type_difficultDecision">FALSE</Feature>
</Annotation>
<Annotation id="CNN_IP_20030417.1600.06:1:E1y" type="event_mention_anchor" start="CNN_IP_20030417.1600.06:1:3w" end="CNN_IP_20030417.1600.06:1:3x">
<Feature name="indexing_type">charseq</Feature>
</Annotation>
<Annotation id="CNN_IP_20030417.1600.06:1:E2e" type="event_mention_anchor" start="CNN_IP_20030417.1600.06:1:5G" end="CNN_IP_20030417.1600.06:1:5H">
<Feature name="indexing_type">charseq</Feature>
</Annotation>
<Annotation id="CNN_IP_20030417.1600.06:1:EZ" type="entity_mention" start="CNN_IP_20030417.1600.06:1:15" end="CNN_IP_20030417.1600.06:1:16">
<Feature name="entity">CNN_IP_20030417.1600.06:1:Eb</Feature>
<Feature name="entity_difficultDecision">FALSE</Feature>
<Feature name="head">CNN_IP_20030417.1600.06:1:Ea</Feature>
<Feature name="id">EM10</Feature>
<Feature name="indexing_type">charseq</Feature>
<Feature name="role">LOC</Feature>
<Feature name="role_difficultDecision">FALSE</Feature>
<Feature name="type">NAM</Feature>
<Feature name="type_difficultDecision">FALSE</Feature>
</Annotation>
<Annotation id="CNN_IP_20030417.1600.06:1:Ea" type="entity_mention_head" start="CNN_IP_20030417.1600.06:1:17" end="CNN_IP_20030417.1600.06:1:18">
<Feature name="indexing_type">charseq</Feature>
</Annotation>
<Annotation id="CNN_IP_20030417.1600.06:1:E1V" type="value_mention" start="CNN_IP_20030417.1600.06:1:1l" end="CNN_IP_20030417.1600.06:1:1m">
<Feature name="id">QM3</Feature>
<Feature name="indexing_type">charseq</Feature>
<Feature name="value">CNN_IP_20030417.1600.06:1:E1W</Feature>
</Annotation>
<Annotation id="CNN_IP_20030417.1600.06:1:E1j" type="entity_mention" start="CNN_IP_20030417.1600.06:1:37" end="CNN_IP_20030417.1600.06:1:3R">
<Feature name="entity">CNN_IP_20030417.1600.06:1:EG</Feature>
<Feature name="entity_difficultDecision">FALSE</Feature>
<Feature name="head">CNN_IP_20030417.1600.06:1:E1l</Feature>
<Feature name="id">EM11</Feature>
<Feature name="indexing_type">charseq</Feature>
<Feature name="role"></Feature>
<Feature name="role_difficultDecision">TRUE</Feature>
<Feature name="type">PRO</Feature>
<Feature name="type_difficultDecision">TRUE</Feature>
</Annotation>
<Annotation id="CNN_IP_20030417.1600.06:1:E1l" type="entity_mention_head" start="CNN_IP_20030417.1600.06:1:3V" end="CNN_IP_20030417.1600.06:1:3W">
<Feature name="indexing_type">charseq</Feature>
</Annotation>
<Annotation id="CNN_IP_20030417.1600.06:1:E23" type="event_mention" start="CNN_IP_20030417.1600.06:1:46" end="CNN_IP_20030417.1600.06:1:47">
<Feature name="anchor">CNN_IP_20030417.1600.06:1:E24</Feature>
<Feature name="event">CNN_IP_20030417.1600.06:1:E1z</Feature>
<Feature name="event_difficultDecision">FALSE</Feature>
<Feature name="id">VM5</Feature>
<Feature name="indexing_type">charseq</Feature>
</Annotation>
<Annotation id="CNN_IP_20030417.1600.06:1:E28" type="event_mention" start="CNN_IP_20030417.1600.06:1:4I" end="CNN_IP_20030417.1600.06:1:4J">
<Feature name="anchor">CNN_IP_20030417.1600.06:1:E29</Feature>
<Feature name="event">CNN_IP_20030417.1600.06:1:E2A</Feature>
<Feature name="event_difficultDecision">FALSE</Feature>
<Feature name="id">VM6</Feature>
<Feature name="indexing_type">charseq</Feature>
</Annotation>
<Annotation id="CNN_IP_20030417.1600.06:1:E2P" type="value_mention" start="CNN_IP_20030417.1600.06:1:4n" end="CNN_IP_20030417.1600.06:1:4o">
<Feature name="id">QM4</Feature>
<Feature name="indexing_type">charseq</Feature>
<Feature name="value">CNN_IP_20030417.1600.06:1:E2Q</Feature>
</Annotation>
<Annotation id="CNN_IP_20030417.1600.06:1:E26" type="entity_mention" start="CNN_IP_20030417.1600.06:1:3X" end="CNN_IP_20030417.1600.06:1:4C">
<Feature name="entity">CNN_IP_20030417.1600.06:1:E2O</Feature>
<Feature name="entity_difficultDecision">FALSE</Feature>
<Feature name="head">CNN_IP_20030417.1600.06:1:E27</Feature>
<Feature name="id">EM12</Feature>
<Feature name="indexing_type">charseq</Feature>
<Feature name="role"></Feature>
<Feature name="role_difficultDecision">TRUE</Feature>
<Feature name="type">NOM</Feature>
<Feature name="type_difficultDecision">TRUE</Feature>
</Annotation>
<Annotation id="CNN_IP_20030417.1600.06:1:E27" type="entity_mention_head" start="CNN_IP_20030417.1600.06:1:4D" end="CNN_IP_20030417.1600.06:1:4F">
<Feature name="indexing_type">charseq</Feature>
</Annotation>
<Annotation id="CNN_IP_20030417.1600.06:1:E24" type="event_mention_anchor" start="CNN_IP_20030417.1600.06:1:48" end="CNN_IP_20030417.1600.06:1:49">
<Feature name="indexing_type">charseq</Feature>
</Annotation>
<Annotation id="CNN_IP_20030417.1600.06:1:E29" type="event_mention_anchor" start="CNN_IP_20030417.1600.06:1:4K" end="CNN_IP_20030417.1600.06:1:4L">
<Feature name="indexing_type">charseq</Feature>
</Annotation>
<Annotation id="CNN_IP_20030417.1600.06:1:E2X" type="relation_mention" start="CNN_IP_20030417.1600.06:1:51" end="CNN_IP_20030417.1600.06:1:52">
<Feature name="id">RM4</Feature>
<Feature name="indexing_type">charseq</Feature>
<Feature name="lexical_condition">Verbal</Feature>
<Feature name="lexical_condition_difficultDecision">FALSE</Feature>
<Feature name="relation">CNN_IP_20030417.1600.06:1:E2a</Feature>
<Feature name="relation_difficultDecision">FALSE</Feature>
</Annotation>
<Annotation id="CNN_IP_20030417.1600.06:1:Ew" type="entity_mention" start="CNN_IP_20030417.1600.06:1:1u" end="CNN_IP_20030417.1600.06:1:1v">
<Feature name="entity">CNN_IP_20030417.1600.06:1:E10</Feature>
<Feature name="entity_difficultDecision">FALSE</Feature>
<Feature name="head">CNN_IP_20030417.1600.06:1:Ex</Feature>
<Feature name="id">EM15</Feature>
<Feature name="indexing_type">charseq</Feature>
<Feature name="role">GPE</Feature>
<Feature name="role_difficultDecision">FALSE</Feature>
<Feature name="type">NAMPRE</Feature>
<Feature name="type_difficultDecision">FALSE</Feature>
</Annotation>
<Annotation id="CNN_IP_20030417.1600.06:1:Ex" type="entity_mention_head" start="CNN_IP_20030417.1600.06:1:1w" end="CNN_IP_20030417.1600.06:1:1x">
<Feature name="indexing_type">charseq</Feature>
</Annotation>
<Annotation id="CNN_IP_20030417.1600.06:1:E1m" type="relation_mention" start="CNN_IP_20030417.1600.06:1:3Y" end="CNN_IP_20030417.1600.06:1:3Z">
<Feature name="id">RM5</Feature>
<Feature name="indexing_type">charseq</Feature>
<Feature name="lexical_condition">PreMod</Feature>
<Feature name="lexical_condition_difficultDecision">FALSE</Feature>
<Feature name="relation">CNN_IP_20030417.1600.06:1:E1n</Feature>
<Feature name="relation_difficultDecision">FALSE</Feature>
</Annotation>
<Annotation id="CNN_IP_20030417.1600.06:1:Et" type="entity_mention" start="CNN_IP_20030417.1600.06:1:1o" end="CNN_IP_20030417.1600.06:1:1p">
<Feature name="entity">CNN_IP_20030417.1600.06:1:Ev</Feature>
<Feature name="entity_difficultDecision">FALSE</Feature>
<Feature name="head">CNN_IP_20030417.1600.06:1:Eu</Feature>
<Feature name="id">EM14</Feature>
<Feature name="indexing_type">charseq</Feature>
<Feature name="role"></Feature>
<Feature name="role_difficultDecision">FALSE</Feature>
<Feature name="type">NOMPRE</Feature>
<Feature name="type_difficultDecision">FALSE</Feature>
</Annotation>
<Annotation id="CNN_IP_20030417.1600.06:1:Ei" type="entity_mention" start="CNN_IP_20030417.1600.06:1:1O" end="CNN_IP_20030417.1600.06:1:1P">
<Feature name="entity">CNN_IP_20030417.1600.06:1:Ek</Feature>
<Feature name="entity_difficultDecision">FALSE</Feature>
<Feature name="head">CNN_IP_20030417.1600.06:1:Ej</Feature>
<Feature name="id">EM13</Feature>
<Feature name="indexing_type">charseq</Feature>
<Feature name="role"></Feature>
<Feature name="role_difficultDecision">FALSE</Feature>
<Feature name="type">NAM</Feature>
<Feature name="type_difficultDecision">FALSE</Feature>
</Annotation>
<Annotation id="CNN_IP_20030417.1600.06:1:Eu" type="entity_mention_head" start="CNN_IP_20030417.1600.06:1:1q" end="CNN_IP_20030417.1600.06:1:1r">
<Feature name="indexing_type">charseq</Feature>
</Annotation>
<Annotation id="CNN_IP_20030417.1600.06:1:En" type="entity_mention" start="CNN_IP_20030417.1600.06:1:1a" end="CNN_IP_20030417.1600.06:1:1b">
<Feature name="entity">CNN_IP_20030417.1600.06:1:Ep</Feature>
<Feature name="entity_difficultDecision">FALSE</Feature>
<Feature name="head">CNN_IP_20030417.1600.06:1:Eo</Feature>
<Feature name="id">EM16</Feature>
<Feature name="indexing_type">charseq</Feature>
<Feature name="role"></Feature>
<Feature name="role_difficultDecision">FALSE</Feature>
<Feature name="type">NOMPRE</Feature>
<Feature name="type_difficultDecision">FALSE</Feature>
</Annotation>
<Annotation id="CNN_IP_20030417.1600.06:1:Eo" type="entity_mention_head" start="CNN_IP_20030417.1600.06:1:1c" end="CNN_IP_20030417.1600.06:1:1d">
<Feature name="indexing_type">charseq</Feature>
</Annotation>
<Annotation id="CNN_IP_20030417.1600.06:1:Ej" type="entity_mention_head" start="CNN_IP_20030417.1600.06:1:1Q" end="CNN_IP_20030417.1600.06:1:1R">
<Feature name="indexing_type">charseq</Feature>
</Annotation>
<Annotation id="CNN_IP_20030417.1600.06:1:E11" type="entity_mention" start="CNN_IP_20030417.1600.06:1:24" end="CNN_IP_20030417.1600.06:1:25">
<Feature name="entity">CNN_IP_20030417.1600.06:1:EB</Feature>
<Feature name="entity_difficultDecision">FALSE</Feature>
<Feature name="head">CNN_IP_20030417.1600.06:1:E12</Feature>
<Feature name="id">EM17</Feature>
<Feature name="indexing_type">charseq</Feature>
<Feature name="role"></Feature>
<Feature name="role_difficultDecision">FALSE</Feature>
<Feature name="type">NAM</Feature>
<Feature name="type_difficultDecision">FALSE</Feature>
</Annotation>
<Annotation id="CNN_IP_20030417.1600.06:1:E12" type="entity_mention_head" start="CNN_IP_20030417.1600.06:1:26" end="CNN_IP_20030417.1600.06:1:27">
<Feature name="indexing_type">charseq</Feature>
</Annotation>
<Annotation id="CNN_IP_20030417.1600.06:1:E13" type="entity_mention" start="CNN_IP_20030417.1600.06:1:28" end="CNN_IP_20030417.1600.06:1:29">
<Feature name="entity">CNN_IP_20030417.1600.06:1:Ek</Feature>
<Feature name="entity_difficultDecision">FALSE</Feature>
<Feature name="head">CNN_IP_20030417.1600.06:1:E14</Feature>
<Feature name="id">EM18</Feature>
<Feature name="indexing_type">charseq</Feature>
<Feature name="role"></Feature>
<Feature name="role_difficultDecision">FALSE</Feature>
<Feature name="type">PRO</Feature>
<Feature name="type_difficultDecision">FALSE</Feature>
</Annotation>
<Annotation id="CNN_IP_20030417.1600.06:1:E14" type="entity_mention_head" start="CNN_IP_20030417.1600.06:1:2A" end="CNN_IP_20030417.1600.06:1:2B">
<Feature name="indexing_type">charseq</Feature>
</Annotation>
<Annotation id="CNN_IP_20030417.1600.06:1:E2B" type="event_mention" start="CNN_IP_20030417.1600.06:1:4O" end="CNN_IP_20030417.1600.06:1:4P">
<Feature name="anchor">CNN_IP_20030417.1600.06:1:E2C</Feature>
<Feature name="event">CNN_IP_20030417.1600.06:1:E2D</Feature>
<Feature name="event_difficultDecision">FALSE</Feature>
<Feature name="id">VM7</Feature>
<Feature name="indexing_type">charseq</Feature>
</Annotation>
<Annotation id="CNN_IP_20030417.1600.06:1:E2I" type="event_mention" start="CNN_IP_20030417.1600.06:1:4b" end="CNN_IP_20030417.1600.06:1:4c">
<Feature name="anchor">CNN_IP_20030417.1600.06:1:E2J</Feature>
<Feature name="event">CNN_IP_20030417.1600.06:1:E2K</Feature>
<Feature name="event_difficultDecision">FALSE</Feature>
<Feature name="id">VM8</Feature>
<Feature name="indexing_type">charseq</Feature>
</Annotation>
<Annotation id="CNN_IP_20030417.1600.06:1:E2g" type="event_mention" start="CNN_IP_20030417.1600.06:1:5K" end="CNN_IP_20030417.1600.06:1:5L">
<Feature name="anchor">CNN_IP_20030417.1600.06:1:E2j</Feature>
<Feature name="event">CNN_IP_20030417.1600.06:1:E2k</Feature>
<Feature name="event_difficultDecision">FALSE</Feature>
<Feature name="id">VM9</Feature>
<Feature name="indexing_type">charseq</Feature>
</Annotation>
<Annotation id="CNN_IP_20030417.1600.06:1:E2C" type="event_mention_anchor" start="CNN_IP_20030417.1600.06:1:4Q" end="CNN_IP_20030417.1600.06:1:4R">
<Feature name="indexing_type">charseq</Feature>
</Annotation>
<Annotation id="CNN_IP_20030417.1600.06:1:E2J" type="event_mention_anchor" start="CNN_IP_20030417.1600.06:1:4d" end="CNN_IP_20030417.1600.06:1:4e">
<Feature name="indexing_type">charseq</Feature>
</Annotation>
<Annotation id="CNN_IP_20030417.1600.06:1:E15" type="entity_mention" start="CNN_IP_20030417.1600.06:1:2C" end="CNN_IP_20030417.1600.06:1:2D">
<Feature name="entity">CNN_IP_20030417.1600.06:1:E19</Feature>
<Feature name="entity_difficultDecision">FALSE</Feature>
<Feature name="head">CNN_IP_20030417.1600.06:1:E16</Feature>
<Feature name="id">EM19</Feature>
<Feature name="indexing_type">charseq</Feature>
<Feature name="role"></Feature>
<Feature name="role_difficultDecision">FALSE</Feature>
<Feature name="type">NOMPRE</Feature>
<Feature name="type_difficultDecision">FALSE</Feature>
</Annotation>
<Annotation id="CNN_IP_20030417.1600.06:1:E16" type="entity_mention_head" start="CNN_IP_20030417.1600.06:1:2F" end="CNN_IP_20030417.1600.06:1:2G">
<Feature name="indexing_type">charseq</Feature>
</Annotation>
<Annotation id="CNN_IP_20030417.1600.06:1:E2j" type="event_mention_anchor" start="CNN_IP_20030417.1600.06:1:5Q" end="CNN_IP_20030417.1600.06:1:5R">
<Feature name="indexing_type">charseq</Feature>
</Annotation>
<Annotation id="CNN_IP_20030417.1600.06:1:E1A" type="entity_mention" start="CNN_IP_20030417.1600.06:1:2N" end="CNN_IP_20030417.1600.06:1:2O">
<Feature name="entity">CNN_IP_20030417.1600.06:1:E1C</Feature>
<Feature name="entity_difficultDecision">FALSE</Feature>
<Feature name="head">CNN_IP_20030417.1600.06:1:E1B</Feature>
<Feature name="id">EM20</Feature>
<Feature name="indexing_type">charseq</Feature>
<Feature name="role"></Feature>
<Feature name="role_difficultDecision">FALSE</Feature>
<Feature name="type">NOM</Feature>
<Feature name="type_difficultDecision">FALSE</Feature>
</Annotation>
<Annotation id="CNN_IP_20030417.1600.06:1:E1B" type="entity_mention_head" start="CNN_IP_20030417.1600.06:1:2P" end="CNN_IP_20030417.1600.06:1:2Q">
<Feature name="indexing_type">charseq</Feature>
</Annotation>
<Annotation id="CNN_IP_20030417.1600.06:1:E1F" type="entity_mention" start="CNN_IP_20030417.1600.06:1:2W" end="CNN_IP_20030417.1600.06:1:2X">
<Feature name="entity">CNN_IP_20030417.1600.06:1:E1H</Feature>
<Feature name="entity_difficultDecision">FALSE</Feature>
<Feature name="head">CNN_IP_20030417.1600.06:1:E1G</Feature>
<Feature name="id">EM21</Feature>
<Feature name="indexing_type">charseq</Feature>
<Feature name="role"></Feature>
<Feature name="role_difficultDecision">FALSE</Feature>
<Feature name="type">PRO</Feature>
<Feature name="type_difficultDecision">FALSE</Feature>
</Annotation>
<Annotation id="CNN_IP_20030417.1600.06:1:E1G" type="entity_mention_head" start="CNN_IP_20030417.1600.06:1:2Y" end="CNN_IP_20030417.1600.06:1:2Z">
<Feature name="indexing_type">charseq</Feature>
</Annotation>
<Annotation id="CNN_IP_20030417.1600.06:1:E1J" type="entity_mention" start="CNN_IP_20030417.1600.06:1:2e" end="CNN_IP_20030417.1600.06:1:2f">
<Feature name="entity">CNN_IP_20030417.1600.06:1:E1L</Feature>
<Feature name="entity_difficultDecision">FALSE</Feature>
<Feature name="head">CNN_IP_20030417.1600.06:1:E1K</Feature>
<Feature name="id">EM22</Feature>
<Feature name="indexing_type">charseq</Feature>
<Feature name="role"></Feature>
<Feature name="role_difficultDecision">FALSE</Feature>
<Feature name="type">NAM</Feature>
<Feature name="type_difficultDecision">FALSE</Feature>
</Annotation>
<Annotation id="CNN_IP_20030417.1600.06:1:E1K" type="entity_mention_head" start="CNN_IP_20030417.1600.06:1:2g" end="CNN_IP_20030417.1600.06:1:2h">
<Feature name="indexing_type">charseq</Feature>
</Annotation>
<Annotation id="CNN_IP_20030417.1600.06:1:E1M" type="entity_mention" start="CNN_IP_20030417.1600.06:1:2k" end="CNN_IP_20030417.1600.06:1:2l">
<Feature name="entity">CNN_IP_20030417.1600.06:1:E1O</Feature>
<Feature name="entity_difficultDecision">FALSE</Feature>
<Feature name="head">CNN_IP_20030417.1600.06:1:E1N</Feature>
<Feature name="id">EM23</Feature>
<Feature name="indexing_type">charseq</Feature>
<Feature name="role"></Feature>
<Feature name="role_difficultDecision">FALSE</Feature>
<Feature name="type">PRO</Feature>
<Feature name="type_difficultDecision">FALSE</Feature>
</Annotation>
<Annotation id="CNN_IP_20030417.1600.06:1:E1N" type="entity_mention_head" start="CNN_IP_20030417.1600.06:1:2m" end="CNN_IP_20030417.1600.06:1:2n">
<Feature name="indexing_type">charseq</Feature>
</Annotation>
<Annotation id="CNN_IP_20030417.1600.06:1:E1Q" type="entity_mention" start="CNN_IP_20030417.1600.06:1:2s" end="CNN_IP_20030417.1600.06:1:2t">
<Feature name="entity">CNN_IP_20030417.1600.06:1:E1S</Feature>
<Feature name="entity_difficultDecision">FALSE</Feature>
<Feature name="head">CNN_IP_20030417.1600.06:1:E1R</Feature>
<Feature name="id">EM24</Feature>
<Feature name="indexing_type">charseq</Feature>
<Feature name="role"></Feature>
<Feature name="role_difficultDecision">FALSE</Feature>
<Feature name="type">PRO</Feature>
<Feature name="type_difficultDecision">FALSE</Feature>
</Annotation>
<Annotation id="CNN_IP_20030417.1600.06:1:E1R" type="entity_mention_head" start="CNN_IP_20030417.1600.06:1:2u" end="CNN_IP_20030417.1600.06:1:2v">
<Feature name="indexing_type">charseq</Feature>
</Annotation>
<Annotation id="CNN_IP_20030417.1600.06:1:Em" type="entity_mention" start="CNN_IP_20030417.1600.06:1:1X" end="CNN_IP_20030417.1600.06:1:1Y">
<Feature name="entity">CNN_IP_20030417.1600.06:1:E1O</Feature>
<Feature name="entity_difficultDecision">FALSE</Feature>
<Feature name="head">CNN_IP_20030417.1600.06:1:Eq</Feature>
<Feature name="id">EM25</Feature>
<Feature name="indexing_type">charseq</Feature>
<Feature name="role"></Feature>
<Feature name="role_difficultDecision">FALSE</Feature>
<Feature name="type">PRO</Feature>
<Feature name="type_difficultDecision">FALSE</Feature>
</Annotation>
<Annotation id="CNN_IP_20030417.1600.06:1:Eq" type="entity_mention_head" start="CNN_IP_20030417.1600.06:1:1Z" end="CNN_IP_20030417.1600.06:1:1g">
<Feature name="indexing_type">charseq</Feature>
</Annotation>
</AG>
</AGSet>
