<?xml version="1.0"?>
<!DOCTYPE source_file SYSTEM "apf.v5.1.1.dtd">
<source_file URI="CNN_IP_20030330.1600.06.sgm" SOURCE="broadcast conversation" TYPE="text" AUTHOR="LDC" ENCODING="UTF-8">
<document DOCID="CNN_IP_20030330.1600.06">
<entity ID="CNN_IP_20030330.1600.06-E1" TYPE="PER" SUBTYPE="Group" CLASS="USP">
  <entity_mention ID="CNN_IP_20030330.1600.06-E1-1" TYPE="NOM" LDCTYPE="NOM">
    <extent>
      <charseq START="497" END="509">Many Israelis</charseq>
    </extent>
    <head>
      <charseq START="502" END="509">Israelis</charseq>
    </head>
  </entity_mention>
</entity>
<entity ID="CNN_IP_20030330.1600.06-E2" TYPE="PER" SUBTYPE="Group" CLASS="SPC">
  <entity_mention ID="CNN_IP_20030330.1600.06-E2-2" TYPE="NOM" LDCTYPE="BAR">
    <extent>
      <charseq START="581" END="586">Police</charseq>
    </extent>
    <head>
      <charseq START="581" END="586">Police</charseq>
    </head>
  </entity_mention>
</entity>
<entity ID="CNN_IP_20030330.1600.06-E3" TYPE="PER" SUBTYPE="Individual" CLASS="SPC">
  <entity_mention ID="CNN_IP_20030330.1600.06-E3-3" TYPE="NOM" LDCTYPE="NOM">
    <extent>
      <charseq START="592" END="607">a suicide bomber</charseq>
    </extent>
    <head>
      <charseq START="602" END="607">bomber</charseq>
    </head>
  </entity_mention>
  <entity_mention ID="CNN_IP_20030330.1600.06-E3-4" TYPE="PRO" LDCTYPE="PRO">
    <extent>
      <charseq START="614" END="620">himself</charseq>
    </extent>
    <head>
      <charseq START="614" END="620">himself</charseq>
    </head>
  </entity_mention>
  <entity_mention ID="CNN_IP_20030330.1600.06-E3-20" TYPE="NOM" LDCTYPE="NOM">
    <extent>
      <charseq START="887" END="904">the suicide bomber</charseq>
    </extent>
    <head>
      <charseq START="899" END="904">bomber</charseq>
    </head>
  </entity_mention>
  <entity_mention ID="CNN_IP_20030330.1600.06-E3-28" TYPE="NOM" LDCTYPE="NOM">
    <extent>
      <charseq START="870" END="879">one person</charseq>
    </extent>
    <head>
      <charseq START="874" END="879">person</charseq>
    </head>
  </entity_mention>
</entity>
<entity ID="CNN_IP_20030330.1600.06-E4" TYPE="FAC" SUBTYPE="Building-Grounds" CLASS="SPC">
  <entity_mention ID="CNN_IP_20030330.1600.06-E4-5" TYPE="NOM" LDCTYPE="NOM">
    <extent>
      <charseq START="633" END="641">this cafe</charseq>
    </extent>
    <head>
      <charseq START="638" END="641">cafe</charseq>
    </head>
  </entity_mention>
  <entity_mention ID="CNN_IP_20030330.1600.06-E4-10" TYPE="PRO" LDCTYPE="PRO">
    <extent>
      <charseq START="752" END="755">here</charseq>
    </extent>
    <head>
      <charseq START="752" END="755">here</charseq>
    </head>
  </entity_mention>
  <entity_mention ID="CNN_IP_20030330.1600.06-E4-12" TYPE="NOM" LDCTYPE="NOM">
    <extent>
      <charseq START="765" END="772">the
cafe</charseq>
    </extent>
    <head>
      <charseq START="769" END="772">cafe</charseq>
    </head>
  </entity_mention>
  <entity_mention ID="CNN_IP_20030330.1600.06-E4-15" TYPE="PRO" LDCTYPE="PRO">
    <extent>
      <charseq START="831" END="834">here</charseq>
    </extent>
    <head>
      <charseq START="831" END="834">here</charseq>
    </head>
  </entity_mention>
  <entity_mention ID="CNN_IP_20030330.1600.06-E4-27" TYPE="PRO" LDCTYPE="PRO">
    <extent>
      <charseq START="1028" END="1031">here</charseq>
    </extent>
    <head>
      <charseq START="1028" END="1031">here</charseq>
    </head>
  </entity_mention>
  <entity_mention ID="CNN_IP_20030330.1600.06-E4-32" TYPE="PRO" LDCTYPE="PRO">
    <extent>
      <charseq START="1152" END="1155">here</charseq>
    </extent>
    <head>
      <charseq START="1152" END="1155">here</charseq>
    </head>
  </entity_mention>
  <entity_mention ID="CNN_IP_20030330.1600.06-E4-34" TYPE="PRO" LDCTYPE="PRO">
    <extent>
      <charseq START="1192" END="1195">here</charseq>
    </extent>
    <head>
      <charseq START="1192" END="1195">here</charseq>
    </head>
  </entity_mention>
  <entity_mention ID="CNN_IP_20030330.1600.06-E4-63" TYPE="PRO" LDCTYPE="PRO">
    <extent>
      <charseq START="1984" END="1987">here</charseq>
    </extent>
    <head>
      <charseq START="1984" END="1987">here</charseq>
    </head>
  </entity_mention>
</entity>
<entity ID="CNN_IP_20030330.1600.06-E5" TYPE="PER" SUBTYPE="Group" CLASS="SPC">
  <entity_mention ID="CNN_IP_20030330.1600.06-E5-9" TYPE="NOM" LDCTYPE="BAR">
    <extent>
      <charseq START="745" END="755">People here</charseq>
    </extent>
    <head>
      <charseq START="745" END="750">People</charseq>
    </head>
  </entity_mention>
</entity>
<entity ID="CNN_IP_20030330.1600.06-E6" TYPE="PER" SUBTYPE="Group" CLASS="GEN">
  <entity_mention ID="CNN_IP_20030330.1600.06-E6-6" TYPE="NOM" LDCTYPE="BAR">
    <extent>
      <charseq START="1785" END="1807">U.S. and
British forces</charseq>
    </extent>
    <head>
      <charseq START="1802" END="1807">forces</charseq>
    </head>
  </entity_mention>
</entity>
<entity ID="CNN_IP_20030330.1600.06-E7" TYPE="PER" SUBTYPE="Group" CLASS="USP">
  <entity_mention ID="CNN_IP_20030330.1600.06-E7-13" TYPE="NOM" LDCTYPE="BAR">
    <extent>
      <charseq START="790" END="823">people enjoying the spring weather</charseq>
    </extent>
    <head>
      <charseq START="790" END="795">people</charseq>
    </head>
  </entity_mention>
</entity>
<entity ID="CNN_IP_20030330.1600.06-E8" TYPE="PER" SUBTYPE="Group" CLASS="USP">
  <entity_mention ID="CNN_IP_20030330.1600.06-E8-14" TYPE="PRO" LDCTYPE="HLS">
    <extent>
      <charseq START="826" END="834">Many here</charseq>
    </extent>
    <head>
      <charseq START="826" END="829">Many</charseq>
    </head>
  </entity_mention>
  <entity_mention ID="CNN_IP_20030330.1600.06-E8-16" TYPE="PRO" LDCTYPE="PRO">
    <extent>
      <charseq START="847" END="850">they</charseq>
    </extent>
    <head>
      <charseq START="847" END="850">they</charseq>
    </head>
  </entity_mention>
</entity>
<entity ID="CNN_IP_20030330.1600.06-E9" TYPE="GPE" SUBTYPE="Nation" CLASS="SPC">
  <entity_mention ID="CNN_IP_20030330.1600.06-E9-18" TYPE="NAM" LDCTYPE="NAMPRE" ROLE="GPE" LDCATR="TRUE">
    <extent>
      <charseq START="470" END="475">U.s.-l</charseq>
    </extent>
    <head>
      <charseq START="470" END="475">U.s.-l</charseq>
    </head>
  </entity_mention>
  <entity_mention ID="CNN_IP_20030330.1600.06-E9-24" TYPE="NAM" LDCTYPE="NAMPRE" ROLE="GPE" LDCATR="TRUE">
    <extent>
      <charseq START="1785" END="1787">U.S</charseq>
    </extent>
    <head>
      <charseq START="1785" END="1787">U.S</charseq>
    </head>
  </entity_mention>
  <entity_mention ID="CNN_IP_20030330.1600.06-E9-58" TYPE="NAM" LDCTYPE="NAMPRE" ROLE="GPE" LDCATR="TRUE">
    <extent>
      <charseq START="1880" END="1885">U.S.-l</charseq>
    </extent>
    <head>
      <charseq START="1880" END="1885">U.S.-l</charseq>
    </head>
  </entity_mention>
  <entity_mention ID="CNN_IP_20030330.1600.06-E9-73" TYPE="NAM" LDCTYPE="NAMPRE" ROLE="GPE" LDCATR="TRUE">
    <extent>
      <charseq START="2252" END="2254">U.S</charseq>
    </extent>
    <head>
      <charseq START="2252" END="2254">U.S</charseq>
    </head>
  </entity_mention>
  <entity_attributes>
    <name NAME="U.s.-l">
      <charseq START="470" END="475">U.s.-l</charseq>
    </name>
    <name NAME="U.S">
      <charseq START="1785" END="1787">U.S</charseq>
    </name>
    <name NAME="U.S.-l">
      <charseq START="1880" END="1885">U.S.-l</charseq>
    </name>
    <name NAME="U.S">
      <charseq START="2252" END="2254">U.S</charseq>
    </name>
  </entity_attributes>
</entity>
<entity ID="CNN_IP_20030330.1600.06-E10" TYPE="PER" SUBTYPE="Group" CLASS="USP">
  <entity_mention ID="CNN_IP_20030330.1600.06-E10-21" TYPE="NOM" LDCTYPE="NOM">
    <extent>
      <charseq START="942" END="962">some Israeli soldiers</charseq>
    </extent>
    <head>
      <charseq START="955" END="962">soldiers</charseq>
    </head>
  </entity_mention>
</entity>
<entity ID="CNN_IP_20030330.1600.06-E11" TYPE="GPE" SUBTYPE="Nation" CLASS="SPC">
  <entity_mention ID="CNN_IP_20030330.1600.06-E11-22" TYPE="NAM" LDCTYPE="NAMPRE" ROLE="GPE" LDCATR="TRUE">
    <extent>
      <charseq START="947" END="953">Israeli</charseq>
    </extent>
    <head>
      <charseq START="947" END="953">Israeli</charseq>
    </head>
  </entity_mention>
  <entity_mention ID="CNN_IP_20030330.1600.06-E11-40" TYPE="NAM" LDCTYPE="NAM" ROLE="LOC" LDCATR="FALSE">
    <extent>
      <charseq START="1327" END="1332">Israel</charseq>
    </extent>
    <head>
      <charseq START="1327" END="1332">Israel</charseq>
    </head>
  </entity_mention>
  <entity_mention ID="CNN_IP_20030330.1600.06-E11-52" TYPE="NAM" LDCTYPE="NAM" ROLE="GPE" LDCATR="FALSE">
    <extent>
      <charseq START="1810" END="1815">Israel</charseq>
    </extent>
    <head>
      <charseq START="1810" END="1815">Israel</charseq>
    </head>
  </entity_mention>
  <entity_mention ID="CNN_IP_20030330.1600.06-E11-68" TYPE="NAM" LDCTYPE="NAM" ROLE="LOC" LDCATR="FALSE">
    <extent>
      <charseq START="2104" END="2109">Israel</charseq>
    </extent>
    <head>
      <charseq START="2104" END="2109">Israel</charseq>
    </head>
  </entity_mention>
  <entity_mention ID="CNN_IP_20030330.1600.06-E11-82" TYPE="NAM" LDCTYPE="NAM" ROLE="LOC" LDCATR="FALSE">
    <extent>
      <charseq START="262" END="267">Israel</charseq>
    </extent>
    <head>
      <charseq START="262" END="267">Israel</charseq>
    </head>
  </entity_mention>
  <entity_mention ID="CNN_IP_20030330.1600.06-E11-85" TYPE="NAM" LDCTYPE="NAM" ROLE="LOC" LDCATR="FALSE">
    <extent>
      <charseq START="440" END="445">Israel</charseq>
    </extent>
    <head>
      <charseq START="440" END="445">Israel</charseq>
    </head>
  </entity_mention>
  <entity_attributes>
    <name NAME="Israeli">
      <charseq START="947" END="953">Israeli</charseq>
    </name>
    <name NAME="Israel">
      <charseq START="1327" END="1332">Israel</charseq>
    </name>
    <name NAME="Israel">
      <charseq START="1810" END="1815">Israel</charseq>
    </name>
    <name NAME="Israel">
      <charseq START="2104" END="2109">Israel</charseq>
    </name>
    <name NAME="Israel">
      <charseq START="262" END="267">Israel</charseq>
    </name>
    <name NAME="Israel">
      <charseq START="440" END="445">Israel</charseq>
    </name>
  </entity_attributes>
</entity>
<entity ID="CNN_IP_20030330.1600.06-E12" TYPE="PER" SUBTYPE="Individual" CLASS="SPC">
  <entity_mention ID="CNN_IP_20030330.1600.06-E12-23" TYPE="NOM" LDCTYPE="NOM">
    <extent>
      <charseq START="986" END="998">an
eyewitness</charseq>
    </extent>
    <head>
      <charseq START="989" END="998">eyewitness</charseq>
    </head>
  </entity_mention>
  <entity_mention ID="CNN_IP_20030330.1600.06-E12-25" TYPE="PRO" LDCTYPE="PRO">
    <extent>
      <charseq START="1001" END="1002">he</charseq>
    </extent>
    <head>
      <charseq START="1001" END="1002">he</charseq>
    </head>
  </entity_mention>
</entity>
<entity ID="CNN_IP_20030330.1600.06-E13" TYPE="PER" SUBTYPE="Group" CLASS="USP">
  <entity_mention ID="CNN_IP_20030330.1600.06-E13-26" TYPE="NOM" LDCTYPE="NOM">
    <extent>
      <charseq START="1009" END="1021">many soldiers</charseq>
    </extent>
    <head>
      <charseq START="1014" END="1021">soldiers</charseq>
    </head>
  </entity_mention>
</entity>
<entity ID="CNN_IP_20030330.1600.06-E14" TYPE="WEA" SUBTYPE="Exploding" CLASS="SPC">
  <entity_mention ID="CNN_IP_20030330.1600.06-E14-29" TYPE="NOM" LDCTYPE="BAR">
    <extent>
      <charseq START="1101" END="1108">big bomb</charseq>
    </extent>
    <head>
      <charseq START="1105" END="1108">bomb</charseq>
    </head>
  </entity_mention>
</entity>
<entity ID="CNN_IP_20030330.1600.06-E15" TYPE="PER" SUBTYPE="Group" CLASS="USP">
  <entity_mention ID="CNN_IP_20030330.1600.06-E15-30" TYPE="NOM" LDCTYPE="NOM">
    <extent>
      <charseq START="1115" END="1126">many soldier</charseq>
    </extent>
    <head>
      <charseq START="1120" END="1126">soldier</charseq>
    </head>
  </entity_mention>
</entity>
<entity ID="CNN_IP_20030330.1600.06-E16" TYPE="PER" SUBTYPE="Group" CLASS="SPC">
  <entity_mention ID="CNN_IP_20030330.1600.06-E16-31" TYPE="NOM" LDCTYPE="NOM">
    <extent>
      <charseq START="1129" END="1140">Two soldiers</charseq>
    </extent>
    <head>
      <charseq START="1133" END="1140">soldiers</charseq>
    </head>
  </entity_mention>
</entity>
<entity ID="CNN_IP_20030330.1600.06-E17" TYPE="PER" SUBTYPE="Group" CLASS="USP">
  <entity_mention ID="CNN_IP_20030330.1600.06-E17-33" TYPE="NOM" LDCTYPE="NOM">
    <extent>
      <charseq START="1170" END="1180">Many people</charseq>
    </extent>
    <head>
      <charseq START="1175" END="1180">people</charseq>
    </head>
  </entity_mention>
</entity>
<entity ID="CNN_IP_20030330.1600.06-E19" TYPE="PER" SUBTYPE="Individual" CLASS="GEN">
  <entity_mention ID="CNN_IP_20030330.1600.06-E19-37" TYPE="NOM" LDCTYPE="NOMPRE">
    <extent>
      <charseq START="1244" END="1252">terrorist</charseq>
    </extent>
    <head>
      <charseq START="1244" END="1252">terrorist</charseq>
    </head>
  </entity_mention>
</entity>
<entity ID="CNN_IP_20030330.1600.06-E20" TYPE="FAC" SUBTYPE="Building-Grounds" CLASS="SPC">
  <entity_mention ID="CNN_IP_20030330.1600.06-E20-41" TYPE="NAM" LDCTYPE="NAM">
    <extent>
      <charseq START="1374" END="1387">the Park Hotel</charseq>
    </extent>
    <head>
      <charseq START="1378" END="1387">Park Hotel</charseq>
    </head>
  </entity_mention>
  <entity_attributes>
    <name NAME="Park Hotel">
      <charseq START="1378" END="1387">Park Hotel</charseq>
    </name>
  </entity_attributes>
</entity>
<entity ID="CNN_IP_20030330.1600.06-E21" TYPE="PER" SUBTYPE="Group" CLASS="SPC">
  <entity_mention ID="CNN_IP_20030330.1600.06-E21-42" TYPE="NOM" LDCTYPE="NOM">
    <extent>
      <charseq START="1406" END="1414">29 people</charseq>
    </extent>
    <head>
      <charseq START="1409" END="1414">people</charseq>
    </head>
  </entity_mention>
</entity>
<entity ID="CNN_IP_20030330.1600.06-E22" TYPE="ORG" SUBTYPE="Non-Governmental" CLASS="SPC">
  <entity_mention ID="CNN_IP_20030330.1600.06-E22-44" TYPE="NOM" LDCTYPE="NOM" LDCATR="FALSE">
    <extent>
      <charseq START="1459" END="1488">the Palestinian militant group</charseq>
    </extent>
    <head>
      <charseq START="1484" END="1488">group</charseq>
    </head>
  </entity_mention>
  <entity_mention ID="CNN_IP_20030330.1600.06-E22-45" TYPE="NAM" LDCTYPE="NAM" LDCATR="FALSE">
    <extent>
      <charseq START="1490" END="1502">Islamic Jihad</charseq>
    </extent>
    <head>
      <charseq START="1490" END="1502">Islamic Jihad</charseq>
    </head>
  </entity_mention>
  <entity_mention ID="CNN_IP_20030330.1600.06-E22-47" TYPE="NOM" LDCTYPE="NOM" LDCATR="FALSE">
    <extent>
      <charseq START="1560" END="1568">the group</charseq>
    </extent>
    <head>
      <charseq START="1564" END="1568">group</charseq>
    </head>
  </entity_mention>
  <entity_mention ID="CNN_IP_20030330.1600.06-E22-49" TYPE="NOM" LDCTYPE="NOM" LDCATR="FALSE">
    <extent>
      <charseq START="1587" END="1595">the group</charseq>
    </extent>
    <head>
      <charseq START="1591" END="1595">group</charseq>
    </head>
  </entity_mention>
  <entity_mention ID="CNN_IP_20030330.1600.06-E22-54" TYPE="NOM" LDCTYPE="NOM" LDCATR="FALSE">
    <extent>
      <charseq START="1676" END="1684">The group</charseq>
    </extent>
    <head>
      <charseq START="1680" END="1684">group</charseq>
    </head>
  </entity_mention>
  <entity_mention ID="CNN_IP_20030330.1600.06-E22-56" TYPE="NAM" LDCTYPE="NAMPRE" LDCATR="TRUE">
    <extent>
      <charseq START="1708" END="1720">Islamic Jihad</charseq>
    </extent>
    <head>
      <charseq START="1708" END="1720">Islamic Jihad</charseq>
    </head>
  </entity_mention>
  <entity_attributes>
    <name NAME="Islamic Jihad">
      <charseq START="1490" END="1502">Islamic Jihad</charseq>
    </name>
    <name NAME="Islamic Jihad">
      <charseq START="1708" END="1720">Islamic Jihad</charseq>
    </name>
  </entity_attributes>
</entity>
<entity ID="CNN_IP_20030330.1600.06-E24" TYPE="GPE" SUBTYPE="Special" CLASS="SPC">
  <entity_mention ID="CNN_IP_20030330.1600.06-E24-46" TYPE="NAM" LDCTYPE="NAMPRE" ROLE="GPE">
    <extent>
      <charseq START="1463" END="1473">Palestinian</charseq>
    </extent>
    <head>
      <charseq START="1463" END="1473">Palestinian</charseq>
    </head>
  </entity_mention>
  <entity_attributes>
    <name NAME="Palestinian">
      <charseq START="1463" END="1473">Palestinian</charseq>
    </name>
  </entity_attributes>
</entity>
<entity ID="CNN_IP_20030330.1600.06-E25" TYPE="PER" SUBTYPE="Group" CLASS="GEN">
  <entity_mention ID="CNN_IP_20030330.1600.06-E25-50" TYPE="NOM" LDCTYPE="BAR">
    <extent>
      <charseq START="1638" END="1649">Palestinians</charseq>
    </extent>
    <head>
      <charseq START="1638" END="1649">Palestinians</charseq>
    </head>
  </entity_mention>
</entity>
<entity ID="CNN_IP_20030330.1600.06-E26" TYPE="GPE" SUBTYPE="Nation" CLASS="SPC">
  <entity_mention ID="CNN_IP_20030330.1600.06-E26-36" TYPE="NAM" LDCTYPE="NAMPRE" ROLE="GPE">
    <extent>
      <charseq START="1794" END="1800">British</charseq>
    </extent>
    <head>
      <charseq START="1794" END="1800">British</charseq>
    </head>
  </entity_mention>
  <entity_attributes>
    <name NAME="British">
      <charseq START="1794" END="1800">British</charseq>
    </name>
  </entity_attributes>
</entity>
<entity ID="CNN_IP_20030330.1600.06-E27" TYPE="PER" SUBTYPE="Group" CLASS="USP">
  <entity_mention ID="CNN_IP_20030330.1600.06-E27-55" TYPE="NOM" LDCTYPE="BAR">
    <extent>
      <charseq START="1708" END="1730">Islamic Jihad
militants</charseq>
    </extent>
    <head>
      <charseq START="1722" END="1730">militants</charseq>
    </head>
  </entity_mention>
</entity>
<entity ID="CNN_IP_20030330.1600.06-E30" TYPE="PER" SUBTYPE="Group" CLASS="USP">
  <entity_mention ID="CNN_IP_20030330.1600.06-E30-60" TYPE="NOM" LDCTYPE="NOM">
    <extent>
      <charseq START="1915" END="1927">many Israelis</charseq>
    </extent>
    <head>
      <charseq START="1920" END="1927">Israelis</charseq>
    </head>
  </entity_mention>
  <entity_mention ID="CNN_IP_20030330.1600.06-E30-61" TYPE="PRO" LDCTYPE="PRO">
    <extent>
      <charseq START="1934" END="1937">they</charseq>
    </extent>
    <head>
      <charseq START="1934" END="1937">they</charseq>
    </head>
  </entity_mention>
  <entity_mention ID="CNN_IP_20030330.1600.06-E30-62" TYPE="PRO" LDCTYPE="PRO">
    <extent>
      <charseq START="1975" END="1978">they</charseq>
    </extent>
    <head>
      <charseq START="1975" END="1978">they</charseq>
    </head>
  </entity_mention>
</entity>
<entity ID="CNN_IP_20030330.1600.06-E31" TYPE="PER" SUBTYPE="Individual" CLASS="SPC">
  <entity_mention ID="CNN_IP_20030330.1600.06-E31-64" TYPE="NAM" LDCTYPE="NAM">
    <extent>
      <charseq START="2028" END="2041">Saddam Hussein</charseq>
    </extent>
    <head>
      <charseq START="2028" END="2041">Saddam Hussein</charseq>
    </head>
  </entity_mention>
  <entity_attributes>
    <name NAME="Saddam Hussein">
      <charseq START="2028" END="2041">Saddam Hussein</charseq>
    </name>
  </entity_attributes>
</entity>
<entity ID="CNN_IP_20030330.1600.06-E32" TYPE="PER" SUBTYPE="Individual" CLASS="SPC">
  <entity_mention ID="CNN_IP_20030330.1600.06-E32-65" TYPE="PRO" LDCTYPE="PRO" LDCATR="FALSE">
    <extent>
      <charseq START="2054" END="2054">I</charseq>
    </extent>
    <head>
      <charseq START="2054" END="2054">I</charseq>
    </head>
  </entity_mention>
  <entity_mention ID="CNN_IP_20030330.1600.06-E32-66" TYPE="NAM" LDCTYPE="NAM" LDCATR="TRUE">
    <extent>
      <charseq START="2058" END="2070">Kelly Wallace</charseq>
    </extent>
    <head>
      <charseq START="2058" END="2070">Kelly Wallace</charseq>
    </head>
  </entity_mention>
  <entity_mention ID="CNN_IP_20030330.1600.06-E32-83" TYPE="NAM" LDCTYPE="NAM" LDCATR="FALSE">
    <extent>
      <charseq START="285" END="303">CNN's Kelly
Wallace</charseq>
    </extent>
    <head>
      <charseq START="291" END="303">Kelly
Wallace</charseq>
    </head>
  </entity_mention>
  <entity_attributes>
    <name NAME="Kelly Wallace">
      <charseq START="2058" END="2070">Kelly Wallace</charseq>
    </name>
    <name NAME="Kelly Wallace">
      <charseq START="291" END="303">Kelly
Wallace</charseq>
    </name>
  </entity_attributes>
</entity>
<entity ID="CNN_IP_20030330.1600.06-E33" TYPE="PER" SUBTYPE="Individual" CLASS="SPC">
  <entity_mention ID="CNN_IP_20030330.1600.06-E33-69" TYPE="NOM" LDCTYPE="NOM">
    <extent>
      <charseq START="2140" END="2156">A baseball legend</charseq>
    </extent>
    <head>
      <charseq START="2151" END="2156">legend</charseq>
    </head>
  </entity_mention>
  <entity_mention ID="CNN_IP_20030330.1600.06-E33-70" TYPE="NAM" LDCTYPE="NAM">
    <extent>
      <charseq START="2187" END="2214">pitching great Roger
Clemens</charseq>
    </extent>
    <head>
      <charseq START="2202" END="2214">Roger
Clemens</charseq>
    </head>
  </entity_mention>
  <entity_mention ID="CNN_IP_20030330.1600.06-E33-71" TYPE="PRO" LDCTYPE="PRO">
    <extent>
      <charseq START="2228" END="2230">his</charseq>
    </extent>
    <head>
      <charseq START="2228" END="2230">his</charseq>
    </head>
  </entity_mention>
  <entity_attributes>
    <name NAME="Roger Clemens">
      <charseq START="2202" END="2214">Roger
Clemens</charseq>
    </name>
  </entity_attributes>
</entity>
<entity ID="CNN_IP_20030330.1600.06-E34" TYPE="PER" SUBTYPE="Group" CLASS="USP">
  <entity_mention ID="CNN_IP_20030330.1600.06-E34-72" TYPE="NOM" LDCTYPE="BAR">
    <extent>
      <charseq START="2252" END="2307">U.S. service members in
Afghanistan and the Persian Gulf</charseq>
    </extent>
    <head>
      <charseq START="2265" END="2271">members</charseq>
    </head>
  </entity_mention>
</entity>
<entity ID="CNN_IP_20030330.1600.06-E36" TYPE="GPE" SUBTYPE="Nation" CLASS="SPC">
  <entity_mention ID="CNN_IP_20030330.1600.06-E36-74" TYPE="NAM" LDCTYPE="NAM" ROLE="LOC">
    <extent>
      <charseq START="2276" END="2286">Afghanistan</charseq>
    </extent>
    <head>
      <charseq START="2276" END="2286">Afghanistan</charseq>
    </head>
  </entity_mention>
  <entity_attributes>
    <name NAME="Afghanistan">
      <charseq START="2276" END="2286">Afghanistan</charseq>
    </name>
  </entity_attributes>
</entity>
<entity ID="CNN_IP_20030330.1600.06-E37" TYPE="LOC" SUBTYPE="Region-International" CLASS="SPC">
  <entity_mention ID="CNN_IP_20030330.1600.06-E37-75" TYPE="NAM" LDCTYPE="NAM">
    <extent>
      <charseq START="2292" END="2307">the Persian Gulf</charseq>
    </extent>
    <head>
      <charseq START="2296" END="2307">Persian Gulf</charseq>
    </head>
  </entity_mention>
  <entity_attributes>
    <name NAME="Persian Gulf">
      <charseq START="2296" END="2307">Persian Gulf</charseq>
    </name>
  </entity_attributes>
</entity>
<entity ID="CNN_IP_20030330.1600.06-E38" TYPE="ORG" SUBTYPE="Media" CLASS="SPC">
  <entity_mention ID="CNN_IP_20030330.1600.06-E38-7" TYPE="PRO" LDCTYPE="PRO">
    <extent>
      <charseq START="694" END="695">We</charseq>
    </extent>
    <head>
      <charseq START="694" END="695">We</charseq>
    </head>
  </entity_mention>
  <entity_mention ID="CNN_IP_20030330.1600.06-E38-11" TYPE="PRO" LDCTYPE="PRO">
    <extent>
      <charseq START="762" END="763">us</charseq>
    </extent>
    <head>
      <charseq START="762" END="763">us</charseq>
    </head>
  </entity_mention>
  <entity_mention ID="CNN_IP_20030330.1600.06-E38-19" TYPE="NAM" LDCTYPE="NAM">
    <extent>
      <charseq START="285" END="287">CNN</charseq>
    </extent>
    <head>
      <charseq START="285" END="287">CNN</charseq>
    </head>
  </entity_mention>
  <entity_mention ID="CNN_IP_20030330.1600.06-E38-48" TYPE="NAM" LDCTYPE="NAM">
    <extent>
      <charseq START="1582" END="1584">CNN</charseq>
    </extent>
    <head>
      <charseq START="1582" END="1584">CNN</charseq>
    </head>
  </entity_mention>
  <entity_mention ID="CNN_IP_20030330.1600.06-E38-67" TYPE="NAM" LDCTYPE="NAM">
    <extent>
      <charseq START="2073" END="2075">CNN</charseq>
    </extent>
    <head>
      <charseq START="2073" END="2075">CNN</charseq>
    </head>
  </entity_mention>
  <entity_mention ID="CNN_IP_20030330.1600.06-E38-76" TYPE="PRO" LDCTYPE="PRO">
    <extent>
      <charseq START="91" END="92">We</charseq>
    </extent>
    <head>
      <charseq START="91" END="92">We</charseq>
    </head>
  </entity_mention>
  <entity_mention ID="CNN_IP_20030330.1600.06-E38-78" TYPE="PRO" LDCTYPE="PRO">
    <extent>
      <charseq START="144" END="145">we</charseq>
    </extent>
    <head>
      <charseq START="144" END="145">we</charseq>
    </head>
  </entity_mention>
  <entity_attributes>
    <name NAME="CNN">
      <charseq START="285" END="287">CNN</charseq>
    </name>
    <name NAME="CNN">
      <charseq START="1582" END="1584">CNN</charseq>
    </name>
    <name NAME="CNN">
      <charseq START="2073" END="2075">CNN</charseq>
    </name>
  </entity_attributes>
</entity>
<entity ID="CNN_IP_20030330.1600.06-E39" TYPE="GPE" SUBTYPE="Nation" CLASS="SPC">
  <entity_mention ID="CNN_IP_20030330.1600.06-E39-51" TYPE="NOM" LDCTYPE="NOM" ROLE="PER">
    <extent>
      <charseq START="1656" END="1673">the people of Iraq</charseq>
    </extent>
    <head>
      <charseq START="1660" END="1665">people</charseq>
    </head>
  </entity_mention>
  <entity_mention ID="CNN_IP_20030330.1600.06-E39-53" TYPE="NAM" LDCTYPE="NAM" ROLE="LOC">
    <extent>
      <charseq START="1670" END="1673">Iraq</charseq>
    </extent>
    <head>
      <charseq START="1670" END="1673">Iraq</charseq>
    </head>
  </entity_mention>
  <entity_mention ID="CNN_IP_20030330.1600.06-E39-57" TYPE="NAM" LDCTYPE="NAM" ROLE="LOC">
    <extent>
      <charseq START="1751" END="1754">Iraq</charseq>
    </extent>
    <head>
      <charseq START="1751" END="1754">Iraq</charseq>
    </head>
  </entity_mention>
  <entity_mention ID="CNN_IP_20030330.1600.06-E39-59" TYPE="NAM" LDCTYPE="NAM" ROLE="GPE">
    <extent>
      <charseq START="1901" END="1904">Iraq</charseq>
    </extent>
    <head>
      <charseq START="1901" END="1904">Iraq</charseq>
    </head>
  </entity_mention>
  <entity_mention ID="CNN_IP_20030330.1600.06-E39-77" TYPE="NAM" LDCTYPE="NAM" ROLE="LOC">
    <extent>
      <charseq START="127" END="130">Iraq</charseq>
    </extent>
    <head>
      <charseq START="127" END="130">Iraq</charseq>
    </head>
  </entity_mention>
  <entity_mention ID="CNN_IP_20030330.1600.06-E39-87" TYPE="NAM" LDCTYPE="NAM" ROLE="GPE">
    <extent>
      <charseq START="491" END="494">Iraq</charseq>
    </extent>
    <head>
      <charseq START="491" END="494">Iraq</charseq>
    </head>
  </entity_mention>
  <entity_attributes>
    <name NAME="Iraq">
      <charseq START="1670" END="1673">Iraq</charseq>
    </name>
    <name NAME="Iraq">
      <charseq START="1751" END="1754">Iraq</charseq>
    </name>
    <name NAME="Iraq">
      <charseq START="1901" END="1904">Iraq</charseq>
    </name>
    <name NAME="Iraq">
      <charseq START="127" END="130">Iraq</charseq>
    </name>
    <name NAME="Iraq">
      <charseq START="491" END="494">Iraq</charseq>
    </name>
  </entity_attributes>
</entity>
<entity ID="CNN_IP_20030330.1600.06-E41" TYPE="GPE" SUBTYPE="GPE-Cluster" CLASS="SPC">
  <entity_mention ID="CNN_IP_20030330.1600.06-E41-79" TYPE="NOM" LDCTYPE="NOM" ROLE="LOC">
    <extent>
      <charseq START="176" END="185">the region</charseq>
    </extent>
    <head>
      <charseq START="180" END="185">region</charseq>
    </head>
  </entity_mention>
</entity>
<entity ID="CNN_IP_20030330.1600.06-E42" TYPE="PER" SUBTYPE="Indeterminate" CLASS="USP">
  <entity_mention ID="CNN_IP_20030330.1600.06-E42-8" TYPE="PRO" LDCTYPE="PRO">
    <extent>
      <charseq START="706" END="708">you</charseq>
    </extent>
    <head>
      <charseq START="706" END="708">you</charseq>
    </head>
  </entity_mention>
  <entity_mention ID="CNN_IP_20030330.1600.06-E42-80" TYPE="PRO" LDCTYPE="PRO">
    <extent>
      <charseq START="195" END="197">you</charseq>
    </extent>
    <head>
      <charseq START="195" END="197">you</charseq>
    </head>
  </entity_mention>
</entity>
<entity ID="CNN_IP_20030330.1600.06-E43" TYPE="PER" SUBTYPE="Group" CLASS="USP">
  <entity_mention ID="CNN_IP_20030330.1600.06-E43-17" TYPE="PRO" LDCTYPE="HLS">
    <extent>
      <charseq START="907" END="912">Dozens</charseq>
    </extent>
    <head>
      <charseq START="907" END="912">Dozens</charseq>
    </head>
  </entity_mention>
  <entity_mention ID="CNN_IP_20030330.1600.06-E43-81" TYPE="PRO" LDCTYPE="HLS">
    <extent>
      <charseq START="204" END="209">dozens</charseq>
    </extent>
    <head>
      <charseq START="204" END="209">dozens</charseq>
    </head>
  </entity_mention>
</entity>
<entity ID="CNN_IP_20030330.1600.06-E45" TYPE="GPE" SUBTYPE="Population-Center" CLASS="SPC">
  <entity_mention ID="CNN_IP_20030330.1600.06-E45-35" TYPE="NAM" LDCTYPE="NAM" ROLE="LOC">
    <extent>
      <charseq START="2093" END="2109">Netanyahu, Israel</charseq>
    </extent>
    <head>
      <charseq START="2093" END="2101">Netanyahu</charseq>
    </head>
  </entity_mention>
  <entity_mention ID="CNN_IP_20030330.1600.06-E45-38" TYPE="PRO" LDCTYPE="PRO" ROLE="LOC">
    <extent>
      <charseq START="1262" END="1276">here in Netanya</charseq>
    </extent>
    <head>
      <charseq START="1262" END="1265">here</charseq>
    </head>
  </entity_mention>
  <entity_mention ID="CNN_IP_20030330.1600.06-E45-39" TYPE="NAM" LDCTYPE="NAM" ROLE="LOC">
    <extent>
      <charseq START="1270" END="1276">Netanya</charseq>
    </extent>
    <head>
      <charseq START="1270" END="1276">Netanya</charseq>
    </head>
  </entity_mention>
  <entity_mention ID="CNN_IP_20030330.1600.06-E45-84" TYPE="NAM" LDCTYPE="NAM" ROLE="LOC">
    <extent>
      <charseq START="334" END="340">Netanya</charseq>
    </extent>
    <head>
      <charseq START="334" END="340">Netanya</charseq>
    </head>
  </entity_mention>
  <entity_attributes>
    <name NAME="Netanyahu">
      <charseq START="2093" END="2101">Netanyahu</charseq>
    </name>
    <name NAME="Netanya">
      <charseq START="1270" END="1276">Netanya</charseq>
    </name>
    <name NAME="Netanya">
      <charseq START="334" END="340">Netanya</charseq>
    </name>
  </entity_attributes>
</entity>
<entity ID="CNN_IP_20030330.1600.06-E46" TYPE="PER" SUBTYPE="Group" CLASS="USP">
  <entity_mention ID="CNN_IP_20030330.1600.06-E46-86" TYPE="NOM" LDCTYPE="NOM">
    <extent>
      <charseq START="2166" END="2175">the troops</charseq>
    </extent>
    <head>
      <charseq START="2170" END="2175">troops</charseq>
    </head>
  </entity_mention>
</entity>
<timex2 ID="CNN_IP_20030330.1600.06-T1">
  <timex2_mention ID="CNN_IP_20030330.1600.06-T1-1">
    <extent>
      <charseq START="36" END="60">2003-03-30T16:00:00-05:00</charseq>
    </extent>
  </timex2_mention>
</timex2>
<timex2 ID="CNN_IP_20030330.1600.06-T2">
  <timex2_mention ID="CNN_IP_20030330.1600.06-T2-1">
    <extent>
      <charseq START="224" END="228">today</charseq>
    </extent>
  </timex2_mention>
</timex2>
<timex2 ID="CNN_IP_20030330.1600.06-T3">
  <timex2_mention ID="CNN_IP_20030330.1600.06-T3-1">
    <extent>
      <charseq START="272" END="282">three weeks</charseq>
    </extent>
  </timex2_mention>
</timex2>
<timex2 ID="CNN_IP_20030330.1600.06-T4">
  <timex2_mention ID="CNN_IP_20030330.1600.06-T4-1">
    <extent>
      <charseq START="571" END="578">this day</charseq>
    </extent>
  </timex2_mention>
</timex2>
<timex2 ID="CNN_IP_20030330.1600.06-T5">
  <timex2_mention ID="CNN_IP_20030330.1600.06-T5-1">
    <extent>
      <charseq START="668" END="691">earlier Sunday afternoon</charseq>
    </extent>
  </timex2_mention>
</timex2>
<timex2 ID="CNN_IP_20030330.1600.06-T6">
  <timex2_mention ID="CNN_IP_20030330.1600.06-T6-1">
    <extent>
      <charseq START="729" END="742">earlier Sunday</charseq>
    </extent>
  </timex2_mention>
</timex2>
<timex2 ID="CNN_IP_20030330.1600.06-T7">
  <timex2_mention ID="CNN_IP_20030330.1600.06-T7-1">
    <extent>
      <charseq START="810" END="815">spring</charseq>
    </extent>
  </timex2_mention>
</timex2>
<timex2 ID="CNN_IP_20030330.1600.06-T8">
  <timex2_mention ID="CNN_IP_20030330.1600.06-T8-1">
    <extent>
      <charseq START="1051" END="1056">spring</charseq>
    </extent>
  </timex2_mention>
</timex2>
<timex2 ID="CNN_IP_20030330.1600.06-T9">
  <timex2_mention ID="CNN_IP_20030330.1600.06-T9-1">
    <extent>
      <charseq START="1396" END="1403">Passover</charseq>
    </extent>
  </timex2_mention>
</timex2>
<timex2 ID="CNN_IP_20030330.1600.06-T10">
  <timex2_mention ID="CNN_IP_20030330.1600.06-T10-1">
    <extent>
      <charseq START="1911" END="1913">now</charseq>
    </extent>
  </timex2_mention>
</timex2>
<timex2 ID="CNN_IP_20030330.1600.06-T11">
  <timex2_mention ID="CNN_IP_20030330.1600.06-T11-1">
    <extent>
      <charseq START="1989" END="1993">today</charseq>
    </extent>
  </timex2_mention>
</timex2>
<timex2 ID="CNN_IP_20030330.1600.06-T12">
  <timex2_mention ID="CNN_IP_20030330.1600.06-T12-1">
    <extent>
      <charseq START="316" END="320">today</charseq>
    </extent>
  </timex2_mention>
</timex2>
<timex2 ID="CNN_IP_20030330.1600.06-T13">
  <timex2_mention ID="CNN_IP_20030330.1600.06-T13-1">
    <extent>
      <charseq START="107" END="111">later</charseq>
    </extent>
  </timex2_mention>
</timex2>
<timex2 ID="CNN_IP_20030330.1600.06-T14">
  <timex2_mention ID="CNN_IP_20030330.1600.06-T14-1">
    <extent>
      <charseq START="1334" END="1368">almost exactly a year ago, March
27</charseq>
    </extent>
  </timex2_mention>
</timex2>
<relation ID="CNN_IP_20030330.1600.06-R1" TYPE="PHYS" SUBTYPE="Located" TENSE="Past" MODALITY="Asserted">
  <relation_argument REFID="CNN_IP_20030330.1600.06-E7" ROLE="Arg-1"/>
  <relation_argument REFID="CNN_IP_20030330.1600.06-E4" ROLE="Arg-2"/>
  <relation_mention ID="CNN_IP_20030330.1600.06-R1-1" LEXICALCONDITION="Verbal">
    <extent>
      <charseq START="745" END="823">People here tell us the
cafe was filled with people enjoying the spring weather</charseq>
    </extent>
    <relation_mention_argument REFID="CNN_IP_20030330.1600.06-E7-13" ROLE="Arg-1">
      <extent>
        <charseq START="790" END="823">people enjoying the spring weather</charseq>
      </extent>
    </relation_mention_argument>
    <relation_mention_argument REFID="CNN_IP_20030330.1600.06-E4-12" ROLE="Arg-2">
      <extent>
        <charseq START="765" END="772">the
cafe</charseq>
      </extent>
    </relation_mention_argument>
  </relation_mention>
</relation>
<relation ID="CNN_IP_20030330.1600.06-R2" TYPE="PART-WHOLE" SUBTYPE="Geographical" TENSE="Unspecified" MODALITY="Asserted">
  <relation_argument REFID="CNN_IP_20030330.1600.06-E20" ROLE="Arg-1"/>
  <relation_argument REFID="CNN_IP_20030330.1600.06-E11" ROLE="Arg-2"/>
  <relation_mention ID="CNN_IP_20030330.1600.06-R2-1" LEXICALCONDITION="Other">
    <extent>
      <charseq START="1224" END="1436">There had been many terrorist attacks here in Netanya, including the
deadliest suicide bombing ever in Israel almost exactly a year ago, March
27, at the Park Hotel during Passover, 29 people killed in that attack</charseq>
    </extent>
    <relation_mention_argument REFID="CNN_IP_20030330.1600.06-E20-41" ROLE="Arg-1">
      <extent>
        <charseq START="1374" END="1387">the Park Hotel</charseq>
      </extent>
    </relation_mention_argument>
    <relation_mention_argument REFID="CNN_IP_20030330.1600.06-E11-40" ROLE="Arg-2">
      <extent>
        <charseq START="1327" END="1332">Israel</charseq>
      </extent>
    </relation_mention_argument>
  </relation_mention>
</relation>
<relation ID="CNN_IP_20030330.1600.06-R3" TYPE="PHYS" SUBTYPE="Located" TENSE="Unspecified" MODALITY="Other">
  <relation_argument REFID="CNN_IP_20030330.1600.06-E27" ROLE="Arg-1"/>
  <relation_argument REFID="CNN_IP_20030330.1600.06-E39" ROLE="Arg-2"/>
  <relation_mention ID="CNN_IP_20030330.1600.06-R3-1" LEXICALCONDITION="Verbal">
    <extent>
      <charseq START="1676" END="1807">The group is also claiming that Islamic Jihad
militants are already inside Iraq to carry out attacks against U.S. and
British forces</charseq>
    </extent>
    <relation_mention_argument REFID="CNN_IP_20030330.1600.06-E27-55" ROLE="Arg-1">
      <extent>
        <charseq START="1708" END="1730">Islamic Jihad
militants</charseq>
      </extent>
    </relation_mention_argument>
    <relation_mention_argument REFID="CNN_IP_20030330.1600.06-E39-57" ROLE="Arg-2">
      <extent>
        <charseq START="1751" END="1754">Iraq</charseq>
      </extent>
    </relation_mention_argument>
  </relation_mention>
</relation>
<relation ID="CNN_IP_20030330.1600.06-R4" TYPE="PHYS" SUBTYPE="Located" TENSE="Present" MODALITY="Asserted">
  <relation_argument REFID="CNN_IP_20030330.1600.06-E32" ROLE="Arg-1"/>
  <relation_argument REFID="CNN_IP_20030330.1600.06-E45" ROLE="Arg-2"/>
  <relation_mention ID="CNN_IP_20030330.1600.06-R4-1" LEXICALCONDITION="Verbal">
    <extent>
      <charseq START="2054" END="2109">I'm Kelly Wallace, CNN,
reporting from Netanyahu, Israel</charseq>
    </extent>
    <relation_mention_argument REFID="CNN_IP_20030330.1600.06-E32-66" ROLE="Arg-1">
      <extent>
        <charseq START="2058" END="2070">Kelly Wallace</charseq>
      </extent>
    </relation_mention_argument>
    <relation_mention_argument REFID="CNN_IP_20030330.1600.06-E45-35" ROLE="Arg-2">
      <extent>
        <charseq START="2093" END="2109">Netanyahu, Israel</charseq>
      </extent>
    </relation_mention_argument>
  </relation_mention>
</relation>
<relation ID="CNN_IP_20030330.1600.06-R5" TYPE="PHYS" SUBTYPE="Located" TENSE="Unspecified" MODALITY="Asserted">
  <relation_argument REFID="CNN_IP_20030330.1600.06-E43" ROLE="Arg-1"/>
  <relation_argument REFID="CNN_IP_20030330.1600.06-E11" ROLE="Arg-2"/>
  <relation_argument REFID="CNN_IP_20030330.1600.06-T2" ROLE="Time-Within"/>
  <relation_mention ID="CNN_IP_20030330.1600.06-R5-1" LEXICALCONDITION="Other">
    <extent>
      <charseq START="133" END="282">But first, we want to go
somewhere else in the region to tell you that dozens were injured today
in the first suicide bombing in Israel in three weeks</charseq>
    </extent>
    <relation_mention_argument REFID="CNN_IP_20030330.1600.06-E43-81" ROLE="Arg-1">
      <extent>
        <charseq START="204" END="209">dozens</charseq>
      </extent>
    </relation_mention_argument>
    <relation_mention_argument REFID="CNN_IP_20030330.1600.06-E11-82" ROLE="Arg-2">
      <extent>
        <charseq START="262" END="267">Israel</charseq>
      </extent>
    </relation_mention_argument>
    <relation_mention_argument REFID="CNN_IP_20030330.1600.06-T2-1" ROLE="Time-Within">
      <extent>
        <charseq START="224" END="228">today</charseq>
      </extent>
    </relation_mention_argument>
  </relation_mention>
</relation>
<relation ID="CNN_IP_20030330.1600.06-R6" TYPE="ORG-AFF" SUBTYPE="Employment" TENSE="Unspecified" MODALITY="Asserted">
  <relation_argument REFID="CNN_IP_20030330.1600.06-E32" ROLE="Arg-1"/>
  <relation_argument REFID="CNN_IP_20030330.1600.06-E38" ROLE="Arg-2"/>
  <relation_mention ID="CNN_IP_20030330.1600.06-R6-1" LEXICALCONDITION="Possessive">
    <extent>
      <charseq START="285" END="303">CNN's Kelly
Wallace</charseq>
    </extent>
    <relation_mention_argument REFID="CNN_IP_20030330.1600.06-E32-83" ROLE="Arg-1">
      <extent>
        <charseq START="285" END="303">CNN's Kelly
Wallace</charseq>
      </extent>
    </relation_mention_argument>
    <relation_mention_argument REFID="CNN_IP_20030330.1600.06-E38-19" ROLE="Arg-2">
      <extent>
        <charseq START="285" END="287">CNN</charseq>
      </extent>
    </relation_mention_argument>
  </relation_mention>
  <relation_mention ID="CNN_IP_20030330.1600.06-R6-2" LEXICALCONDITION="Formulaic">
    <extent>
      <charseq START="2058" END="2075">Kelly Wallace, CNN</charseq>
    </extent>
    <relation_mention_argument REFID="CNN_IP_20030330.1600.06-E32-66" ROLE="Arg-1">
      <extent>
        <charseq START="2058" END="2070">Kelly Wallace</charseq>
      </extent>
    </relation_mention_argument>
    <relation_mention_argument REFID="CNN_IP_20030330.1600.06-E38-67" ROLE="Arg-2">
      <extent>
        <charseq START="2073" END="2075">CNN</charseq>
      </extent>
    </relation_mention_argument>
  </relation_mention>
</relation>
<relation ID="CNN_IP_20030330.1600.06-R7" TYPE="PHYS" SUBTYPE="Located" TENSE="Unspecified" MODALITY="Asserted">
  <relation_argument REFID="CNN_IP_20030330.1600.06-E5" ROLE="Arg-1"/>
  <relation_argument REFID="CNN_IP_20030330.1600.06-E4" ROLE="Arg-2"/>
  <relation_mention ID="CNN_IP_20030330.1600.06-R7-1" LEXICALCONDITION="Other">
    <extent>
      <charseq START="745" END="823">People here tell us the
cafe was filled with people enjoying the spring weather</charseq>
    </extent>
    <relation_mention_argument REFID="CNN_IP_20030330.1600.06-E5-9" ROLE="Arg-1">
      <extent>
        <charseq START="745" END="755">People here</charseq>
      </extent>
    </relation_mention_argument>
    <relation_mention_argument REFID="CNN_IP_20030330.1600.06-E4-10" ROLE="Arg-2">
      <extent>
        <charseq START="752" END="755">here</charseq>
      </extent>
    </relation_mention_argument>
  </relation_mention>
</relation>
<relation ID="CNN_IP_20030330.1600.06-R8" TYPE="PHYS" SUBTYPE="Located" TENSE="Unspecified" MODALITY="Asserted">
  <relation_argument REFID="CNN_IP_20030330.1600.06-E8" ROLE="Arg-1"/>
  <relation_argument REFID="CNN_IP_20030330.1600.06-E4" ROLE="Arg-2"/>
  <relation_mention ID="CNN_IP_20030330.1600.06-R8-1" LEXICALCONDITION="Other">
    <extent>
      <charseq START="826" END="904">Many here though
say they are relieved only one person dead, the suicide bomber</charseq>
    </extent>
    <relation_mention_argument REFID="CNN_IP_20030330.1600.06-E8-14" ROLE="Arg-1">
      <extent>
        <charseq START="826" END="834">Many here</charseq>
      </extent>
    </relation_mention_argument>
    <relation_mention_argument REFID="CNN_IP_20030330.1600.06-E4-15" ROLE="Arg-2">
      <extent>
        <charseq START="831" END="834">here</charseq>
      </extent>
    </relation_mention_argument>
  </relation_mention>
</relation>
<relation ID="CNN_IP_20030330.1600.06-R9" TYPE="ORG-AFF" SUBTYPE="Employment" TENSE="Unspecified" MODALITY="Asserted">
  <relation_argument REFID="CNN_IP_20030330.1600.06-E10" ROLE="Arg-1"/>
  <relation_argument REFID="CNN_IP_20030330.1600.06-E11" ROLE="Arg-2"/>
  <relation_mention ID="CNN_IP_20030330.1600.06-R9-1" LEXICALCONDITION="PreMod">
    <extent>
      <charseq START="942" END="962">some Israeli soldiers</charseq>
    </extent>
    <relation_mention_argument REFID="CNN_IP_20030330.1600.06-E10-21" ROLE="Arg-1">
      <extent>
        <charseq START="942" END="962">some Israeli soldiers</charseq>
      </extent>
    </relation_mention_argument>
    <relation_mention_argument REFID="CNN_IP_20030330.1600.06-E11-22" ROLE="Arg-2">
      <extent>
        <charseq START="947" END="953">Israeli</charseq>
      </extent>
    </relation_mention_argument>
  </relation_mention>
</relation>
<relation ID="CNN_IP_20030330.1600.06-R10" TYPE="PHYS" SUBTYPE="Located" TENSE="Past" MODALITY="Asserted">
  <relation_argument REFID="CNN_IP_20030330.1600.06-E13" ROLE="Arg-1"/>
  <relation_argument REFID="CNN_IP_20030330.1600.06-E4" ROLE="Arg-2"/>
  <relation_mention ID="CNN_IP_20030330.1600.06-R10-1" LEXICALCONDITION="Verbal">
    <extent>
      <charseq START="907" END="1064">Dozens,
though, injured, including some Israeli soldiers, because according to an
eyewitness, he said many soldiers were here also enjoying the spring
weather</charseq>
    </extent>
    <relation_mention_argument REFID="CNN_IP_20030330.1600.06-E13-26" ROLE="Arg-1">
      <extent>
        <charseq START="1009" END="1021">many soldiers</charseq>
      </extent>
    </relation_mention_argument>
    <relation_mention_argument REFID="CNN_IP_20030330.1600.06-E4-27" ROLE="Arg-2">
      <extent>
        <charseq START="1028" END="1031">here</charseq>
      </extent>
    </relation_mention_argument>
  </relation_mention>
</relation>
<relation ID="CNN_IP_20030330.1600.06-R11" TYPE="GEN-AFF" SUBTYPE="Org-Location" TENSE="Unspecified" MODALITY="Asserted">
  <relation_argument REFID="CNN_IP_20030330.1600.06-E22" ROLE="Arg-1"/>
  <relation_argument REFID="CNN_IP_20030330.1600.06-E24" ROLE="Arg-2"/>
  <relation_mention ID="CNN_IP_20030330.1600.06-R11-1" LEXICALCONDITION="PreMod">
    <extent>
      <charseq START="1459" END="1488">the Palestinian militant group</charseq>
    </extent>
    <relation_mention_argument REFID="CNN_IP_20030330.1600.06-E22-44" ROLE="Arg-1">
      <extent>
        <charseq START="1459" END="1488">the Palestinian militant group</charseq>
      </extent>
    </relation_mention_argument>
    <relation_mention_argument REFID="CNN_IP_20030330.1600.06-E24-46" ROLE="Arg-2">
      <extent>
        <charseq START="1463" END="1473">Palestinian</charseq>
      </extent>
    </relation_mention_argument>
  </relation_mention>
</relation>
<relation ID="CNN_IP_20030330.1600.06-R12" TYPE="ORG-AFF" SUBTYPE="Membership" TENSE="Unspecified" MODALITY="Asserted">
  <relation_argument REFID="CNN_IP_20030330.1600.06-E27" ROLE="Arg-1"/>
  <relation_argument REFID="CNN_IP_20030330.1600.06-E22" ROLE="Arg-2"/>
  <relation_mention ID="CNN_IP_20030330.1600.06-R12-1" LEXICALCONDITION="PreMod">
    <extent>
      <charseq START="1708" END="1730">Islamic Jihad
militants</charseq>
    </extent>
    <relation_mention_argument REFID="CNN_IP_20030330.1600.06-E27-55" ROLE="Arg-1">
      <extent>
        <charseq START="1708" END="1730">Islamic Jihad
militants</charseq>
      </extent>
    </relation_mention_argument>
    <relation_mention_argument REFID="CNN_IP_20030330.1600.06-E22-56" ROLE="Arg-2">
      <extent>
        <charseq START="1708" END="1720">Islamic Jihad</charseq>
      </extent>
    </relation_mention_argument>
  </relation_mention>
</relation>
<relation ID="CNN_IP_20030330.1600.06-R13" TYPE="ORG-AFF" SUBTYPE="Employment" TENSE="Unspecified" MODALITY="Asserted">
  <relation_argument REFID="CNN_IP_20030330.1600.06-E6" ROLE="Arg-1"/>
  <relation_argument REFID="CNN_IP_20030330.1600.06-E9" ROLE="Arg-2"/>
  <relation_mention ID="CNN_IP_20030330.1600.06-R13-1" LEXICALCONDITION="PreMod">
    <extent>
      <charseq START="1785" END="1807">U.S. and
British forces</charseq>
    </extent>
    <relation_mention_argument REFID="CNN_IP_20030330.1600.06-E6-6" ROLE="Arg-1">
      <extent>
        <charseq START="1785" END="1807">U.S. and
British forces</charseq>
      </extent>
    </relation_mention_argument>
    <relation_mention_argument REFID="CNN_IP_20030330.1600.06-E9-24" ROLE="Arg-2">
      <extent>
        <charseq START="1785" END="1787">U.S</charseq>
      </extent>
    </relation_mention_argument>
  </relation_mention>
</relation>
<relation ID="CNN_IP_20030330.1600.06-R14" TYPE="ORG-AFF" SUBTYPE="Employment" TENSE="Unspecified" MODALITY="Asserted">
  <relation_argument REFID="CNN_IP_20030330.1600.06-E6" ROLE="Arg-1"/>
  <relation_argument REFID="CNN_IP_20030330.1600.06-E26" ROLE="Arg-2"/>
  <relation_mention ID="CNN_IP_20030330.1600.06-R14-1" LEXICALCONDITION="PreMod">
    <extent>
      <charseq START="1785" END="1807">U.S. and
British forces</charseq>
    </extent>
    <relation_mention_argument REFID="CNN_IP_20030330.1600.06-E6-6" ROLE="Arg-1">
      <extent>
        <charseq START="1785" END="1807">U.S. and
British forces</charseq>
      </extent>
    </relation_mention_argument>
    <relation_mention_argument REFID="CNN_IP_20030330.1600.06-E26-36" ROLE="Arg-2">
      <extent>
        <charseq START="1794" END="1800">British</charseq>
      </extent>
    </relation_mention_argument>
  </relation_mention>
</relation>
<relation ID="CNN_IP_20030330.1600.06-R16" TYPE="PART-WHOLE" SUBTYPE="Geographical" TENSE="Unspecified" MODALITY="Asserted">
  <relation_argument REFID="CNN_IP_20030330.1600.06-E45" ROLE="Arg-1"/>
  <relation_argument REFID="CNN_IP_20030330.1600.06-E11" ROLE="Arg-2"/>
  <relation_mention ID="CNN_IP_20030330.1600.06-R16-1" LEXICALCONDITION="Formulaic">
    <extent>
      <charseq START="2093" END="2109">Netanyahu, Israel</charseq>
    </extent>
    <relation_mention_argument REFID="CNN_IP_20030330.1600.06-E45-35" ROLE="Arg-1">
      <extent>
        <charseq START="2093" END="2109">Netanyahu, Israel</charseq>
      </extent>
    </relation_mention_argument>
    <relation_mention_argument REFID="CNN_IP_20030330.1600.06-E11-68" ROLE="Arg-2">
      <extent>
        <charseq START="2104" END="2109">Israel</charseq>
      </extent>
    </relation_mention_argument>
  </relation_mention>
</relation>
<relation ID="CNN_IP_20030330.1600.06-R17" TYPE="ORG-AFF" SUBTYPE="Employment" TENSE="Unspecified" MODALITY="Asserted">
  <relation_argument REFID="CNN_IP_20030330.1600.06-E34" ROLE="Arg-1"/>
  <relation_argument REFID="CNN_IP_20030330.1600.06-E9" ROLE="Arg-2"/>
  <relation_mention ID="CNN_IP_20030330.1600.06-R17-1" LEXICALCONDITION="PreMod">
    <extent>
      <charseq START="2252" END="2307">U.S. service members in
Afghanistan and the Persian Gulf</charseq>
    </extent>
    <relation_mention_argument REFID="CNN_IP_20030330.1600.06-E34-72" ROLE="Arg-1">
      <extent>
        <charseq START="2252" END="2307">U.S. service members in
Afghanistan and the Persian Gulf</charseq>
      </extent>
    </relation_mention_argument>
    <relation_mention_argument REFID="CNN_IP_20030330.1600.06-E9-73" ROLE="Arg-2">
      <extent>
        <charseq START="2252" END="2254">U.S</charseq>
      </extent>
    </relation_mention_argument>
  </relation_mention>
</relation>
<relation ID="CNN_IP_20030330.1600.06-R18" TYPE="PHYS" SUBTYPE="Located" TENSE="Unspecified" MODALITY="Asserted">
  <relation_argument REFID="CNN_IP_20030330.1600.06-E34" ROLE="Arg-1"/>
  <relation_argument REFID="CNN_IP_20030330.1600.06-E36" ROLE="Arg-2"/>
  <relation_mention ID="CNN_IP_20030330.1600.06-R18-1" LEXICALCONDITION="Preposition">
    <extent>
      <charseq START="2252" END="2307">U.S. service members in
Afghanistan and the Persian Gulf</charseq>
    </extent>
    <relation_mention_argument REFID="CNN_IP_20030330.1600.06-E34-72" ROLE="Arg-1">
      <extent>
        <charseq START="2252" END="2307">U.S. service members in
Afghanistan and the Persian Gulf</charseq>
      </extent>
    </relation_mention_argument>
    <relation_mention_argument REFID="CNN_IP_20030330.1600.06-E36-74" ROLE="Arg-2">
      <extent>
        <charseq START="2276" END="2286">Afghanistan</charseq>
      </extent>
    </relation_mention_argument>
  </relation_mention>
</relation>
<relation ID="CNN_IP_20030330.1600.06-R19" TYPE="PHYS" SUBTYPE="Located" TENSE="Unspecified" MODALITY="Asserted">
  <relation_argument REFID="CNN_IP_20030330.1600.06-E34" ROLE="Arg-1"/>
  <relation_argument REFID="CNN_IP_20030330.1600.06-E37" ROLE="Arg-2"/>
  <relation_mention ID="CNN_IP_20030330.1600.06-R19-1" LEXICALCONDITION="Preposition">
    <extent>
      <charseq START="2252" END="2307">U.S. service members in
Afghanistan and the Persian Gulf</charseq>
    </extent>
    <relation_mention_argument REFID="CNN_IP_20030330.1600.06-E34-72" ROLE="Arg-1">
      <extent>
        <charseq START="2252" END="2307">U.S. service members in
Afghanistan and the Persian Gulf</charseq>
      </extent>
    </relation_mention_argument>
    <relation_mention_argument REFID="CNN_IP_20030330.1600.06-E37-75" ROLE="Arg-2">
      <extent>
        <charseq START="2292" END="2307">the Persian Gulf</charseq>
      </extent>
    </relation_mention_argument>
  </relation_mention>
</relation>
<relation ID="CNN_IP_20030330.1600.06-R20" TYPE="PHYS" SUBTYPE="Near" TENSE="Past" MODALITY="Asserted">
  <relation_argument REFID="CNN_IP_20030330.1600.06-E3" ROLE="Arg-1"/>
  <relation_argument REFID="CNN_IP_20030330.1600.06-E4" ROLE="Arg-2"/>
  <relation_argument REFID="CNN_IP_20030330.1600.06-T5" ROLE="Time-Within"/>
  <relation_mention ID="CNN_IP_20030330.1600.06-R20-1" LEXICALCONDITION="Verbal">
    <extent>
      <charseq START="581" END="691">Police say a suicide bomber blew himself up
outside this cafe, called The London Cafe, earlier Sunday afternoon</charseq>
    </extent>
    <relation_mention_argument REFID="CNN_IP_20030330.1600.06-E3-3" ROLE="Arg-1">
      <extent>
        <charseq START="592" END="607">a suicide bomber</charseq>
      </extent>
    </relation_mention_argument>
    <relation_mention_argument REFID="CNN_IP_20030330.1600.06-E4-5" ROLE="Arg-2">
      <extent>
        <charseq START="633" END="641">this cafe</charseq>
      </extent>
    </relation_mention_argument>
    <relation_mention_argument REFID="CNN_IP_20030330.1600.06-T5-1" ROLE="Time-Within">
      <extent>
        <charseq START="668" END="691">earlier Sunday afternoon</charseq>
      </extent>
    </relation_mention_argument>
  </relation_mention>
</relation>
<event ID="CNN_IP_20030330.1600.06-EV1" TYPE="Conflict" SUBTYPE="Attack" MODALITY="Asserted" POLARITY="Positive" GENERICITY="Generic" TENSE="Past">
  <event_argument REFID="CNN_IP_20030330.1600.06-E45" ROLE="Place"/>
  <event_mention ID="CNN_IP_20030330.1600.06-EV1-1">
    <extent>
      <charseq START="1254" END="1276">attacks here in Netanya</charseq>
    </extent>
    <ldc_scope>
      <charseq START="1224" END="1436">There had been many terrorist attacks here in Netanya, including the
deadliest suicide bombing ever in Israel almost exactly a year ago, March
27, at the Park Hotel during Passover, 29 people killed in that attack</charseq>
    </ldc_scope>
    <anchor>
      <charseq START="1254" END="1260">attacks</charseq>
    </anchor>
    <event_mention_argument REFID="CNN_IP_20030330.1600.06-E45-39" ROLE="Place">
      <extent>
        <charseq START="1270" END="1276">Netanya</charseq>
      </extent>
    </event_mention_argument>
  </event_mention>
</event>
<event ID="CNN_IP_20030330.1600.06-EV2" TYPE="Conflict" SUBTYPE="Attack" MODALITY="Asserted" POLARITY="Positive" GENERICITY="Specific" TENSE="Unspecified">
  <event_argument REFID="CNN_IP_20030330.1600.06-E39" ROLE="Place"/>
  <event_argument REFID="CNN_IP_20030330.1600.06-E9" ROLE="Attacker"/>
  <event_argument REFID="CNN_IP_20030330.1600.06-E39" ROLE="Target"/>
  <event_mention ID="CNN_IP_20030330.1600.06-EV2-1">
    <extent>
      <charseq START="120" END="130">war in Iraq</charseq>
    </extent>
    <ldc_scope>
      <charseq START="91" END="130">We will be back later on the war in Iraq</charseq>
    </ldc_scope>
    <anchor>
      <charseq START="120" END="122">war</charseq>
    </anchor>
    <event_mention_argument REFID="CNN_IP_20030330.1600.06-E39-77" ROLE="Place">
      <extent>
        <charseq START="127" END="130">Iraq</charseq>
      </extent>
    </event_mention_argument>
  </event_mention>
  <event_mention ID="CNN_IP_20030330.1600.06-EV2-2">
    <extent>
      <charseq START="470" END="494">U.s.-led war
against Iraq</charseq>
    </extent>
    <ldc_scope>
      <charseq START="410" END="494">It had been very quiet inside Israel since the start of the U.s.-led war
against Iraq</charseq>
    </ldc_scope>
    <anchor>
      <charseq START="479" END="481">war</charseq>
    </anchor>
    <event_mention_argument REFID="CNN_IP_20030330.1600.06-E9-18" ROLE="Attacker">
      <extent>
        <charseq START="470" END="475">U.s.-l</charseq>
      </extent>
    </event_mention_argument>
    <event_mention_argument REFID="CNN_IP_20030330.1600.06-E39-87" ROLE="Target">
      <extent>
        <charseq START="491" END="494">Iraq</charseq>
      </extent>
    </event_mention_argument>
  </event_mention>
  <event_mention ID="CNN_IP_20030330.1600.06-EV2-3">
    <extent>
      <charseq START="1880" END="1904">U.S.-led war against Iraq</charseq>
    </extent>
    <ldc_scope>
      <charseq START="1810" END="1904">Israel has been on a heightened state of alert since the
start of the U.S.-led war against Iraq</charseq>
    </ldc_scope>
    <anchor>
      <charseq START="1889" END="1891">war</charseq>
    </anchor>
    <event_mention_argument REFID="CNN_IP_20030330.1600.06-E9-58" ROLE="Attacker">
      <extent>
        <charseq START="1880" END="1885">U.S.-l</charseq>
      </extent>
    </event_mention_argument>
    <event_mention_argument REFID="CNN_IP_20030330.1600.06-E39-59" ROLE="Target">
      <extent>
        <charseq START="1901" END="1904">Iraq</charseq>
      </extent>
    </event_mention_argument>
  </event_mention>
</event>
<event ID="CNN_IP_20030330.1600.06-EV3" TYPE="Life" SUBTYPE="Injure" MODALITY="Asserted" POLARITY="Positive" GENERICITY="Specific" TENSE="Past">
  <event_argument REFID="CNN_IP_20030330.1600.06-E43" ROLE="Victim"/>
  <event_argument REFID="CNN_IP_20030330.1600.06-E11" ROLE="Place"/>
  <event_argument REFID="CNN_IP_20030330.1600.06-T2" ROLE="Time-Within"/>
  <event_argument REFID="CNN_IP_20030330.1600.06-E10" ROLE="Victim"/>
  <event_argument REFID="CNN_IP_20030330.1600.06-E4" ROLE="Place"/>
  <event_mention ID="CNN_IP_20030330.1600.06-EV3-1">
    <extent>
      <charseq START="204" END="267">dozens were injured today
in the first suicide bombing in Israel</charseq>
    </extent>
    <ldc_scope>
      <charseq START="133" END="282">But first, we want to go
somewhere else in the region to tell you that dozens were injured today
in the first suicide bombing in Israel in three weeks</charseq>
    </ldc_scope>
    <anchor>
      <charseq START="216" END="222">injured</charseq>
    </anchor>
    <event_mention_argument REFID="CNN_IP_20030330.1600.06-E43-81" ROLE="Victim">
      <extent>
        <charseq START="204" END="209">dozens</charseq>
      </extent>
    </event_mention_argument>
    <event_mention_argument REFID="CNN_IP_20030330.1600.06-E11-82" ROLE="Place">
      <extent>
        <charseq START="262" END="267">Israel</charseq>
      </extent>
    </event_mention_argument>
    <event_mention_argument REFID="CNN_IP_20030330.1600.06-T2-1" ROLE="Time-Within">
      <extent>
        <charseq START="224" END="228">today</charseq>
      </extent>
    </event_mention_argument>
  </event_mention>
  <event_mention ID="CNN_IP_20030330.1600.06-EV3-2">
    <extent>
      <charseq START="923" END="1031">injured, including some Israeli soldiers, because according to an
eyewitness, he said many soldiers were here</charseq>
    </extent>
    <ldc_scope>
      <charseq START="907" END="1064">Dozens,
though, injured, including some Israeli soldiers, because according to an
eyewitness, he said many soldiers were here also enjoying the spring
weather</charseq>
    </ldc_scope>
    <anchor>
      <charseq START="923" END="929">injured</charseq>
    </anchor>
    <event_mention_argument REFID="CNN_IP_20030330.1600.06-E10-21" ROLE="Victim">
      <extent>
        <charseq START="942" END="962">some Israeli soldiers</charseq>
      </extent>
    </event_mention_argument>
    <event_mention_argument REFID="CNN_IP_20030330.1600.06-E4-27" ROLE="Place">
      <extent>
        <charseq START="1028" END="1031">here</charseq>
      </extent>
    </event_mention_argument>
  </event_mention>
</event>
<event ID="CNN_IP_20030330.1600.06-EV4" TYPE="Conflict" SUBTYPE="Attack" MODALITY="Asserted" POLARITY="Positive" GENERICITY="Specific" TENSE="Past">
  <event_argument REFID="CNN_IP_20030330.1600.06-E11" ROLE="Place"/>
  <event_argument REFID="CNN_IP_20030330.1600.06-E43" ROLE="Target"/>
  <event_argument REFID="CNN_IP_20030330.1600.06-T2" ROLE="Time-Within"/>
  <event_argument REFID="CNN_IP_20030330.1600.06-E3" ROLE="Attacker"/>
  <event_argument REFID="CNN_IP_20030330.1600.06-E4" ROLE="Target"/>
  <event_argument REFID="CNN_IP_20030330.1600.06-T5" ROLE="Time-Within"/>
  <event_argument REFID="CNN_IP_20030330.1600.06-E22" ROLE="Attacker"/>
  <event_argument REFID="CNN_IP_20030330.1600.06-E4" ROLE="Place"/>
  <event_argument REFID="CNN_IP_20030330.1600.06-T11" ROLE="Time-Within"/>
  <event_argument REFID="CNN_IP_20030330.1600.06-E45" ROLE="Place"/>
  <event_argument REFID="CNN_IP_20030330.1600.06-T12" ROLE="Time-Within"/>
  <event_mention ID="CNN_IP_20030330.1600.06-EV4-1">
    <extent>
      <charseq START="204" END="267">dozens were injured today
in the first suicide bombing in Israel</charseq>
    </extent>
    <ldc_scope>
      <charseq START="133" END="282">But first, we want to go
somewhere else in the region to tell you that dozens were injured today
in the first suicide bombing in Israel in three weeks</charseq>
    </ldc_scope>
    <anchor>
      <charseq START="251" END="257">bombing</charseq>
    </anchor>
    <event_mention_argument REFID="CNN_IP_20030330.1600.06-E11-82" ROLE="Place">
      <extent>
        <charseq START="262" END="267">Israel</charseq>
      </extent>
    </event_mention_argument>
    <event_mention_argument REFID="CNN_IP_20030330.1600.06-E43-81" ROLE="Target">
      <extent>
        <charseq START="204" END="209">dozens</charseq>
      </extent>
    </event_mention_argument>
    <event_mention_argument REFID="CNN_IP_20030330.1600.06-T2-1" ROLE="Time-Within">
      <extent>
        <charseq START="224" END="228">today</charseq>
      </extent>
    </event_mention_argument>
  </event_mention>
  <event_mention ID="CNN_IP_20030330.1600.06-EV4-2">
    <extent>
      <charseq START="316" END="340">today's attack in Netanya</charseq>
    </extent>
    <ldc_scope>
      <charseq START="285" END="340">CNN's Kelly
Wallace reports on today's attack in Netanya</charseq>
    </ldc_scope>
    <anchor>
      <charseq START="324" END="329">attack</charseq>
    </anchor>
    <event_mention_argument REFID="CNN_IP_20030330.1600.06-E45-84" ROLE="Place">
      <extent>
        <charseq START="334" END="340">Netanya</charseq>
      </extent>
    </event_mention_argument>
    <event_mention_argument REFID="CNN_IP_20030330.1600.06-T12-1" ROLE="Time-Within">
      <extent>
        <charseq START="316" END="320">today</charseq>
      </extent>
    </event_mention_argument>
  </event_mention>
  <event_mention ID="CNN_IP_20030330.1600.06-EV4-3">
    <extent>
      <charseq START="592" END="691">a suicide bomber blew himself up
outside this cafe, called The London Cafe, earlier Sunday afternoon</charseq>
    </extent>
    <ldc_scope>
      <charseq START="581" END="691">Police say a suicide bomber blew himself up
outside this cafe, called The London Cafe, earlier Sunday afternoon</charseq>
    </ldc_scope>
    <anchor>
      <charseq START="609" END="612">blew</charseq>
    </anchor>
    <event_mention_argument REFID="CNN_IP_20030330.1600.06-E3-3" ROLE="Attacker">
      <extent>
        <charseq START="592" END="607">a suicide bomber</charseq>
      </extent>
    </event_mention_argument>
    <event_mention_argument REFID="CNN_IP_20030330.1600.06-E4-5" ROLE="Target">
      <extent>
        <charseq START="633" END="641">this cafe</charseq>
      </extent>
    </event_mention_argument>
    <event_mention_argument REFID="CNN_IP_20030330.1600.06-T5-1" ROLE="Time-Within">
      <extent>
        <charseq START="668" END="691">earlier Sunday afternoon</charseq>
      </extent>
    </event_mention_argument>
  </event_mention>
  <event_mention ID="CNN_IP_20030330.1600.06-EV4-4">
    <extent>
      <charseq START="1451" END="1488">attack, the Palestinian militant group</charseq>
    </extent>
    <ldc_scope>
      <charseq START="1439" END="1529">As for this attack, the Palestinian militant group Islamic Jihad is
claiming responsibility</charseq>
    </ldc_scope>
    <anchor>
      <charseq START="1451" END="1456">attack</charseq>
    </anchor>
    <event_mention_argument REFID="CNN_IP_20030330.1600.06-E22-44" ROLE="Attacker">
      <extent>
        <charseq START="1459" END="1488">the Palestinian militant group</charseq>
      </extent>
    </event_mention_argument>
  </event_mention>
  <event_mention ID="CNN_IP_20030330.1600.06-EV4-5">
    <extent>
      <charseq START="1587" END="1611">the group says the attack</charseq>
    </extent>
    <ldc_scope>
      <charseq START="1532" END="1673">According to a leaflet from the group obtained
by CNN, the group says the attack was to show the union of Palestinians
with the people of Iraq</charseq>
    </ldc_scope>
    <anchor>
      <charseq START="1606" END="1611">attack</charseq>
    </anchor>
    <event_mention_argument REFID="CNN_IP_20030330.1600.06-E22-49" ROLE="Attacker">
      <extent>
        <charseq START="1587" END="1595">the group</charseq>
      </extent>
    </event_mention_argument>
  </event_mention>
  <event_mention ID="CNN_IP_20030330.1600.06-EV4-6">
    <extent>
      <charseq START="1967" END="1993">the one they saw here today</charseq>
    </extent>
    <ldc_scope>
      <charseq START="1907" END="2051">And now many Israelis fear they
could see more attacks like the one they saw here today as the military
campaign against Saddam Hussein continues</charseq>
    </ldc_scope>
    <anchor>
      <charseq START="1967" END="1973">the one</charseq>
    </anchor>
    <event_mention_argument REFID="CNN_IP_20030330.1600.06-E4-63" ROLE="Place">
      <extent>
        <charseq START="1984" END="1987">here</charseq>
      </extent>
    </event_mention_argument>
    <event_mention_argument REFID="CNN_IP_20030330.1600.06-T11-1" ROLE="Time-Within">
      <extent>
        <charseq START="1989" END="1993">today</charseq>
      </extent>
    </event_mention_argument>
  </event_mention>
</event>
<event ID="CNN_IP_20030330.1600.06-EV5" TYPE="Life" SUBTYPE="Die" MODALITY="Asserted" POLARITY="Positive" GENERICITY="Specific" TENSE="Past">
  <event_argument REFID="CNN_IP_20030330.1600.06-E3" ROLE="Victim"/>
  <event_argument REFID="CNN_IP_20030330.1600.06-E3" ROLE="Agent"/>
  <event_mention ID="CNN_IP_20030330.1600.06-EV5-1">
    <extent>
      <charseq START="881" END="904">dead, the suicide bomber</charseq>
    </extent>
    <ldc_scope>
      <charseq START="826" END="904">Many here though
say they are relieved only one person dead, the suicide bomber</charseq>
    </ldc_scope>
    <anchor>
      <charseq START="881" END="884">dead</charseq>
    </anchor>
    <event_mention_argument REFID="CNN_IP_20030330.1600.06-E3-20" ROLE="Victim">
      <extent>
        <charseq START="887" END="904">the suicide bomber</charseq>
      </extent>
    </event_mention_argument>
    <event_mention_argument REFID="CNN_IP_20030330.1600.06-E3-20" ROLE="Agent">
      <extent>
        <charseq START="887" END="904">the suicide bomber</charseq>
      </extent>
    </event_mention_argument>
  </event_mention>
</event>
<event ID="CNN_IP_20030330.1600.06-EV6" TYPE="Conflict" SUBTYPE="Attack" MODALITY="Asserted" POLARITY="Positive" GENERICITY="Specific" TENSE="Past">
  <event_argument REFID="CNN_IP_20030330.1600.06-E45" ROLE="Place"/>
  <event_argument REFID="CNN_IP_20030330.1600.06-E20" ROLE="Target"/>
  <event_argument REFID="CNN_IP_20030330.1600.06-E21" ROLE="Target"/>
  <event_argument REFID="CNN_IP_20030330.1600.06-T9" ROLE="Time-Within"/>
  <event_argument REFID="CNN_IP_20030330.1600.06-E19" ROLE="Attacker"/>
  <event_argument REFID="CNN_IP_20030330.1600.06-E20" ROLE="Place"/>
  <event_argument REFID="CNN_IP_20030330.1600.06-T14" ROLE="Time-Within"/>
  <event_mention ID="CNN_IP_20030330.1600.06-EV6-1">
    <extent>
      <charseq START="1270" END="1436">Netanya, including the
deadliest suicide bombing ever in Israel almost exactly a year ago, March
27, at the Park Hotel during Passover, 29 people killed in that attack</charseq>
    </extent>
    <ldc_scope>
      <charseq START="1224" END="1436">There had been many terrorist attacks here in Netanya, including the
deadliest suicide bombing ever in Israel almost exactly a year ago, March
27, at the Park Hotel during Passover, 29 people killed in that attack</charseq>
    </ldc_scope>
    <anchor>
      <charseq START="1431" END="1436">attack</charseq>
    </anchor>
    <event_mention_argument REFID="CNN_IP_20030330.1600.06-E45-39" ROLE="Place">
      <extent>
        <charseq START="1270" END="1276">Netanya</charseq>
      </extent>
    </event_mention_argument>
    <event_mention_argument REFID="CNN_IP_20030330.1600.06-E20-41" ROLE="Target">
      <extent>
        <charseq START="1374" END="1387">the Park Hotel</charseq>
      </extent>
    </event_mention_argument>
    <event_mention_argument REFID="CNN_IP_20030330.1600.06-E21-42" ROLE="Target">
      <extent>
        <charseq START="1406" END="1414">29 people</charseq>
      </extent>
    </event_mention_argument>
    <event_mention_argument REFID="CNN_IP_20030330.1600.06-T9-1" ROLE="Time-Within">
      <extent>
        <charseq START="1396" END="1403">Passover</charseq>
      </extent>
    </event_mention_argument>
    <event_mention_argument REFID="CNN_IP_20030330.1600.06-T9-1" ROLE="Time-Within">
      <extent>
        <charseq START="1396" END="1403">Passover</charseq>
      </extent>
    </event_mention_argument>
  </event_mention>
  <event_mention ID="CNN_IP_20030330.1600.06-EV6-2">
    <extent>
      <charseq START="1244" END="1403">terrorist attacks here in Netanya, including the
deadliest suicide bombing ever in Israel almost exactly a year ago, March
27, at the Park Hotel during Passover</charseq>
    </extent>
    <ldc_scope>
      <charseq START="1224" END="1436">There had been many terrorist attacks here in Netanya, including the
deadliest suicide bombing ever in Israel almost exactly a year ago, March
27, at the Park Hotel during Passover, 29 people killed in that attack</charseq>
    </ldc_scope>
    <anchor>
      <charseq START="1311" END="1317">bombing</charseq>
    </anchor>
    <event_mention_argument REFID="CNN_IP_20030330.1600.06-E19-37" ROLE="Attacker">
      <extent>
        <charseq START="1244" END="1252">terrorist</charseq>
      </extent>
    </event_mention_argument>
    <event_mention_argument REFID="CNN_IP_20030330.1600.06-E20-41" ROLE="Place">
      <extent>
        <charseq START="1374" END="1387">the Park Hotel</charseq>
      </extent>
    </event_mention_argument>
    <event_mention_argument REFID="CNN_IP_20030330.1600.06-E20-41" ROLE="Target">
      <extent>
        <charseq START="1374" END="1387">the Park Hotel</charseq>
      </extent>
    </event_mention_argument>
    <event_mention_argument REFID="CNN_IP_20030330.1600.06-T14-1" ROLE="Time-Within">
      <extent>
        <charseq START="1334" END="1368">almost exactly a year ago, March
27</charseq>
      </extent>
    </event_mention_argument>
    <event_mention_argument REFID="CNN_IP_20030330.1600.06-T9-1" ROLE="Time-Within">
      <extent>
        <charseq START="1396" END="1403">Passover</charseq>
      </extent>
    </event_mention_argument>
  </event_mention>
  <event_mention ID="CNN_IP_20030330.1600.06-EV6-3">
    <extent>
      <charseq START="1293" END="1403">deadliest suicide bombing ever in Israel almost exactly a year ago, March
27, at the Park Hotel during Passover</charseq>
    </extent>
    <ldc_scope>
      <charseq START="1224" END="1436">There had been many terrorist attacks here in Netanya, including the
deadliest suicide bombing ever in Israel almost exactly a year ago, March
27, at the Park Hotel during Passover, 29 people killed in that attack</charseq>
    </ldc_scope>
    <anchor>
      <charseq START="1293" END="1301">deadliest</charseq>
    </anchor>
    <event_mention_argument REFID="CNN_IP_20030330.1600.06-E20-41" ROLE="Place">
      <extent>
        <charseq START="1374" END="1387">the Park Hotel</charseq>
      </extent>
    </event_mention_argument>
    <event_mention_argument REFID="CNN_IP_20030330.1600.06-T14-1" ROLE="Time-Within">
      <extent>
        <charseq START="1334" END="1368">almost exactly a year ago, March
27</charseq>
      </extent>
    </event_mention_argument>
    <event_mention_argument REFID="CNN_IP_20030330.1600.06-T9-1" ROLE="Time-Within">
      <extent>
        <charseq START="1396" END="1403">Passover</charseq>
      </extent>
    </event_mention_argument>
  </event_mention>
  <event_mention ID="CNN_IP_20030330.1600.06-EV6-4">
    <extent>
      <charseq START="1334" END="1421">almost exactly a year ago, March
27, at the Park Hotel during Passover, 29 people killed</charseq>
    </extent>
    <ldc_scope>
      <charseq START="1224" END="1436">There had been many terrorist attacks here in Netanya, including the
deadliest suicide bombing ever in Israel almost exactly a year ago, March
27, at the Park Hotel during Passover, 29 people killed in that attack</charseq>
    </ldc_scope>
    <anchor>
      <charseq START="1416" END="1421">killed</charseq>
    </anchor>
    <event_mention_argument REFID="CNN_IP_20030330.1600.06-E20-41" ROLE="Place">
      <extent>
        <charseq START="1374" END="1387">the Park Hotel</charseq>
      </extent>
    </event_mention_argument>
    <event_mention_argument REFID="CNN_IP_20030330.1600.06-T14-1" ROLE="Time-Within">
      <extent>
        <charseq START="1334" END="1368">almost exactly a year ago, March
27</charseq>
      </extent>
    </event_mention_argument>
    <event_mention_argument REFID="CNN_IP_20030330.1600.06-T9-1" ROLE="Time-Within">
      <extent>
        <charseq START="1396" END="1403">Passover</charseq>
      </extent>
    </event_mention_argument>
  </event_mention>
</event>
<event ID="CNN_IP_20030330.1600.06-EV7" TYPE="Conflict" SUBTYPE="Attack" MODALITY="Other" POLARITY="Positive" GENERICITY="Generic" TENSE="Future">
  <event_argument REFID="CNN_IP_20030330.1600.06-E27" ROLE="Attacker"/>
  <event_argument REFID="CNN_IP_20030330.1600.06-E39" ROLE="Place"/>
  <event_argument REFID="CNN_IP_20030330.1600.06-E6" ROLE="Target"/>
  <event_mention ID="CNN_IP_20030330.1600.06-EV7-1">
    <extent>
      <charseq START="1708" END="1807">Islamic Jihad
militants are already inside Iraq to carry out attacks against U.S. and
British forces</charseq>
    </extent>
    <ldc_scope>
      <charseq START="1676" END="1807">The group is also claiming that Islamic Jihad
militants are already inside Iraq to carry out attacks against U.S. and
British forces</charseq>
    </ldc_scope>
    <anchor>
      <charseq START="1769" END="1775">attacks</charseq>
    </anchor>
    <event_mention_argument REFID="CNN_IP_20030330.1600.06-E27-55" ROLE="Attacker">
      <extent>
        <charseq START="1708" END="1730">Islamic Jihad
militants</charseq>
      </extent>
    </event_mention_argument>
    <event_mention_argument REFID="CNN_IP_20030330.1600.06-E39-57" ROLE="Place">
      <extent>
        <charseq START="1751" END="1754">Iraq</charseq>
      </extent>
    </event_mention_argument>
    <event_mention_argument REFID="CNN_IP_20030330.1600.06-E6-6" ROLE="Target">
      <extent>
        <charseq START="1785" END="1807">U.S. and
British forces</charseq>
      </extent>
    </event_mention_argument>
  </event_mention>
</event>
<event ID="CNN_IP_20030330.1600.06-EV8" TYPE="Conflict" SUBTYPE="Attack" MODALITY="Other" POLARITY="Positive" GENERICITY="Generic" TENSE="Future">
  <event_mention ID="CNN_IP_20030330.1600.06-EV8-1">
    <extent>
      <charseq START="1954" END="1960">attacks</charseq>
    </extent>
    <ldc_scope>
      <charseq START="1907" END="2051">And now many Israelis fear they
could see more attacks like the one they saw here today as the military
campaign against Saddam Hussein continues</charseq>
    </ldc_scope>
    <anchor>
      <charseq START="1954" END="1960">attacks</charseq>
    </anchor>
  </event_mention>
</event>
</document>
</source_file>
