<?xml version="1.0"?>
<!DOCTYPE source_file SYSTEM "apf.v5.1.1.dtd">
<source_file URI="CNN_IP_20030405.1600.00-3.sgm" SOURCE="broadcast conversation" TYPE="text" AUTHOR="LDC" ENCODING="UTF-8">
<document DOCID="CNN_IP_20030405.1600.00-3">
<entity ID="CNN_IP_20030405.1600.00-3-E1" TYPE="FAC" SUBTYPE="Building-Grounds" CLASS="USP">
  <entity_mention ID="CNN_IP_20030405.1600.00-3-E1-2" TYPE="NOM" LDCTYPE="BAR">
    <extent>
      <charseq START="597" END="644">Checkpoints meant to filter out Iraqi hardliners</charseq>
    </extent>
    <head>
      <charseq START="597" END="607">Checkpoints</charseq>
    </head>
  </entity_mention>
</entity>
<entity ID="CNN_IP_20030405.1600.00-3-E2" TYPE="PER" SUBTYPE="Group" CLASS="GEN">
  <entity_mention ID="CNN_IP_20030405.1600.00-3-E2-3" TYPE="NOM" LDCTYPE="BAR">
    <extent>
      <charseq START="629" END="644">Iraqi hardliners</charseq>
    </extent>
    <head>
      <charseq START="635" END="644">hardliners</charseq>
    </head>
  </entity_mention>
</entity>
<entity ID="CNN_IP_20030405.1600.00-3-E3" TYPE="GPE" SUBTYPE="Nation" CLASS="SPC">
  <entity_mention ID="CNN_IP_20030405.1600.00-3-E3-1" TYPE="PRO" LDCTYPE="PRO" ROLE="LOC" LDCATR="FALSE">
    <extent>
      <charseq START="341" END="344">here</charseq>
    </extent>
    <head>
      <charseq START="341" END="344">here</charseq>
    </head>
  </entity_mention>
  <entity_mention ID="CNN_IP_20030405.1600.00-3-E3-4" TYPE="NAM" LDCTYPE="NAMPRE" ROLE="GPE" LDCATR="TRUE">
    <extent>
      <charseq START="629" END="633">Iraqi</charseq>
    </extent>
    <head>
      <charseq START="629" END="633">Iraqi</charseq>
    </head>
  </entity_mention>
  <entity_mention ID="CNN_IP_20030405.1600.00-3-E3-29" TYPE="NAM" LDCTYPE="NAMPRE" ROLE="GPE" LDCATR="TRUE">
    <extent>
      <charseq START="1462" END="1466">Iraqi</charseq>
    </extent>
    <head>
      <charseq START="1462" END="1466">Iraqi</charseq>
    </head>
  </entity_mention>
  <entity_mention ID="CNN_IP_20030405.1600.00-3-E3-59" TYPE="NAM" LDCTYPE="NAMPRE" ROLE="GPE" LDCATR="TRUE">
    <extent>
      <charseq START="2452" END="2456">Iraqi</charseq>
    </extent>
    <head>
      <charseq START="2452" END="2456">Iraqi</charseq>
    </head>
  </entity_mention>
  <entity_mention ID="CNN_IP_20030405.1600.00-3-E3-71" TYPE="NAM" LDCTYPE="NAM" ROLE="LOC" LDCATR="FALSE">
    <extent>
      <charseq START="416" END="419">Iraq</charseq>
    </extent>
    <head>
      <charseq START="416" END="419">Iraq</charseq>
    </head>
  </entity_mention>
  <entity_attributes>
    <name NAME="Iraqi">
      <charseq START="629" END="633">Iraqi</charseq>
    </name>
    <name NAME="Iraqi">
      <charseq START="1462" END="1466">Iraqi</charseq>
    </name>
    <name NAME="Iraqi">
      <charseq START="2452" END="2456">Iraqi</charseq>
    </name>
    <name NAME="Iraq">
      <charseq START="416" END="419">Iraq</charseq>
    </name>
  </entity_attributes>
</entity>
<entity ID="CNN_IP_20030405.1600.00-3-E4" TYPE="PER" SUBTYPE="Group" CLASS="GEN">
  <entity_mention ID="CNN_IP_20030405.1600.00-3-E4-76" TYPE="NOM" LDCTYPE="BAR">
    <extent>
      <charseq START="1176" END="1192">army intelligence</charseq>
    </extent>
    <head>
      <charseq START="1181" END="1192">intelligence</charseq>
    </head>
  </entity_mention>
</entity>
<entity ID="CNN_IP_20030405.1600.00-3-E5" TYPE="WEA" SUBTYPE="Shooting" CLASS="SPC">
  <entity_mention ID="CNN_IP_20030405.1600.00-3-E5-6" TYPE="NOM" LDCTYPE="NOM">
    <extent>
      <charseq START="701" END="747">the mortars and rockets of the
Fedayeen militia</charseq>
    </extent>
    <head>
      <charseq START="705" END="711">mortars</charseq>
    </head>
  </entity_mention>
</entity>
<entity ID="CNN_IP_20030405.1600.00-3-E6" TYPE="WEA" SUBTYPE="Projectile" CLASS="SPC">
  <entity_mention ID="CNN_IP_20030405.1600.00-3-E6-7" TYPE="NOM" LDCTYPE="NOM">
    <extent>
      <charseq START="701" END="747">the mortars and rockets of the
Fedayeen militia</charseq>
    </extent>
    <head>
      <charseq START="717" END="723">rockets</charseq>
    </head>
  </entity_mention>
</entity>
<entity ID="CNN_IP_20030405.1600.00-3-E7" TYPE="ORG" SUBTYPE="Non-Governmental" CLASS="SPC">
  <entity_mention ID="CNN_IP_20030405.1600.00-3-E7-8" TYPE="NOM" LDCTYPE="NOM">
    <extent>
      <charseq START="728" END="747">the
Fedayeen militia</charseq>
    </extent>
    <head>
      <charseq START="741" END="747">militia</charseq>
    </head>
  </entity_mention>
</entity>
<entity ID="CNN_IP_20030405.1600.00-3-E8" TYPE="PER" SUBTYPE="Group" CLASS="USP">
  <entity_mention ID="CNN_IP_20030405.1600.00-3-E8-15" TYPE="PRO" LDCTYPE="PRO">
    <extent>
      <charseq START="1035" END="1036">We</charseq>
    </extent>
    <head>
      <charseq START="1035" END="1036">We</charseq>
    </head>
  </entity_mention>
  <entity_mention ID="CNN_IP_20030405.1600.00-3-E8-32" TYPE="PRO" LDCTYPE="PRO">
    <extent>
      <charseq START="1503" END="1504">we</charseq>
    </extent>
    <head>
      <charseq START="1503" END="1504">we</charseq>
    </head>
  </entity_mention>
</entity>
<entity ID="CNN_IP_20030405.1600.00-3-E9" TYPE="ORG" SUBTYPE="Non-Governmental" CLASS="SPC">
  <entity_mention ID="CNN_IP_20030405.1600.00-3-E9-16" TYPE="NAM" LDCTYPE="NAMPRE" LDCATR="TRUE">
    <extent>
      <charseq START="1079" END="1090">Ba'ath Party</charseq>
    </extent>
    <head>
      <charseq START="1079" END="1090">Ba'ath Party</charseq>
    </head>
  </entity_mention>
  <entity_mention ID="CNN_IP_20030405.1600.00-3-E9-27" TYPE="NOM" LDCTYPE="NOM" LDCATR="FALSE">
    <extent>
      <charseq START="1413" END="1421">The party</charseq>
    </extent>
    <head>
      <charseq START="1417" END="1421">party</charseq>
    </head>
  </entity_mention>
  <entity_mention ID="CNN_IP_20030405.1600.00-3-E9-74" TYPE="NAM" LDCTYPE="NAM" LDCATR="FALSE">
    <extent>
      <charseq START="452" END="467">his Ba'ath Party</charseq>
    </extent>
    <head>
      <charseq START="456" END="467">Ba'ath Party</charseq>
    </head>
  </entity_mention>
  <entity_attributes>
    <name NAME="Ba'ath Party">
      <charseq START="1079" END="1090">Ba'ath Party</charseq>
    </name>
    <name NAME="Ba'ath Party">
      <charseq START="456" END="467">Ba'ath Party</charseq>
    </name>
  </entity_attributes>
</entity>
<entity ID="CNN_IP_20030405.1600.00-3-E10" TYPE="FAC" SUBTYPE="Building-Grounds" CLASS="SPC">
  <entity_mention ID="CNN_IP_20030405.1600.00-3-E10-18" TYPE="NOM" LDCTYPE="NOM">
    <extent>
      <charseq START="1066" END="1121">the homes of Ba'ath Party officials and
Fedayeen militia</charseq>
    </extent>
    <head>
      <charseq START="1070" END="1074">homes</charseq>
    </head>
  </entity_mention>
</entity>
<entity ID="CNN_IP_20030405.1600.00-3-E11" TYPE="PER" SUBTYPE="Group" CLASS="USP">
  <entity_mention ID="CNN_IP_20030405.1600.00-3-E11-19" TYPE="NOM" LDCTYPE="BAR">
    <extent>
      <charseq START="1079" END="1100">Ba'ath Party officials</charseq>
    </extent>
    <head>
      <charseq START="1092" END="1100">officials</charseq>
    </head>
  </entity_mention>
</entity>
<entity ID="CNN_IP_20030405.1600.00-3-E12" TYPE="PER" SUBTYPE="Group" CLASS="SPC">
  <entity_mention ID="CNN_IP_20030405.1600.00-3-E12-20" TYPE="NOM" LDCTYPE="NOM">
    <extent>
      <charseq START="1106" END="1121">Fedayeen militia</charseq>
    </extent>
    <head>
      <charseq START="1115" END="1121">militia</charseq>
    </head>
  </entity_mention>
</entity>
<entity ID="CNN_IP_20030405.1600.00-3-E13" TYPE="PER" SUBTYPE="Group" CLASS="SPC">
  <entity_mention ID="CNN_IP_20030405.1600.00-3-E13-21" TYPE="PRO" LDCTYPE="PRO" LDCATR="FALSE">
    <extent>
      <charseq START="1124" END="1128">These</charseq>
    </extent>
    <head>
      <charseq START="1124" END="1128">These</charseq>
    </head>
  </entity_mention>
  <entity_mention ID="CNN_IP_20030405.1600.00-3-E13-23" TYPE="NOM" LDCTYPE="NOM" LDCATR="TRUE">
    <extent>
      <charseq START="1134" END="1242">men singled out by locals and believed by
army intelligence to be behind much of the brutality and corruption</charseq>
    </extent>
    <head>
      <charseq START="1134" END="1136">men</charseq>
    </head>
  </entity_mention>
</entity>
<entity ID="CNN_IP_20030405.1600.00-3-E15" TYPE="PER" SUBTYPE="Group" CLASS="USP">
  <entity_mention ID="CNN_IP_20030405.1600.00-3-E15-24" TYPE="NOM" LDCTYPE="BAR">
    <extent>
      <charseq START="1153" END="1158">locals</charseq>
    </extent>
    <head>
      <charseq START="1153" END="1158">locals</charseq>
    </head>
  </entity_mention>
</entity>
<entity ID="CNN_IP_20030405.1600.00-3-E16" TYPE="ORG" SUBTYPE="Government" CLASS="SPC">
  <entity_mention ID="CNN_IP_20030405.1600.00-3-E16-25" TYPE="NAM" LDCTYPE="NAMPRE">
    <extent>
      <charseq START="1176" END="1179">army</charseq>
    </extent>
    <head>
      <charseq START="1176" END="1179">army</charseq>
    </head>
  </entity_mention>
  <entity_attributes>
    <name NAME="army">
      <charseq START="1176" END="1179">army</charseq>
    </name>
  </entity_attributes>
</entity>
<entity ID="CNN_IP_20030405.1600.00-3-E17" TYPE="PER" SUBTYPE="Group" CLASS="USP">
  <entity_mention ID="CNN_IP_20030405.1600.00-3-E17-26" TYPE="PRO" LDCTYPE="HLS">
    <extent>
      <charseq START="1245" END="1248">Most</charseq>
    </extent>
    <head>
      <charseq START="1245" END="1248">Most</charseq>
    </head>
  </entity_mention>
</entity>
<entity ID="CNN_IP_20030405.1600.00-3-E19" TYPE="GPE" SUBTYPE="Population-Center" CLASS="SPC">
  <entity_mention ID="CNN_IP_20030405.1600.00-3-E19-31" TYPE="NOM" LDCTYPE="NOM" ROLE="LOC">
    <extent>
      <charseq START="1480" END="1500">two
small communities</charseq>
    </extent>
    <head>
      <charseq START="1490" END="1500">communities</charseq>
    </head>
  </entity_mention>
</entity>
<entity ID="CNN_IP_20030405.1600.00-3-E20" TYPE="PER" SUBTYPE="Group" CLASS="USP">
  <entity_mention ID="CNN_IP_20030405.1600.00-3-E20-33" TYPE="NOM" LDCTYPE="NOM">
    <extent>
      <charseq START="1516" END="1534">more than 70 people</charseq>
    </extent>
    <head>
      <charseq START="1529" END="1534">people</charseq>
    </head>
  </entity_mention>
</entity>
<entity ID="CNN_IP_20030405.1600.00-3-E21" TYPE="PER" SUBTYPE="Group" CLASS="USP">
  <entity_mention ID="CNN_IP_20030405.1600.00-3-E21-34" TYPE="PRO" LDCTYPE="PRO">
    <extent>
      <charseq START="1554" END="1557">Some</charseq>
    </extent>
    <head>
      <charseq START="1554" END="1557">Some</charseq>
    </head>
  </entity_mention>
  <entity_mention ID="CNN_IP_20030405.1600.00-3-E21-35" TYPE="PRO" LDCTYPE="PRO">
    <extent>
      <charseq START="1614" END="1618">their</charseq>
    </extent>
    <head>
      <charseq START="1614" END="1618">their</charseq>
    </head>
  </entity_mention>
</entity>
<entity ID="CNN_IP_20030405.1600.00-3-E22" TYPE="PER" SUBTYPE="Group" CLASS="GEN">
  <entity_mention ID="CNN_IP_20030405.1600.00-3-E22-44" TYPE="NOM" LDCTYPE="BAR">
    <extent>
      <charseq START="1879" END="1884">people</charseq>
    </extent>
    <head>
      <charseq START="1879" END="1884">people</charseq>
    </head>
  </entity_mention>
  <entity_mention ID="CNN_IP_20030405.1600.00-3-E22-46" TYPE="PRO" LDCTYPE="PRO">
    <extent>
      <charseq START="1897" END="1901">their</charseq>
    </extent>
    <head>
      <charseq START="1897" END="1901">their</charseq>
    </head>
  </entity_mention>
</entity>
<entity ID="CNN_IP_20030405.1600.00-3-E23" TYPE="FAC" SUBTYPE="Building-Grounds" CLASS="GEN">
  <entity_mention ID="CNN_IP_20030405.1600.00-3-E23-47" TYPE="NOM" LDCTYPE="NOM">
    <extent>
      <charseq START="1897" END="1908">their houses</charseq>
    </extent>
    <head>
      <charseq START="1903" END="1908">houses</charseq>
    </head>
  </entity_mention>
</entity>
<entity ID="CNN_IP_20030405.1600.00-3-E24" TYPE="PER" SUBTYPE="Group" CLASS="SPC">
  <entity_mention ID="CNN_IP_20030405.1600.00-3-E24-48" TYPE="NOM" LDCTYPE="NOM">
    <extent>
      <charseq START="1933" END="1980">those people we've got very
good intelligence on</charseq>
    </extent>
    <head>
      <charseq START="1939" END="1944">people</charseq>
    </head>
  </entity_mention>
</entity>
<entity ID="CNN_IP_20030405.1600.00-3-E25" TYPE="PER" SUBTYPE="Group" CLASS="SPC">
  <entity_mention ID="CNN_IP_20030405.1600.00-3-E25-45" TYPE="NAM" LDCTYPE="NAMPRE" LDCATR="TRUE">
    <extent>
      <charseq START="732" END="739">Fedayeen</charseq>
    </extent>
    <head>
      <charseq START="732" END="739">Fedayeen</charseq>
    </head>
  </entity_mention>
  <entity_mention ID="CNN_IP_20030405.1600.00-3-E25-49" TYPE="NAM" LDCTYPE="NAMPRE" LDCATR="TRUE">
    <extent>
      <charseq START="1106" END="1113">Fedayeen</charseq>
    </extent>
    <head>
      <charseq START="1106" END="1113">Fedayeen</charseq>
    </head>
  </entity_mention>
  <entity_attributes>
    <name NAME="Fedayeen">
      <charseq START="732" END="739">Fedayeen</charseq>
    </name>
    <name NAME="Fedayeen">
      <charseq START="1106" END="1113">Fedayeen</charseq>
    </name>
  </entity_attributes>
</entity>
<entity ID="CNN_IP_20030405.1600.00-3-E27" TYPE="GPE" SUBTYPE="Nation" CLASS="SPC">
  <entity_mention ID="CNN_IP_20030405.1600.00-3-E27-17" TYPE="NOM" LDCTYPE="NOM" ROLE="GPE" LDCATR="FALSE">
    <extent>
      <charseq START="2051" END="2061">the British</charseq>
    </extent>
    <head>
      <charseq START="2055" END="2061">British</charseq>
    </head>
  </entity_mention>
  <entity_mention ID="CNN_IP_20030405.1600.00-3-E27-22" TYPE="NOM" LDCTYPE="NOM" ROLE="GPE" LDCATR="FALSE">
    <extent>
      <charseq START="274" END="284">the British</charseq>
    </extent>
    <head>
      <charseq START="278" END="284">British</charseq>
    </head>
  </entity_mention>
  <entity_mention ID="CNN_IP_20030405.1600.00-3-E27-28" TYPE="PRO" LDCTYPE="PRO" ROLE="GPE" LDCATR="FALSE">
    <extent>
      <charseq START="2096" END="2104">their own</charseq>
    </extent>
    <head>
      <charseq START="2096" END="2100">their</charseq>
    </head>
  </entity_mention>
  <entity_mention ID="CNN_IP_20030405.1600.00-3-E27-51" TYPE="NAM" LDCTYPE="NAMPRE" ROLE="GPE" LDCATR="FALSE">
    <extent>
      <charseq START="1676" END="1682">British</charseq>
    </extent>
    <head>
      <charseq START="1676" END="1682">British</charseq>
    </head>
  </entity_mention>
  <entity_mention ID="CNN_IP_20030405.1600.00-3-E27-54" TYPE="NAM" LDCTYPE="NAMPRE" ROLE="GPE" LDCATR="TRUE">
    <extent>
      <charseq START="2346" END="2352">British</charseq>
    </extent>
    <head>
      <charseq START="2346" END="2352">British</charseq>
    </head>
  </entity_mention>
  <entity_attributes>
    <name NAME="British">
      <charseq START="1676" END="1682">British</charseq>
    </name>
    <name NAME="British">
      <charseq START="2346" END="2352">British</charseq>
    </name>
  </entity_attributes>
</entity>
<entity ID="CNN_IP_20030405.1600.00-3-E29" TYPE="GPE" SUBTYPE="Population-Center" CLASS="SPC">
  <entity_mention ID="CNN_IP_20030405.1600.00-3-E29-9" TYPE="NOM" LDCTYPE="NOM" ROLE="PER" LDCATR="FALSE">
    <extent>
      <charseq START="809" END="827">the people of Basra</charseq>
    </extent>
    <head>
      <charseq START="813" END="818">people</charseq>
    </head>
  </entity_mention>
  <entity_mention ID="CNN_IP_20030405.1600.00-3-E29-10" TYPE="PRO" LDCTYPE="PRO" ROLE="PER" LDCATR="FALSE">
    <extent>
      <charseq START="852" END="855">them</charseq>
    </extent>
    <head>
      <charseq START="852" END="855">them</charseq>
    </head>
  </entity_mention>
  <entity_mention ID="CNN_IP_20030405.1600.00-3-E29-14" TYPE="NOM" LDCTYPE="NOM" ROLE="PER" LDCATR="FALSE">
    <extent>
      <charseq START="959" END="978">a dubious population</charseq>
    </extent>
    <head>
      <charseq START="969" END="978">population</charseq>
    </head>
  </entity_mention>
  <entity_mention ID="CNN_IP_20030405.1600.00-3-E29-50" TYPE="NOM" LDCTYPE="NOMPRE" ROLE="GPE" LDCATR="TRUE">
    <extent>
      <charseq START="174" END="177">city</charseq>
    </extent>
    <head>
      <charseq START="174" END="177">city</charseq>
    </head>
  </entity_mention>
  <entity_mention ID="CNN_IP_20030405.1600.00-3-E29-61" TYPE="NAM" LDCTYPE="NAM" ROLE="LOC" LDCATR="FALSE">
    <extent>
      <charseq START="188" END="192">Basra</charseq>
    </extent>
    <head>
      <charseq START="188" END="192">Basra</charseq>
    </head>
  </entity_mention>
  <entity_mention ID="CNN_IP_20030405.1600.00-3-E29-63" TYPE="NAM" LDCTYPE="NAM" ROLE="GPE" LDCATR="FALSE">
    <extent>
      <charseq START="823" END="827">Basra</charseq>
    </extent>
    <head>
      <charseq START="823" END="827">Basra</charseq>
    </head>
  </entity_mention>
  <entity_mention ID="CNN_IP_20030405.1600.00-3-E29-64" TYPE="NAM" LDCTYPE="NAM" ROLE="LOC" LDCATR="FALSE">
    <extent>
      <charseq START="2254" END="2258">Basra</charseq>
    </extent>
    <head>
      <charseq START="2254" END="2258">Basra</charseq>
    </head>
  </entity_mention>
  <entity_attributes>
    <name NAME="Basra">
      <charseq START="188" END="192">Basra</charseq>
    </name>
    <name NAME="Basra">
      <charseq START="823" END="827">Basra</charseq>
    </name>
    <name NAME="Basra">
      <charseq START="2254" END="2258">Basra</charseq>
    </name>
  </entity_attributes>
</entity>
<entity ID="CNN_IP_20030405.1600.00-3-E30" TYPE="PER" SUBTYPE="Group" CLASS="USP">
  <entity_mention ID="CNN_IP_20030405.1600.00-3-E30-52" TYPE="PRO" LDCTYPE="HLS">
    <extent>
      <charseq START="2148" END="2152">a few</charseq>
    </extent>
    <head>
      <charseq START="2150" END="2152">few</charseq>
    </head>
  </entity_mention>
</entity>
<entity ID="CNN_IP_20030405.1600.00-3-E31" TYPE="PER" SUBTYPE="Individual" CLASS="SPC">
  <entity_mention ID="CNN_IP_20030405.1600.00-3-E31-53" TYPE="NAM" LDCTYPE="NAM">
    <extent>
      <charseq START="2236" END="2249">Juliet Bremner</charseq>
    </extent>
    <head>
      <charseq START="2236" END="2249">Juliet Bremner</charseq>
    </head>
  </entity_mention>
  <entity_attributes>
    <name NAME="Juliet Bremner">
      <charseq START="2236" END="2249">Juliet Bremner</charseq>
    </name>
  </entity_attributes>
</entity>
<entity ID="CNN_IP_20030405.1600.00-3-E33" TYPE="PER" SUBTYPE="Group" CLASS="SPC">
  <entity_mention ID="CNN_IP_20030405.1600.00-3-E33-55" TYPE="NOM" LDCTYPE="NOM">
    <extent>
      <charseq START="2335" END="2376">some other British troops in
southern Iraq</charseq>
    </extent>
    <head>
      <charseq START="2354" END="2359">troops</charseq>
    </head>
  </entity_mention>
</entity>
<entity ID="CNN_IP_20030405.1600.00-3-E34" TYPE="LOC" SUBTYPE="Region-General" CLASS="SPC">
  <entity_mention ID="CNN_IP_20030405.1600.00-3-E34-56" TYPE="NOM" LDCTYPE="NOM">
    <extent>
      <charseq START="2364" END="2376">southern Iraq</charseq>
    </extent>
    <head>
      <charseq START="2373" END="2376">Iraq</charseq>
    </head>
  </entity_mention>
</entity>
<entity ID="CNN_IP_20030405.1600.00-3-E35" TYPE="FAC" SUBTYPE="Building-Grounds" CLASS="SPC">
  <entity_mention ID="CNN_IP_20030405.1600.00-3-E35-57" TYPE="NOM" LDCTYPE="NOM">
    <extent>
      <charseq START="2400" END="2417">a makeshift morgue</charseq>
    </extent>
    <head>
      <charseq START="2412" END="2417">morgue</charseq>
    </head>
  </entity_mention>
</entity>
<entity ID="CNN_IP_20030405.1600.00-3-E36" TYPE="GPE" SUBTYPE="Population-Center" CLASS="SPC">
  <entity_mention ID="CNN_IP_20030405.1600.00-3-E36-58" TYPE="NAM" LDCTYPE="NAM" ROLE="LOC">
    <extent>
      <charseq START="2514" END="2520">Baghdad</charseq>
    </extent>
    <head>
      <charseq START="2514" END="2520">Baghdad</charseq>
    </head>
  </entity_mention>
  <entity_attributes>
    <name NAME="Baghdad">
      <charseq START="2514" END="2520">Baghdad</charseq>
    </name>
  </entity_attributes>
</entity>
<entity ID="CNN_IP_20030405.1600.00-3-E39" TYPE="PER" SUBTYPE="Individual" CLASS="SPC">
  <entity_mention ID="CNN_IP_20030405.1600.00-3-E39-65" TYPE="NAM" LDCTYPE="NAM">
    <extent>
      <charseq START="195" END="208">Saddam Hussein</charseq>
    </extent>
    <head>
      <charseq START="195" END="208">Saddam Hussein</charseq>
    </head>
  </entity_mention>
  <entity_mention ID="CNN_IP_20030405.1600.00-3-E39-67" TYPE="PRO" LDCTYPE="PRO">
    <extent>
      <charseq START="214" END="216">his</charseq>
    </extent>
    <head>
      <charseq START="214" END="216">his</charseq>
    </head>
  </entity_mention>
  <entity_mention ID="CNN_IP_20030405.1600.00-3-E39-72" TYPE="NAM" LDCTYPE="NAM">
    <extent>
      <charseq START="441" END="446">Saddam</charseq>
    </extent>
    <head>
      <charseq START="441" END="446">Saddam</charseq>
    </head>
  </entity_mention>
  <entity_mention ID="CNN_IP_20030405.1600.00-3-E39-73" TYPE="PRO" LDCTYPE="PRO">
    <extent>
      <charseq START="452" END="454">his</charseq>
    </extent>
    <head>
      <charseq START="452" END="454">his</charseq>
    </head>
  </entity_mention>
  <entity_attributes>
    <name NAME="Saddam Hussein">
      <charseq START="195" END="208">Saddam Hussein</charseq>
    </name>
    <name NAME="Saddam">
      <charseq START="441" END="446">Saddam</charseq>
    </name>
  </entity_attributes>
</entity>
<entity ID="CNN_IP_20030405.1600.00-3-E40" TYPE="PER" SUBTYPE="Group" CLASS="USP">
  <entity_mention ID="CNN_IP_20030405.1600.00-3-E40-66" TYPE="NOM" LDCTYPE="NOM">
    <extent>
      <charseq START="214" END="225">his henchmen</charseq>
    </extent>
    <head>
      <charseq START="218" END="225">henchmen</charseq>
    </head>
  </entity_mention>
</entity>
<entity ID="CNN_IP_20030405.1600.00-3-E41" TYPE="PER" SUBTYPE="Group" CLASS="SPC">
  <entity_mention ID="CNN_IP_20030405.1600.00-3-E41-5" TYPE="PRO" LDCTYPE="PRO">
    <extent>
      <charseq START="660" END="663">They</charseq>
    </extent>
    <head>
      <charseq START="660" END="663">They</charseq>
    </head>
  </entity_mention>
  <entity_mention ID="CNN_IP_20030405.1600.00-3-E41-11" TYPE="PRO" LDCTYPE="PRO">
    <extent>
      <charseq START="834" END="837">they</charseq>
    </extent>
    <head>
      <charseq START="834" END="837">they</charseq>
    </head>
  </entity_mention>
  <entity_mention ID="CNN_IP_20030405.1600.00-3-E41-12" TYPE="PRO" LDCTYPE="PRO">
    <extent>
      <charseq START="754" END="757">they</charseq>
    </extent>
    <head>
      <charseq START="754" END="757">they</charseq>
    </head>
  </entity_mention>
  <entity_mention ID="CNN_IP_20030405.1600.00-3-E41-13" TYPE="PRO" LDCTYPE="PRO">
    <extent>
      <charseq START="863" END="866">they</charseq>
    </extent>
    <head>
      <charseq START="863" END="866">they</charseq>
    </head>
  </entity_mention>
  <entity_mention ID="CNN_IP_20030405.1600.00-3-E41-37" TYPE="PRO" LDCTYPE="PRO">
    <extent>
      <charseq START="1746" END="1747">We</charseq>
    </extent>
    <head>
      <charseq START="1746" END="1747">We</charseq>
    </head>
  </entity_mention>
  <entity_mention ID="CNN_IP_20030405.1600.00-3-E41-38" TYPE="PRO" LDCTYPE="PRO">
    <extent>
      <charseq START="1763" END="1764">we</charseq>
    </extent>
    <head>
      <charseq START="1763" END="1764">we</charseq>
    </head>
  </entity_mention>
  <entity_mention ID="CNN_IP_20030405.1600.00-3-E41-39" TYPE="PRO" LDCTYPE="PRO">
    <extent>
      <charseq START="1806" END="1807">We</charseq>
    </extent>
    <head>
      <charseq START="1806" END="1807">We</charseq>
    </head>
  </entity_mention>
  <entity_mention ID="CNN_IP_20030405.1600.00-3-E41-40" TYPE="PRO" LDCTYPE="PRO">
    <extent>
      <charseq START="1836" END="1837">we</charseq>
    </extent>
    <head>
      <charseq START="1836" END="1837">we</charseq>
    </head>
  </entity_mention>
  <entity_mention ID="CNN_IP_20030405.1600.00-3-E41-41" TYPE="PRO" LDCTYPE="PRO">
    <extent>
      <charseq START="1848" END="1849">We</charseq>
    </extent>
    <head>
      <charseq START="1848" END="1849">We</charseq>
    </head>
  </entity_mention>
  <entity_mention ID="CNN_IP_20030405.1600.00-3-E41-42" TYPE="PRO" LDCTYPE="PRO">
    <extent>
      <charseq START="1915" END="1916">we</charseq>
    </extent>
    <head>
      <charseq START="1915" END="1916">we</charseq>
    </head>
  </entity_mention>
  <entity_mention ID="CNN_IP_20030405.1600.00-3-E41-43" TYPE="PRO" LDCTYPE="PRO">
    <extent>
      <charseq START="1946" END="1947">we</charseq>
    </extent>
    <head>
      <charseq START="1946" END="1947">we</charseq>
    </head>
  </entity_mention>
  <entity_mention ID="CNN_IP_20030405.1600.00-3-E41-75" TYPE="NAM" LDCTYPE="NAM">
    <extent>
      <charseq START="554" END="568">the Desert Rats</charseq>
    </extent>
    <head>
      <charseq START="558" END="568">Desert Rats</charseq>
    </head>
  </entity_mention>
  <entity_attributes>
    <name NAME="Desert Rats">
      <charseq START="558" END="568">Desert Rats</charseq>
    </name>
  </entity_attributes>
</entity>
<entity ID="CNN_IP_20030405.1600.00-3-E42" TYPE="PER" SUBTYPE="Group" CLASS="USP">
  <entity_mention ID="CNN_IP_20030405.1600.00-3-E42-30" TYPE="PRO" LDCTYPE="PRO">
    <extent>
      <charseq START="405" END="408">they</charseq>
    </extent>
    <head>
      <charseq START="405" END="408">they</charseq>
    </head>
  </entity_mention>
  <entity_mention ID="CNN_IP_20030405.1600.00-3-E42-36" TYPE="PRO" LDCTYPE="PRO">
    <extent>
      <charseq START="422" END="425">they</charseq>
    </extent>
    <head>
      <charseq START="422" END="425">they</charseq>
    </head>
  </entity_mention>
  <entity_mention ID="CNN_IP_20030405.1600.00-3-E42-68" TYPE="NOM" LDCTYPE="BAR">
    <extent>
      <charseq START="328" END="335">Soldiers</charseq>
    </extent>
    <head>
      <charseq START="328" END="335">Soldiers</charseq>
    </head>
  </entity_mention>
</entity>
<entity ID="CNN_IP_20030405.1600.00-3-E43" TYPE="ORG" SUBTYPE="Government" CLASS="SPC">
  <entity_mention ID="CNN_IP_20030405.1600.00-3-E43-60" TYPE="NOM" LDCTYPE="NOM">
    <extent>
      <charseq START="2448" END="2463">the Iraqi regime</charseq>
    </extent>
    <head>
      <charseq START="2458" END="2463">regime</charseq>
    </head>
  </entity_mention>
  <entity_mention ID="CNN_IP_20030405.1600.00-3-E43-69" TYPE="NOM" LDCTYPE="NOM">
    <extent>
      <charseq START="359" END="368">the regime</charseq>
    </extent>
    <head>
      <charseq START="363" END="368">regime</charseq>
    </head>
  </entity_mention>
  <entity_mention ID="CNN_IP_20030405.1600.00-3-E43-70" TYPE="PRO" LDCTYPE="PRO">
    <extent>
      <charseq START="378" END="379">it</charseq>
    </extent>
    <head>
      <charseq START="378" END="379">it</charseq>
    </head>
  </entity_mention>
</entity>
<entity ID="CNN_IP_20030405.1600.00-3-E44" TYPE="FAC" SUBTYPE="Building-Grounds" CLASS="SPC">
  <entity_mention ID="CNN_IP_20030405.1600.00-3-E44-62" TYPE="NOM" LDCTYPE="NOM">
    <extent>
      <charseq START="250" END="267">this southern port</charseq>
    </extent>
    <head>
      <charseq START="264" END="267">port</charseq>
    </head>
  </entity_mention>
</entity>
<timex2 ID="CNN_IP_20030405.1600.00-3-T1">
  <timex2_mention ID="CNN_IP_20030405.1600.00-3-T1-1">
    <extent>
      <charseq START="542" END="544">day</charseq>
    </extent>
  </timex2_mention>
</timex2>
<timex2 ID="CNN_IP_20030405.1600.00-3-T2">
  <timex2_mention ID="CNN_IP_20030405.1600.00-3-T2-1">
    <extent>
      <charseq START="549" END="551">day</charseq>
    </extent>
  </timex2_mention>
</timex2>
<timex2 ID="CNN_IP_20030405.1600.00-3-T3">
  <timex2_mention ID="CNN_IP_20030405.1600.00-3-T3-1">
    <extent>
      <charseq START="38" END="62">2003-04-05T16:00:00-05:00</charseq>
    </extent>
  </timex2_mention>
</timex2>
<timex2 ID="CNN_IP_20030405.1600.00-3-T4">
  <timex2_mention ID="CNN_IP_20030405.1600.00-3-T4-1">
    <extent>
      <charseq START="2189" END="2195">a night</charseq>
    </extent>
  </timex2_mention>
</timex2>
<timex2 ID="CNN_IP_20030405.1600.00-3-T5">
  <timex2_mention ID="CNN_IP_20030405.1600.00-3-T5-1">
    <extent>
      <charseq START="2494" END="2498">today</charseq>
    </extent>
  </timex2_mention>
</timex2>
<timex2 ID="CNN_IP_20030405.1600.00-3-T6">
  <timex2_mention ID="CNN_IP_20030405.1600.00-3-T6-1">
    <extent>
      <charseq START="1048" END="1056">nighttime</charseq>
    </extent>
  </timex2_mention>
</timex2>
<relation ID="CNN_IP_20030405.1600.00-3-R1" TYPE="PHYS" SUBTYPE="Located" TENSE="Present" MODALITY="Asserted">
  <relation_argument REFID="CNN_IP_20030405.1600.00-3-E42" ROLE="Arg-1"/>
  <relation_argument REFID="CNN_IP_20030405.1600.00-3-E3" ROLE="Arg-2"/>
  <relation_mention ID="CNN_IP_20030405.1600.00-3-R1-1" LEXICALCONDITION="Verbal">
    <extent>
      <charseq START="328" END="390">Soldiers are here to tear down the regime and
all it stands for</charseq>
    </extent>
    <relation_mention_argument REFID="CNN_IP_20030405.1600.00-3-E42-68" ROLE="Arg-1">
      <extent>
        <charseq START="328" END="335">Soldiers</charseq>
      </extent>
    </relation_mention_argument>
    <relation_mention_argument REFID="CNN_IP_20030405.1600.00-3-E3-1" ROLE="Arg-2">
      <extent>
        <charseq START="341" END="344">here</charseq>
      </extent>
    </relation_mention_argument>
  </relation_mention>
  <relation_mention ID="CNN_IP_20030405.1600.00-3-R1-2" LEXICALCONDITION="Verbal">
    <extent>
      <charseq START="393" END="493">By the time they leave Iraq, they're determined Saddam
and his Ba'ath Party will have bitten the dust</charseq>
    </extent>
    <relation_mention_argument REFID="CNN_IP_20030405.1600.00-3-E42-30" ROLE="Arg-1">
      <extent>
        <charseq START="405" END="408">they</charseq>
      </extent>
    </relation_mention_argument>
    <relation_mention_argument REFID="CNN_IP_20030405.1600.00-3-E3-71" ROLE="Arg-2">
      <extent>
        <charseq START="416" END="419">Iraq</charseq>
      </extent>
    </relation_mention_argument>
  </relation_mention>
</relation>
<relation ID="CNN_IP_20030405.1600.00-3-R2" TYPE="ORG-AFF" SUBTYPE="Membership" TENSE="Unspecified" MODALITY="Asserted">
  <relation_argument REFID="CNN_IP_20030405.1600.00-3-E39" ROLE="Arg-1"/>
  <relation_argument REFID="CNN_IP_20030405.1600.00-3-E9" ROLE="Arg-2"/>
  <relation_mention ID="CNN_IP_20030405.1600.00-3-R2-1" LEXICALCONDITION="Possessive">
    <extent>
      <charseq START="452" END="467">his Ba'ath Party</charseq>
    </extent>
    <relation_mention_argument REFID="CNN_IP_20030405.1600.00-3-E39-73" ROLE="Arg-1">
      <extent>
        <charseq START="452" END="454">his</charseq>
      </extent>
    </relation_mention_argument>
    <relation_mention_argument REFID="CNN_IP_20030405.1600.00-3-E9-74" ROLE="Arg-2">
      <extent>
        <charseq START="452" END="467">his Ba'ath Party</charseq>
      </extent>
    </relation_mention_argument>
  </relation_mention>
</relation>
<relation ID="CNN_IP_20030405.1600.00-3-R3" TYPE="GEN-AFF" SUBTYPE="Citizen-Resident-Religion-Ethnicity" TENSE="Unspecified" MODALITY="Asserted">
  <relation_argument REFID="CNN_IP_20030405.1600.00-3-E2" ROLE="Arg-1"/>
  <relation_argument REFID="CNN_IP_20030405.1600.00-3-E3" ROLE="Arg-2"/>
  <relation_mention ID="CNN_IP_20030405.1600.00-3-R3-1" LEXICALCONDITION="PreMod">
    <extent>
      <charseq START="629" END="644">Iraqi hardliners</charseq>
    </extent>
    <relation_mention_argument REFID="CNN_IP_20030405.1600.00-3-E2-3" ROLE="Arg-1">
      <extent>
        <charseq START="629" END="644">Iraqi hardliners</charseq>
      </extent>
    </relation_mention_argument>
    <relation_mention_argument REFID="CNN_IP_20030405.1600.00-3-E3-4" ROLE="Arg-2">
      <extent>
        <charseq START="629" END="633">Iraqi</charseq>
      </extent>
    </relation_mention_argument>
  </relation_mention>
</relation>
<relation ID="CNN_IP_20030405.1600.00-3-R4" TYPE="ART" SUBTYPE="User-Owner-Inventor-Manufacturer" TENSE="Unspecified" MODALITY="Asserted">
  <relation_argument REFID="CNN_IP_20030405.1600.00-3-E7" ROLE="Arg-1"/>
  <relation_argument REFID="CNN_IP_20030405.1600.00-3-E5" ROLE="Arg-2"/>
  <relation_mention ID="CNN_IP_20030405.1600.00-3-R4-1" LEXICALCONDITION="Preposition">
    <extent>
      <charseq START="701" END="747">the mortars and rockets of the
Fedayeen militia</charseq>
    </extent>
    <relation_mention_argument REFID="CNN_IP_20030405.1600.00-3-E7-8" ROLE="Arg-1">
      <extent>
        <charseq START="728" END="747">the
Fedayeen militia</charseq>
      </extent>
    </relation_mention_argument>
    <relation_mention_argument REFID="CNN_IP_20030405.1600.00-3-E5-6" ROLE="Arg-2">
      <extent>
        <charseq START="701" END="747">the mortars and rockets of the
Fedayeen militia</charseq>
      </extent>
    </relation_mention_argument>
  </relation_mention>
</relation>
<relation ID="CNN_IP_20030405.1600.00-3-R5" TYPE="ART" SUBTYPE="User-Owner-Inventor-Manufacturer" TENSE="Unspecified" MODALITY="Asserted">
  <relation_argument REFID="CNN_IP_20030405.1600.00-3-E11" ROLE="Arg-1"/>
  <relation_argument REFID="CNN_IP_20030405.1600.00-3-E10" ROLE="Arg-2"/>
  <relation_mention ID="CNN_IP_20030405.1600.00-3-R5-1" LEXICALCONDITION="Preposition">
    <extent>
      <charseq START="1066" END="1121">the homes of Ba'ath Party officials and
Fedayeen militia</charseq>
    </extent>
    <relation_mention_argument REFID="CNN_IP_20030405.1600.00-3-E11-19" ROLE="Arg-1">
      <extent>
        <charseq START="1079" END="1100">Ba'ath Party officials</charseq>
      </extent>
    </relation_mention_argument>
    <relation_mention_argument REFID="CNN_IP_20030405.1600.00-3-E10-18" ROLE="Arg-2">
      <extent>
        <charseq START="1066" END="1121">the homes of Ba'ath Party officials and
Fedayeen militia</charseq>
      </extent>
    </relation_mention_argument>
  </relation_mention>
</relation>
<relation ID="CNN_IP_20030405.1600.00-3-R6" TYPE="ART" SUBTYPE="User-Owner-Inventor-Manufacturer" TENSE="Unspecified" MODALITY="Asserted">
  <relation_argument REFID="CNN_IP_20030405.1600.00-3-E12" ROLE="Arg-1"/>
  <relation_argument REFID="CNN_IP_20030405.1600.00-3-E10" ROLE="Arg-2"/>
  <relation_mention ID="CNN_IP_20030405.1600.00-3-R6-1" LEXICALCONDITION="Preposition">
    <extent>
      <charseq START="1066" END="1121">the homes of Ba'ath Party officials and
Fedayeen militia</charseq>
    </extent>
    <relation_mention_argument REFID="CNN_IP_20030405.1600.00-3-E12-20" ROLE="Arg-1">
      <extent>
        <charseq START="1106" END="1121">Fedayeen militia</charseq>
      </extent>
    </relation_mention_argument>
    <relation_mention_argument REFID="CNN_IP_20030405.1600.00-3-E10-18" ROLE="Arg-2">
      <extent>
        <charseq START="1066" END="1121">the homes of Ba'ath Party officials and
Fedayeen militia</charseq>
      </extent>
    </relation_mention_argument>
  </relation_mention>
</relation>
<relation ID="CNN_IP_20030405.1600.00-3-R7" TYPE="ORG-AFF" SUBTYPE="Membership" TENSE="Unspecified" MODALITY="Asserted">
  <relation_argument REFID="CNN_IP_20030405.1600.00-3-E11" ROLE="Arg-1"/>
  <relation_argument REFID="CNN_IP_20030405.1600.00-3-E9" ROLE="Arg-2"/>
  <relation_mention ID="CNN_IP_20030405.1600.00-3-R7-1" LEXICALCONDITION="PreMod">
    <extent>
      <charseq START="1079" END="1100">Ba'ath Party officials</charseq>
    </extent>
    <relation_mention_argument REFID="CNN_IP_20030405.1600.00-3-E11-19" ROLE="Arg-1">
      <extent>
        <charseq START="1079" END="1100">Ba'ath Party officials</charseq>
      </extent>
    </relation_mention_argument>
    <relation_mention_argument REFID="CNN_IP_20030405.1600.00-3-E9-16" ROLE="Arg-2">
      <extent>
        <charseq START="1079" END="1090">Ba'ath Party</charseq>
      </extent>
    </relation_mention_argument>
  </relation_mention>
</relation>
<relation ID="CNN_IP_20030405.1600.00-3-R8" TYPE="PHYS" SUBTYPE="Located" TENSE="Unspecified" MODALITY="Asserted">
  <relation_argument REFID="CNN_IP_20030405.1600.00-3-E20" ROLE="Arg-1"/>
  <relation_argument REFID="CNN_IP_20030405.1600.00-3-E19" ROLE="Arg-2"/>
  <relation_mention ID="CNN_IP_20030405.1600.00-3-R8-1" LEXICALCONDITION="Other">
    <extent>
      <charseq START="1477" END="1551">In two
small communities, we witnessed more than 70 people being rounded up</charseq>
    </extent>
    <relation_mention_argument REFID="CNN_IP_20030405.1600.00-3-E20-33" ROLE="Arg-1">
      <extent>
        <charseq START="1516" END="1534">more than 70 people</charseq>
      </extent>
    </relation_mention_argument>
    <relation_mention_argument REFID="CNN_IP_20030405.1600.00-3-E19-31" ROLE="Arg-2">
      <extent>
        <charseq START="1480" END="1500">two
small communities</charseq>
      </extent>
    </relation_mention_argument>
  </relation_mention>
</relation>
<relation ID="CNN_IP_20030405.1600.00-3-R9" TYPE="PHYS" SUBTYPE="Located" TENSE="Unspecified" MODALITY="Asserted">
  <relation_argument REFID="CNN_IP_20030405.1600.00-3-E8" ROLE="Arg-1"/>
  <relation_argument REFID="CNN_IP_20030405.1600.00-3-E19" ROLE="Arg-2"/>
  <relation_mention ID="CNN_IP_20030405.1600.00-3-R9-1" LEXICALCONDITION="Other">
    <extent>
      <charseq START="1477" END="1551">In two
small communities, we witnessed more than 70 people being rounded up</charseq>
    </extent>
    <relation_mention_argument REFID="CNN_IP_20030405.1600.00-3-E8-32" ROLE="Arg-1">
      <extent>
        <charseq START="1503" END="1504">we</charseq>
      </extent>
    </relation_mention_argument>
    <relation_mention_argument REFID="CNN_IP_20030405.1600.00-3-E19-31" ROLE="Arg-2">
      <extent>
        <charseq START="1480" END="1500">two
small communities</charseq>
      </extent>
    </relation_mention_argument>
  </relation_mention>
</relation>
<relation ID="CNN_IP_20030405.1600.00-3-R10" TYPE="ART" SUBTYPE="User-Owner-Inventor-Manufacturer" TENSE="Unspecified" MODALITY="Asserted">
  <relation_argument REFID="CNN_IP_20030405.1600.00-3-E22" ROLE="Arg-1"/>
  <relation_argument REFID="CNN_IP_20030405.1600.00-3-E23" ROLE="Arg-2"/>
  <relation_mention ID="CNN_IP_20030405.1600.00-3-R10-1" LEXICALCONDITION="Possessive">
    <extent>
      <charseq START="1897" END="1908">their houses</charseq>
    </extent>
    <relation_mention_argument REFID="CNN_IP_20030405.1600.00-3-E22-46" ROLE="Arg-1">
      <extent>
        <charseq START="1897" END="1901">their</charseq>
      </extent>
    </relation_mention_argument>
    <relation_mention_argument REFID="CNN_IP_20030405.1600.00-3-E23-47" ROLE="Arg-2">
      <extent>
        <charseq START="1897" END="1908">their houses</charseq>
      </extent>
    </relation_mention_argument>
  </relation_mention>
</relation>
<relation ID="CNN_IP_20030405.1600.00-3-R11" TYPE="PHYS" SUBTYPE="Located" TENSE="Unspecified" MODALITY="Asserted">
  <relation_argument REFID="CNN_IP_20030405.1600.00-3-E31" ROLE="Arg-1"/>
  <relation_argument REFID="CNN_IP_20030405.1600.00-3-E29" ROLE="Arg-2"/>
  <relation_mention ID="CNN_IP_20030405.1600.00-3-R11-1" LEXICALCONDITION="Preposition">
    <extent>
      <charseq START="2236" END="2258">Juliet Bremner in Basra</charseq>
    </extent>
    <relation_mention_argument REFID="CNN_IP_20030405.1600.00-3-E31-53" ROLE="Arg-1">
      <extent>
        <charseq START="2236" END="2249">Juliet Bremner</charseq>
      </extent>
    </relation_mention_argument>
    <relation_mention_argument REFID="CNN_IP_20030405.1600.00-3-E29-64" ROLE="Arg-2">
      <extent>
        <charseq START="2254" END="2258">Basra</charseq>
      </extent>
    </relation_mention_argument>
  </relation_mention>
</relation>
<relation ID="CNN_IP_20030405.1600.00-3-R12" TYPE="PER-SOC" SUBTYPE="Business" TENSE="Unspecified" MODALITY="Asserted">
  <relation_argument REFID="CNN_IP_20030405.1600.00-3-E39" ROLE="Arg-1"/>
  <relation_argument REFID="CNN_IP_20030405.1600.00-3-E40" ROLE="Arg-2"/>
  <relation_mention ID="CNN_IP_20030405.1600.00-3-R12-1" LEXICALCONDITION="Possessive">
    <extent>
      <charseq START="214" END="225">his henchmen</charseq>
    </extent>
    <relation_mention_argument REFID="CNN_IP_20030405.1600.00-3-E39-67" ROLE="Arg-1">
      <extent>
        <charseq START="214" END="216">his</charseq>
      </extent>
    </relation_mention_argument>
    <relation_mention_argument REFID="CNN_IP_20030405.1600.00-3-E40-66" ROLE="Arg-2">
      <extent>
        <charseq START="214" END="225">his henchmen</charseq>
      </extent>
    </relation_mention_argument>
  </relation_mention>
</relation>
<relation ID="CNN_IP_20030405.1600.00-3-R13" TYPE="PHYS" SUBTYPE="Located" TENSE="Unspecified" MODALITY="Asserted">
  <relation_argument REFID="CNN_IP_20030405.1600.00-3-E33" ROLE="Arg-1"/>
  <relation_argument REFID="CNN_IP_20030405.1600.00-3-E34" ROLE="Arg-2"/>
  <relation_mention ID="CNN_IP_20030405.1600.00-3-R13-1" LEXICALCONDITION="Preposition">
    <extent>
      <charseq START="2335" END="2376">some other British troops in
southern Iraq</charseq>
    </extent>
    <relation_mention_argument REFID="CNN_IP_20030405.1600.00-3-E33-55" ROLE="Arg-1">
      <extent>
        <charseq START="2335" END="2376">some other British troops in
southern Iraq</charseq>
      </extent>
    </relation_mention_argument>
    <relation_mention_argument REFID="CNN_IP_20030405.1600.00-3-E34-56" ROLE="Arg-2">
      <extent>
        <charseq START="2364" END="2376">southern Iraq</charseq>
      </extent>
    </relation_mention_argument>
  </relation_mention>
</relation>
<relation ID="CNN_IP_20030405.1600.00-3-R14" TYPE="ORG-AFF" SUBTYPE="Employment" TENSE="Unspecified" MODALITY="Asserted">
  <relation_argument REFID="CNN_IP_20030405.1600.00-3-E33" ROLE="Arg-1"/>
  <relation_argument REFID="CNN_IP_20030405.1600.00-3-E27" ROLE="Arg-2"/>
  <relation_mention ID="CNN_IP_20030405.1600.00-3-R14-1" LEXICALCONDITION="PreMod">
    <extent>
      <charseq START="2335" END="2376">some other British troops in
southern Iraq</charseq>
    </extent>
    <relation_mention_argument REFID="CNN_IP_20030405.1600.00-3-E33-55" ROLE="Arg-1">
      <extent>
        <charseq START="2335" END="2376">some other British troops in
southern Iraq</charseq>
      </extent>
    </relation_mention_argument>
    <relation_mention_argument REFID="CNN_IP_20030405.1600.00-3-E27-54" ROLE="Arg-2">
      <extent>
        <charseq START="2346" END="2352">British</charseq>
      </extent>
    </relation_mention_argument>
  </relation_mention>
</relation>
<relation ID="CNN_IP_20030405.1600.00-3-R15" TYPE="PART-WHOLE" SUBTYPE="Subsidiary" TENSE="Unspecified" MODALITY="Asserted">
  <relation_argument REFID="CNN_IP_20030405.1600.00-3-E43" ROLE="Arg-1"/>
  <relation_argument REFID="CNN_IP_20030405.1600.00-3-E3" ROLE="Arg-2"/>
  <relation_mention ID="CNN_IP_20030405.1600.00-3-R15-1" LEXICALCONDITION="PreMod">
    <extent>
      <charseq START="2448" END="2463">the Iraqi regime</charseq>
    </extent>
    <relation_mention_argument REFID="CNN_IP_20030405.1600.00-3-E43-60" ROLE="Arg-1">
      <extent>
        <charseq START="2448" END="2463">the Iraqi regime</charseq>
      </extent>
    </relation_mention_argument>
    <relation_mention_argument REFID="CNN_IP_20030405.1600.00-3-E3-59" ROLE="Arg-2">
      <extent>
        <charseq START="2452" END="2456">Iraqi</charseq>
      </extent>
    </relation_mention_argument>
  </relation_mention>
</relation>
<relation ID="CNN_IP_20030405.1600.00-3-R17" TYPE="ORG-AFF" SUBTYPE="Membership" TENSE="Unspecified" MODALITY="Asserted">
  <relation_argument REFID="CNN_IP_20030405.1600.00-3-E25" ROLE="Arg-1"/>
  <relation_argument REFID="CNN_IP_20030405.1600.00-3-E12" ROLE="Arg-2"/>
  <relation_mention ID="CNN_IP_20030405.1600.00-3-R17-1" LEXICALCONDITION="PreMod">
    <extent>
      <charseq START="1106" END="1121">Fedayeen militia</charseq>
    </extent>
    <relation_mention_argument REFID="CNN_IP_20030405.1600.00-3-E25-49" ROLE="Arg-1">
      <extent>
        <charseq START="1106" END="1113">Fedayeen</charseq>
      </extent>
    </relation_mention_argument>
    <relation_mention_argument REFID="CNN_IP_20030405.1600.00-3-E12-20" ROLE="Arg-2">
      <extent>
        <charseq START="1106" END="1121">Fedayeen militia</charseq>
      </extent>
    </relation_mention_argument>
  </relation_mention>
</relation>
<relation ID="CNN_IP_20030405.1600.00-3-R18" TYPE="ORG-AFF" SUBTYPE="Membership" TENSE="Unspecified" MODALITY="Asserted">
  <relation_argument REFID="CNN_IP_20030405.1600.00-3-E25" ROLE="Arg-1"/>
  <relation_argument REFID="CNN_IP_20030405.1600.00-3-E7" ROLE="Arg-2"/>
  <relation_mention ID="CNN_IP_20030405.1600.00-3-R18-1" LEXICALCONDITION="PreMod">
    <extent>
      <charseq START="728" END="747">the
Fedayeen militia</charseq>
    </extent>
    <relation_mention_argument REFID="CNN_IP_20030405.1600.00-3-E25-45" ROLE="Arg-1">
      <extent>
        <charseq START="732" END="739">Fedayeen</charseq>
      </extent>
    </relation_mention_argument>
    <relation_mention_argument REFID="CNN_IP_20030405.1600.00-3-E7-8" ROLE="Arg-2">
      <extent>
        <charseq START="728" END="747">the
Fedayeen militia</charseq>
      </extent>
    </relation_mention_argument>
  </relation_mention>
</relation>
<event ID="CNN_IP_20030405.1600.00-3-EV1" TYPE="Movement" SUBTYPE="Transport" MODALITY="Asserted" POLARITY="Positive" GENERICITY="Specific" TENSE="Future">
  <event_argument REFID="CNN_IP_20030405.1600.00-3-E42" ROLE="Person"/>
  <event_argument REFID="CNN_IP_20030405.1600.00-3-E3" ROLE="Origin"/>
  <event_mention ID="CNN_IP_20030405.1600.00-3-EV1-1">
    <extent>
      <charseq START="405" END="419">they leave Iraq</charseq>
    </extent>
    <ldc_scope>
      <charseq START="393" END="493">By the time they leave Iraq, they're determined Saddam
and his Ba'ath Party will have bitten the dust</charseq>
    </ldc_scope>
    <anchor>
      <charseq START="410" END="414">leave</charseq>
    </anchor>
    <event_mention_argument REFID="CNN_IP_20030405.1600.00-3-E42-30" ROLE="Person">
      <extent>
        <charseq START="405" END="408">they</charseq>
      </extent>
    </event_mention_argument>
    <event_mention_argument REFID="CNN_IP_20030405.1600.00-3-E3-71" ROLE="Origin">
      <extent>
        <charseq START="416" END="419">Iraq</charseq>
      </extent>
    </event_mention_argument>
  </event_mention>
</event>
<event ID="CNN_IP_20030405.1600.00-3-EV2" TYPE="Conflict" SUBTYPE="Attack" MODALITY="Other" POLARITY="Positive" GENERICITY="Generic" TENSE="Unspecified">
  <event_argument REFID="CNN_IP_20030405.1600.00-3-E7" ROLE="Attacker"/>
  <event_argument REFID="CNN_IP_20030405.1600.00-3-E29" ROLE="Place"/>
  <event_argument REFID="CNN_IP_20030405.1600.00-3-E41" ROLE="Target"/>
  <event_argument REFID="CNN_IP_20030405.1600.00-3-E5" ROLE="Instrument"/>
  <event_argument REFID="CNN_IP_20030405.1600.00-3-E6" ROLE="Instrument"/>
  <event_mention ID="CNN_IP_20030405.1600.00-3-EV2-1">
    <extent>
      <charseq START="660" END="827">They're well within striking distance of the mortars and rockets of the
Fedayeen militia, but they're prepared to take that risk to try and
persuade the people of Basra</charseq>
    </extent>
    <ldc_scope>
      <charseq START="660" END="907">They're well within striking distance of the mortars and rockets of the
Fedayeen militia, but they're prepared to take that risk to try and
persuade the people of Basra that they won't desert them, that they'll
stick with this however messy it gets</charseq>
    </ldc_scope>
    <anchor>
      <charseq START="680" END="687">striking</charseq>
    </anchor>
    <event_mention_argument REFID="CNN_IP_20030405.1600.00-3-E7-8" ROLE="Attacker">
      <extent>
        <charseq START="728" END="747">the
Fedayeen militia</charseq>
      </extent>
    </event_mention_argument>
    <event_mention_argument REFID="CNN_IP_20030405.1600.00-3-E29-63" ROLE="Place">
      <extent>
        <charseq START="823" END="827">Basra</charseq>
      </extent>
    </event_mention_argument>
    <event_mention_argument REFID="CNN_IP_20030405.1600.00-3-E41-5" ROLE="Target">
      <extent>
        <charseq START="660" END="663">They</charseq>
      </extent>
    </event_mention_argument>
    <event_mention_argument REFID="CNN_IP_20030405.1600.00-3-E5-6" ROLE="Instrument">
      <extent>
        <charseq START="701" END="747">the mortars and rockets of the
Fedayeen militia</charseq>
      </extent>
    </event_mention_argument>
    <event_mention_argument REFID="CNN_IP_20030405.1600.00-3-E6-7" ROLE="Instrument">
      <extent>
        <charseq START="701" END="747">the mortars and rockets of the
Fedayeen militia</charseq>
      </extent>
    </event_mention_argument>
  </event_mention>
</event>
<event ID="CNN_IP_20030405.1600.00-3-EV3" TYPE="Conflict" SUBTYPE="Attack" MODALITY="Asserted" POLARITY="Positive" GENERICITY="Specific" TENSE="Past">
  <event_argument REFID="CNN_IP_20030405.1600.00-3-E10" ROLE="Place"/>
  <event_argument REFID="CNN_IP_20030405.1600.00-3-E11" ROLE="Target"/>
  <event_argument REFID="CNN_IP_20030405.1600.00-3-E12" ROLE="Target"/>
  <event_argument REFID="CNN_IP_20030405.1600.00-3-T6" ROLE="Time-Within"/>
  <event_mention ID="CNN_IP_20030405.1600.00-3-EV3-1">
    <extent>
      <charseq START="1048" END="1121">nighttime raid on the homes of Ba'ath Party officials and
Fedayeen militia</charseq>
    </extent>
    <ldc_scope>
      <charseq START="1035" END="1121">We watched a nighttime raid on the homes of Ba'ath Party officials and
Fedayeen militia</charseq>
    </ldc_scope>
    <anchor>
      <charseq START="1058" END="1061">raid</charseq>
    </anchor>
    <event_mention_argument REFID="CNN_IP_20030405.1600.00-3-E10-18" ROLE="Place">
      <extent>
        <charseq START="1066" END="1121">the homes of Ba'ath Party officials and
Fedayeen militia</charseq>
      </extent>
    </event_mention_argument>
    <event_mention_argument REFID="CNN_IP_20030405.1600.00-3-E11-19" ROLE="Target">
      <extent>
        <charseq START="1079" END="1100">Ba'ath Party officials</charseq>
      </extent>
    </event_mention_argument>
    <event_mention_argument REFID="CNN_IP_20030405.1600.00-3-E12-20" ROLE="Target">
      <extent>
        <charseq START="1106" END="1121">Fedayeen militia</charseq>
      </extent>
    </event_mention_argument>
    <event_mention_argument REFID="CNN_IP_20030405.1600.00-3-T6-1" ROLE="Time-Within">
      <extent>
        <charseq START="1048" END="1056">nighttime</charseq>
      </extent>
    </event_mention_argument>
  </event_mention>
</event>
<event ID="CNN_IP_20030405.1600.00-3-EV4" TYPE="Conflict" SUBTYPE="Attack" MODALITY="Asserted" POLARITY="Negative" GENERICITY="Specific" TENSE="Past">
  <event_mention ID="CNN_IP_20030405.1600.00-3-EV4-1">
    <extent>
      <charseq START="1799" END="1803">fired</charseq>
    </extent>
    <ldc_scope>
      <charseq START="1780" END="1803">There was no shots fired</charseq>
    </ldc_scope>
    <anchor>
      <charseq START="1799" END="1803">fired</charseq>
    </anchor>
  </event_mention>
</event>
<event ID="CNN_IP_20030405.1600.00-3-EV5" TYPE="Justice" SUBTYPE="Arrest-Jail" MODALITY="Asserted" POLARITY="Positive" GENERICITY="Specific" TENSE="Past">
  <event_argument REFID="CNN_IP_20030405.1600.00-3-E24" ROLE="Person"/>
  <event_argument REFID="CNN_IP_20030405.1600.00-3-E41" ROLE="Agent"/>
  <event_mention ID="CNN_IP_20030405.1600.00-3-EV5-1">
    <extent>
      <charseq START="1915" END="1980">we've only lifted those people we've got very
good intelligence on</charseq>
    </extent>
    <ldc_scope>
      <charseq START="1848" END="1980">We've been playing warnings to people to
stay in their houses, and we've only lifted those people we've got very
good intelligence on</charseq>
    </ldc_scope>
    <anchor>
      <charseq START="1926" END="1931">lifted</charseq>
    </anchor>
    <event_mention_argument REFID="CNN_IP_20030405.1600.00-3-E24-48" ROLE="Person">
      <extent>
        <charseq START="1933" END="1980">those people we've got very
good intelligence on</charseq>
      </extent>
    </event_mention_argument>
    <event_mention_argument REFID="CNN_IP_20030405.1600.00-3-E41-42" ROLE="Agent">
      <extent>
        <charseq START="1915" END="1916">we</charseq>
      </extent>
    </event_mention_argument>
  </event_mention>
</event>
<event ID="CNN_IP_20030405.1600.00-3-EV6" TYPE="Justice" SUBTYPE="Execute" MODALITY="Asserted" POLARITY="Positive" GENERICITY="Generic" TENSE="Past">
  <event_argument REFID="CNN_IP_20030405.1600.00-3-E43" ROLE="Agent"/>
  <event_argument REFID="CNN_IP_20030405.1600.00-3-E35" ROLE="Place"/>
  <event_mention ID="CNN_IP_20030405.1600.00-3-EV6-1">
    <extent>
      <charseq START="2400" END="2463">a makeshift morgue points to mass
executions by the Iraqi regime</charseq>
    </extent>
    <ldc_scope>
      <charseq START="2379" END="2463">Up next, evidence at a makeshift morgue points to mass
executions by the Iraqi regime</charseq>
    </ldc_scope>
    <anchor>
      <charseq START="2434" END="2443">executions</charseq>
    </anchor>
    <event_mention_argument REFID="CNN_IP_20030405.1600.00-3-E43-60" ROLE="Agent">
      <extent>
        <charseq START="2448" END="2463">the Iraqi regime</charseq>
      </extent>
    </event_mention_argument>
    <event_mention_argument REFID="CNN_IP_20030405.1600.00-3-E35-57" ROLE="Place">
      <extent>
        <charseq START="2400" END="2417">a makeshift morgue</charseq>
      </extent>
    </event_mention_argument>
  </event_mention>
</event>
<event ID="CNN_IP_20030405.1600.00-3-EV7" TYPE="Conflict" SUBTYPE="Attack" MODALITY="Asserted" POLARITY="Positive" GENERICITY="Generic" TENSE="Past">
  <event_argument REFID="CNN_IP_20030405.1600.00-3-E36" ROLE="Place"/>
  <event_argument REFID="CNN_IP_20030405.1600.00-3-T5" ROLE="Time-Within"/>
  <event_mention ID="CNN_IP_20030405.1600.00-3-EV7-1">
    <extent>
      <charseq START="2494" END="2520">today's
fighting in Baghdad</charseq>
    </extent>
    <ldc_scope>
      <charseq START="2466" END="2520">But first, more scenes from today's
fighting in Baghdad</charseq>
    </ldc_scope>
    <anchor>
      <charseq START="2502" END="2509">fighting</charseq>
    </anchor>
    <event_mention_argument REFID="CNN_IP_20030405.1600.00-3-E36-58" ROLE="Place">
      <extent>
        <charseq START="2514" END="2520">Baghdad</charseq>
      </extent>
    </event_mention_argument>
    <event_mention_argument REFID="CNN_IP_20030405.1600.00-3-T5-1" ROLE="Time-Within">
      <extent>
        <charseq START="2494" END="2498">today</charseq>
      </extent>
    </event_mention_argument>
  </event_mention>
</event>
<event ID="CNN_IP_20030405.1600.00-3-EV8" TYPE="Business" SUBTYPE="End-Org" MODALITY="Other" POLARITY="Positive" GENERICITY="Specific" TENSE="Future">
  <event_argument REFID="CNN_IP_20030405.1600.00-3-E3" ROLE="Place"/>
  <event_argument REFID="CNN_IP_20030405.1600.00-3-E9" ROLE="Org"/>
  <event_mention ID="CNN_IP_20030405.1600.00-3-EV8-1">
    <extent>
      <charseq START="416" END="493">Iraq, they're determined Saddam
and his Ba'ath Party will have bitten the dust</charseq>
    </extent>
    <ldc_scope>
      <charseq START="393" END="493">By the time they leave Iraq, they're determined Saddam
and his Ba'ath Party will have bitten the dust</charseq>
    </ldc_scope>
    <anchor>
      <charseq START="479" END="493">bitten the dust</charseq>
    </anchor>
    <event_mention_argument REFID="CNN_IP_20030405.1600.00-3-E3-71" ROLE="Place">
      <extent>
        <charseq START="416" END="419">Iraq</charseq>
      </extent>
    </event_mention_argument>
    <event_mention_argument REFID="CNN_IP_20030405.1600.00-3-E9-74" ROLE="Org">
      <extent>
        <charseq START="452" END="467">his Ba'ath Party</charseq>
      </extent>
    </event_mention_argument>
  </event_mention>
</event>
<event ID="CNN_IP_20030405.1600.00-3-EV9" TYPE="Movement" SUBTYPE="Transport" MODALITY="Other" POLARITY="Negative" GENERICITY="Generic" TENSE="Unspecified">
  <event_argument REFID="CNN_IP_20030405.1600.00-3-E41" ROLE="Person"/>
  <event_argument REFID="CNN_IP_20030405.1600.00-3-E29" ROLE="Origin"/>
  <event_mention ID="CNN_IP_20030405.1600.00-3-EV9-1">
    <extent>
      <charseq START="660" END="850">They're well within striking distance of the mortars and rockets of the
Fedayeen militia, but they're prepared to take that risk to try and
persuade the people of Basra that they won't desert</charseq>
    </extent>
    <ldc_scope>
      <charseq START="660" END="907">They're well within striking distance of the mortars and rockets of the
Fedayeen militia, but they're prepared to take that risk to try and
persuade the people of Basra that they won't desert them, that they'll
stick with this however messy it gets</charseq>
    </ldc_scope>
    <anchor>
      <charseq START="845" END="850">desert</charseq>
    </anchor>
    <event_mention_argument REFID="CNN_IP_20030405.1600.00-3-E41-5" ROLE="Person">
      <extent>
        <charseq START="660" END="663">They</charseq>
      </extent>
    </event_mention_argument>
    <event_mention_argument REFID="CNN_IP_20030405.1600.00-3-E29-63" ROLE="Origin">
      <extent>
        <charseq START="823" END="827">Basra</charseq>
      </extent>
    </event_mention_argument>
  </event_mention>
</event>
</document>
</source_file>
