<?xml version="1.0"?>
<!DOCTYPE source_file SYSTEM "apf.v5.1.1.dtd">
<source_file URI="CNN_LE_20030504.1200.02-1.sgm" SOURCE="broadcast conversation" TYPE="text" AUTHOR="LDC" ENCODING="UTF-8">
<document DOCID="CNN_LE_20030504.1200.02-1">
<entity ID="CNN_LE_20030504.1200.02-1-E1" TYPE="PER" SUBTYPE="Individual" CLASS="SPC">
  <entity_mention ID="CNN_LE_20030504.1200.02-1-E1-2" TYPE="NOM" LDCTYPE="NOMPRE" LDCATR="TRUE">
    <extent>
      <charseq START="517" END="534">Republican Senator</charseq>
    </extent>
    <head>
      <charseq START="528" END="534">Senator</charseq>
    </head>
  </entity_mention>
  <entity_mention ID="CNN_LE_20030504.1200.02-1-E1-10" TYPE="NAM" LDCTYPE="NAM" LDCATR="FALSE">
    <extent>
      <charseq START="667" END="678">Mr. Chairman</charseq>
    </extent>
    <head>
      <charseq START="671" END="678">Chairman</charseq>
    </head>
  </entity_mention>
  <entity_mention ID="CNN_LE_20030504.1200.02-1-E1-11" TYPE="NOM" LDCTYPE="NOMPRE" LDCATR="TRUE">
    <extent>
      <charseq START="667" END="668">Mr</charseq>
    </extent>
    <head>
      <charseq START="667" END="668">Mr</charseq>
    </head>
  </entity_mention>
  <entity_mention ID="CNN_LE_20030504.1200.02-1-E1-12" TYPE="PRO" LDCTYPE="PRO" LDCATR="FALSE">
    <extent>
      <charseq START="699" END="701">you</charseq>
    </extent>
    <head>
      <charseq START="699" END="701">you</charseq>
    </head>
  </entity_mention>
  <entity_mention ID="CNN_LE_20030504.1200.02-1-E1-14" TYPE="PRO" LDCTYPE="PRO" LDCATR="FALSE">
    <extent>
      <charseq START="708" END="710">you</charseq>
    </extent>
    <head>
      <charseq START="708" END="710">you</charseq>
    </head>
  </entity_mention>
  <entity_mention ID="CNN_LE_20030504.1200.02-1-E1-20" TYPE="PRO" LDCTYPE="PRO" LDCATR="FALSE">
    <extent>
      <charseq START="886" END="886">I</charseq>
    </extent>
    <head>
      <charseq START="886" END="886">I</charseq>
    </head>
  </entity_mention>
  <entity_mention ID="CNN_LE_20030504.1200.02-1-E1-36" TYPE="PRO" LDCTYPE="PRO" LDCATR="FALSE">
    <extent>
      <charseq START="1358" END="1358">I</charseq>
    </extent>
    <head>
      <charseq START="1358" END="1358">I</charseq>
    </head>
  </entity_mention>
  <entity_mention ID="CNN_LE_20030504.1200.02-1-E1-70" TYPE="NAM" LDCTYPE="NAM" LDCATR="FALSE">
    <extent>
      <charseq START="2300" END="2312">Senator Lugar</charseq>
    </extent>
    <head>
      <charseq START="2308" END="2312">Lugar</charseq>
    </head>
  </entity_mention>
  <entity_mention ID="CNN_LE_20030504.1200.02-1-E1-71" TYPE="NOM" LDCTYPE="NOMPRE" LDCATR="TRUE">
    <extent>
      <charseq START="2300" END="2306">Senator</charseq>
    </extent>
    <head>
      <charseq START="2300" END="2306">Senator</charseq>
    </head>
  </entity_mention>
  <entity_mention ID="CNN_LE_20030504.1200.02-1-E1-87" TYPE="NAM" LDCTYPE="NAM" LDCATR="FALSE">
    <extent>
      <charseq START="2757" END="2768">Mr. Chairman</charseq>
    </extent>
    <head>
      <charseq START="2761" END="2768">Chairman</charseq>
    </head>
  </entity_mention>
  <entity_mention ID="CNN_LE_20030504.1200.02-1-E1-88" TYPE="NOM" LDCTYPE="NOMPRE" LDCATR="TRUE">
    <extent>
      <charseq START="2757" END="2758">Mr</charseq>
    </extent>
    <head>
      <charseq START="2757" END="2758">Mr</charseq>
    </head>
  </entity_mention>
  <entity_mention ID="CNN_LE_20030504.1200.02-1-E1-129" TYPE="PRO" LDCTYPE="PRO" LDCATR="FALSE">
    <extent>
      <charseq START="4124" END="4126">you</charseq>
    </extent>
    <head>
      <charseq START="4124" END="4126">you</charseq>
    </head>
  </entity_mention>
  <entity_mention ID="CNN_LE_20030504.1200.02-1-E1-130" TYPE="NAM" LDCTYPE="NAM" LDCATR="FALSE">
    <extent>
      <charseq START="4156" END="4167">Mr. Chairman</charseq>
    </extent>
    <head>
      <charseq START="4160" END="4167">Chairman</charseq>
    </head>
  </entity_mention>
  <entity_mention ID="CNN_LE_20030504.1200.02-1-E1-131" TYPE="NOM" LDCTYPE="NOMPRE" LDCATR="TRUE">
    <extent>
      <charseq START="4156" END="4157">Mr</charseq>
    </extent>
    <head>
      <charseq START="4156" END="4157">Mr</charseq>
    </head>
  </entity_mention>
  <entity_mention ID="CNN_LE_20030504.1200.02-1-E1-132" TYPE="PRO" LDCTYPE="PRO" LDCATR="FALSE">
    <extent>
      <charseq START="4185" END="4185">I</charseq>
    </extent>
    <head>
      <charseq START="4185" END="4185">I</charseq>
    </head>
  </entity_mention>
  <entity_mention ID="CNN_LE_20030504.1200.02-1-E1-148" TYPE="PRO" LDCTYPE="PRO" LDCATR="FALSE">
    <extent>
      <charseq START="464" END="466">his</charseq>
    </extent>
    <head>
      <charseq START="464" END="466">his</charseq>
    </head>
  </entity_mention>
  <entity_mention ID="CNN_LE_20030504.1200.02-1-E1-152" TYPE="NOM" LDCTYPE="NOM" LDCATR="FALSE">
    <extent>
      <charseq START="491" END="514">the committee's chairman</charseq>
    </extent>
    <head>
      <charseq START="507" END="514">chairman</charseq>
    </head>
  </entity_mention>
  <entity_mention ID="CNN_LE_20030504.1200.02-1-E1-153" TYPE="NAM" LDCTYPE="NAM" LDCATR="TRUE">
    <extent>
      <charseq START="517" END="548">Republican Senator Richard Lugar</charseq>
    </extent>
    <head>
      <charseq START="536" END="548">Richard Lugar</charseq>
    </head>
  </entity_mention>
  <entity_attributes>
    <name NAME="Chairman">
      <charseq START="671" END="678">Chairman</charseq>
    </name>
    <name NAME="Lugar">
      <charseq START="2308" END="2312">Lugar</charseq>
    </name>
    <name NAME="Chairman">
      <charseq START="2761" END="2768">Chairman</charseq>
    </name>
    <name NAME="Chairman">
      <charseq START="4160" END="4167">Chairman</charseq>
    </name>
    <name NAME="Richard Lugar">
      <charseq START="536" END="548">Richard Lugar</charseq>
    </name>
  </entity_attributes>
</entity>
<entity ID="CNN_LE_20030504.1200.02-1-E3" TYPE="ORG" SUBTYPE="Non-Governmental" CLASS="SPC">
  <entity_mention ID="CNN_LE_20030504.1200.02-1-E3-3" TYPE="NAM" LDCTYPE="NAMPRE">
    <extent>
      <charseq START="517" END="526">Republican</charseq>
    </extent>
    <head>
      <charseq START="517" END="526">Republican</charseq>
    </head>
  </entity_mention>
  <entity_attributes>
    <name NAME="Republican">
      <charseq START="517" END="526">Republican</charseq>
    </name>
  </entity_attributes>
</entity>
<entity ID="CNN_LE_20030504.1200.02-1-E4" TYPE="PER" SUBTYPE="Individual" CLASS="SPC">
  <entity_mention ID="CNN_LE_20030504.1200.02-1-E4-5" TYPE="NAM" LDCTYPE="NAM" LDCATR="FALSE">
    <extent>
      <charseq START="575" END="624">Democratic Senator Christopher Dodd of Connecticut</charseq>
    </extent>
    <head>
      <charseq START="594" END="609">Christopher Dodd</charseq>
    </head>
  </entity_mention>
  <entity_mention ID="CNN_LE_20030504.1200.02-1-E4-6" TYPE="NOM" LDCTYPE="NOMPRE" LDCATR="FALSE">
    <extent>
      <charseq START="575" END="592">Democratic Senator</charseq>
    </extent>
    <head>
      <charseq START="586" END="592">Senator</charseq>
    </head>
  </entity_mention>
  <entity_mention ID="CNN_LE_20030504.1200.02-1-E4-45" TYPE="PRO" LDCTYPE="PRO" LDCATR="FALSE">
    <extent>
      <charseq START="1570" END="1572">you</charseq>
    </extent>
    <head>
      <charseq START="1570" END="1572">you</charseq>
    </head>
  </entity_mention>
  <entity_mention ID="CNN_LE_20030504.1200.02-1-E4-46" TYPE="NAM" LDCTYPE="NAM" LDCATR="FALSE">
    <extent>
      <charseq START="1575" END="1586">Senator Dodd</charseq>
    </extent>
    <head>
      <charseq START="1583" END="1586">Dodd</charseq>
    </head>
  </entity_mention>
  <entity_mention ID="CNN_LE_20030504.1200.02-1-E4-47" TYPE="NOM" LDCTYPE="NOMPRE" LDCATR="FALSE">
    <extent>
      <charseq START="1575" END="1581">Senator</charseq>
    </extent>
    <head>
      <charseq START="1575" END="1581">Senator</charseq>
    </head>
  </entity_mention>
  <entity_mention ID="CNN_LE_20030504.1200.02-1-E4-48" TYPE="PRO" LDCTYPE="PRO" LDCATR="FALSE">
    <extent>
      <charseq START="1592" END="1594">you</charseq>
    </extent>
    <head>
      <charseq START="1592" END="1594">you</charseq>
    </head>
  </entity_mention>
  <entity_mention ID="CNN_LE_20030504.1200.02-1-E4-51" TYPE="PRO" LDCTYPE="PRO" LDCATR="FALSE">
    <extent>
      <charseq START="1704" END="1704">I</charseq>
    </extent>
    <head>
      <charseq START="1704" END="1704">I</charseq>
    </head>
  </entity_mention>
  <entity_mention ID="CNN_LE_20030504.1200.02-1-E4-62" TYPE="PRO" LDCTYPE="PRO" LDCATR="FALSE">
    <extent>
      <charseq START="2033" END="2034">me</charseq>
    </extent>
    <head>
      <charseq START="2033" END="2034">me</charseq>
    </head>
  </entity_mention>
  <entity_mention ID="CNN_LE_20030504.1200.02-1-E4-63" TYPE="PRO" LDCTYPE="PRO" LDCATR="FALSE">
    <extent>
      <charseq START="2054" END="2054">I</charseq>
    </extent>
    <head>
      <charseq START="2054" END="2054">I</charseq>
    </head>
  </entity_mention>
  <entity_mention ID="CNN_LE_20030504.1200.02-1-E4-69" TYPE="PRO" LDCTYPE="PRO" LDCATR="FALSE">
    <extent>
      <charseq START="2277" END="2277">I</charseq>
    </extent>
    <head>
      <charseq START="2277" END="2277">I</charseq>
    </head>
  </entity_mention>
  <entity_mention ID="CNN_LE_20030504.1200.02-1-E4-74" TYPE="PRO" LDCTYPE="PRO" LDCATR="FALSE">
    <extent>
      <charseq START="2447" END="2447">I</charseq>
    </extent>
    <head>
      <charseq START="2447" END="2447">I</charseq>
    </head>
  </entity_mention>
  <entity_mention ID="CNN_LE_20030504.1200.02-1-E4-104" TYPE="NAM" LDCTYPE="NAM" LDCATR="FALSE">
    <extent>
      <charseq START="3346" END="3357">Senator Dodd</charseq>
    </extent>
    <head>
      <charseq START="3354" END="3357">Dodd</charseq>
    </head>
  </entity_mention>
  <entity_mention ID="CNN_LE_20030504.1200.02-1-E4-105" TYPE="NOM" LDCTYPE="NOMPRE" LDCATR="FALSE">
    <extent>
      <charseq START="3346" END="3352">Senator</charseq>
    </extent>
    <head>
      <charseq START="3346" END="3352">Senator</charseq>
    </head>
  </entity_mention>
  <entity_mention ID="CNN_LE_20030504.1200.02-1-E4-108" TYPE="PRO" LDCTYPE="PRO" LDCATR="FALSE">
    <extent>
      <charseq START="3483" END="3483">I</charseq>
    </extent>
    <head>
      <charseq START="3483" END="3483">I</charseq>
    </head>
  </entity_mention>
  <entity_mention ID="CNN_LE_20030504.1200.02-1-E4-110" TYPE="PRO" LDCTYPE="PRO" LDCATR="FALSE">
    <extent>
      <charseq START="3570" END="3570">I</charseq>
    </extent>
    <head>
      <charseq START="3570" END="3570">I</charseq>
    </head>
  </entity_mention>
  <entity_mention ID="CNN_LE_20030504.1200.02-1-E4-125" TYPE="PRO" LDCTYPE="PRO" LDCATR="FALSE">
    <extent>
      <charseq START="3972" END="3972">I</charseq>
    </extent>
    <head>
      <charseq START="3972" END="3972">I</charseq>
    </head>
  </entity_mention>
  <entity_mention ID="CNN_LE_20030504.1200.02-1-E4-133" TYPE="NAM" LDCTYPE="NAM" LDCATR="FALSE">
    <extent>
      <charseq START="4198" END="4209">Senator Dodd</charseq>
    </extent>
    <head>
      <charseq START="4206" END="4209">Dodd</charseq>
    </head>
  </entity_mention>
  <entity_mention ID="CNN_LE_20030504.1200.02-1-E4-134" TYPE="NOM" LDCTYPE="NOMPRE" LDCATR="TRUE">
    <extent>
      <charseq START="4198" END="4204">Senator</charseq>
    </extent>
    <head>
      <charseq START="4198" END="4204">Senator</charseq>
    </head>
  </entity_mention>
  <entity_attributes>
    <name NAME="Christopher Dodd">
      <charseq START="594" END="609">Christopher Dodd</charseq>
    </name>
    <name NAME="Dodd">
      <charseq START="1583" END="1586">Dodd</charseq>
    </name>
    <name NAME="Dodd">
      <charseq START="3354" END="3357">Dodd</charseq>
    </name>
    <name NAME="Dodd">
      <charseq START="4206" END="4209">Dodd</charseq>
    </name>
  </entity_attributes>
</entity>
<entity ID="CNN_LE_20030504.1200.02-1-E6" TYPE="ORG" SUBTYPE="Non-Governmental" CLASS="SPC">
  <entity_mention ID="CNN_LE_20030504.1200.02-1-E6-7" TYPE="NAM" LDCTYPE="NAMPRE">
    <extent>
      <charseq START="575" END="584">Democratic</charseq>
    </extent>
    <head>
      <charseq START="575" END="584">Democratic</charseq>
    </head>
  </entity_mention>
  <entity_attributes>
    <name NAME="Democratic">
      <charseq START="575" END="584">Democratic</charseq>
    </name>
  </entity_attributes>
</entity>
<entity ID="CNN_LE_20030504.1200.02-1-E7" TYPE="GPE" SUBTYPE="State-or-Province" CLASS="SPC">
  <entity_mention ID="CNN_LE_20030504.1200.02-1-E7-8" TYPE="NAM" LDCTYPE="NAM" ROLE="LOC">
    <extent>
      <charseq START="614" END="624">Connecticut</charseq>
    </extent>
    <head>
      <charseq START="614" END="624">Connecticut</charseq>
    </head>
  </entity_mention>
  <entity_attributes>
    <name NAME="Connecticut">
      <charseq START="614" END="624">Connecticut</charseq>
    </name>
  </entity_attributes>
</entity>
<entity ID="CNN_LE_20030504.1200.02-1-E9" TYPE="PER" SUBTYPE="Individual" CLASS="SPC">
  <entity_mention ID="CNN_LE_20030504.1200.02-1-E9-13" TYPE="PRO" LDCTYPE="PRO">
    <extent>
      <charseq START="685" END="686">me</charseq>
    </extent>
    <head>
      <charseq START="685" END="686">me</charseq>
    </head>
  </entity_mention>
</entity>
<entity ID="CNN_LE_20030504.1200.02-1-E10" TYPE="PER" SUBTYPE="Group" CLASS="SPC">
  <entity_mention ID="CNN_LE_20030504.1200.02-1-E10-15" TYPE="PRO" LDCTYPE="PRO">
    <extent>
      <charseq START="718" END="843">those who are beginning to conclude that, when all the
dust settles, the U.S. may not find weapons of mass destruction in Iraq</charseq>
    </extent>
    <head>
      <charseq START="718" END="722">those</charseq>
    </head>
  </entity_mention>
  <entity_mention ID="CNN_LE_20030504.1200.02-1-E10-16" TYPE="PRO" LDCTYPE="WHQ">
    <extent>
      <charseq START="724" END="726">who</charseq>
    </extent>
    <head>
      <charseq START="724" END="726">who</charseq>
    </head>
  </entity_mention>
</entity>
<entity ID="CNN_LE_20030504.1200.02-1-E11" TYPE="WEA" SUBTYPE="Underspecified" CLASS="USP">
  <entity_mention ID="CNN_LE_20030504.1200.02-1-E11-18" TYPE="NOM" LDCTYPE="BAR">
    <extent>
      <charseq START="809" END="835">weapons of mass destruction</charseq>
    </extent>
    <head>
      <charseq START="809" END="815">weapons</charseq>
    </head>
  </entity_mention>
  <entity_mention ID="CNN_LE_20030504.1200.02-1-E11-26" TYPE="NOM" LDCTYPE="BAR">
    <extent>
      <charseq START="958" END="984">weapons of mass destruction</charseq>
    </extent>
    <head>
      <charseq START="958" END="964">weapons</charseq>
    </head>
  </entity_mention>
  <entity_mention ID="CNN_LE_20030504.1200.02-1-E11-29" TYPE="PRO" LDCTYPE="PRO">
    <extent>
      <charseq START="1034" END="1037">them</charseq>
    </extent>
    <head>
      <charseq START="1034" END="1037">them</charseq>
    </head>
  </entity_mention>
  <entity_mention ID="CNN_LE_20030504.1200.02-1-E11-32" TYPE="PRO" LDCTYPE="PRO">
    <extent>
      <charseq START="1090" END="1093">they</charseq>
    </extent>
    <head>
      <charseq START="1090" END="1093">they</charseq>
    </head>
  </entity_mention>
  <entity_mention ID="CNN_LE_20030504.1200.02-1-E11-34" TYPE="PRO" LDCTYPE="PRO">
    <extent>
      <charseq START="1122" END="1125">them</charseq>
    </extent>
    <head>
      <charseq START="1122" END="1125">them</charseq>
    </head>
  </entity_mention>
  <entity_mention ID="CNN_LE_20030504.1200.02-1-E11-50" TYPE="NOM" LDCTYPE="BAR">
    <extent>
      <charseq START="1632" END="1658">weapons of mass destruction</charseq>
    </extent>
    <head>
      <charseq START="1632" END="1638">weapons</charseq>
    </head>
  </entity_mention>
  <entity_mention ID="CNN_LE_20030504.1200.02-1-E11-53" TYPE="PRO" LDCTYPE="PRO">
    <extent>
      <charseq START="1770" END="1773">them</charseq>
    </extent>
    <head>
      <charseq START="1770" END="1773">them</charseq>
    </head>
  </entity_mention>
  <entity_mention ID="CNN_LE_20030504.1200.02-1-E11-58" TYPE="PRO" LDCTYPE="PRO">
    <extent>
      <charseq START="1902" END="1905">them</charseq>
    </extent>
    <head>
      <charseq START="1902" END="1905">them</charseq>
    </head>
  </entity_mention>
  <entity_mention ID="CNN_LE_20030504.1200.02-1-E11-60" TYPE="PRO" LDCTYPE="PRO">
    <extent>
      <charseq START="1948" END="1951">they</charseq>
    </extent>
    <head>
      <charseq START="1948" END="1951">they</charseq>
    </head>
  </entity_mention>
  <entity_mention ID="CNN_LE_20030504.1200.02-1-E11-64" TYPE="NOM" LDCTYPE="NOM">
    <extent>
      <charseq START="2146" END="2176">the weapons of mass destruction</charseq>
    </extent>
    <head>
      <charseq START="2150" END="2156">weapons</charseq>
    </head>
  </entity_mention>
  <entity_mention ID="CNN_LE_20030504.1200.02-1-E11-65" TYPE="PRO" LDCTYPE="PRO">
    <extent>
      <charseq START="2207" END="2210">they</charseq>
    </extent>
    <head>
      <charseq START="2207" END="2210">they</charseq>
    </head>
  </entity_mention>
  <entity_mention ID="CNN_LE_20030504.1200.02-1-E11-68" TYPE="PRO" LDCTYPE="PRO">
    <extent>
      <charseq START="2257" END="2258">it</charseq>
    </extent>
    <head>
      <charseq START="2257" END="2258">it</charseq>
    </head>
  </entity_mention>
  <entity_mention ID="CNN_LE_20030504.1200.02-1-E11-73" TYPE="PRO" LDCTYPE="PRO">
    <extent>
      <charseq START="2425" END="2428">them</charseq>
    </extent>
    <head>
      <charseq START="2425" END="2428">them</charseq>
    </head>
  </entity_mention>
  <entity_mention ID="CNN_LE_20030504.1200.02-1-E11-97" TYPE="NOM" LDCTYPE="BAR">
    <extent>
      <charseq START="3010" END="3036">weapons of mass destruction</charseq>
    </extent>
    <head>
      <charseq START="3010" END="3016">weapons</charseq>
    </head>
  </entity_mention>
  <entity_mention ID="CNN_LE_20030504.1200.02-1-E11-98" TYPE="PRO" LDCTYPE="PRO">
    <extent>
      <charseq START="3075" END="3078">them</charseq>
    </extent>
    <head>
      <charseq START="3075" END="3078">them</charseq>
    </head>
  </entity_mention>
</entity>
<entity ID="CNN_LE_20030504.1200.02-1-E12" TYPE="PER" SUBTYPE="Individual" CLASS="SPC">
  <entity_mention ID="CNN_LE_20030504.1200.02-1-E12-21" TYPE="NAM" LDCTYPE="NAM" LDCATR="FALSE">
    <extent>
      <charseq START="900" END="915">Secretary Powell</charseq>
    </extent>
    <head>
      <charseq START="910" END="915">Powell</charseq>
    </head>
  </entity_mention>
  <entity_mention ID="CNN_LE_20030504.1200.02-1-E12-22" TYPE="NOM" LDCTYPE="NOMPRE" LDCATR="TRUE">
    <extent>
      <charseq START="900" END="908">Secretary</charseq>
    </extent>
    <head>
      <charseq START="900" END="908">Secretary</charseq>
    </head>
  </entity_mention>
  <entity_attributes>
    <name NAME="Powell">
      <charseq START="910" END="915">Powell</charseq>
    </name>
  </entity_attributes>
</entity>
<entity ID="CNN_LE_20030504.1200.02-1-E14" TYPE="PER" SUBTYPE="Individual" CLASS="SPC">
  <entity_mention ID="CNN_LE_20030504.1200.02-1-E14-23" TYPE="NAM" LDCTYPE="NAM" LDCATR="FALSE">
    <extent>
      <charseq START="918" END="935">Secretary Rumsfeld</charseq>
    </extent>
    <head>
      <charseq START="928" END="935">Rumsfeld</charseq>
    </head>
  </entity_mention>
  <entity_mention ID="CNN_LE_20030504.1200.02-1-E14-24" TYPE="NOM" LDCTYPE="NOMPRE" LDCATR="TRUE">
    <extent>
      <charseq START="918" END="926">Secretary</charseq>
    </extent>
    <head>
      <charseq START="918" END="926">Secretary</charseq>
    </head>
  </entity_mention>
  <entity_attributes>
    <name NAME="Rumsfeld">
      <charseq START="928" END="935">Rumsfeld</charseq>
    </name>
  </entity_attributes>
</entity>
<entity ID="CNN_LE_20030504.1200.02-1-E16" TYPE="PER" SUBTYPE="Group" CLASS="SPC">
  <entity_mention ID="CNN_LE_20030504.1200.02-1-E16-30" TYPE="NOM" LDCTYPE="BAR">
    <extent>
      <charseq START="1042" END="1097">people knowledgeable in the country as to where they are</charseq>
    </extent>
    <head>
      <charseq START="1042" END="1047">people</charseq>
    </head>
  </entity_mention>
  <entity_mention ID="CNN_LE_20030504.1200.02-1-E16-38" TYPE="NOM" LDCTYPE="NOM">
    <extent>
      <charseq START="1394" END="1429">these people who are in the business</charseq>
    </extent>
    <head>
      <charseq START="1400" END="1405">people</charseq>
    </head>
  </entity_mention>
  <entity_mention ID="CNN_LE_20030504.1200.02-1-E16-39" TYPE="PRO" LDCTYPE="WHQ">
    <extent>
      <charseq START="1407" END="1409">who</charseq>
    </extent>
    <head>
      <charseq START="1407" END="1409">who</charseq>
    </head>
  </entity_mention>
  <entity_mention ID="CNN_LE_20030504.1200.02-1-E16-40" TYPE="PRO" LDCTYPE="PRO">
    <extent>
      <charseq START="1444" END="1447">they</charseq>
    </extent>
    <head>
      <charseq START="1444" END="1447">they</charseq>
    </head>
  </entity_mention>
  <entity_mention ID="CNN_LE_20030504.1200.02-1-E16-100" TYPE="NOM" LDCTYPE="NOM">
    <extent>
      <charseq START="3236" END="3254">the people involved</charseq>
    </extent>
    <head>
      <charseq START="3240" END="3245">people</charseq>
    </head>
  </entity_mention>
  <entity_mention ID="CNN_LE_20030504.1200.02-1-E16-101" TYPE="PRO" LDCTYPE="PRO">
    <extent>
      <charseq START="3265" END="3268">they</charseq>
    </extent>
    <head>
      <charseq START="3265" END="3268">they</charseq>
    </head>
  </entity_mention>
</entity>
<entity ID="CNN_LE_20030504.1200.02-1-E17" TYPE="PER" SUBTYPE="Indeterminate" CLASS="GEN">
  <entity_mention ID="CNN_LE_20030504.1200.02-1-E17-35" TYPE="PRO" LDCTYPE="PRO">
    <extent>
      <charseq START="1305" END="1307">you</charseq>
    </extent>
    <head>
      <charseq START="1305" END="1307">you</charseq>
    </head>
  </entity_mention>
</entity>
<entity ID="CNN_LE_20030504.1200.02-1-E18" TYPE="PER" SUBTYPE="Individual" CLASS="SPC">
  <entity_mention ID="CNN_LE_20030504.1200.02-1-E18-1" TYPE="NAM" LDCTYPE="NAM" LDCATR="FALSE">
    <extent>
      <charseq START="198" END="211">President Bush</charseq>
    </extent>
    <head>
      <charseq START="208" END="211">Bush</charseq>
    </head>
  </entity_mention>
  <entity_mention ID="CNN_LE_20030504.1200.02-1-E18-25" TYPE="NOM" LDCTYPE="NOM" LDCATR="FALSE">
    <extent>
      <charseq START="938" END="950">the president</charseq>
    </extent>
    <head>
      <charseq START="942" END="950">president</charseq>
    </head>
  </entity_mention>
  <entity_mention ID="CNN_LE_20030504.1200.02-1-E18-82" TYPE="NOM" LDCTYPE="NOMPRE" LDCATR="TRUE">
    <extent>
      <charseq START="198" END="206">President</charseq>
    </extent>
    <head>
      <charseq START="198" END="206">President</charseq>
    </head>
  </entity_mention>
  <entity_attributes>
    <name NAME="Bush">
      <charseq START="208" END="211">Bush</charseq>
    </name>
  </entity_attributes>
</entity>
<entity ID="CNN_LE_20030504.1200.02-1-E19" TYPE="PER" SUBTYPE="Group" CLASS="GEN">
  <entity_mention ID="CNN_LE_20030504.1200.02-1-E19-41" TYPE="NOM" LDCTYPE="BAR">
    <extent>
      <charseq START="1498" END="1515">Russian scientists</charseq>
    </extent>
    <head>
      <charseq START="1506" END="1515">scientists</charseq>
    </head>
  </entity_mention>
</entity>
<entity ID="CNN_LE_20030504.1200.02-1-E20" TYPE="GPE" SUBTYPE="Nation" CLASS="SPC">
  <entity_mention ID="CNN_LE_20030504.1200.02-1-E20-42" TYPE="NAM" LDCTYPE="NAMPRE" ROLE="GPE">
    <extent>
      <charseq START="1498" END="1504">Russian</charseq>
    </extent>
    <head>
      <charseq START="1498" END="1504">Russian</charseq>
    </head>
  </entity_mention>
  <entity_attributes>
    <name NAME="Russian">
      <charseq START="1498" END="1504">Russian</charseq>
    </name>
  </entity_attributes>
</entity>
<entity ID="CNN_LE_20030504.1200.02-1-E21" TYPE="PER" SUBTYPE="Individual" CLASS="SPC">
  <entity_mention ID="CNN_LE_20030504.1200.02-1-E21-43" TYPE="NAM" LDCTYPE="NAMPRE">
    <extent>
      <charseq START="1527" END="1530">Nunn</charseq>
    </extent>
    <head>
      <charseq START="1527" END="1530">Nunn</charseq>
    </head>
  </entity_mention>
  <entity_attributes>
    <name NAME="Nunn">
      <charseq START="1527" END="1530">Nunn</charseq>
    </name>
  </entity_attributes>
</entity>
<entity ID="CNN_LE_20030504.1200.02-1-E22" TYPE="PER" SUBTYPE="Individual" CLASS="SPC">
  <entity_mention ID="CNN_LE_20030504.1200.02-1-E22-44" TYPE="NAM" LDCTYPE="NAMPRE">
    <extent>
      <charseq START="1532" END="1536">Lugar</charseq>
    </extent>
    <head>
      <charseq START="1532" END="1536">Lugar</charseq>
    </head>
  </entity_mention>
  <entity_attributes>
    <name NAME="Lugar">
      <charseq START="1532" END="1536">Lugar</charseq>
    </name>
  </entity_attributes>
</entity>
<entity ID="CNN_LE_20030504.1200.02-1-E24" TYPE="GPE" SUBTYPE="Nation" CLASS="SPC">
  <entity_mention ID="CNN_LE_20030504.1200.02-1-E24-54" TYPE="NAM" LDCTYPE="NAM" ROLE="LOC">
    <extent>
      <charseq START="1832" END="1835">Iran</charseq>
    </extent>
    <head>
      <charseq START="1832" END="1835">Iran</charseq>
    </head>
  </entity_mention>
  <entity_attributes>
    <name NAME="Iran">
      <charseq START="1832" END="1835">Iran</charseq>
    </name>
  </entity_attributes>
</entity>
<entity ID="CNN_LE_20030504.1200.02-1-E25" TYPE="PER" SUBTYPE="Group" CLASS="SPC">
  <entity_mention ID="CNN_LE_20030504.1200.02-1-E25-55" TYPE="NOM" LDCTYPE="NOM">
    <extent>
      <charseq START="1849" END="1870">the Kurdish population</charseq>
    </extent>
    <head>
      <charseq START="1861" END="1870">population</charseq>
    </head>
  </entity_mention>
</entity>
<entity ID="CNN_LE_20030504.1200.02-1-E26" TYPE="PER" SUBTYPE="Group" CLASS="SPC">
  <entity_mention ID="CNN_LE_20030504.1200.02-1-E26-56" TYPE="NAM" LDCTYPE="NAMPRE">
    <extent>
      <charseq START="1853" END="1859">Kurdish</charseq>
    </extent>
    <head>
      <charseq START="1853" END="1859">Kurdish</charseq>
    </head>
  </entity_mention>
  <entity_attributes>
    <name NAME="Kurdish">
      <charseq START="1853" END="1859">Kurdish</charseq>
    </name>
  </entity_attributes>
</entity>
<entity ID="CNN_LE_20030504.1200.02-1-E27" TYPE="PER" SUBTYPE="Group" CLASS="GEN">
  <entity_mention ID="CNN_LE_20030504.1200.02-1-E27-59" TYPE="PRO" LDCTYPE="HLS">
    <extent>
      <charseq START="1930" END="1933">many</charseq>
    </extent>
    <head>
      <charseq START="1930" END="1933">many</charseq>
    </head>
  </entity_mention>
</entity>
<entity ID="CNN_LE_20030504.1200.02-1-E28" TYPE="PER" SUBTYPE="Indeterminate" CLASS="USP">
  <entity_mention ID="CNN_LE_20030504.1200.02-1-E28-66" TYPE="PRO" LDCTYPE="PRO">
    <extent>
      <charseq START="2234" END="2236">you</charseq>
    </extent>
    <head>
      <charseq START="2234" END="2236">you</charseq>
    </head>
  </entity_mention>
</entity>
<entity ID="CNN_LE_20030504.1200.02-1-E30" TYPE="PER" SUBTYPE="Individual" CLASS="SPC">
  <entity_mention ID="CNN_LE_20030504.1200.02-1-E30-75" TYPE="NAM" LDCTYPE="NAM" LDCATR="FALSE">
    <extent>
      <charseq START="2500" END="2513">Saddam Hussein</charseq>
    </extent>
    <head>
      <charseq START="2500" END="2513">Saddam Hussein</charseq>
    </head>
  </entity_mention>
  <entity_mention ID="CNN_LE_20030504.1200.02-1-E30-76" TYPE="NOM" LDCTYPE="NOM" LDCATR="FALSE">
    <extent>
      <charseq START="2527" END="2582">a producer and a user of biological and chemical weapons</charseq>
    </extent>
    <head>
      <charseq START="2529" END="2536">producer</charseq>
    </head>
  </entity_mention>
  <entity_mention ID="CNN_LE_20030504.1200.02-1-E30-77" TYPE="NOM" LDCTYPE="NOM" LDCATR="TRUE">
    <extent>
      <charseq START="2527" END="2582">a producer and a user of biological and chemical weapons</charseq>
    </extent>
    <head>
      <charseq START="2544" END="2547">user</charseq>
    </head>
  </entity_mention>
  <entity_mention ID="CNN_LE_20030504.1200.02-1-E30-80" TYPE="PRO" LDCTYPE="PRO" LDCATR="FALSE">
    <extent>
      <charseq START="2585" END="2586">He</charseq>
    </extent>
    <head>
      <charseq START="2585" END="2586">He</charseq>
    </head>
  </entity_mention>
  <entity_mention ID="CNN_LE_20030504.1200.02-1-E30-84" TYPE="PRO" LDCTYPE="PRO" LDCATR="FALSE">
    <extent>
      <charseq START="2689" END="2690">he</charseq>
    </extent>
    <head>
      <charseq START="2689" END="2690">he</charseq>
    </head>
  </entity_mention>
  <entity_mention ID="CNN_LE_20030504.1200.02-1-E30-96" TYPE="NAM" LDCTYPE="NAM" LDCATR="FALSE">
    <extent>
      <charseq START="2992" END="2997">Saddam</charseq>
    </extent>
    <head>
      <charseq START="2992" END="2997">Saddam</charseq>
    </head>
  </entity_mention>
  <entity_mention ID="CNN_LE_20030504.1200.02-1-E30-107" TYPE="NAM" LDCTYPE="NAM" LDCATR="FALSE">
    <extent>
      <charseq START="3432" END="3445">Saddam Hussein</charseq>
    </extent>
    <head>
      <charseq START="3432" END="3445">Saddam Hussein</charseq>
    </head>
  </entity_mention>
  <entity_mention ID="CNN_LE_20030504.1200.02-1-E30-111" TYPE="NAM" LDCTYPE="NAM" LDCATR="FALSE">
    <extent>
      <charseq START="3584" END="3597">Saddam Hussein</charseq>
    </extent>
    <head>
      <charseq START="3584" END="3597">Saddam Hussein</charseq>
    </head>
  </entity_mention>
  <entity_mention ID="CNN_LE_20030504.1200.02-1-E30-112" TYPE="PRO" LDCTYPE="PRO" LDCATR="FALSE">
    <extent>
      <charseq START="3632" END="3633">he</charseq>
    </extent>
    <head>
      <charseq START="3632" END="3633">he</charseq>
    </head>
  </entity_mention>
  <entity_mention ID="CNN_LE_20030504.1200.02-1-E30-113" TYPE="PRO" LDCTYPE="PRO" LDCATR="FALSE">
    <extent>
      <charseq START="3642" END="3643">he</charseq>
    </extent>
    <head>
      <charseq START="3642" END="3643">he</charseq>
    </head>
  </entity_mention>
  <entity_mention ID="CNN_LE_20030504.1200.02-1-E30-114" TYPE="PRO" LDCTYPE="PRO" LDCATR="FALSE">
    <extent>
      <charseq START="3666" END="3667">he</charseq>
    </extent>
    <head>
      <charseq START="3666" END="3667">he</charseq>
    </head>
  </entity_mention>
  <entity_mention ID="CNN_LE_20030504.1200.02-1-E30-121" TYPE="PRO" LDCTYPE="PRO" LDCATR="FALSE">
    <extent>
      <charseq START="3870" END="3871">he</charseq>
    </extent>
    <head>
      <charseq START="3870" END="3871">he</charseq>
    </head>
  </entity_mention>
  <entity_mention ID="CNN_LE_20030504.1200.02-1-E30-122" TYPE="PRO" LDCTYPE="PRO" LDCATR="FALSE">
    <extent>
      <charseq START="3923" END="3925">him</charseq>
    </extent>
    <head>
      <charseq START="3923" END="3925">him</charseq>
    </head>
  </entity_mention>
  <entity_mention ID="CNN_LE_20030504.1200.02-1-E30-123" TYPE="PRO" LDCTYPE="PRO" LDCATR="FALSE">
    <extent>
      <charseq START="3937" END="3939">him</charseq>
    </extent>
    <head>
      <charseq START="3937" END="3939">him</charseq>
    </head>
  </entity_mention>
  <entity_mention ID="CNN_LE_20030504.1200.02-1-E30-127" TYPE="PRO" LDCTYPE="PRO" LDCATR="FALSE">
    <extent>
      <charseq START="4070" END="4072">him</charseq>
    </extent>
    <head>
      <charseq START="4070" END="4072">him</charseq>
    </head>
  </entity_mention>
  <entity_mention ID="CNN_LE_20030504.1200.02-1-E30-128" TYPE="PRO" LDCTYPE="PRO" LDCATR="FALSE">
    <extent>
      <charseq START="4103" END="4105">him</charseq>
    </extent>
    <head>
      <charseq START="4103" END="4105">him</charseq>
    </head>
  </entity_mention>
  <entity_attributes>
    <name NAME="Saddam Hussein">
      <charseq START="2500" END="2513">Saddam Hussein</charseq>
    </name>
    <name NAME="Saddam">
      <charseq START="2992" END="2997">Saddam</charseq>
    </name>
    <name NAME="Saddam Hussein">
      <charseq START="3432" END="3445">Saddam Hussein</charseq>
    </name>
    <name NAME="Saddam Hussein">
      <charseq START="3584" END="3597">Saddam Hussein</charseq>
    </name>
  </entity_attributes>
</entity>
<entity ID="CNN_LE_20030504.1200.02-1-E33" TYPE="WEA" SUBTYPE="Underspecified" CLASS="GEN">
  <entity_mention ID="CNN_LE_20030504.1200.02-1-E33-78" TYPE="NOM" LDCTYPE="BAR">
    <extent>
      <charseq START="2552" END="2582">biological and chemical weapons</charseq>
    </extent>
    <head>
      <charseq START="2576" END="2582">weapons</charseq>
    </head>
  </entity_mention>
</entity>
<entity ID="CNN_LE_20030504.1200.02-1-E34" TYPE="LOC" SUBTYPE="Celestial" CLASS="SPC">
  <entity_mention ID="CNN_LE_20030504.1200.02-1-E34-81" TYPE="NOM" LDCTYPE="NOM" LDCATR="FALSE">
    <extent>
      <charseq START="2648" END="2656">the world</charseq>
    </extent>
    <head>
      <charseq START="2652" END="2656">world</charseq>
    </head>
  </entity_mention>
  <entity_mention ID="CNN_LE_20030504.1200.02-1-E34-83" TYPE="NOM" LDCTYPE="NOM" LDCATR="TRUE">
    <extent>
      <charseq START="2661" END="2673">a safer place</charseq>
    </extent>
    <head>
      <charseq START="2669" END="2673">place</charseq>
    </head>
  </entity_mention>
  <entity_mention ID="CNN_LE_20030504.1200.02-1-E34-118" TYPE="NOM" LDCTYPE="NOM" LDCATR="FALSE">
    <extent>
      <charseq START="3763" END="3771">the world</charseq>
    </extent>
    <head>
      <charseq START="3767" END="3771">world</charseq>
    </head>
  </entity_mention>
</entity>
<entity ID="CNN_LE_20030504.1200.02-1-E37" TYPE="GPE" SUBTYPE="Nation" CLASS="SPC">
  <entity_mention ID="CNN_LE_20030504.1200.02-1-E37-93" TYPE="NOM" LDCTYPE="NOM" ROLE="ORG">
    <extent>
      <charseq START="2907" END="2918">the alliance</charseq>
    </extent>
    <head>
      <charseq START="2911" END="2918">alliance</charseq>
    </head>
  </entity_mention>
</entity>
<entity ID="CNN_LE_20030504.1200.02-1-E38" TYPE="GPE" SUBTYPE="Nation" CLASS="SPC">
  <entity_mention ID="CNN_LE_20030504.1200.02-1-E38-19" TYPE="NAM" LDCTYPE="NAM" ROLE="LOC" LDCATR="FALSE">
    <extent>
      <charseq START="840" END="843">Iraq</charseq>
    </extent>
    <head>
      <charseq START="840" END="843">Iraq</charseq>
    </head>
  </entity_mention>
  <entity_mention ID="CNN_LE_20030504.1200.02-1-E38-27" TYPE="PRO" LDCTYPE="PRO" ROLE="LOC" LDCATR="FALSE">
    <extent>
      <charseq START="990" END="994">there</charseq>
    </extent>
    <head>
      <charseq START="990" END="994">there</charseq>
    </head>
  </entity_mention>
  <entity_mention ID="CNN_LE_20030504.1200.02-1-E38-31" TYPE="NOM" LDCTYPE="NOM" ROLE="LOC" LDCATR="FALSE">
    <extent>
      <charseq START="1066" END="1076">the country</charseq>
    </extent>
    <head>
      <charseq START="1070" END="1076">country</charseq>
    </head>
  </entity_mention>
  <entity_mention ID="CNN_LE_20030504.1200.02-1-E38-52" TYPE="PRO" LDCTYPE="PRO" ROLE="ORG" LDCATR="FALSE">
    <extent>
      <charseq START="1755" END="1758">they</charseq>
    </extent>
    <head>
      <charseq START="1755" END="1758">they</charseq>
    </head>
  </entity_mention>
  <entity_mention ID="CNN_LE_20030504.1200.02-1-E38-61" TYPE="NOM" LDCTYPE="NOM" ROLE="LOC" LDCATR="FALSE">
    <extent>
      <charseq START="1999" END="2009">the country</charseq>
    </extent>
    <head>
      <charseq START="2003" END="2009">country</charseq>
    </head>
  </entity_mention>
  <entity_mention ID="CNN_LE_20030504.1200.02-1-E38-67" TYPE="PRO" LDCTYPE="PRO" ROLE="ORG" LDCATR="FALSE">
    <extent>
      <charseq START="2244" END="2247">they</charseq>
    </extent>
    <head>
      <charseq START="2244" END="2247">they</charseq>
    </head>
  </entity_mention>
  <entity_mention ID="CNN_LE_20030504.1200.02-1-E38-72" TYPE="PRO" LDCTYPE="PRO" ROLE="ORG" LDCATR="FALSE">
    <extent>
      <charseq START="2412" END="2415">they</charseq>
    </extent>
    <head>
      <charseq START="2412" END="2415">they</charseq>
    </head>
  </entity_mention>
  <entity_mention ID="CNN_LE_20030504.1200.02-1-E38-85" TYPE="NAM" LDCTYPE="NAM" ROLE="GPE" LDCATR="FALSE">
    <extent>
      <charseq START="2705" END="2708">Iraq</charseq>
    </extent>
    <head>
      <charseq START="2705" END="2708">Iraq</charseq>
    </head>
  </entity_mention>
  <entity_mention ID="CNN_LE_20030504.1200.02-1-E38-91" TYPE="NAM" LDCTYPE="NAM" ROLE="GPE" LDCATR="FALSE">
    <extent>
      <charseq START="2879" END="2882">Iraq</charseq>
    </extent>
    <head>
      <charseq START="2879" END="2882">Iraq</charseq>
    </head>
  </entity_mention>
  <entity_mention ID="CNN_LE_20030504.1200.02-1-E38-94" TYPE="NAM" LDCTYPE="NAMPRE" ROLE="GPE" LDCATR="TRUE">
    <extent>
      <charseq START="2951" END="2955">Iraqi</charseq>
    </extent>
    <head>
      <charseq START="2951" END="2955">Iraqi</charseq>
    </head>
  </entity_mention>
  <entity_mention ID="CNN_LE_20030504.1200.02-1-E38-135" TYPE="NOM" LDCTYPE="NOM" ROLE="PER" LDCATR="FALSE">
    <extent>
      <charseq START="2947" END="2962">the Iraqi people</charseq>
    </extent>
    <head>
      <charseq START="2957" END="2962">people</charseq>
    </head>
  </entity_mention>
  <entity_mention ID="CNN_LE_20030504.1200.02-1-E38-137" TYPE="PRO" LDCTYPE="PRO" ROLE="LOC" LDCATR="FALSE">
    <extent>
      <charseq START="3215" END="3219">there</charseq>
    </extent>
    <head>
      <charseq START="3215" END="3219">there</charseq>
    </head>
  </entity_mention>
  <entity_mention ID="CNN_LE_20030504.1200.02-1-E38-142" TYPE="NAM" LDCTYPE="NAM" ROLE="LOC" LDCATR="FALSE">
    <extent>
      <charseq START="333" END="336">Iraq</charseq>
    </extent>
    <head>
      <charseq START="333" END="336">Iraq</charseq>
    </head>
  </entity_mention>
  <entity_attributes>
    <name NAME="Iraq">
      <charseq START="840" END="843">Iraq</charseq>
    </name>
    <name NAME="Iraq">
      <charseq START="2705" END="2708">Iraq</charseq>
    </name>
    <name NAME="Iraq">
      <charseq START="2879" END="2882">Iraq</charseq>
    </name>
    <name NAME="Iraqi">
      <charseq START="2951" END="2955">Iraqi</charseq>
    </name>
    <name NAME="Iraq">
      <charseq START="333" END="336">Iraq</charseq>
    </name>
  </entity_attributes>
</entity>
<entity ID="CNN_LE_20030504.1200.02-1-E39" TYPE="ORG" SUBTYPE="Non-Governmental" CLASS="SPC">
  <entity_mention ID="CNN_LE_20030504.1200.02-1-E39-102" TYPE="NAM" LDCTYPE="NAM">
    <extent>
      <charseq START="3288" END="3295">al Qaeda</charseq>
    </extent>
    <head>
      <charseq START="3288" END="3295">al Qaeda</charseq>
    </head>
  </entity_mention>
  <entity_mention ID="CNN_LE_20030504.1200.02-1-E39-119" TYPE="NAM" LDCTYPE="NAM">
    <extent>
      <charseq START="3787" END="3794">al Qaeda</charseq>
    </extent>
    <head>
      <charseq START="3787" END="3794">al Qaeda</charseq>
    </head>
  </entity_mention>
  <entity_attributes>
    <name NAME="al Qaeda">
      <charseq START="3288" END="3295">al Qaeda</charseq>
    </name>
    <name NAME="al Qaeda">
      <charseq START="3787" END="3794">al Qaeda</charseq>
    </name>
  </entity_attributes>
</entity>
<entity ID="CNN_LE_20030504.1200.02-1-E40" TYPE="PER" SUBTYPE="Group" CLASS="USP">
  <entity_mention ID="CNN_LE_20030504.1200.02-1-E40-103" TYPE="NOM" LDCTYPE="BAR">
    <extent>
      <charseq START="3300" END="3315">other terrorists</charseq>
    </extent>
    <head>
      <charseq START="3306" END="3315">terrorists</charseq>
    </head>
  </entity_mention>
</entity>
<entity ID="CNN_LE_20030504.1200.02-1-E42" TYPE="PER" SUBTYPE="Individual" CLASS="SPC">
  <entity_mention ID="CNN_LE_20030504.1200.02-1-E42-109" TYPE="NAM" LDCTYPE="NAM">
    <extent>
      <charseq START="3526" END="3540">Osama bin Laden</charseq>
    </extent>
    <head>
      <charseq START="3526" END="3540">Osama bin Laden</charseq>
    </head>
  </entity_mention>
  <entity_mention ID="CNN_LE_20030504.1200.02-1-E42-116" TYPE="PRO" LDCTYPE="PRO">
    <extent>
      <charseq START="3735" END="3737">his</charseq>
    </extent>
    <head>
      <charseq START="3735" END="3737">his</charseq>
    </head>
  </entity_mention>
  <entity_attributes>
    <name NAME="Osama bin Laden">
      <charseq START="3526" END="3540">Osama bin Laden</charseq>
    </name>
  </entity_attributes>
</entity>
<entity ID="CNN_LE_20030504.1200.02-1-E43" TYPE="PER" SUBTYPE="Individual" CLASS="GEN">
  <entity_mention ID="CNN_LE_20030504.1200.02-1-E43-115" TYPE="NOM" LDCTYPE="NOM">
    <extent>
      <charseq START="3706" END="3723">an Osama bin Laden</charseq>
    </extent>
    <head>
      <charseq START="3709" END="3723">Osama bin Laden</charseq>
    </head>
  </entity_mention>
</entity>
<entity ID="CNN_LE_20030504.1200.02-1-E44" TYPE="ORG" SUBTYPE="Non-Governmental" CLASS="SPC">
  <entity_mention ID="CNN_LE_20030504.1200.02-1-E44-117" TYPE="NOM" LDCTYPE="NOM">
    <extent>
      <charseq START="3735" END="3771">his
cellular network around the world</charseq>
    </extent>
    <head>
      <charseq START="3748" END="3754">network</charseq>
    </head>
  </entity_mention>
</entity>
<entity ID="CNN_LE_20030504.1200.02-1-E45" TYPE="GPE" SUBTYPE="Population-Center" CLASS="SPC">
  <entity_mention ID="CNN_LE_20030504.1200.02-1-E45-79" TYPE="PRO" LDCTYPE="PRO" ROLE="LOC">
    <extent>
      <charseq START="555" END="558">here</charseq>
    </extent>
    <head>
      <charseq START="555" END="558">here</charseq>
    </head>
  </entity_mention>
  <entity_mention ID="CNN_LE_20030504.1200.02-1-E45-120" TYPE="NAM" LDCTYPE="NAM" ROLE="LOC">
    <extent>
      <charseq START="563" END="572">Washington</charseq>
    </extent>
    <head>
      <charseq START="563" END="572">Washington</charseq>
    </head>
  </entity_mention>
  <entity_attributes>
    <name NAME="Washington">
      <charseq START="563" END="572">Washington</charseq>
    </name>
  </entity_attributes>
</entity>
<entity ID="CNN_LE_20030504.1200.02-1-E46" TYPE="ORG" SUBTYPE="Government" CLASS="SPC">
  <entity_mention ID="CNN_LE_20030504.1200.02-1-E46-124" TYPE="NOM" LDCTYPE="NOM">
    <extent>
      <charseq START="3948" END="3965">a court of justice</charseq>
    </extent>
    <head>
      <charseq START="3950" END="3954">court</charseq>
    </head>
  </entity_mention>
</entity>
<entity ID="CNN_LE_20030504.1200.02-1-E50" TYPE="WEA" SUBTYPE="Underspecified" CLASS="USP">
  <entity_mention ID="CNN_LE_20030504.1200.02-1-E50-139" TYPE="PRO" LDCTYPE="HLS">
    <extent>
      <charseq START="1271" END="1274">more</charseq>
    </extent>
    <head>
      <charseq START="1271" END="1274">more</charseq>
    </head>
  </entity_mention>
</entity>
<entity ID="CNN_LE_20030504.1200.02-1-E51" TYPE="WEA" SUBTYPE="Underspecified" CLASS="USP">
  <entity_mention ID="CNN_LE_20030504.1200.02-1-E51-140" TYPE="PRO" LDCTYPE="HLS">
    <extent>
      <charseq START="1983" END="1986">some</charseq>
    </extent>
    <head>
      <charseq START="1983" END="1986">some</charseq>
    </head>
  </entity_mention>
</entity>
<entity ID="CNN_LE_20030504.1200.02-1-E52" TYPE="VEH" SUBTYPE="Water" CLASS="SPC">
  <entity_mention ID="CNN_LE_20030504.1200.02-1-E52-136" TYPE="NAM" LDCTYPE="NAM">
    <extent>
      <charseq START="220" END="242">the USS Abraham Lincoln</charseq>
    </extent>
    <head>
      <charseq START="224" END="242">USS Abraham Lincoln</charseq>
    </head>
  </entity_mention>
  <entity_attributes>
    <name NAME="USS Abraham Lincoln">
      <charseq START="224" END="242">USS Abraham Lincoln</charseq>
    </name>
  </entity_attributes>
</entity>
<entity ID="CNN_LE_20030504.1200.02-1-E53" TYPE="ORG" SUBTYPE="Government" CLASS="GEN">
  <entity_mention ID="CNN_LE_20030504.1200.02-1-E53-141" TYPE="NOM" LDCTYPE="NOMPRE">
    <extent>
      <charseq START="313" END="320">military</charseq>
    </extent>
    <head>
      <charseq START="313" END="320">military</charseq>
    </head>
  </entity_mention>
</entity>
<entity ID="CNN_LE_20030504.1200.02-1-E55" TYPE="ORG" SUBTYPE="Media" CLASS="SPC">
  <entity_mention ID="CNN_LE_20030504.1200.02-1-E55-143" TYPE="PRO" LDCTYPE="PRO">
    <extent>
      <charseq START="377" END="378">us</charseq>
    </extent>
    <head>
      <charseq START="377" END="378">us</charseq>
    </head>
  </entity_mention>
</entity>
<entity ID="CNN_LE_20030504.1200.02-1-E56" TYPE="PER" SUBTYPE="Group" CLASS="SPC">
  <entity_mention ID="CNN_LE_20030504.1200.02-1-E56-9" TYPE="NOM" LDCTYPE="BAR">
    <extent>
      <charseq START="627" END="634">Senators</charseq>
    </extent>
    <head>
      <charseq START="627" END="634">Senators</charseq>
    </head>
  </entity_mention>
  <entity_mention ID="CNN_LE_20030504.1200.02-1-E56-144" TYPE="NOM" LDCTYPE="NOM">
    <extent>
      <charseq START="388" END="458">two key members of the
United States Senate Foreign Relations Committee</charseq>
    </extent>
    <head>
      <charseq START="396" END="402">members</charseq>
    </head>
  </entity_mention>
</entity>
<entity ID="CNN_LE_20030504.1200.02-1-E57" TYPE="ORG" SUBTYPE="Government" CLASS="SPC">
  <entity_mention ID="CNN_LE_20030504.1200.02-1-E57-4" TYPE="NOM" LDCTYPE="NOM">
    <extent>
      <charseq START="491" END="503">the committee</charseq>
    </extent>
    <head>
      <charseq START="495" END="503">committee</charseq>
    </head>
  </entity_mention>
  <entity_mention ID="CNN_LE_20030504.1200.02-1-E57-145" TYPE="NAM" LDCTYPE="NAM">
    <extent>
      <charseq START="407" END="458">the
United States Senate Foreign Relations Committee</charseq>
    </extent>
    <head>
      <charseq START="432" END="458">Foreign Relations Committee</charseq>
    </head>
  </entity_mention>
  <entity_attributes>
    <name NAME="Foreign Relations Committee">
      <charseq START="432" END="458">Foreign Relations Committee</charseq>
    </name>
  </entity_attributes>
</entity>
<entity ID="CNN_LE_20030504.1200.02-1-E58" TYPE="ORG" SUBTYPE="Government" CLASS="SPC">
  <entity_mention ID="CNN_LE_20030504.1200.02-1-E58-146" TYPE="NAM" LDCTYPE="NAMPRE">
    <extent>
      <charseq START="411" END="430">United States Senate</charseq>
    </extent>
    <head>
      <charseq START="425" END="430">Senate</charseq>
    </head>
  </entity_mention>
  <entity_attributes>
    <name NAME="Senate">
      <charseq START="425" END="430">Senate</charseq>
    </name>
  </entity_attributes>
</entity>
<entity ID="CNN_LE_20030504.1200.02-1-E59" TYPE="GPE" SUBTYPE="Nation" CLASS="SPC">
  <entity_mention ID="CNN_LE_20030504.1200.02-1-E59-17" TYPE="NAM" LDCTYPE="NAM" ROLE="ORG" LDCATR="FALSE">
    <extent>
      <charseq START="787" END="793">the U.S</charseq>
    </extent>
    <head>
      <charseq START="791" END="793">U.S</charseq>
    </head>
  </entity_mention>
  <entity_mention ID="CNN_LE_20030504.1200.02-1-E59-28" TYPE="PRO" LDCTYPE="PRO" ROLE="ORG" LDCATR="FALSE">
    <extent>
      <charseq START="1016" END="1017">we</charseq>
    </extent>
    <head>
      <charseq START="1016" END="1017">we</charseq>
    </head>
  </entity_mention>
  <entity_mention ID="CNN_LE_20030504.1200.02-1-E59-33" TYPE="PRO" LDCTYPE="PRO" ROLE="ORG" LDCATR="FALSE">
    <extent>
      <charseq START="1110" END="1111">we</charseq>
    </extent>
    <head>
      <charseq START="1110" END="1111">we</charseq>
    </head>
  </entity_mention>
  <entity_mention ID="CNN_LE_20030504.1200.02-1-E59-37" TYPE="PRO" LDCTYPE="PRO" ROLE="ORG" LDCATR="FALSE">
    <extent>
      <charseq START="1367" END="1368">we</charseq>
    </extent>
    <head>
      <charseq START="1367" END="1368">we</charseq>
    </head>
  </entity_mention>
  <entity_mention ID="CNN_LE_20030504.1200.02-1-E59-49" TYPE="PRO" LDCTYPE="PRO" ROLE="ORG" LDCATR="FALSE">
    <extent>
      <charseq START="1617" END="1620">they</charseq>
    </extent>
    <head>
      <charseq START="1617" END="1620">they</charseq>
    </head>
  </entity_mention>
  <entity_mention ID="CNN_LE_20030504.1200.02-1-E59-57" TYPE="PRO" LDCTYPE="PRO" ROLE="ORG" LDCATR="FALSE">
    <extent>
      <charseq START="1892" END="1895">they</charseq>
    </extent>
    <head>
      <charseq START="1892" END="1895">they</charseq>
    </head>
  </entity_mention>
  <entity_mention ID="CNN_LE_20030504.1200.02-1-E59-86" TYPE="NAM" LDCTYPE="NAM" ROLE="ORG" LDCATR="FALSE">
    <extent>
      <charseq START="2728" END="2734">the U.S</charseq>
    </extent>
    <head>
      <charseq START="2732" END="2734">U.S</charseq>
    </head>
  </entity_mention>
  <entity_mention ID="CNN_LE_20030504.1200.02-1-E59-89" TYPE="NAM" LDCTYPE="NAM" ROLE="ORG" LDCATR="FALSE">
    <extent>
      <charseq START="2778" END="2784">the U.S</charseq>
    </extent>
    <head>
      <charseq START="2782" END="2784">U.S</charseq>
    </head>
  </entity_mention>
  <entity_mention ID="CNN_LE_20030504.1200.02-1-E59-90" TYPE="PRO" LDCTYPE="PRO" ROLE="ORG" LDCATR="FALSE">
    <extent>
      <charseq START="2851" END="2852">we</charseq>
    </extent>
    <head>
      <charseq START="2851" END="2852">we</charseq>
    </head>
  </entity_mention>
  <entity_mention ID="CNN_LE_20030504.1200.02-1-E59-92" TYPE="PRO" LDCTYPE="PRO" ROLE="ORG" LDCATR="FALSE">
    <extent>
      <charseq START="2885" END="2886">We</charseq>
    </extent>
    <head>
      <charseq START="2885" END="2886">We</charseq>
    </head>
  </entity_mention>
  <entity_mention ID="CNN_LE_20030504.1200.02-1-E59-95" TYPE="PRO" LDCTYPE="PRO" ROLE="ORG" LDCATR="FALSE">
    <extent>
      <charseq START="2969" END="2970">we</charseq>
    </extent>
    <head>
      <charseq START="2969" END="2970">we</charseq>
    </head>
  </entity_mention>
  <entity_mention ID="CNN_LE_20030504.1200.02-1-E59-99" TYPE="PRO" LDCTYPE="PRO" ROLE="ORG" LDCATR="FALSE">
    <extent>
      <charseq START="3191" END="3192">we</charseq>
    </extent>
    <head>
      <charseq START="3191" END="3192">we</charseq>
    </head>
  </entity_mention>
  <entity_mention ID="CNN_LE_20030504.1200.02-1-E59-106" TYPE="NAM" LDCTYPE="NAM" ROLE="ORG" LDCATR="FALSE">
    <extent>
      <charseq START="3384" END="3390">the U.S</charseq>
    </extent>
    <head>
      <charseq START="3388" END="3390">U.S</charseq>
    </head>
  </entity_mention>
  <entity_mention ID="CNN_LE_20030504.1200.02-1-E59-126" TYPE="PRO" LDCTYPE="PRO" ROLE="ORG" LDCATR="FALSE">
    <extent>
      <charseq START="4057" END="4058">we</charseq>
    </extent>
    <head>
      <charseq START="4057" END="4058">we</charseq>
    </head>
  </entity_mention>
  <entity_mention ID="CNN_LE_20030504.1200.02-1-E59-138" TYPE="PRO" LDCTYPE="PRO" ROLE="ORG" LDCATR="FALSE">
    <extent>
      <charseq START="1486" END="1487">we</charseq>
    </extent>
    <head>
      <charseq START="1486" END="1487">we</charseq>
    </head>
  </entity_mention>
  <entity_mention ID="CNN_LE_20030504.1200.02-1-E59-147" TYPE="NAM" LDCTYPE="NAMPRE" ROLE="GPE" LDCATR="TRUE">
    <extent>
      <charseq START="411" END="423">United States</charseq>
    </extent>
    <head>
      <charseq START="411" END="423">United States</charseq>
    </head>
  </entity_mention>
  <entity_attributes>
    <name NAME="U.S">
      <charseq START="791" END="793">U.S</charseq>
    </name>
    <name NAME="U.S">
      <charseq START="2732" END="2734">U.S</charseq>
    </name>
    <name NAME="U.S">
      <charseq START="2782" END="2784">U.S</charseq>
    </name>
    <name NAME="U.S">
      <charseq START="3388" END="3390">U.S</charseq>
    </name>
    <name NAME="United States">
      <charseq START="411" END="423">United States</charseq>
    </name>
  </entity_attributes>
</entity>
<entity ID="CNN_LE_20030504.1200.02-1-E62" TYPE="GPE" SUBTYPE="State-or-Province" CLASS="SPC">
  <entity_mention ID="CNN_LE_20030504.1200.02-1-E62-149" TYPE="NOM" LDCTYPE="NOM" ROLE="LOC">
    <extent>
      <charseq START="464" END="488">his home state of
Indiana</charseq>
    </extent>
    <head>
      <charseq START="473" END="477">state</charseq>
    </head>
  </entity_mention>
  <entity_mention ID="CNN_LE_20030504.1200.02-1-E62-150" TYPE="NAM" LDCTYPE="NAM" ROLE="LOC">
    <extent>
      <charseq START="482" END="488">Indiana</charseq>
    </extent>
    <head>
      <charseq START="482" END="488">Indiana</charseq>
    </head>
  </entity_mention>
  <entity_attributes>
    <name NAME="Indiana">
      <charseq START="482" END="488">Indiana</charseq>
    </name>
  </entity_attributes>
</entity>
<timex2 ID="CNN_LE_20030504.1200.02-1-T1">
  <timex2_mention ID="CNN_LE_20030504.1200.02-1-T1-1">
    <extent>
      <charseq START="38" END="62">2003-05-04T12:00:00-05:00</charseq>
    </extent>
  </timex2_mention>
</timex2>
<timex2 ID="CNN_LE_20030504.1200.02-1-T2">
  <timex2_mention ID="CNN_LE_20030504.1200.02-1-T2-1">
    <extent>
      <charseq START="247" END="254">Thursday</charseq>
    </extent>
  </timex2_mention>
</timex2>
<timex2 ID="CNN_LE_20030504.1200.02-1-T3">
  <timex2_mention ID="CNN_LE_20030504.1200.02-1-T3-1">
    <extent>
      <charseq START="380" END="382">now</charseq>
    </extent>
  </timex2_mention>
</timex2>
<timex2 ID="CNN_LE_20030504.1200.02-1-T4">
  <timex2_mention ID="CNN_LE_20030504.1200.02-1-T4-1">
    <extent>
      <charseq START="1778" END="1785">the past</charseq>
    </extent>
  </timex2_mention>
</timex2>
<timex2 ID="CNN_LE_20030504.1200.02-1-T5">
  <timex2_mention ID="CNN_LE_20030504.1200.02-1-T5-1">
    <extent>
      <charseq START="2263" END="2270">the past</charseq>
    </extent>
  </timex2_mention>
</timex2>
<timex2 ID="CNN_LE_20030504.1200.02-1-T6">
  <timex2_mention ID="CNN_LE_20030504.1200.02-1-T6-1">
    <extent>
      <charseq START="2433" END="2440">the past</charseq>
    </extent>
  </timex2_mention>
</timex2>
<timex2 ID="CNN_LE_20030504.1200.02-1-T7">
  <timex2_mention ID="CNN_LE_20030504.1200.02-1-T7-1">
    <extent>
      <charseq START="2675" END="2679">today</charseq>
    </extent>
  </timex2_mention>
</timex2>
<timex2 ID="CNN_LE_20030504.1200.02-1-T8">
  <timex2_mention ID="CNN_LE_20030504.1200.02-1-T8-1">
    <extent>
      <charseq START="3599" END="3603">today</charseq>
    </extent>
  </timex2_mention>
</timex2>
<relation ID="CNN_LE_20030504.1200.02-1-R3" TYPE="ORG-AFF" SUBTYPE="Employment" TENSE="Unspecified" MODALITY="Asserted">
  <relation_argument REFID="CNN_LE_20030504.1200.02-1-E56" ROLE="Arg-1"/>
  <relation_argument REFID="CNN_LE_20030504.1200.02-1-E57" ROLE="Arg-2"/>
  <relation_mention ID="CNN_LE_20030504.1200.02-1-R3-1" LEXICALCONDITION="Preposition">
    <extent>
      <charseq START="388" END="458">two key members of the
United States Senate Foreign Relations Committee</charseq>
    </extent>
    <relation_mention_argument REFID="CNN_LE_20030504.1200.02-1-E56-144" ROLE="Arg-1">
      <extent>
        <charseq START="388" END="458">two key members of the
United States Senate Foreign Relations Committee</charseq>
      </extent>
    </relation_mention_argument>
    <relation_mention_argument REFID="CNN_LE_20030504.1200.02-1-E57-145" ROLE="Arg-2">
      <extent>
        <charseq START="407" END="458">the
United States Senate Foreign Relations Committee</charseq>
      </extent>
    </relation_mention_argument>
  </relation_mention>
</relation>
<relation ID="CNN_LE_20030504.1200.02-1-R4" TYPE="PART-WHOLE" SUBTYPE="Subsidiary" TENSE="Unspecified" MODALITY="Asserted">
  <relation_argument REFID="CNN_LE_20030504.1200.02-1-E58" ROLE="Arg-1"/>
  <relation_argument REFID="CNN_LE_20030504.1200.02-1-E59" ROLE="Arg-2"/>
  <relation_mention ID="CNN_LE_20030504.1200.02-1-R4-1" LEXICALCONDITION="PreMod">
    <extent>
      <charseq START="407" END="430">the
United States Senate</charseq>
    </extent>
    <relation_mention_argument REFID="CNN_LE_20030504.1200.02-1-E58-146" ROLE="Arg-1">
      <extent>
        <charseq START="411" END="430">United States Senate</charseq>
      </extent>
    </relation_mention_argument>
    <relation_mention_argument REFID="CNN_LE_20030504.1200.02-1-E59-147" ROLE="Arg-2">
      <extent>
        <charseq START="411" END="423">United States</charseq>
      </extent>
    </relation_mention_argument>
  </relation_mention>
</relation>
<relation ID="CNN_LE_20030504.1200.02-1-R5" TYPE="PART-WHOLE" SUBTYPE="Subsidiary" TENSE="Unspecified" MODALITY="Asserted">
  <relation_argument REFID="CNN_LE_20030504.1200.02-1-E57" ROLE="Arg-1"/>
  <relation_argument REFID="CNN_LE_20030504.1200.02-1-E58" ROLE="Arg-2"/>
  <relation_mention ID="CNN_LE_20030504.1200.02-1-R5-1" LEXICALCONDITION="PreMod">
    <extent>
      <charseq START="407" END="458">the
United States Senate Foreign Relations Committee</charseq>
    </extent>
    <relation_mention_argument REFID="CNN_LE_20030504.1200.02-1-E57-145" ROLE="Arg-1">
      <extent>
        <charseq START="407" END="458">the
United States Senate Foreign Relations Committee</charseq>
      </extent>
    </relation_mention_argument>
    <relation_mention_argument REFID="CNN_LE_20030504.1200.02-1-E58-146" ROLE="Arg-2">
      <extent>
        <charseq START="411" END="430">United States Senate</charseq>
      </extent>
    </relation_mention_argument>
  </relation_mention>
</relation>
<relation ID="CNN_LE_20030504.1200.02-1-R6" TYPE="GEN-AFF" SUBTYPE="Citizen-Resident-Religion-Ethnicity" TENSE="Unspecified" MODALITY="Asserted">
  <relation_argument REFID="CNN_LE_20030504.1200.02-1-E1" ROLE="Arg-1"/>
  <relation_argument REFID="CNN_LE_20030504.1200.02-1-E62" ROLE="Arg-2"/>
  <relation_mention ID="CNN_LE_20030504.1200.02-1-R6-1" LEXICALCONDITION="Possessive">
    <extent>
      <charseq START="464" END="488">his home state of
Indiana</charseq>
    </extent>
    <relation_mention_argument REFID="CNN_LE_20030504.1200.02-1-E1-148" ROLE="Arg-1">
      <extent>
        <charseq START="464" END="466">his</charseq>
      </extent>
    </relation_mention_argument>
    <relation_mention_argument REFID="CNN_LE_20030504.1200.02-1-E62-149" ROLE="Arg-2">
      <extent>
        <charseq START="464" END="488">his home state of
Indiana</charseq>
      </extent>
    </relation_mention_argument>
  </relation_mention>
</relation>
<relation ID="CNN_LE_20030504.1200.02-1-R7" TYPE="ORG-AFF" SUBTYPE="Employment" TENSE="Unspecified" MODALITY="Asserted">
  <relation_argument REFID="CNN_LE_20030504.1200.02-1-E1" ROLE="Arg-1"/>
  <relation_argument REFID="CNN_LE_20030504.1200.02-1-E57" ROLE="Arg-2"/>
  <relation_mention ID="CNN_LE_20030504.1200.02-1-R7-1" LEXICALCONDITION="Possessive">
    <extent>
      <charseq START="491" END="514">the committee's chairman</charseq>
    </extent>
    <relation_mention_argument REFID="CNN_LE_20030504.1200.02-1-E1-152" ROLE="Arg-1">
      <extent>
        <charseq START="491" END="514">the committee's chairman</charseq>
      </extent>
    </relation_mention_argument>
    <relation_mention_argument REFID="CNN_LE_20030504.1200.02-1-E57-4" ROLE="Arg-2">
      <extent>
        <charseq START="491" END="503">the committee</charseq>
      </extent>
    </relation_mention_argument>
  </relation_mention>
</relation>
<relation ID="CNN_LE_20030504.1200.02-1-R8" TYPE="ORG-AFF" SUBTYPE="Membership" TENSE="Unspecified" MODALITY="Asserted">
  <relation_argument REFID="CNN_LE_20030504.1200.02-1-E1" ROLE="Arg-1"/>
  <relation_argument REFID="CNN_LE_20030504.1200.02-1-E3" ROLE="Arg-2"/>
  <relation_mention ID="CNN_LE_20030504.1200.02-1-R8-1" LEXICALCONDITION="PreMod">
    <extent>
      <charseq START="517" END="534">Republican Senator</charseq>
    </extent>
    <relation_mention_argument REFID="CNN_LE_20030504.1200.02-1-E1-2" ROLE="Arg-1">
      <extent>
        <charseq START="517" END="534">Republican Senator</charseq>
      </extent>
    </relation_mention_argument>
    <relation_mention_argument REFID="CNN_LE_20030504.1200.02-1-E3-3" ROLE="Arg-2">
      <extent>
        <charseq START="517" END="526">Republican</charseq>
      </extent>
    </relation_mention_argument>
  </relation_mention>
</relation>
<relation ID="CNN_LE_20030504.1200.02-1-R9" TYPE="ORG-AFF" SUBTYPE="Membership" TENSE="Unspecified" MODALITY="Asserted">
  <relation_argument REFID="CNN_LE_20030504.1200.02-1-E4" ROLE="Arg-1"/>
  <relation_argument REFID="CNN_LE_20030504.1200.02-1-E6" ROLE="Arg-2"/>
  <relation_mention ID="CNN_LE_20030504.1200.02-1-R9-1" LEXICALCONDITION="PreMod">
    <extent>
      <charseq START="575" END="592">Democratic Senator</charseq>
    </extent>
    <relation_mention_argument REFID="CNN_LE_20030504.1200.02-1-E4-6" ROLE="Arg-1">
      <extent>
        <charseq START="575" END="592">Democratic Senator</charseq>
      </extent>
    </relation_mention_argument>
    <relation_mention_argument REFID="CNN_LE_20030504.1200.02-1-E6-7" ROLE="Arg-2">
      <extent>
        <charseq START="575" END="584">Democratic</charseq>
      </extent>
    </relation_mention_argument>
  </relation_mention>
</relation>
<relation ID="CNN_LE_20030504.1200.02-1-R10" TYPE="GEN-AFF" SUBTYPE="Citizen-Resident-Religion-Ethnicity" TENSE="Unspecified" MODALITY="Asserted">
  <relation_argument REFID="CNN_LE_20030504.1200.02-1-E4" ROLE="Arg-1"/>
  <relation_argument REFID="CNN_LE_20030504.1200.02-1-E7" ROLE="Arg-2"/>
  <relation_mention ID="CNN_LE_20030504.1200.02-1-R10-1" LEXICALCONDITION="Preposition">
    <extent>
      <charseq START="575" END="624">Democratic Senator Christopher Dodd of Connecticut</charseq>
    </extent>
    <relation_mention_argument REFID="CNN_LE_20030504.1200.02-1-E4-5" ROLE="Arg-1">
      <extent>
        <charseq START="575" END="624">Democratic Senator Christopher Dodd of Connecticut</charseq>
      </extent>
    </relation_mention_argument>
    <relation_mention_argument REFID="CNN_LE_20030504.1200.02-1-E7-8" ROLE="Arg-2">
      <extent>
        <charseq START="614" END="624">Connecticut</charseq>
      </extent>
    </relation_mention_argument>
  </relation_mention>
</relation>
<relation ID="CNN_LE_20030504.1200.02-1-R11" TYPE="PHYS" SUBTYPE="Located" TENSE="Unspecified" MODALITY="Asserted">
  <relation_argument REFID="CNN_LE_20030504.1200.02-1-E4" ROLE="Arg-1"/>
  <relation_argument REFID="CNN_LE_20030504.1200.02-1-E45" ROLE="Arg-2"/>
  <relation_mention ID="CNN_LE_20030504.1200.02-1-R11-1" LEXICALCONDITION="Other">
    <extent>
      <charseq START="551" END="624">And
here in Washington, Democratic Senator Christopher Dodd of Connecticut</charseq>
    </extent>
    <relation_mention_argument REFID="CNN_LE_20030504.1200.02-1-E4-5" ROLE="Arg-1">
      <extent>
        <charseq START="575" END="624">Democratic Senator Christopher Dodd of Connecticut</charseq>
      </extent>
    </relation_mention_argument>
    <relation_mention_argument REFID="CNN_LE_20030504.1200.02-1-E45-79" ROLE="Arg-2">
      <extent>
        <charseq START="555" END="558">here</charseq>
      </extent>
    </relation_mention_argument>
  </relation_mention>
</relation>
<relation ID="CNN_LE_20030504.1200.02-1-R12" TYPE="GEN-AFF" SUBTYPE="Citizen-Resident-Religion-Ethnicity" TENSE="Unspecified" MODALITY="Asserted">
  <relation_argument REFID="CNN_LE_20030504.1200.02-1-E16" ROLE="Arg-1"/>
  <relation_argument REFID="CNN_LE_20030504.1200.02-1-E38" ROLE="Arg-2"/>
  <relation_mention ID="CNN_LE_20030504.1200.02-1-R12-1" LEXICALCONDITION="Preposition">
    <extent>
      <charseq START="1042" END="1097">people knowledgeable in the country as to where they are</charseq>
    </extent>
    <relation_mention_argument REFID="CNN_LE_20030504.1200.02-1-E16-30" ROLE="Arg-1">
      <extent>
        <charseq START="1042" END="1097">people knowledgeable in the country as to where they are</charseq>
      </extent>
    </relation_mention_argument>
    <relation_mention_argument REFID="CNN_LE_20030504.1200.02-1-E38-31" ROLE="Arg-2">
      <extent>
        <charseq START="1066" END="1076">the country</charseq>
      </extent>
    </relation_mention_argument>
  </relation_mention>
</relation>
<relation ID="CNN_LE_20030504.1200.02-1-R13" TYPE="ORG-AFF" SUBTYPE="Employment" TENSE="Unspecified" MODALITY="Asserted">
  <relation_argument REFID="CNN_LE_20030504.1200.02-1-E19" ROLE="Arg-1"/>
  <relation_argument REFID="CNN_LE_20030504.1200.02-1-E20" ROLE="Arg-2"/>
  <relation_mention ID="CNN_LE_20030504.1200.02-1-R13-1" LEXICALCONDITION="PreMod">
    <extent>
      <charseq START="1498" END="1515">Russian scientists</charseq>
    </extent>
    <relation_mention_argument REFID="CNN_LE_20030504.1200.02-1-E19-41" ROLE="Arg-1">
      <extent>
        <charseq START="1498" END="1515">Russian scientists</charseq>
      </extent>
    </relation_mention_argument>
    <relation_mention_argument REFID="CNN_LE_20030504.1200.02-1-E20-42" ROLE="Arg-2">
      <extent>
        <charseq START="1498" END="1504">Russian</charseq>
      </extent>
    </relation_mention_argument>
  </relation_mention>
</relation>
<relation ID="CNN_LE_20030504.1200.02-1-R14" TYPE="ART" SUBTYPE="User-Owner-Inventor-Manufacturer" TENSE="Past" MODALITY="Asserted">
  <relation_argument REFID="CNN_LE_20030504.1200.02-1-E38" ROLE="Arg-1"/>
  <relation_argument REFID="CNN_LE_20030504.1200.02-1-E11" ROLE="Arg-2"/>
  <relation_argument REFID="CNN_LE_20030504.1200.02-1-T5" ROLE="Time-Within"/>
  <relation_argument REFID="CNN_LE_20030504.1200.02-1-T6" ROLE="Time-Within"/>
  <relation_argument REFID="CNN_LE_20030504.1200.02-1-T4" ROLE="Time-Within"/>
  <relation_mention ID="CNN_LE_20030504.1200.02-1-R14-1" LEXICALCONDITION="Verbal">
    <extent>
      <charseq START="2228" END="2440">Well, you know, they've used it in the past, and I think the point that
Senator Lugar just made -- certainly having the intellectual capacity to
do this was proven already by the fact they've used them in the past</charseq>
    </extent>
    <relation_mention_argument REFID="CNN_LE_20030504.1200.02-1-E38-67" ROLE="Arg-1">
      <extent>
        <charseq START="2244" END="2247">they</charseq>
      </extent>
    </relation_mention_argument>
    <relation_mention_argument REFID="CNN_LE_20030504.1200.02-1-E11-68" ROLE="Arg-2">
      <extent>
        <charseq START="2257" END="2258">it</charseq>
      </extent>
    </relation_mention_argument>
    <relation_mention_argument REFID="CNN_LE_20030504.1200.02-1-T5-1" ROLE="Time-Within">
      <extent>
        <charseq START="2263" END="2270">the past</charseq>
      </extent>
    </relation_mention_argument>
  </relation_mention>
  <relation_mention ID="CNN_LE_20030504.1200.02-1-R14-2" LEXICALCONDITION="Verbal">
    <extent>
      <charseq START="2228" END="2440">Well, you know, they've used it in the past, and I think the point that
Senator Lugar just made -- certainly having the intellectual capacity to
do this was proven already by the fact they've used them in the past</charseq>
    </extent>
    <relation_mention_argument REFID="CNN_LE_20030504.1200.02-1-E38-72" ROLE="Arg-1">
      <extent>
        <charseq START="2412" END="2415">they</charseq>
      </extent>
    </relation_mention_argument>
    <relation_mention_argument REFID="CNN_LE_20030504.1200.02-1-E11-73" ROLE="Arg-2">
      <extent>
        <charseq START="2425" END="2428">them</charseq>
      </extent>
    </relation_mention_argument>
    <relation_mention_argument REFID="CNN_LE_20030504.1200.02-1-T6-1" ROLE="Time-Within">
      <extent>
        <charseq START="2433" END="2440">the past</charseq>
      </extent>
    </relation_mention_argument>
  </relation_mention>
  <relation_mention ID="CNN_LE_20030504.1200.02-1-R14-3" LEXICALCONDITION="Verbal">
    <extent>
      <charseq START="1740" END="1785">And certainly, they have used them in
the past</charseq>
    </extent>
    <relation_mention_argument REFID="CNN_LE_20030504.1200.02-1-E38-52" ROLE="Arg-1">
      <extent>
        <charseq START="1755" END="1758">they</charseq>
      </extent>
    </relation_mention_argument>
    <relation_mention_argument REFID="CNN_LE_20030504.1200.02-1-E11-53" ROLE="Arg-2">
      <extent>
        <charseq START="1770" END="1773">them</charseq>
      </extent>
    </relation_mention_argument>
    <relation_mention_argument REFID="CNN_LE_20030504.1200.02-1-T4-1" ROLE="Time-Within">
      <extent>
        <charseq START="1778" END="1785">the past</charseq>
      </extent>
    </relation_mention_argument>
  </relation_mention>
</relation>
<relation ID="CNN_LE_20030504.1200.02-1-R15" TYPE="ART" SUBTYPE="User-Owner-Inventor-Manufacturer" TENSE="Unspecified" MODALITY="Asserted">
  <relation_argument REFID="CNN_LE_20030504.1200.02-1-E30" ROLE="Arg-1"/>
  <relation_argument REFID="CNN_LE_20030504.1200.02-1-E33" ROLE="Arg-2"/>
  <relation_mention ID="CNN_LE_20030504.1200.02-1-R15-1" LEXICALCONDITION="Preposition">
    <extent>
      <charseq START="2527" END="2582">a producer and a user of biological and chemical weapons</charseq>
    </extent>
    <relation_mention_argument REFID="CNN_LE_20030504.1200.02-1-E30-77" ROLE="Arg-1">
      <extent>
        <charseq START="2527" END="2582">a producer and a user of biological and chemical weapons</charseq>
      </extent>
    </relation_mention_argument>
    <relation_mention_argument REFID="CNN_LE_20030504.1200.02-1-E33-78" ROLE="Arg-2">
      <extent>
        <charseq START="2552" END="2582">biological and chemical weapons</charseq>
      </extent>
    </relation_mention_argument>
  </relation_mention>
</relation>
<relation ID="CNN_LE_20030504.1200.02-1-R16" TYPE="ORG-AFF" SUBTYPE="Founder" TENSE="Unspecified" MODALITY="Asserted">
  <relation_argument REFID="CNN_LE_20030504.1200.02-1-E42" ROLE="Arg-1"/>
  <relation_argument REFID="CNN_LE_20030504.1200.02-1-E44" ROLE="Arg-2"/>
  <relation_mention ID="CNN_LE_20030504.1200.02-1-R16-1" LEXICALCONDITION="Possessive">
    <extent>
      <charseq START="3735" END="3771">his
cellular network around the world</charseq>
    </extent>
    <relation_mention_argument REFID="CNN_LE_20030504.1200.02-1-E42-116" ROLE="Arg-1">
      <extent>
        <charseq START="3735" END="3737">his</charseq>
      </extent>
    </relation_mention_argument>
    <relation_mention_argument REFID="CNN_LE_20030504.1200.02-1-E44-117" ROLE="Arg-2">
      <extent>
        <charseq START="3735" END="3771">his
cellular network around the world</charseq>
      </extent>
    </relation_mention_argument>
  </relation_mention>
</relation>
<relation ID="CNN_LE_20030504.1200.02-1-R17" TYPE="GEN-AFF" SUBTYPE="Org-Location" TENSE="Unspecified" MODALITY="Asserted">
  <relation_argument REFID="CNN_LE_20030504.1200.02-1-E44" ROLE="Arg-1"/>
  <relation_argument REFID="CNN_LE_20030504.1200.02-1-E34" ROLE="Arg-2"/>
  <relation_mention ID="CNN_LE_20030504.1200.02-1-R17-1" LEXICALCONDITION="Preposition">
    <extent>
      <charseq START="3735" END="3771">his
cellular network around the world</charseq>
    </extent>
    <relation_mention_argument REFID="CNN_LE_20030504.1200.02-1-E44-117" ROLE="Arg-1">
      <extent>
        <charseq START="3735" END="3771">his
cellular network around the world</charseq>
      </extent>
    </relation_mention_argument>
    <relation_mention_argument REFID="CNN_LE_20030504.1200.02-1-E34-118" ROLE="Arg-2">
      <extent>
        <charseq START="3763" END="3771">the world</charseq>
      </extent>
    </relation_mention_argument>
  </relation_mention>
</relation>
<relation ID="CNN_LE_20030504.1200.02-1-R18" TYPE="ART" SUBTYPE="User-Owner-Inventor-Manufacturer" TENSE="Past" MODALITY="Asserted">
  <relation_argument REFID="CNN_LE_20030504.1200.02-1-E18" ROLE="Arg-1"/>
  <relation_argument REFID="CNN_LE_20030504.1200.02-1-E52" ROLE="Arg-2"/>
  <relation_argument REFID="CNN_LE_20030504.1200.02-1-T2" ROLE="Time-Within"/>
  <relation_mention ID="CNN_LE_20030504.1200.02-1-R18-1" LEXICALCONDITION="Participial">
    <extent>
      <charseq START="198" END="254">President Bush aboard the USS Abraham Lincoln on Thursday</charseq>
    </extent>
    <relation_mention_argument REFID="CNN_LE_20030504.1200.02-1-E18-1" ROLE="Arg-1">
      <extent>
        <charseq START="198" END="211">President Bush</charseq>
      </extent>
    </relation_mention_argument>
    <relation_mention_argument REFID="CNN_LE_20030504.1200.02-1-E52-136" ROLE="Arg-2">
      <extent>
        <charseq START="220" END="242">the USS Abraham Lincoln</charseq>
      </extent>
    </relation_mention_argument>
    <relation_mention_argument REFID="CNN_LE_20030504.1200.02-1-T2-1" ROLE="Time-Within">
      <extent>
        <charseq START="247" END="254">Thursday</charseq>
      </extent>
    </relation_mention_argument>
  </relation_mention>
</relation>
<relation ID="CNN_LE_20030504.1200.02-1-R19" TYPE="PHYS" SUBTYPE="Located" TENSE="Unspecified" MODALITY="Asserted">
  <relation_argument REFID="CNN_LE_20030504.1200.02-1-E1" ROLE="Arg-1"/>
  <relation_argument REFID="CNN_LE_20030504.1200.02-1-E62" ROLE="Arg-2"/>
  <relation_mention ID="CNN_LE_20030504.1200.02-1-R19-1" LEXICALCONDITION="Preposition">
    <extent>
      <charseq START="461" END="548">In his home state of
Indiana, the committee's chairman, Republican Senator Richard Lugar</charseq>
    </extent>
    <relation_mention_argument REFID="CNN_LE_20030504.1200.02-1-E1-152" ROLE="Arg-1">
      <extent>
        <charseq START="491" END="514">the committee's chairman</charseq>
      </extent>
    </relation_mention_argument>
    <relation_mention_argument REFID="CNN_LE_20030504.1200.02-1-E62-149" ROLE="Arg-2">
      <extent>
        <charseq START="464" END="488">his home state of
Indiana</charseq>
      </extent>
    </relation_mention_argument>
  </relation_mention>
</relation>
<event ID="CNN_LE_20030504.1200.02-1-EV1" TYPE="Conflict" SUBTYPE="Attack" MODALITY="Asserted" POLARITY="Positive" GENERICITY="Generic" TENSE="Past">
  <event_argument REFID="CNN_LE_20030504.1200.02-1-E38" ROLE="Attacker"/>
  <event_argument REFID="CNN_LE_20030504.1200.02-1-E11" ROLE="Instrument"/>
  <event_argument REFID="CNN_LE_20030504.1200.02-1-T4" ROLE="Time-Within"/>
  <event_argument REFID="CNN_LE_20030504.1200.02-1-T6" ROLE="Time-Within"/>
  <event_argument REFID="CNN_LE_20030504.1200.02-1-T5" ROLE="Time-Within"/>
  <event_mention ID="CNN_LE_20030504.1200.02-1-EV1-1">
    <extent>
      <charseq START="1755" END="1785">they have used them in
the past</charseq>
    </extent>
    <ldc_scope>
      <charseq START="1740" END="1785">And certainly, they have used them in
the past</charseq>
    </ldc_scope>
    <anchor>
      <charseq START="1765" END="1768">used</charseq>
    </anchor>
    <event_mention_argument REFID="CNN_LE_20030504.1200.02-1-E38-52" ROLE="Attacker">
      <extent>
        <charseq START="1755" END="1758">they</charseq>
      </extent>
    </event_mention_argument>
    <event_mention_argument REFID="CNN_LE_20030504.1200.02-1-E11-53" ROLE="Instrument">
      <extent>
        <charseq START="1770" END="1773">them</charseq>
      </extent>
    </event_mention_argument>
    <event_mention_argument REFID="CNN_LE_20030504.1200.02-1-T4-1" ROLE="Time-Within">
      <extent>
        <charseq START="1778" END="1785">the past</charseq>
      </extent>
    </event_mention_argument>
  </event_mention>
  <event_mention ID="CNN_LE_20030504.1200.02-1-EV1-2">
    <extent>
      <charseq START="2412" END="2440">they've used them in the past</charseq>
    </extent>
    <ldc_scope>
      <charseq START="2228" END="2440">Well, you know, they've used it in the past, and I think the point that
Senator Lugar just made -- certainly having the intellectual capacity to
do this was proven already by the fact they've used them in the past</charseq>
    </ldc_scope>
    <anchor>
      <charseq START="2420" END="2423">used</charseq>
    </anchor>
    <event_mention_argument REFID="CNN_LE_20030504.1200.02-1-E38-72" ROLE="Attacker">
      <extent>
        <charseq START="2412" END="2415">they</charseq>
      </extent>
    </event_mention_argument>
    <event_mention_argument REFID="CNN_LE_20030504.1200.02-1-E11-73" ROLE="Instrument">
      <extent>
        <charseq START="2425" END="2428">them</charseq>
      </extent>
    </event_mention_argument>
    <event_mention_argument REFID="CNN_LE_20030504.1200.02-1-T6-1" ROLE="Time-Within">
      <extent>
        <charseq START="2433" END="2440">the past</charseq>
      </extent>
    </event_mention_argument>
  </event_mention>
  <event_mention ID="CNN_LE_20030504.1200.02-1-EV1-3">
    <extent>
      <charseq START="2244" END="2440">they've used it in the past, and I think the point that
Senator Lugar just made -- certainly having the intellectual capacity to
do this was proven already by the fact they've used them in the past</charseq>
    </extent>
    <ldc_scope>
      <charseq START="2228" END="2440">Well, you know, they've used it in the past, and I think the point that
Senator Lugar just made -- certainly having the intellectual capacity to
do this was proven already by the fact they've used them in the past</charseq>
    </ldc_scope>
    <anchor>
      <charseq START="2252" END="2255">used</charseq>
    </anchor>
    <event_mention_argument REFID="CNN_LE_20030504.1200.02-1-E38-67" ROLE="Attacker">
      <extent>
        <charseq START="2244" END="2247">they</charseq>
      </extent>
    </event_mention_argument>
    <event_mention_argument REFID="CNN_LE_20030504.1200.02-1-E38-72" ROLE="Attacker">
      <extent>
        <charseq START="2412" END="2415">they</charseq>
      </extent>
    </event_mention_argument>
    <event_mention_argument REFID="CNN_LE_20030504.1200.02-1-E11-68" ROLE="Instrument">
      <extent>
        <charseq START="2257" END="2258">it</charseq>
      </extent>
    </event_mention_argument>
    <event_mention_argument REFID="CNN_LE_20030504.1200.02-1-E11-73" ROLE="Instrument">
      <extent>
        <charseq START="2425" END="2428">them</charseq>
      </extent>
    </event_mention_argument>
    <event_mention_argument REFID="CNN_LE_20030504.1200.02-1-T5-1" ROLE="Time-Within">
      <extent>
        <charseq START="2263" END="2270">the past</charseq>
      </extent>
    </event_mention_argument>
    <event_mention_argument REFID="CNN_LE_20030504.1200.02-1-T6-1" ROLE="Time-Within">
      <extent>
        <charseq START="2433" END="2440">the past</charseq>
      </extent>
    </event_mention_argument>
  </event_mention>
</event>
<event ID="CNN_LE_20030504.1200.02-1-EV2" TYPE="Conflict" SUBTYPE="Attack" MODALITY="Asserted" POLARITY="Positive" GENERICITY="Specific" TENSE="Unspecified">
  <event_argument REFID="CNN_LE_20030504.1200.02-1-E59" ROLE="Attacker"/>
  <event_argument REFID="CNN_LE_20030504.1200.02-1-E16" ROLE="Target"/>
  <event_argument REFID="CNN_LE_20030504.1200.02-1-E39" ROLE="Target"/>
  <event_argument REFID="CNN_LE_20030504.1200.02-1-E40" ROLE="Target"/>
  <event_mention ID="CNN_LE_20030504.1200.02-1-EV2-1">
    <extent>
      <charseq START="3164" END="3315">war against terrorism that we rout out
whatever is there and, likewise, the people involved, because they might
help supply al Qaeda or other terrorists</charseq>
    </extent>
    <ldc_scope>
      <charseq START="3142" END="3331">It's important in the war against terrorism that we rout out
whatever is there and, likewise, the people involved, because they might
help supply al Qaeda or other terrorists along the trail</charseq>
    </ldc_scope>
    <anchor>
      <charseq START="3164" END="3166">war</charseq>
    </anchor>
    <event_mention_argument REFID="CNN_LE_20030504.1200.02-1-E59-99" ROLE="Attacker">
      <extent>
        <charseq START="3191" END="3192">we</charseq>
      </extent>
    </event_mention_argument>
    <event_mention_argument REFID="CNN_LE_20030504.1200.02-1-E16-100" ROLE="Target">
      <extent>
        <charseq START="3236" END="3254">the people involved</charseq>
      </extent>
    </event_mention_argument>
    <event_mention_argument REFID="CNN_LE_20030504.1200.02-1-E16-101" ROLE="Target">
      <extent>
        <charseq START="3265" END="3268">they</charseq>
      </extent>
    </event_mention_argument>
    <event_mention_argument REFID="CNN_LE_20030504.1200.02-1-E39-102" ROLE="Target">
      <extent>
        <charseq START="3288" END="3295">al Qaeda</charseq>
      </extent>
    </event_mention_argument>
    <event_mention_argument REFID="CNN_LE_20030504.1200.02-1-E40-103" ROLE="Target">
      <extent>
        <charseq START="3300" END="3315">other terrorists</charseq>
      </extent>
    </event_mention_argument>
  </event_mention>
</event>
<event ID="CNN_LE_20030504.1200.02-1-EV3" TYPE="Conflict" SUBTYPE="Attack" MODALITY="Asserted" POLARITY="Positive" GENERICITY="Generic" TENSE="Unspecified">
  <event_argument REFID="CNN_LE_20030504.1200.02-1-E39" ROLE="Attacker"/>
  <event_mention ID="CNN_LE_20030504.1200.02-1-EV3-1">
    <extent>
      <charseq START="3787" END="3822">al Qaeda and
international terrorism</charseq>
    </extent>
    <ldc_scope>
      <charseq START="3639" END="3822">If he is alive, obviously, he
doesn't pose the kind of threat that an Osama bin Laden does with his
cellular network around the world to reactivate al Qaeda and
international terrorism</charseq>
    </ldc_scope>
    <anchor>
      <charseq START="3814" END="3822">terrorism</charseq>
    </anchor>
    <event_mention_argument REFID="CNN_LE_20030504.1200.02-1-E39-119" ROLE="Attacker">
      <extent>
        <charseq START="3787" END="3794">al Qaeda</charseq>
      </extent>
    </event_mention_argument>
  </event_mention>
</event>
<event ID="CNN_LE_20030504.1200.02-1-EV4" TYPE="Justice" SUBTYPE="Arrest-Jail" MODALITY="Other" POLARITY="Positive" GENERICITY="Specific" TENSE="Unspecified">
  <event_argument REFID="CNN_LE_20030504.1200.02-1-E30" ROLE="Person"/>
  <event_argument REFID="CNN_LE_20030504.1200.02-1-E59" ROLE="Agent"/>
  <event_mention ID="CNN_LE_20030504.1200.02-1-EV4-1">
    <extent>
      <charseq START="3913" END="3925">apprehend him</charseq>
    </extent>
    <ldc_scope>
      <charseq START="3877" END="3965">It would be, certainly, to know, to apprehend him, to bring him
before a court of justice</charseq>
    </ldc_scope>
    <anchor>
      <charseq START="3913" END="3921">apprehend</charseq>
    </anchor>
    <event_mention_argument REFID="CNN_LE_20030504.1200.02-1-E30-122" ROLE="Person">
      <extent>
        <charseq START="3923" END="3925">him</charseq>
      </extent>
    </event_mention_argument>
  </event_mention>
  <event_mention ID="CNN_LE_20030504.1200.02-1-EV4-2">
    <extent>
      <charseq START="4057" END="4072">we apprehend him</charseq>
    </extent>
    <ldc_scope>
      <charseq START="3968" END="4105">But I don't think it's absolutely critical for
the ultimate success of this mission that we apprehend him or find out
what happened to him</charseq>
    </ldc_scope>
    <anchor>
      <charseq START="4060" END="4068">apprehend</charseq>
    </anchor>
    <event_mention_argument REFID="CNN_LE_20030504.1200.02-1-E30-127" ROLE="Person">
      <extent>
        <charseq START="4070" END="4072">him</charseq>
      </extent>
    </event_mention_argument>
    <event_mention_argument REFID="CNN_LE_20030504.1200.02-1-E59-126" ROLE="Agent">
      <extent>
        <charseq START="4057" END="4058">we</charseq>
      </extent>
    </event_mention_argument>
  </event_mention>
</event>
<event ID="CNN_LE_20030504.1200.02-1-EV5" TYPE="Justice" SUBTYPE="Charge-Indict" MODALITY="Other" POLARITY="Positive" GENERICITY="Specific" TENSE="Unspecified">
  <event_argument REFID="CNN_LE_20030504.1200.02-1-E46" ROLE="Adjudicator"/>
  <event_argument REFID="CNN_LE_20030504.1200.02-1-E30" ROLE="Defendant"/>
  <event_mention ID="CNN_LE_20030504.1200.02-1-EV5-1">
    <extent>
      <charseq START="3931" END="3965">bring him
before a court of justice</charseq>
    </extent>
    <ldc_scope>
      <charseq START="3877" END="3965">It would be, certainly, to know, to apprehend him, to bring him
before a court of justice</charseq>
    </ldc_scope>
    <anchor>
      <charseq START="3931" END="3935">bring</charseq>
    </anchor>
    <event_mention_argument REFID="CNN_LE_20030504.1200.02-1-E46-124" ROLE="Adjudicator">
      <extent>
        <charseq START="3948" END="3965">a court of justice</charseq>
      </extent>
    </event_mention_argument>
    <event_mention_argument REFID="CNN_LE_20030504.1200.02-1-E30-123" ROLE="Defendant">
      <extent>
        <charseq START="3937" END="3939">him</charseq>
      </extent>
    </event_mention_argument>
  </event_mention>
</event>
<event ID="CNN_LE_20030504.1200.02-1-EV6" TYPE="Conflict" SUBTYPE="Attack" MODALITY="Other" POLARITY="Positive" GENERICITY="Generic" TENSE="Unspecified">
  <event_mention ID="CNN_LE_20030504.1200.02-1-EV6-1">
    <extent>
      <charseq START="3176" END="3184">terrorism</charseq>
    </extent>
    <ldc_scope>
      <charseq START="3142" END="3331">It's important in the war against terrorism that we rout out
whatever is there and, likewise, the people involved, because they might
help supply al Qaeda or other terrorists along the trail</charseq>
    </ldc_scope>
    <anchor>
      <charseq START="3176" END="3184">terrorism</charseq>
    </anchor>
  </event_mention>
</event>
</document>
</source_file>
