<?xml version="1.0"?>
<!DOCTYPE source_file SYSTEM "apf.v5.1.1.dtd">
<source_file URI="CNN_IP_20030414.1600.04.sgm" SOURCE="broadcast conversation" TYPE="text" AUTHOR="LDC" ENCODING="UTF-8">
<document DOCID="CNN_IP_20030414.1600.04">
<entity ID="CNN_IP_20030414.1600.04-E1" TYPE="GPE" SUBTYPE="Population-Center" CLASS="SPC">
  <entity_mention ID="CNN_IP_20030414.1600.04-E1-2" TYPE="NAM" LDCTYPE="NAM" ROLE="LOC">
    <extent>
      <charseq START="557" END="563">Karbala</charseq>
    </extent>
    <head>
      <charseq START="557" END="563">Karbala</charseq>
    </head>
  </entity_mention>
  <entity_attributes>
    <name NAME="Karbala">
      <charseq START="557" END="563">Karbala</charseq>
    </name>
  </entity_attributes>
</entity>
<entity ID="CNN_IP_20030414.1600.04-E2" TYPE="FAC" SUBTYPE="Building-Grounds" CLASS="SPC">
  <entity_mention ID="CNN_IP_20030414.1600.04-E2-3" TYPE="PRO" LDCTYPE="PTV">
    <extent>
      <charseq START="566" END="587">each
of the structures</charseq>
    </extent>
    <head>
      <charseq START="566" END="569">each</charseq>
    </head>
  </entity_mention>
</entity>
<entity ID="CNN_IP_20030414.1600.04-E3" TYPE="GPE" SUBTYPE="Nation" CLASS="SPC">
  <entity_mention ID="CNN_IP_20030414.1600.04-E3-5" TYPE="NAM" LDCTYPE="NAMPRE" ROLE="GPE" LDCATR="TRUE">
    <extent>
      <charseq START="684" END="686">U.S</charseq>
    </extent>
    <head>
      <charseq START="684" END="686">U.S</charseq>
    </head>
  </entity_mention>
  <entity_mention ID="CNN_IP_20030414.1600.04-E3-41" TYPE="NAM" LDCTYPE="NAMPRE" ROLE="GPE" LDCATR="TRUE">
    <extent>
      <charseq START="1586" END="1588">U.S</charseq>
    </extent>
    <head>
      <charseq START="1586" END="1588">U.S</charseq>
    </head>
  </entity_mention>
  <entity_attributes>
    <name NAME="U.S">
      <charseq START="684" END="686">U.S</charseq>
    </name>
    <name NAME="U.S">
      <charseq START="1586" END="1588">U.S</charseq>
    </name>
  </entity_attributes>
</entity>
<entity ID="CNN_IP_20030414.1600.04-E4" TYPE="GPE" SUBTYPE="Population-Center" CLASS="SPC">
  <entity_mention ID="CNN_IP_20030414.1600.04-E4-6" TYPE="NAM" LDCTYPE="NAM" ROLE="GPE" LDCATR="FALSE">
    <extent>
      <charseq START="757" END="763">Baghdad</charseq>
    </extent>
    <head>
      <charseq START="757" END="763">Baghdad</charseq>
    </head>
  </entity_mention>
  <entity_mention ID="CNN_IP_20030414.1600.04-E4-7" TYPE="NOM" LDCTYPE="NOM" ROLE="GPE" LDCATR="FALSE">
    <extent>
      <charseq START="768" END="837">a city where drinking water and working telephones are
hot commodities</charseq>
    </extent>
    <head>
      <charseq START="770" END="773">city</charseq>
    </head>
  </entity_mention>
  <entity_mention ID="CNN_IP_20030414.1600.04-E4-8" TYPE="PRO" LDCTYPE="WHQ" ROLE="GPE" LDCATR="TRUE">
    <extent>
      <charseq START="775" END="779">where</charseq>
    </extent>
    <head>
      <charseq START="775" END="779">where</charseq>
    </head>
  </entity_mention>
  <entity_mention ID="CNN_IP_20030414.1600.04-E4-9" TYPE="NOM" LDCTYPE="NOM" ROLE="LOC" LDCATR="FALSE">
    <extent>
      <charseq START="891" END="898">the
city</charseq>
    </extent>
    <head>
      <charseq START="895" END="898">city</charseq>
    </head>
  </entity_mention>
  <entity_mention ID="CNN_IP_20030414.1600.04-E4-13" TYPE="NOM" LDCTYPE="NOM" ROLE="LOC" LDCATR="FALSE">
    <extent>
      <charseq START="991" END="1007">the Iraqi capital</charseq>
    </extent>
    <head>
      <charseq START="1001" END="1007">capital</charseq>
    </head>
  </entity_mention>
  <entity_mention ID="CNN_IP_20030414.1600.04-E4-52" TYPE="NAM" LDCTYPE="NAM" ROLE="LOC" LDCATR="FALSE">
    <extent>
      <charseq START="1822" END="1828">Baghdad</charseq>
    </extent>
    <head>
      <charseq START="1822" END="1828">Baghdad</charseq>
    </head>
  </entity_mention>
  <entity_mention ID="CNN_IP_20030414.1600.04-E4-56" TYPE="NAM" LDCTYPE="NAM" ROLE="LOC" LDCATR="FALSE">
    <extent>
      <charseq START="1975" END="1981">Baghdad</charseq>
    </extent>
    <head>
      <charseq START="1975" END="1981">Baghdad</charseq>
    </head>
  </entity_mention>
  <entity_mention ID="CNN_IP_20030414.1600.04-E4-97" TYPE="NAM" LDCTYPE="NAM" ROLE="LOC" LDCATR="FALSE">
    <extent>
      <charseq START="2722" END="2728">Baghdad</charseq>
    </extent>
    <head>
      <charseq START="2722" END="2728">Baghdad</charseq>
    </head>
  </entity_mention>
  <entity_attributes>
    <name NAME="Baghdad">
      <charseq START="757" END="763">Baghdad</charseq>
    </name>
    <name NAME="Baghdad">
      <charseq START="1822" END="1828">Baghdad</charseq>
    </name>
    <name NAME="Baghdad">
      <charseq START="1975" END="1981">Baghdad</charseq>
    </name>
    <name NAME="Baghdad">
      <charseq START="2722" END="2728">Baghdad</charseq>
    </name>
  </entity_attributes>
</entity>
<entity ID="CNN_IP_20030414.1600.04-E7" TYPE="PER" SUBTYPE="Group" CLASS="SPC">
  <entity_mention ID="CNN_IP_20030414.1600.04-E7-10" TYPE="PRO" LDCTYPE="PRO">
    <extent>
      <charseq START="901" END="902">we</charseq>
    </extent>
    <head>
      <charseq START="901" END="902">we</charseq>
    </head>
  </entity_mention>
</entity>
<entity ID="CNN_IP_20030414.1600.04-E8" TYPE="PER" SUBTYPE="Individual" CLASS="SPC">
  <entity_mention ID="CNN_IP_20030414.1600.04-E8-12" TYPE="NAM" LDCTYPE="NAM">
    <extent>
      <charseq START="962" END="976">CNN's
Rula Amin</charseq>
    </extent>
    <head>
      <charseq START="968" END="976">Rula Amin</charseq>
    </head>
  </entity_mention>
  <entity_mention ID="CNN_IP_20030414.1600.04-E8-95" TYPE="NAM" LDCTYPE="NAM">
    <extent>
      <charseq START="2706" END="2714">Rula Amin</charseq>
    </extent>
    <head>
      <charseq START="2706" END="2714">Rula Amin</charseq>
    </head>
  </entity_mention>
  <entity_mention ID="CNN_IP_20030414.1600.04-E8-98" TYPE="NAM" LDCTYPE="NAM">
    <extent>
      <charseq START="2844" END="2847">Rula</charseq>
    </extent>
    <head>
      <charseq START="2844" END="2847">Rula</charseq>
    </head>
  </entity_mention>
  <entity_attributes>
    <name NAME="Rula Amin">
      <charseq START="968" END="976">Rula Amin</charseq>
    </name>
    <name NAME="Rula Amin">
      <charseq START="2706" END="2714">Rula Amin</charseq>
    </name>
    <name NAME="Rula">
      <charseq START="2844" END="2847">Rula</charseq>
    </name>
  </entity_attributes>
</entity>
<entity ID="CNN_IP_20030414.1600.04-E9" TYPE="GPE" SUBTYPE="Nation" CLASS="SPC">
  <entity_mention ID="CNN_IP_20030414.1600.04-E9-14" TYPE="NAM" LDCTYPE="NAMPRE" ROLE="GPE">
    <extent>
      <charseq START="995" END="999">Iraqi</charseq>
    </extent>
    <head>
      <charseq START="995" END="999">Iraqi</charseq>
    </head>
  </entity_mention>
  <entity_attributes>
    <name NAME="Iraqi">
      <charseq START="995" END="999">Iraqi</charseq>
    </name>
  </entity_attributes>
</entity>
<entity ID="CNN_IP_20030414.1600.04-E10" TYPE="PER" SUBTYPE="Group" CLASS="SPC">
  <entity_mention ID="CNN_IP_20030414.1600.04-E10-15" TYPE="PRO" LDCTYPE="PRO">
    <extent>
      <charseq START="1074" END="1077">They</charseq>
    </extent>
    <head>
      <charseq START="1074" END="1077">They</charseq>
    </head>
  </entity_mention>
  <entity_mention ID="CNN_IP_20030414.1600.04-E10-16" TYPE="PRO" LDCTYPE="PRO">
    <extent>
      <charseq START="1119" END="1122">they</charseq>
    </extent>
    <head>
      <charseq START="1119" END="1122">they</charseq>
    </head>
  </entity_mention>
  <entity_mention ID="CNN_IP_20030414.1600.04-E10-19" TYPE="PRO" LDCTYPE="PRO">
    <extent>
      <charseq START="1177" END="1180">They</charseq>
    </extent>
    <head>
      <charseq START="1177" END="1180">They</charseq>
    </head>
  </entity_mention>
  <entity_mention ID="CNN_IP_20030414.1600.04-E10-20" TYPE="PRO" LDCTYPE="PRO">
    <extent>
      <charseq START="1208" END="1212">their</charseq>
    </extent>
    <head>
      <charseq START="1208" END="1212">their</charseq>
    </head>
  </entity_mention>
  <entity_mention ID="CNN_IP_20030414.1600.04-E10-23" TYPE="PRO" LDCTYPE="PRO">
    <extent>
      <charseq START="1250" END="1251">We</charseq>
    </extent>
    <head>
      <charseq START="1250" END="1251">We</charseq>
    </head>
  </entity_mention>
  <entity_mention ID="CNN_IP_20030414.1600.04-E10-25" TYPE="PRO" LDCTYPE="PRO">
    <extent>
      <charseq START="1288" END="1291">they</charseq>
    </extent>
    <head>
      <charseq START="1288" END="1291">they</charseq>
    </head>
  </entity_mention>
  <entity_mention ID="CNN_IP_20030414.1600.04-E10-28" TYPE="PRO" LDCTYPE="PRO">
    <extent>
      <charseq START="1351" END="1354">they</charseq>
    </extent>
    <head>
      <charseq START="1351" END="1354">they</charseq>
    </head>
  </entity_mention>
  <entity_mention ID="CNN_IP_20030414.1600.04-E10-38" TYPE="PRO" LDCTYPE="PRO">
    <extent>
      <charseq START="1539" END="1540">us</charseq>
    </extent>
    <head>
      <charseq START="1539" END="1540">us</charseq>
    </head>
  </entity_mention>
  <entity_mention ID="CNN_IP_20030414.1600.04-E10-89" TYPE="PRO" LDCTYPE="PRO">
    <extent>
      <charseq START="2587" END="2590">they</charseq>
    </extent>
    <head>
      <charseq START="2587" END="2590">they</charseq>
    </head>
  </entity_mention>
  <entity_mention ID="CNN_IP_20030414.1600.04-E10-94" TYPE="PRO" LDCTYPE="PRO">
    <extent>
      <charseq START="2692" END="2696">their</charseq>
    </extent>
    <head>
      <charseq START="2692" END="2696">their</charseq>
    </head>
  </entity_mention>
  <entity_mention ID="CNN_IP_20030414.1600.04-E10-108" TYPE="PRO" LDCTYPE="PRO">
    <extent>
      <charseq START="1984" END="1987">they</charseq>
    </extent>
    <head>
      <charseq START="1984" END="1987">they</charseq>
    </head>
  </entity_mention>
  <entity_mention ID="CNN_IP_20030414.1600.04-E10-109" TYPE="PRO" LDCTYPE="PRO">
    <extent>
      <charseq START="2055" END="2059">their</charseq>
    </extent>
    <head>
      <charseq START="2055" END="2059">their</charseq>
    </head>
  </entity_mention>
</entity>
<entity ID="CNN_IP_20030414.1600.04-E11" TYPE="PER" SUBTYPE="Group" CLASS="SPC">
  <entity_mention ID="CNN_IP_20030414.1600.04-E11-17" TYPE="PRO" LDCTYPE="PRO">
    <extent>
      <charseq START="1135" END="1136">us</charseq>
    </extent>
    <head>
      <charseq START="1135" END="1136">us</charseq>
    </head>
  </entity_mention>
  <entity_mention ID="CNN_IP_20030414.1600.04-E11-18" TYPE="PRO" LDCTYPE="PRO">
    <extent>
      <charseq START="1148" END="1150">our</charseq>
    </extent>
    <head>
      <charseq START="1148" END="1150">our</charseq>
    </head>
  </entity_mention>
  <entity_mention ID="CNN_IP_20030414.1600.04-E11-80" TYPE="PRO" LDCTYPE="PRO">
    <extent>
      <charseq START="2391" END="2392">We</charseq>
    </extent>
    <head>
      <charseq START="2391" END="2392">We</charseq>
    </head>
  </entity_mention>
  <entity_mention ID="CNN_IP_20030414.1600.04-E11-81" TYPE="PRO" LDCTYPE="PRO">
    <extent>
      <charseq START="2397" END="2399">our</charseq>
    </extent>
    <head>
      <charseq START="2397" END="2399">our</charseq>
    </head>
  </entity_mention>
  <entity_mention ID="CNN_IP_20030414.1600.04-E11-88" TYPE="PRO" LDCTYPE="PRO">
    <extent>
      <charseq START="2532" END="2533">We</charseq>
    </extent>
    <head>
      <charseq START="2532" END="2533">We</charseq>
    </head>
  </entity_mention>
  <entity_mention ID="CNN_IP_20030414.1600.04-E11-90" TYPE="PRO" LDCTYPE="PRO">
    <extent>
      <charseq START="2616" END="2617">we</charseq>
    </extent>
    <head>
      <charseq START="2616" END="2617">we</charseq>
    </head>
  </entity_mention>
  <entity_mention ID="CNN_IP_20030414.1600.04-E11-91" TYPE="PRO" LDCTYPE="PRO">
    <extent>
      <charseq START="2646" END="2647">we</charseq>
    </extent>
    <head>
      <charseq START="2646" END="2647">we</charseq>
    </head>
  </entity_mention>
  <entity_mention ID="CNN_IP_20030414.1600.04-E11-92" TYPE="PRO" LDCTYPE="PRO">
    <extent>
      <charseq START="2662" END="2664">our</charseq>
    </extent>
    <head>
      <charseq START="2662" END="2664">our</charseq>
    </head>
  </entity_mention>
  <entity_mention ID="CNN_IP_20030414.1600.04-E11-93" TYPE="PRO" LDCTYPE="PRO">
    <extent>
      <charseq START="2679" END="2680">we</charseq>
    </extent>
    <head>
      <charseq START="2679" END="2680">we</charseq>
    </head>
  </entity_mention>
  <entity_mention ID="CNN_IP_20030414.1600.04-E11-100" TYPE="PRO" LDCTYPE="PRO">
    <extent>
      <charseq START="2775" END="2778">they</charseq>
    </extent>
    <head>
      <charseq START="2775" END="2778">they</charseq>
    </head>
  </entity_mention>
</entity>
<entity ID="CNN_IP_20030414.1600.04-E12" TYPE="PER" SUBTYPE="Group" CLASS="SPC">
  <entity_mention ID="CNN_IP_20030414.1600.04-E12-21" TYPE="NOM" LDCTYPE="NOM">
    <extent>
      <charseq START="1208" END="1221">their
families</charseq>
    </extent>
    <head>
      <charseq START="1214" END="1221">families</charseq>
    </head>
  </entity_mention>
  <entity_mention ID="CNN_IP_20030414.1600.04-E12-22" TYPE="PRO" LDCTYPE="PRO">
    <extent>
      <charseq START="1243" END="1246">them</charseq>
    </extent>
    <head>
      <charseq START="1243" END="1246">them</charseq>
    </head>
  </entity_mention>
</entity>
<entity ID="CNN_IP_20030414.1600.04-E13" TYPE="PER" SUBTYPE="Individual" CLASS="SPC">
  <entity_mention ID="CNN_IP_20030414.1600.04-E13-24" TYPE="NOM" LDCTYPE="NOM">
    <extent>
      <charseq START="1270" END="1279">this woman</charseq>
    </extent>
    <head>
      <charseq START="1275" END="1279">woman</charseq>
    </head>
  </entity_mention>
</entity>
<entity ID="CNN_IP_20030414.1600.04-E14" TYPE="FAC" SUBTYPE="Building-Grounds" CLASS="SPC">
  <entity_mention ID="CNN_IP_20030414.1600.04-E14-26" TYPE="NOM" LDCTYPE="NOM">
    <extent>
      <charseq START="1306" END="1344">a restaurant where journalists hang out</charseq>
    </extent>
    <head>
      <charseq START="1308" END="1317">restaurant</charseq>
    </head>
  </entity_mention>
  <entity_mention ID="CNN_IP_20030414.1600.04-E14-27" TYPE="PRO" LDCTYPE="WHQ">
    <extent>
      <charseq START="1319" END="1323">where</charseq>
    </extent>
    <head>
      <charseq START="1319" END="1323">where</charseq>
    </head>
  </entity_mention>
</entity>
<entity ID="CNN_IP_20030414.1600.04-E15" TYPE="PER" SUBTYPE="Individual" CLASS="SPC">
  <entity_mention ID="CNN_IP_20030414.1600.04-E15-29" TYPE="NOM" LDCTYPE="NOM">
    <extent>
      <charseq START="1399" END="1409">this mother</charseq>
    </extent>
    <head>
      <charseq START="1404" END="1409">mother</charseq>
    </head>
  </entity_mention>
  <entity_mention ID="CNN_IP_20030414.1600.04-E15-30" TYPE="PRO" LDCTYPE="PRO">
    <extent>
      <charseq START="1412" END="1414">She</charseq>
    </extent>
    <head>
      <charseq START="1412" END="1414">She</charseq>
    </head>
  </entity_mention>
  <entity_mention ID="CNN_IP_20030414.1600.04-E15-31" TYPE="PRO" LDCTYPE="PRO">
    <extent>
      <charseq START="1430" END="1432">her</charseq>
    </extent>
    <head>
      <charseq START="1430" END="1432">her</charseq>
    </head>
  </entity_mention>
  <entity_mention ID="CNN_IP_20030414.1600.04-E15-39" TYPE="PRO" LDCTYPE="PRO">
    <extent>
      <charseq START="1544" END="1546">she</charseq>
    </extent>
    <head>
      <charseq START="1544" END="1546">she</charseq>
    </head>
  </entity_mention>
  <entity_mention ID="CNN_IP_20030414.1600.04-E15-82" TYPE="NOM" LDCTYPE="NOM">
    <extent>
      <charseq START="2433" END="2442">the mother</charseq>
    </extent>
    <head>
      <charseq START="2437" END="2442">mother</charseq>
    </head>
  </entity_mention>
  <entity_mention ID="CNN_IP_20030414.1600.04-E15-85" TYPE="NOM" LDCTYPE="NOM">
    <extent>
      <charseq START="2486" END="2495">the mother</charseq>
    </extent>
    <head>
      <charseq START="2490" END="2495">mother</charseq>
    </head>
  </entity_mention>
</entity>
<entity ID="CNN_IP_20030414.1600.04-E16" TYPE="PER" SUBTYPE="Individual" CLASS="SPC">
  <entity_mention ID="CNN_IP_20030414.1600.04-E16-33" TYPE="NOM" LDCTYPE="NOM" LDCATR="FALSE">
    <extent>
      <charseq START="1430" END="1450">her
pregnant daughter</charseq>
    </extent>
    <head>
      <charseq START="1443" END="1450">daughter</charseq>
    </head>
  </entity_mention>
  <entity_mention ID="CNN_IP_20030414.1600.04-E16-36" TYPE="PRO" LDCTYPE="PRO" LDCATR="FALSE">
    <extent>
      <charseq START="1482" END="1484">she</charseq>
    </extent>
    <head>
      <charseq START="1482" END="1484">she</charseq>
    </head>
  </entity_mention>
  <entity_mention ID="CNN_IP_20030414.1600.04-E16-37" TYPE="PRO" LDCTYPE="PRO" LDCATR="FALSE">
    <extent>
      <charseq START="1520" END="1522">her</charseq>
    </extent>
    <head>
      <charseq START="1520" END="1522">her</charseq>
    </head>
  </entity_mention>
  <entity_mention ID="CNN_IP_20030414.1600.04-E16-83" TYPE="NAM" LDCTYPE="NAM" LDCATR="FALSE">
    <extent>
      <charseq START="2445" END="2448">Saba</charseq>
    </extent>
    <head>
      <charseq START="2445" END="2448">Saba</charseq>
    </head>
  </entity_mention>
  <entity_mention ID="CNN_IP_20030414.1600.04-E16-84" TYPE="NAM" LDCTYPE="NAM" LDCATR="TRUE">
    <extent>
      <charseq START="1452" END="1455">Saba</charseq>
    </extent>
    <head>
      <charseq START="1452" END="1455">Saba</charseq>
    </head>
  </entity_mention>
  <entity_attributes>
    <name NAME="Saba">
      <charseq START="2445" END="2448">Saba</charseq>
    </name>
    <name NAME="Saba">
      <charseq START="1452" END="1455">Saba</charseq>
    </name>
  </entity_attributes>
</entity>
<entity ID="CNN_IP_20030414.1600.04-E17" TYPE="GPE" SUBTYPE="Nation" CLASS="SPC">
  <entity_mention ID="CNN_IP_20030414.1600.04-E17-35" TYPE="NAM" LDCTYPE="NAM" ROLE="LOC">
    <extent>
      <charseq START="1465" END="1470">Sweden</charseq>
    </extent>
    <head>
      <charseq START="1465" END="1470">Sweden</charseq>
    </head>
  </entity_mention>
  <entity_attributes>
    <name NAME="Sweden">
      <charseq START="1465" END="1470">Sweden</charseq>
    </name>
  </entity_attributes>
</entity>
<entity ID="CNN_IP_20030414.1600.04-E18" TYPE="PER" SUBTYPE="Group" CLASS="SPC">
  <entity_mention ID="CNN_IP_20030414.1600.04-E18-1" TYPE="NOM" LDCTYPE="NOM">
    <extent>
      <charseq START="211" END="230">The people of Tikrit</charseq>
    </extent>
    <head>
      <charseq START="215" END="220">people</charseq>
    </head>
  </entity_mention>
</entity>
<entity ID="CNN_IP_20030414.1600.04-E19" TYPE="PER" SUBTYPE="Individual" CLASS="SPC">
  <entity_mention ID="CNN_IP_20030414.1600.04-E19-40" TYPE="NOM" LDCTYPE="NOM">
    <extent>
      <charseq START="1572" END="1613">a
21-year-old U.S. Marine named Jason Cook</charseq>
    </extent>
    <head>
      <charseq START="1591" END="1596">Marine</charseq>
    </head>
  </entity_mention>
  <entity_mention ID="CNN_IP_20030414.1600.04-E19-42" TYPE="PRO" LDCTYPE="PRO">
    <extent>
      <charseq START="1646" END="1647">He</charseq>
    </extent>
    <head>
      <charseq START="1646" END="1647">He</charseq>
    </head>
  </entity_mention>
  <entity_mention ID="CNN_IP_20030414.1600.04-E19-43" TYPE="PRO" LDCTYPE="PRO">
    <extent>
      <charseq START="1663" END="1665">his</charseq>
    </extent>
    <head>
      <charseq START="1663" END="1665">his</charseq>
    </head>
  </entity_mention>
  <entity_mention ID="CNN_IP_20030414.1600.04-E19-47" TYPE="NAM" LDCTYPE="NAM">
    <extent>
      <charseq START="1717" END="1720">Cook</charseq>
    </extent>
    <head>
      <charseq START="1717" END="1720">Cook</charseq>
    </head>
  </entity_mention>
  <entity_mention ID="CNN_IP_20030414.1600.04-E19-48" TYPE="PRO" LDCTYPE="PRO">
    <extent>
      <charseq START="1766" END="1766">I</charseq>
    </extent>
    <head>
      <charseq START="1766" END="1766">I</charseq>
    </head>
  </entity_mention>
  <entity_mention ID="CNN_IP_20030414.1600.04-E19-50" TYPE="PRO" LDCTYPE="PRO">
    <extent>
      <charseq START="1801" END="1801">I</charseq>
    </extent>
    <head>
      <charseq START="1801" END="1801">I</charseq>
    </head>
  </entity_mention>
  <entity_mention ID="CNN_IP_20030414.1600.04-E19-53" TYPE="NAM" LDCTYPE="NAM">
    <extent>
      <charseq START="1881" END="1884">Cook</charseq>
    </extent>
    <head>
      <charseq START="1881" END="1884">Cook</charseq>
    </head>
  </entity_mention>
  <entity_mention ID="CNN_IP_20030414.1600.04-E19-54" TYPE="PRO" LDCTYPE="PRO">
    <extent>
      <charseq START="1903" END="1905">his</charseq>
    </extent>
    <head>
      <charseq START="1903" END="1905">his</charseq>
    </head>
  </entity_mention>
  <entity_mention ID="CNN_IP_20030414.1600.04-E19-59" TYPE="PRO" LDCTYPE="PRO">
    <extent>
      <charseq START="2095" END="2096">My</charseq>
    </extent>
    <head>
      <charseq START="2095" END="2096">My</charseq>
    </head>
  </entity_mention>
  <entity_mention ID="CNN_IP_20030414.1600.04-E19-63" TYPE="PRO" LDCTYPE="PRO">
    <extent>
      <charseq START="2159" END="2161">you</charseq>
    </extent>
    <head>
      <charseq START="2159" END="2161">you</charseq>
    </head>
  </entity_mention>
  <entity_mention ID="CNN_IP_20030414.1600.04-E19-65" TYPE="PRO" LDCTYPE="PRO">
    <extent>
      <charseq START="2191" END="2191">I</charseq>
    </extent>
    <head>
      <charseq START="2191" END="2191">I</charseq>
    </head>
  </entity_mention>
  <entity_mention ID="CNN_IP_20030414.1600.04-E19-69" TYPE="PRO" LDCTYPE="PRO">
    <extent>
      <charseq START="2269" END="2271">His</charseq>
    </extent>
    <head>
      <charseq START="2269" END="2271">His</charseq>
    </head>
  </entity_mention>
  <entity_mention ID="CNN_IP_20030414.1600.04-E19-71" TYPE="PRO" LDCTYPE="PRO">
    <extent>
      <charseq START="2285" END="2287">him</charseq>
    </extent>
    <head>
      <charseq START="2285" END="2287">him</charseq>
    </head>
  </entity_mention>
  <entity_mention ID="CNN_IP_20030414.1600.04-E19-73" TYPE="PRO" LDCTYPE="PRO">
    <extent>
      <charseq START="2297" END="2299">his</charseq>
    </extent>
    <head>
      <charseq START="2297" END="2299">his</charseq>
    </head>
  </entity_mention>
  <entity_mention ID="CNN_IP_20030414.1600.04-E19-75" TYPE="PRO" LDCTYPE="PRO">
    <extent>
      <charseq START="2353" END="2353">I</charseq>
    </extent>
    <head>
      <charseq START="2353" END="2353">I</charseq>
    </head>
  </entity_mention>
  <entity_attributes>
    <name NAME="Cook">
      <charseq START="1717" END="1720">Cook</charseq>
    </name>
    <name NAME="Cook">
      <charseq START="1881" END="1884">Cook</charseq>
    </name>
  </entity_attributes>
</entity>
<entity ID="CNN_IP_20030414.1600.04-E21" TYPE="GPE" SUBTYPE="Population-Center" CLASS="SPC">
  <entity_mention ID="CNN_IP_20030414.1600.04-E21-44" TYPE="NAM" LDCTYPE="NAM" ROLE="LOC">
    <extent>
      <charseq START="1674" END="1680">Houston</charseq>
    </extent>
    <head>
      <charseq START="1674" END="1680">Houston</charseq>
    </head>
  </entity_mention>
  <entity_attributes>
    <name NAME="Houston">
      <charseq START="1674" END="1680">Houston</charseq>
    </name>
  </entity_attributes>
</entity>
<entity ID="CNN_IP_20030414.1600.04-E22" TYPE="PER" SUBTYPE="Individual" CLASS="SPC">
  <entity_mention ID="CNN_IP_20030414.1600.04-E22-45" TYPE="NOM" LDCTYPE="NOM">
    <extent>
      <charseq START="1683" END="1709">A "New York Times" reporter</charseq>
    </extent>
    <head>
      <charseq START="1702" END="1709">reporter</charseq>
    </head>
  </entity_mention>
  <entity_mention ID="CNN_IP_20030414.1600.04-E22-46" TYPE="PRO" LDCTYPE="PRO">
    <extent>
      <charseq START="1722" END="1724">his</charseq>
    </extent>
    <head>
      <charseq START="1722" END="1724">his</charseq>
    </head>
  </entity_mention>
</entity>
<entity ID="CNN_IP_20030414.1600.04-E23" TYPE="PER" SUBTYPE="Individual" CLASS="SPC">
  <entity_mention ID="CNN_IP_20030414.1600.04-E23-49" TYPE="NOM" LDCTYPE="BAR">
    <extent>
      <charseq START="1792" END="1798">old man</charseq>
    </extent>
    <head>
      <charseq START="1796" END="1798">man</charseq>
    </head>
  </entity_mention>
</entity>
<entity ID="CNN_IP_20030414.1600.04-E24" TYPE="LOC" SUBTYPE="Region-General" CLASS="SPC">
  <entity_mention ID="CNN_IP_20030414.1600.04-E24-51" TYPE="NOM" LDCTYPE="NOM">
    <extent>
      <charseq START="1808" END="1828">the middle of Baghdad</charseq>
    </extent>
    <head>
      <charseq START="1812" END="1817">middle</charseq>
    </head>
  </entity_mention>
</entity>
<entity ID="CNN_IP_20030414.1600.04-E25" TYPE="PER" SUBTYPE="Group" CLASS="SPC">
  <entity_mention ID="CNN_IP_20030414.1600.04-E25-55" TYPE="NOM" LDCTYPE="NOM">
    <extent>
      <charseq START="1903" END="1912">his family</charseq>
    </extent>
    <head>
      <charseq START="1907" END="1912">family</charseq>
    </head>
  </entity_mention>
</entity>
<entity ID="CNN_IP_20030414.1600.04-E26" TYPE="FAC" SUBTYPE="Path" CLASS="SPC">
  <entity_mention ID="CNN_IP_20030414.1600.04-E26-57" TYPE="NOM" LDCTYPE="NOM">
    <extent>
      <charseq START="1954" END="1981">this one sidewalk in Baghdad</charseq>
    </extent>
    <head>
      <charseq START="1963" END="1970">sidewalk</charseq>
    </head>
  </entity_mention>
</entity>
<entity ID="CNN_IP_20030414.1600.04-E27" TYPE="PER" SUBTYPE="Group" CLASS="GEN">
  <entity_mention ID="CNN_IP_20030414.1600.04-E27-58" TYPE="PRO" LDCTYPE="HLS">
    <extent>
      <charseq START="2055" END="2070">their loved ones</charseq>
    </extent>
    <head>
      <charseq START="2067" END="2070">ones</charseq>
    </head>
  </entity_mention>
</entity>
<entity ID="CNN_IP_20030414.1600.04-E28" TYPE="PER" SUBTYPE="Individual" CLASS="SPC">
  <entity_mention ID="CNN_IP_20030414.1600.04-E28-60" TYPE="NOM" LDCTYPE="NOM">
    <extent>
      <charseq START="2095" END="2123">My mother, brother and sister</charseq>
    </extent>
    <head>
      <charseq START="2098" END="2103">mother</charseq>
    </head>
  </entity_mention>
  <entity_mention ID="CNN_IP_20030414.1600.04-E28-70" TYPE="NOM" LDCTYPE="NOM">
    <extent>
      <charseq START="2269" END="2278">His mother</charseq>
    </extent>
    <head>
      <charseq START="2273" END="2278">mother</charseq>
    </head>
  </entity_mention>
  <entity_mention ID="CNN_IP_20030414.1600.04-E28-74" TYPE="PRO" LDCTYPE="PRO">
    <extent>
      <charseq START="2334" END="2336">She</charseq>
    </extent>
    <head>
      <charseq START="2334" END="2336">She</charseq>
    </head>
  </entity_mention>
  <entity_mention ID="CNN_IP_20030414.1600.04-E28-76" TYPE="PRO" LDCTYPE="PRO">
    <extent>
      <charseq START="2377" END="2379">her</charseq>
    </extent>
    <head>
      <charseq START="2377" END="2379">her</charseq>
    </head>
  </entity_mention>
  <entity_mention ID="CNN_IP_20030414.1600.04-E28-112" TYPE="NOM" LDCTYPE="NOM">
    <extent>
      <charseq START="1663" END="1669">his mom</charseq>
    </extent>
    <head>
      <charseq START="1667" END="1669">mom</charseq>
    </head>
  </entity_mention>
  <entity_mention ID="CNN_IP_20030414.1600.04-E28-113" TYPE="NAM" LDCTYPE="NAM">
    <extent>
      <charseq START="1782" END="1784">mom</charseq>
    </extent>
    <head>
      <charseq START="1782" END="1784">mom</charseq>
    </head>
  </entity_mention>
  <entity_mention ID="CNN_IP_20030414.1600.04-E28-114" TYPE="PRO" LDCTYPE="PRO">
    <extent>
      <charseq START="1773" END="1775">you</charseq>
    </extent>
    <head>
      <charseq START="1773" END="1775">you</charseq>
    </head>
  </entity_mention>
  <entity_attributes>
    <name NAME="mom">
      <charseq START="1782" END="1784">mom</charseq>
    </name>
  </entity_attributes>
</entity>
<entity ID="CNN_IP_20030414.1600.04-E29" TYPE="PER" SUBTYPE="Individual" CLASS="SPC">
  <entity_mention ID="CNN_IP_20030414.1600.04-E29-61" TYPE="NOM" LDCTYPE="NOM">
    <extent>
      <charseq START="2095" END="2123">My mother, brother and sister</charseq>
    </extent>
    <head>
      <charseq START="2106" END="2112">brother</charseq>
    </head>
  </entity_mention>
</entity>
<entity ID="CNN_IP_20030414.1600.04-E30" TYPE="PER" SUBTYPE="Individual" CLASS="SPC">
  <entity_mention ID="CNN_IP_20030414.1600.04-E30-62" TYPE="NOM" LDCTYPE="NOM">
    <extent>
      <charseq START="2095" END="2123">My mother, brother and sister</charseq>
    </extent>
    <head>
      <charseq START="2118" END="2123">sister</charseq>
    </head>
  </entity_mention>
</entity>
<entity ID="CNN_IP_20030414.1600.04-E31" TYPE="PER" SUBTYPE="Group" CLASS="SPC">
  <entity_mention ID="CNN_IP_20030414.1600.04-E31-64" TYPE="PRO" LDCTYPE="HLS">
    <extent>
      <charseq START="2147" END="2154">How many</charseq>
    </extent>
    <head>
      <charseq START="2151" END="2154">many</charseq>
    </head>
  </entity_mention>
</entity>
<entity ID="CNN_IP_20030414.1600.04-E32" TYPE="PER" SUBTYPE="Individual" CLASS="SPC">
  <entity_mention ID="CNN_IP_20030414.1600.04-E32-66" TYPE="NOM" LDCTYPE="NOM">
    <extent>
      <charseq START="2197" END="2212">an older brother</charseq>
    </extent>
    <head>
      <charseq START="2206" END="2212">brother</charseq>
    </head>
  </entity_mention>
</entity>
<entity ID="CNN_IP_20030414.1600.04-E33" TYPE="PER" SUBTYPE="Individual" CLASS="SPC">
  <entity_mention ID="CNN_IP_20030414.1600.04-E33-67" TYPE="NOM" LDCTYPE="NOM">
    <extent>
      <charseq START="2218" END="2244">a little brother and sister</charseq>
    </extent>
    <head>
      <charseq START="2227" END="2233">brother</charseq>
    </head>
  </entity_mention>
</entity>
<entity ID="CNN_IP_20030414.1600.04-E34" TYPE="PER" SUBTYPE="Individual" CLASS="SPC">
  <entity_mention ID="CNN_IP_20030414.1600.04-E34-68" TYPE="NOM" LDCTYPE="NOM">
    <extent>
      <charseq START="2218" END="2244">a little brother and sister</charseq>
    </extent>
    <head>
      <charseq START="2239" END="2244">sister</charseq>
    </head>
  </entity_mention>
</entity>
<entity ID="CNN_IP_20030414.1600.04-E35" TYPE="PER" SUBTYPE="Indeterminate" CLASS="GEN">
  <entity_mention ID="CNN_IP_20030414.1600.04-E35-77" TYPE="PRO" LDCTYPE="PRO">
    <extent>
      <charseq START="2766" END="2768">you</charseq>
    </extent>
    <head>
      <charseq START="2766" END="2768">you</charseq>
    </head>
  </entity_mention>
</entity>
<entity ID="CNN_IP_20030414.1600.04-E36" TYPE="FAC" SUBTYPE="Building-Grounds" CLASS="SPC">
  <entity_mention ID="CNN_IP_20030414.1600.04-E36-34" TYPE="PRO" LDCTYPE="PTV">
    <extent>
      <charseq START="472" END="524">11 of what an Army general
describes as chem-bio labs</charseq>
    </extent>
    <head>
      <charseq START="472" END="473">11</charseq>
    </head>
  </entity_mention>
</entity>
<entity ID="CNN_IP_20030414.1600.04-E37" TYPE="PER" SUBTYPE="Group" CLASS="GEN">
  <entity_mention ID="CNN_IP_20030414.1600.04-E37-79" TYPE="PRO" LDCTYPE="PRO">
    <extent>
      <charseq START="2825" END="2833">everybody</charseq>
    </extent>
    <head>
      <charseq START="2825" END="2833">everybody</charseq>
    </head>
  </entity_mention>
  <entity_mention ID="CNN_IP_20030414.1600.04-E37-86" TYPE="PRO" LDCTYPE="PRO">
    <extent>
      <charseq START="2507" END="2514">Everyone</charseq>
    </extent>
    <head>
      <charseq START="2507" END="2514">Everyone</charseq>
    </head>
  </entity_mention>
  <entity_mention ID="CNN_IP_20030414.1600.04-E37-87" TYPE="PRO" LDCTYPE="PRO">
    <extent>
      <charseq START="2556" END="2564">everybody</charseq>
    </extent>
    <head>
      <charseq START="2556" END="2564">everybody</charseq>
    </head>
  </entity_mention>
</entity>
<entity ID="CNN_IP_20030414.1600.04-E39" TYPE="PER" SUBTYPE="Individual" CLASS="SPC">
  <entity_mention ID="CNN_IP_20030414.1600.04-E39-99" TYPE="NOM" LDCTYPE="NOM">
    <extent>
      <charseq START="2859" END="2880">the commander-in-chief</charseq>
    </extent>
    <head>
      <charseq START="2863" END="2880">commander-in-chief</charseq>
    </head>
  </entity_mention>
  <entity_mention ID="CNN_IP_20030414.1600.04-E39-101" TYPE="PRO" LDCTYPE="PRO">
    <extent>
      <charseq START="2939" END="2941">his</charseq>
    </extent>
    <head>
      <charseq START="2939" END="2941">his</charseq>
    </head>
  </entity_mention>
</entity>
<entity ID="CNN_IP_20030414.1600.04-E40" TYPE="FAC" SUBTYPE="Building-Grounds" CLASS="SPC">
  <entity_mention ID="CNN_IP_20030414.1600.04-E40-78" TYPE="NOM" LDCTYPE="BAR">
    <extent>
      <charseq START="512" END="524">chem-bio labs</charseq>
    </extent>
    <head>
      <charseq START="521" END="524">labs</charseq>
    </head>
  </entity_mention>
</entity>
<entity ID="CNN_IP_20030414.1600.04-E41" TYPE="GPE" SUBTYPE="Population-Center" CLASS="SPC">
  <entity_mention ID="CNN_IP_20030414.1600.04-E41-72" TYPE="NAM" LDCTYPE="NAM" ROLE="GPE">
    <extent>
      <charseq START="225" END="230">Tikrit</charseq>
    </extent>
    <head>
      <charseq START="225" END="230">Tikrit</charseq>
    </head>
  </entity_mention>
  <entity_mention ID="CNN_IP_20030414.1600.04-E41-116" TYPE="NOM" LDCTYPE="NOM" ROLE="LOC">
    <extent>
      <charseq START="264" END="272">that city</charseq>
    </extent>
    <head>
      <charseq START="269" END="272">city</charseq>
    </head>
  </entity_mention>
  <entity_attributes>
    <name NAME="Tikrit">
      <charseq START="225" END="230">Tikrit</charseq>
    </name>
  </entity_attributes>
</entity>
<entity ID="CNN_IP_20030414.1600.04-E42" TYPE="LOC" SUBTYPE="Region-General" CLASS="USP">
  <entity_mention ID="CNN_IP_20030414.1600.04-E42-102" TYPE="PRO" LDCTYPE="PRO">
    <extent>
      <charseq START="1282" END="1285">Here</charseq>
    </extent>
    <head>
      <charseq START="1282" END="1285">Here</charseq>
    </head>
  </entity_mention>
</entity>
<entity ID="CNN_IP_20030414.1600.04-E43" TYPE="ORG" SUBTYPE="Media" CLASS="SPC">
  <entity_mention ID="CNN_IP_20030414.1600.04-E43-104" TYPE="NAM" LDCTYPE="NAM">
    <extent>
      <charseq START="1686" END="1699">New York Times</charseq>
    </extent>
    <head>
      <charseq START="1686" END="1699">New York Times</charseq>
    </head>
  </entity_mention>
  <entity_attributes>
    <name NAME="New York Times">
      <charseq START="1686" END="1699">New York Times</charseq>
    </name>
  </entity_attributes>
</entity>
<entity ID="CNN_IP_20030414.1600.04-E44" TYPE="FAC" SUBTYPE="Path" CLASS="GEN">
  <entity_mention ID="CNN_IP_20030414.1600.04-E44-105" TYPE="NOM" LDCTYPE="NOM">
    <extent>
      <charseq START="1859" END="1869">the streets</charseq>
    </extent>
    <head>
      <charseq START="1863" END="1869">streets</charseq>
    </head>
  </entity_mention>
</entity>
<entity ID="CNN_IP_20030414.1600.04-E45" TYPE="ORG" SUBTYPE="Non-Governmental" CLASS="SPC">
  <entity_mention ID="CNN_IP_20030414.1600.04-E45-106" TYPE="NAM" LDCTYPE="NAM">
    <extent>
      <charseq START="2957" END="2965">Democrats</charseq>
    </extent>
    <head>
      <charseq START="2957" END="2965">Democrats</charseq>
    </head>
  </entity_mention>
  <entity_attributes>
    <name NAME="Democrats">
      <charseq START="2957" END="2965">Democrats</charseq>
    </name>
  </entity_attributes>
</entity>
<entity ID="CNN_IP_20030414.1600.04-E46" TYPE="FAC" SUBTYPE="Building-Grounds" CLASS="SPC">
  <entity_mention ID="CNN_IP_20030414.1600.04-E46-107" TYPE="NOM" LDCTYPE="NOM">
    <extent>
      <charseq START="574" END="587">the structures</charseq>
    </extent>
    <head>
      <charseq START="578" END="587">structures</charseq>
    </head>
  </entity_mention>
</entity>
<entity ID="CNN_IP_20030414.1600.04-E47" TYPE="PER" SUBTYPE="Group" CLASS="GEN">
  <entity_mention ID="CNN_IP_20030414.1600.04-E47-110" TYPE="NOM" LDCTYPE="BAR">
    <extent>
      <charseq START="1325" END="1335">journalists</charseq>
    </extent>
    <head>
      <charseq START="1325" END="1335">journalists</charseq>
    </head>
  </entity_mention>
</entity>
<entity ID="CNN_IP_20030414.1600.04-E48" TYPE="PER" SUBTYPE="Individual" CLASS="GEN">
  <entity_mention ID="CNN_IP_20030414.1600.04-E48-111" TYPE="NOM" LDCTYPE="NOM">
    <extent>
      <charseq START="1102" END="1113">a journalist</charseq>
    </extent>
    <head>
      <charseq START="1104" END="1113">journalist</charseq>
    </head>
  </entity_mention>
</entity>
<entity ID="CNN_IP_20030414.1600.04-E49" TYPE="PER" SUBTYPE="Individual" CLASS="SPC">
  <entity_mention ID="CNN_IP_20030414.1600.04-E49-103" TYPE="NAM" LDCTYPE="NAM">
    <extent>
      <charseq START="243" END="248">Saddam</charseq>
    </extent>
    <head>
      <charseq START="243" END="248">Saddam</charseq>
    </head>
  </entity_mention>
  <entity_mention ID="CNN_IP_20030414.1600.04-E49-118" TYPE="NAM" LDCTYPE="NAM">
    <extent>
      <charseq START="325" END="330">Saddam</charseq>
    </extent>
    <head>
      <charseq START="325" END="330">Saddam</charseq>
    </head>
  </entity_mention>
  <entity_attributes>
    <name NAME="Saddam">
      <charseq START="243" END="248">Saddam</charseq>
    </name>
    <name NAME="Saddam">
      <charseq START="325" END="330">Saddam</charseq>
    </name>
  </entity_attributes>
</entity>
<entity ID="CNN_IP_20030414.1600.04-E50" TYPE="PER" SUBTYPE="Group" CLASS="SPC">
  <entity_mention ID="CNN_IP_20030414.1600.04-E50-115" TYPE="NOM" LDCTYPE="NOM">
    <extent>
      <charseq START="243" END="257">Saddam's family</charseq>
    </extent>
    <head>
      <charseq START="252" END="257">family</charseq>
    </head>
  </entity_mention>
  <entity_mention ID="CNN_IP_20030414.1600.04-E50-119" TYPE="NOM" LDCTYPE="NOM">
    <extent>
      <charseq START="325" END="337">Saddam's clan</charseq>
    </extent>
    <head>
      <charseq START="334" END="337">clan</charseq>
    </head>
  </entity_mention>
</entity>
<entity ID="CNN_IP_20030414.1600.04-E51" TYPE="PER" SUBTYPE="Group" CLASS="SPC">
  <entity_mention ID="CNN_IP_20030414.1600.04-E51-117" TYPE="NOM" LDCTYPE="NOM">
    <extent>
      <charseq START="302" END="314">the Americans</charseq>
    </extent>
    <head>
      <charseq START="306" END="314">Americans</charseq>
    </head>
  </entity_mention>
</entity>
<entity ID="CNN_IP_20030414.1600.04-E52" TYPE="GPE" SUBTYPE="Population-Center" CLASS="SPC">
  <entity_mention ID="CNN_IP_20030414.1600.04-E52-120" TYPE="NOM" LDCTYPE="NOM" ROLE="LOC">
    <extent>
      <charseq START="364" END="392">a small village in the desert</charseq>
    </extent>
    <head>
      <charseq START="372" END="378">village</charseq>
    </head>
  </entity_mention>
</entity>
<entity ID="CNN_IP_20030414.1600.04-E53" TYPE="LOC" SUBTYPE="Land-Region-Natural" CLASS="SPC">
  <entity_mention ID="CNN_IP_20030414.1600.04-E53-121" TYPE="NOM" LDCTYPE="NOM">
    <extent>
      <charseq START="383" END="392">the desert</charseq>
    </extent>
    <head>
      <charseq START="387" END="392">desert</charseq>
    </head>
  </entity_mention>
</entity>
<entity ID="CNN_IP_20030414.1600.04-E54" TYPE="PER" SUBTYPE="Individual" CLASS="SPC">
  <entity_mention ID="CNN_IP_20030414.1600.04-E54-122" TYPE="NAM" LDCTYPE="NAM">
    <extent>
      <charseq START="407" END="425">CNN's Ryan Chilcote</charseq>
    </extent>
    <head>
      <charseq START="413" END="425">Ryan Chilcote</charseq>
    </head>
  </entity_mention>
  <entity_attributes>
    <name NAME="Ryan Chilcote">
      <charseq START="413" END="425">Ryan Chilcote</charseq>
    </name>
  </entity_attributes>
</entity>
<entity ID="CNN_IP_20030414.1600.04-E55" TYPE="ORG" SUBTYPE="Media" CLASS="SPC">
  <entity_mention ID="CNN_IP_20030414.1600.04-E55-11" TYPE="NAM" LDCTYPE="NAM">
    <extent>
      <charseq START="962" END="964">CNN</charseq>
    </extent>
    <head>
      <charseq START="962" END="964">CNN</charseq>
    </head>
  </entity_mention>
  <entity_mention ID="CNN_IP_20030414.1600.04-E55-96" TYPE="NAM" LDCTYPE="NAM">
    <extent>
      <charseq START="2717" END="2719">CNN</charseq>
    </extent>
    <head>
      <charseq START="2717" END="2719">CNN</charseq>
    </head>
  </entity_mention>
  <entity_mention ID="CNN_IP_20030414.1600.04-E55-123" TYPE="NAM" LDCTYPE="NAM">
    <extent>
      <charseq START="407" END="409">CNN</charseq>
    </extent>
    <head>
      <charseq START="407" END="409">CNN</charseq>
    </head>
  </entity_mention>
  <entity_attributes>
    <name NAME="CNN">
      <charseq START="962" END="964">CNN</charseq>
    </name>
    <name NAME="CNN">
      <charseq START="2717" END="2719">CNN</charseq>
    </name>
    <name NAME="CNN">
      <charseq START="407" END="409">CNN</charseq>
    </name>
  </entity_attributes>
</entity>
<entity ID="CNN_IP_20030414.1600.04-E56" TYPE="PER" SUBTYPE="Group" CLASS="SPC">
  <entity_mention ID="CNN_IP_20030414.1600.04-E56-124" TYPE="NAM" LDCTYPE="NAM">
    <extent>
      <charseq START="435" END="464">the 101st Airborne 2nd Brigade</charseq>
    </extent>
    <head>
      <charseq START="439" END="464">101st Airborne 2nd Brigade</charseq>
    </head>
  </entity_mention>
  <entity_attributes>
    <name NAME="101st Airborne 2nd Brigade">
      <charseq START="439" END="464">101st Airborne 2nd Brigade</charseq>
    </name>
  </entity_attributes>
</entity>
<entity ID="CNN_IP_20030414.1600.04-E57" TYPE="PER" SUBTYPE="Individual" CLASS="SPC">
  <entity_mention ID="CNN_IP_20030414.1600.04-E57-125" TYPE="NOM" LDCTYPE="NOM">
    <extent>
      <charseq START="483" END="497">an Army general</charseq>
    </extent>
    <head>
      <charseq START="491" END="497">general</charseq>
    </head>
  </entity_mention>
</entity>
<entity ID="CNN_IP_20030414.1600.04-E58" TYPE="ORG" SUBTYPE="Government" CLASS="SPC">
  <entity_mention ID="CNN_IP_20030414.1600.04-E58-4" TYPE="NOM" LDCTYPE="NOM" LDCATR="FALSE">
    <extent>
      <charseq START="609" END="620">the military</charseq>
    </extent>
    <head>
      <charseq START="613" END="620">military</charseq>
    </head>
  </entity_mention>
  <entity_mention ID="CNN_IP_20030414.1600.04-E58-126" TYPE="NAM" LDCTYPE="NAMPRE" LDCATR="TRUE">
    <extent>
      <charseq START="486" END="489">Army</charseq>
    </extent>
    <head>
      <charseq START="486" END="489">Army</charseq>
    </head>
  </entity_mention>
  <entity_attributes>
    <name NAME="Army">
      <charseq START="486" END="489">Army</charseq>
    </name>
  </entity_attributes>
</entity>
<timex2 ID="CNN_IP_20030414.1600.04-T1">
  <timex2_mention ID="CNN_IP_20030414.1600.04-T1-1">
    <extent>
      <charseq START="36" END="60">2003-04-14T16:00:00-05:00</charseq>
    </extent>
  </timex2_mention>
</timex2>
<timex2 ID="CNN_IP_20030414.1600.04-T2">
  <timex2_mention ID="CNN_IP_20030414.1600.04-T2-1">
    <extent>
      <charseq START="274" END="287">three days
ago</charseq>
    </extent>
  </timex2_mention>
</timex2>
<timex2 ID="CNN_IP_20030414.1600.04-T3">
  <timex2_mention ID="CNN_IP_20030414.1600.04-T3-1">
    <extent>
      <charseq START="395" END="403">12:19 p.m</charseq>
    </extent>
  </timex2_mention>
</timex2>
<timex2 ID="CNN_IP_20030414.1600.04-T4">
  <timex2_mention ID="CNN_IP_20030414.1600.04-T4-1">
    <extent>
      <charseq START="877" END="886">these days</charseq>
    </extent>
  </timex2_mention>
</timex2>
<timex2 ID="CNN_IP_20030414.1600.04-T5">
  <timex2_mention ID="CNN_IP_20030414.1600.04-T5-1">
    <extent>
      <charseq START="1088" END="1092">hours</charseq>
    </extent>
  </timex2_mention>
</timex2>
<timex2 ID="CNN_IP_20030414.1600.04-T6">
  <timex2_mention ID="CNN_IP_20030414.1600.04-T6-1">
    <extent>
      <charseq START="1381" END="1390">one minute</charseq>
    </extent>
  </timex2_mention>
</timex2>
<timex2 ID="CNN_IP_20030414.1600.04-T7">
  <timex2_mention ID="CNN_IP_20030414.1600.04-T7-1">
    <extent>
      <charseq START="1920" END="1948">Super Bowl Sunday, January 26</charseq>
    </extent>
  </timex2_mention>
</timex2>
<relation ID="CNN_IP_20030414.1600.04-R3" TYPE="PHYS" SUBTYPE="Located" TENSE="Unspecified" MODALITY="Asserted">
  <relation_argument REFID="CNN_IP_20030414.1600.04-E8" ROLE="Arg-1"/>
  <relation_argument REFID="CNN_IP_20030414.1600.04-E4" ROLE="Arg-2"/>
  <relation_mention ID="CNN_IP_20030414.1600.04-R3-1" LEXICALCONDITION="Verbal">
    <extent>
      <charseq START="962" END="1007">CNN's
Rula Amin reports from the Iraqi capital</charseq>
    </extent>
    <relation_mention_argument REFID="CNN_IP_20030414.1600.04-E8-12" ROLE="Arg-1">
      <extent>
        <charseq START="962" END="976">CNN's
Rula Amin</charseq>
      </extent>
    </relation_mention_argument>
    <relation_mention_argument REFID="CNN_IP_20030414.1600.04-E4-13" ROLE="Arg-2">
      <extent>
        <charseq START="991" END="1007">the Iraqi capital</charseq>
      </extent>
    </relation_mention_argument>
  </relation_mention>
  <relation_mention ID="CNN_IP_20030414.1600.04-R3-2" LEXICALCONDITION="Formulaic">
    <extent>
      <charseq START="2706" END="2728">Rula Amin, CNN, Baghdad</charseq>
    </extent>
    <relation_mention_argument REFID="CNN_IP_20030414.1600.04-E8-95" ROLE="Arg-1">
      <extent>
        <charseq START="2706" END="2714">Rula Amin</charseq>
      </extent>
    </relation_mention_argument>
    <relation_mention_argument REFID="CNN_IP_20030414.1600.04-E4-97" ROLE="Arg-2">
      <extent>
        <charseq START="2722" END="2728">Baghdad</charseq>
      </extent>
    </relation_mention_argument>
  </relation_mention>
</relation>
<relation ID="CNN_IP_20030414.1600.04-R4" TYPE="PER-SOC" SUBTYPE="Family" TENSE="Unspecified" MODALITY="Asserted">
  <relation_argument REFID="CNN_IP_20030414.1600.04-E15" ROLE="Arg-1"/>
  <relation_argument REFID="CNN_IP_20030414.1600.04-E16" ROLE="Arg-2"/>
  <relation_mention ID="CNN_IP_20030414.1600.04-R4-1" LEXICALCONDITION="Possessive">
    <extent>
      <charseq START="1430" END="1455">her
pregnant daughter Saba</charseq>
    </extent>
    <relation_mention_argument REFID="CNN_IP_20030414.1600.04-E15-31" ROLE="Arg-1">
      <extent>
        <charseq START="1430" END="1432">her</charseq>
      </extent>
    </relation_mention_argument>
    <relation_mention_argument REFID="CNN_IP_20030414.1600.04-E16-33" ROLE="Arg-2">
      <extent>
        <charseq START="1430" END="1450">her
pregnant daughter</charseq>
      </extent>
    </relation_mention_argument>
  </relation_mention>
</relation>
<relation ID="CNN_IP_20030414.1600.04-R5" TYPE="PER-SOC" SUBTYPE="Family" TENSE="Unspecified" MODALITY="Asserted">
  <relation_argument REFID="CNN_IP_20030414.1600.04-E19" ROLE="Arg-1"/>
  <relation_argument REFID="CNN_IP_20030414.1600.04-E29" ROLE="Arg-2"/>
  <relation_mention ID="CNN_IP_20030414.1600.04-R5-1" LEXICALCONDITION="Possessive">
    <extent>
      <charseq START="2095" END="2123">My mother, brother and sister</charseq>
    </extent>
    <relation_mention_argument REFID="CNN_IP_20030414.1600.04-E19-59" ROLE="Arg-1">
      <extent>
        <charseq START="2095" END="2096">My</charseq>
      </extent>
    </relation_mention_argument>
    <relation_mention_argument REFID="CNN_IP_20030414.1600.04-E29-61" ROLE="Arg-2">
      <extent>
        <charseq START="2095" END="2123">My mother, brother and sister</charseq>
      </extent>
    </relation_mention_argument>
  </relation_mention>
</relation>
<relation ID="CNN_IP_20030414.1600.04-R6" TYPE="PER-SOC" SUBTYPE="Family" TENSE="Unspecified" MODALITY="Asserted">
  <relation_argument REFID="CNN_IP_20030414.1600.04-E19" ROLE="Arg-1"/>
  <relation_argument REFID="CNN_IP_20030414.1600.04-E34" ROLE="Arg-2"/>
  <relation_mention ID="CNN_IP_20030414.1600.04-R6-1" LEXICALCONDITION="Verbal">
    <extent>
      <charseq START="2191" END="2244">I got an older brother and a little brother and sister</charseq>
    </extent>
    <relation_mention_argument REFID="CNN_IP_20030414.1600.04-E19-65" ROLE="Arg-1">
      <extent>
        <charseq START="2191" END="2191">I</charseq>
      </extent>
    </relation_mention_argument>
    <relation_mention_argument REFID="CNN_IP_20030414.1600.04-E34-68" ROLE="Arg-2">
      <extent>
        <charseq START="2218" END="2244">a little brother and sister</charseq>
      </extent>
    </relation_mention_argument>
  </relation_mention>
</relation>
<relation ID="CNN_IP_20030414.1600.04-R9" TYPE="GEN-AFF" SUBTYPE="Citizen-Resident-Religion-Ethnicity" TENSE="Unspecified" MODALITY="Asserted">
  <relation_argument REFID="CNN_IP_20030414.1600.04-E18" ROLE="Arg-1"/>
  <relation_argument REFID="CNN_IP_20030414.1600.04-E41" ROLE="Arg-2"/>
  <relation_mention ID="CNN_IP_20030414.1600.04-R9-1" LEXICALCONDITION="Preposition">
    <extent>
      <charseq START="211" END="230">The people of Tikrit</charseq>
    </extent>
    <relation_mention_argument REFID="CNN_IP_20030414.1600.04-E18-1" ROLE="Arg-1">
      <extent>
        <charseq START="211" END="230">The people of Tikrit</charseq>
      </extent>
    </relation_mention_argument>
    <relation_mention_argument REFID="CNN_IP_20030414.1600.04-E41-72" ROLE="Arg-2">
      <extent>
        <charseq START="225" END="230">Tikrit</charseq>
      </extent>
    </relation_mention_argument>
  </relation_mention>
</relation>
<relation ID="CNN_IP_20030414.1600.04-R10" TYPE="PER-SOC" SUBTYPE="Family" TENSE="Unspecified" MODALITY="Asserted">
  <relation_argument REFID="CNN_IP_20030414.1600.04-E49" ROLE="Arg-1"/>
  <relation_argument REFID="CNN_IP_20030414.1600.04-E50" ROLE="Arg-2"/>
  <relation_mention ID="CNN_IP_20030414.1600.04-R10-1" LEXICALCONDITION="Possessive">
    <extent>
      <charseq START="243" END="257">Saddam's family</charseq>
    </extent>
    <relation_mention_argument REFID="CNN_IP_20030414.1600.04-E49-103" ROLE="Arg-1">
      <extent>
        <charseq START="243" END="248">Saddam</charseq>
      </extent>
    </relation_mention_argument>
    <relation_mention_argument REFID="CNN_IP_20030414.1600.04-E50-115" ROLE="Arg-2">
      <extent>
        <charseq START="243" END="257">Saddam's family</charseq>
      </extent>
    </relation_mention_argument>
  </relation_mention>
  <relation_mention ID="CNN_IP_20030414.1600.04-R10-2" LEXICALCONDITION="Possessive">
    <extent>
      <charseq START="325" END="337">Saddam's clan</charseq>
    </extent>
    <relation_mention_argument REFID="CNN_IP_20030414.1600.04-E49-118" ROLE="Arg-1">
      <extent>
        <charseq START="325" END="330">Saddam</charseq>
      </extent>
    </relation_mention_argument>
    <relation_mention_argument REFID="CNN_IP_20030414.1600.04-E50-119" ROLE="Arg-2">
      <extent>
        <charseq START="325" END="337">Saddam's clan</charseq>
      </extent>
    </relation_mention_argument>
  </relation_mention>
</relation>
<relation ID="CNN_IP_20030414.1600.04-R11" TYPE="PART-WHOLE" SUBTYPE="Geographical" TENSE="Unspecified" MODALITY="Asserted">
  <relation_argument REFID="CNN_IP_20030414.1600.04-E52" ROLE="Arg-1"/>
  <relation_argument REFID="CNN_IP_20030414.1600.04-E53" ROLE="Arg-2"/>
  <relation_mention ID="CNN_IP_20030414.1600.04-R11-1" LEXICALCONDITION="Preposition">
    <extent>
      <charseq START="364" END="392">a small village in the desert</charseq>
    </extent>
    <relation_mention_argument REFID="CNN_IP_20030414.1600.04-E52-120" ROLE="Arg-1">
      <extent>
        <charseq START="364" END="392">a small village in the desert</charseq>
      </extent>
    </relation_mention_argument>
    <relation_mention_argument REFID="CNN_IP_20030414.1600.04-E53-121" ROLE="Arg-2">
      <extent>
        <charseq START="383" END="392">the desert</charseq>
      </extent>
    </relation_mention_argument>
  </relation_mention>
</relation>
<relation ID="CNN_IP_20030414.1600.04-R12" TYPE="ORG-AFF" SUBTYPE="Employment" TENSE="Unspecified" MODALITY="Asserted">
  <relation_argument REFID="CNN_IP_20030414.1600.04-E54" ROLE="Arg-1"/>
  <relation_argument REFID="CNN_IP_20030414.1600.04-E55" ROLE="Arg-2"/>
  <relation_mention ID="CNN_IP_20030414.1600.04-R12-1" LEXICALCONDITION="Possessive">
    <extent>
      <charseq START="407" END="425">CNN's Ryan Chilcote</charseq>
    </extent>
    <relation_mention_argument REFID="CNN_IP_20030414.1600.04-E54-122" ROLE="Arg-1">
      <extent>
        <charseq START="407" END="425">CNN's Ryan Chilcote</charseq>
      </extent>
    </relation_mention_argument>
    <relation_mention_argument REFID="CNN_IP_20030414.1600.04-E55-123" ROLE="Arg-2">
      <extent>
        <charseq START="407" END="409">CNN</charseq>
      </extent>
    </relation_mention_argument>
  </relation_mention>
</relation>
<relation ID="CNN_IP_20030414.1600.04-R13" TYPE="ORG-AFF" SUBTYPE="Employment" TENSE="Unspecified" MODALITY="Asserted">
  <relation_argument REFID="CNN_IP_20030414.1600.04-E57" ROLE="Arg-1"/>
  <relation_argument REFID="CNN_IP_20030414.1600.04-E58" ROLE="Arg-2"/>
  <relation_mention ID="CNN_IP_20030414.1600.04-R13-1" LEXICALCONDITION="PreMod">
    <extent>
      <charseq START="483" END="497">an Army general</charseq>
    </extent>
    <relation_mention_argument REFID="CNN_IP_20030414.1600.04-E57-125" ROLE="Arg-1">
      <extent>
        <charseq START="483" END="497">an Army general</charseq>
      </extent>
    </relation_mention_argument>
    <relation_mention_argument REFID="CNN_IP_20030414.1600.04-E58-126" ROLE="Arg-2">
      <extent>
        <charseq START="486" END="489">Army</charseq>
      </extent>
    </relation_mention_argument>
  </relation_mention>
</relation>
<relation ID="CNN_IP_20030414.1600.04-R14" TYPE="ORG-AFF" SUBTYPE="Employment" TENSE="Unspecified" MODALITY="Asserted">
  <relation_argument REFID="CNN_IP_20030414.1600.04-E8" ROLE="Arg-1"/>
  <relation_argument REFID="CNN_IP_20030414.1600.04-E55" ROLE="Arg-2"/>
  <relation_mention ID="CNN_IP_20030414.1600.04-R14-1" LEXICALCONDITION="Possessive">
    <extent>
      <charseq START="962" END="976">CNN's
Rula Amin</charseq>
    </extent>
    <relation_mention_argument REFID="CNN_IP_20030414.1600.04-E8-12" ROLE="Arg-1">
      <extent>
        <charseq START="962" END="976">CNN's
Rula Amin</charseq>
      </extent>
    </relation_mention_argument>
    <relation_mention_argument REFID="CNN_IP_20030414.1600.04-E55-11" ROLE="Arg-2">
      <extent>
        <charseq START="962" END="964">CNN</charseq>
      </extent>
    </relation_mention_argument>
  </relation_mention>
  <relation_mention ID="CNN_IP_20030414.1600.04-R14-2" LEXICALCONDITION="Formulaic">
    <extent>
      <charseq START="2706" END="2719">Rula Amin, CNN</charseq>
    </extent>
    <relation_mention_argument REFID="CNN_IP_20030414.1600.04-E8-95" ROLE="Arg-1">
      <extent>
        <charseq START="2706" END="2714">Rula Amin</charseq>
      </extent>
    </relation_mention_argument>
    <relation_mention_argument REFID="CNN_IP_20030414.1600.04-E55-96" ROLE="Arg-2">
      <extent>
        <charseq START="2717" END="2719">CNN</charseq>
      </extent>
    </relation_mention_argument>
  </relation_mention>
</relation>
<relation ID="CNN_IP_20030414.1600.04-R15" TYPE="PART-WHOLE" SUBTYPE="Geographical" TENSE="Unspecified" MODALITY="Asserted">
  <relation_argument REFID="CNN_IP_20030414.1600.04-E4" ROLE="Arg-1"/>
  <relation_argument REFID="CNN_IP_20030414.1600.04-E9" ROLE="Arg-2"/>
  <relation_mention ID="CNN_IP_20030414.1600.04-R15-1" LEXICALCONDITION="PreMod">
    <extent>
      <charseq START="991" END="1007">the Iraqi capital</charseq>
    </extent>
    <relation_mention_argument REFID="CNN_IP_20030414.1600.04-E4-13" ROLE="Arg-1">
      <extent>
        <charseq START="991" END="1007">the Iraqi capital</charseq>
      </extent>
    </relation_mention_argument>
    <relation_mention_argument REFID="CNN_IP_20030414.1600.04-E9-14" ROLE="Arg-2">
      <extent>
        <charseq START="995" END="999">Iraqi</charseq>
      </extent>
    </relation_mention_argument>
  </relation_mention>
</relation>
<relation ID="CNN_IP_20030414.1600.04-R16" TYPE="PER-SOC" SUBTYPE="Family" TENSE="Unspecified" MODALITY="Asserted">
  <relation_argument REFID="CNN_IP_20030414.1600.04-E10" ROLE="Arg-1"/>
  <relation_argument REFID="CNN_IP_20030414.1600.04-E12" ROLE="Arg-2"/>
  <relation_mention ID="CNN_IP_20030414.1600.04-R16-1" LEXICALCONDITION="Possessive">
    <extent>
      <charseq START="1208" END="1221">their
families</charseq>
    </extent>
    <relation_mention_argument REFID="CNN_IP_20030414.1600.04-E10-20" ROLE="Arg-1">
      <extent>
        <charseq START="1208" END="1212">their</charseq>
      </extent>
    </relation_mention_argument>
    <relation_mention_argument REFID="CNN_IP_20030414.1600.04-E12-21" ROLE="Arg-2">
      <extent>
        <charseq START="1208" END="1221">their
families</charseq>
      </extent>
    </relation_mention_argument>
  </relation_mention>
</relation>
<relation ID="CNN_IP_20030414.1600.04-R17" TYPE="PHYS" SUBTYPE="Located" TENSE="Unspecified" MODALITY="Asserted">
  <relation_argument REFID="CNN_IP_20030414.1600.04-E47" ROLE="Arg-1"/>
  <relation_argument REFID="CNN_IP_20030414.1600.04-E14" ROLE="Arg-2"/>
  <relation_mention ID="CNN_IP_20030414.1600.04-R17-1" LEXICALCONDITION="Verbal">
    <extent>
      <charseq START="1282" END="1344">Here,
they wait outside a restaurant where journalists hang out</charseq>
    </extent>
    <relation_mention_argument REFID="CNN_IP_20030414.1600.04-E47-110" ROLE="Arg-1">
      <extent>
        <charseq START="1325" END="1335">journalists</charseq>
      </extent>
    </relation_mention_argument>
    <relation_mention_argument REFID="CNN_IP_20030414.1600.04-E14-27" ROLE="Arg-2">
      <extent>
        <charseq START="1319" END="1323">where</charseq>
      </extent>
    </relation_mention_argument>
  </relation_mention>
</relation>
<relation ID="CNN_IP_20030414.1600.04-R18" TYPE="PHYS" SUBTYPE="Located" TENSE="Unspecified" MODALITY="Asserted">
  <relation_argument REFID="CNN_IP_20030414.1600.04-E16" ROLE="Arg-1"/>
  <relation_argument REFID="CNN_IP_20030414.1600.04-E17" ROLE="Arg-2"/>
  <relation_mention ID="CNN_IP_20030414.1600.04-R18-1" LEXICALCONDITION="Preposition">
    <extent>
      <charseq START="1430" END="1470">her
pregnant daughter Saba (ph) in Sweden</charseq>
    </extent>
    <relation_mention_argument REFID="CNN_IP_20030414.1600.04-E16-84" ROLE="Arg-1">
      <extent>
        <charseq START="1452" END="1455">Saba</charseq>
      </extent>
    </relation_mention_argument>
    <relation_mention_argument REFID="CNN_IP_20030414.1600.04-E17-35" ROLE="Arg-2">
      <extent>
        <charseq START="1465" END="1470">Sweden</charseq>
      </extent>
    </relation_mention_argument>
  </relation_mention>
</relation>
<relation ID="CNN_IP_20030414.1600.04-R19" TYPE="ORG-AFF" SUBTYPE="Employment" TENSE="Unspecified" MODALITY="Asserted">
  <relation_argument REFID="CNN_IP_20030414.1600.04-E19" ROLE="Arg-1"/>
  <relation_argument REFID="CNN_IP_20030414.1600.04-E3" ROLE="Arg-2"/>
  <relation_mention ID="CNN_IP_20030414.1600.04-R19-1" LEXICALCONDITION="PreMod">
    <extent>
      <charseq START="1572" END="1613">a
21-year-old U.S. Marine named Jason Cook</charseq>
    </extent>
    <relation_mention_argument REFID="CNN_IP_20030414.1600.04-E19-40" ROLE="Arg-1">
      <extent>
        <charseq START="1572" END="1613">a
21-year-old U.S. Marine named Jason Cook</charseq>
      </extent>
    </relation_mention_argument>
    <relation_mention_argument REFID="CNN_IP_20030414.1600.04-E3-41" ROLE="Arg-2">
      <extent>
        <charseq START="1586" END="1588">U.S</charseq>
      </extent>
    </relation_mention_argument>
  </relation_mention>
</relation>
<relation ID="CNN_IP_20030414.1600.04-R20" TYPE="PER-SOC" SUBTYPE="Family" TENSE="Unspecified" MODALITY="Asserted">
  <relation_argument REFID="CNN_IP_20030414.1600.04-E19" ROLE="Arg-1"/>
  <relation_argument REFID="CNN_IP_20030414.1600.04-E28" ROLE="Arg-2"/>
  <relation_mention ID="CNN_IP_20030414.1600.04-R20-1" LEXICALCONDITION="Possessive">
    <extent>
      <charseq START="1663" END="1669">his mom</charseq>
    </extent>
    <relation_mention_argument REFID="CNN_IP_20030414.1600.04-E19-43" ROLE="Arg-1">
      <extent>
        <charseq START="1663" END="1665">his</charseq>
      </extent>
    </relation_mention_argument>
    <relation_mention_argument REFID="CNN_IP_20030414.1600.04-E28-112" ROLE="Arg-2">
      <extent>
        <charseq START="1663" END="1669">his mom</charseq>
      </extent>
    </relation_mention_argument>
  </relation_mention>
  <relation_mention ID="CNN_IP_20030414.1600.04-R20-2" LEXICALCONDITION="Possessive">
    <extent>
      <charseq START="2095" END="2123">My mother, brother and sister</charseq>
    </extent>
    <relation_mention_argument REFID="CNN_IP_20030414.1600.04-E19-59" ROLE="Arg-1">
      <extent>
        <charseq START="2095" END="2096">My</charseq>
      </extent>
    </relation_mention_argument>
    <relation_mention_argument REFID="CNN_IP_20030414.1600.04-E28-60" ROLE="Arg-2">
      <extent>
        <charseq START="2095" END="2123">My mother, brother and sister</charseq>
      </extent>
    </relation_mention_argument>
  </relation_mention>
  <relation_mention ID="CNN_IP_20030414.1600.04-R20-3" LEXICALCONDITION="PreMod">
    <extent>
      <charseq START="2269" END="2278">His mother</charseq>
    </extent>
    <relation_mention_argument REFID="CNN_IP_20030414.1600.04-E19-69" ROLE="Arg-1">
      <extent>
        <charseq START="2269" END="2271">His</charseq>
      </extent>
    </relation_mention_argument>
    <relation_mention_argument REFID="CNN_IP_20030414.1600.04-E28-70" ROLE="Arg-2">
      <extent>
        <charseq START="2269" END="2278">His mother</charseq>
      </extent>
    </relation_mention_argument>
  </relation_mention>
</relation>
<relation ID="CNN_IP_20030414.1600.04-R21" TYPE="PHYS" SUBTYPE="Located" TENSE="Unspecified" MODALITY="Asserted">
  <relation_argument REFID="CNN_IP_20030414.1600.04-E21" ROLE="Arg-2"/>
  <relation_argument REFID="CNN_IP_20030414.1600.04-E28" ROLE="Arg-1"/>
  <relation_mention ID="CNN_IP_20030414.1600.04-R21-1" LEXICALCONDITION="Preposition">
    <extent>
      <charseq START="1663" END="1680">his mom in Houston</charseq>
    </extent>
    <relation_mention_argument REFID="CNN_IP_20030414.1600.04-E21-44" ROLE="Arg-2">
      <extent>
        <charseq START="1674" END="1680">Houston</charseq>
      </extent>
    </relation_mention_argument>
    <relation_mention_argument REFID="CNN_IP_20030414.1600.04-E28-112" ROLE="Arg-1">
      <extent>
        <charseq START="1663" END="1669">his mom</charseq>
      </extent>
    </relation_mention_argument>
  </relation_mention>
</relation>
<relation ID="CNN_IP_20030414.1600.04-R22" TYPE="ORG-AFF" SUBTYPE="Employment" TENSE="Unspecified" MODALITY="Asserted">
  <relation_argument REFID="CNN_IP_20030414.1600.04-E22" ROLE="Arg-1"/>
  <relation_argument REFID="CNN_IP_20030414.1600.04-E43" ROLE="Arg-2"/>
  <relation_mention ID="CNN_IP_20030414.1600.04-R22-1" LEXICALCONDITION="PreMod">
    <extent>
      <charseq START="1683" END="1709">A "New York Times" reporter</charseq>
    </extent>
    <relation_mention_argument REFID="CNN_IP_20030414.1600.04-E22-45" ROLE="Arg-1">
      <extent>
        <charseq START="1683" END="1709">A "New York Times" reporter</charseq>
      </extent>
    </relation_mention_argument>
    <relation_mention_argument REFID="CNN_IP_20030414.1600.04-E43-104" ROLE="Arg-2">
      <extent>
        <charseq START="1686" END="1699">New York Times</charseq>
      </extent>
    </relation_mention_argument>
  </relation_mention>
</relation>
<relation ID="CNN_IP_20030414.1600.04-R23" TYPE="PART-WHOLE" SUBTYPE="Geographical" TENSE="Unspecified" MODALITY="Asserted">
  <relation_argument REFID="CNN_IP_20030414.1600.04-E24" ROLE="Arg-1"/>
  <relation_argument REFID="CNN_IP_20030414.1600.04-E4" ROLE="Arg-2"/>
  <relation_mention ID="CNN_IP_20030414.1600.04-R23-1" LEXICALCONDITION="Preposition">
    <extent>
      <charseq START="1808" END="1828">the middle of Baghdad</charseq>
    </extent>
    <relation_mention_argument REFID="CNN_IP_20030414.1600.04-E24-51" ROLE="Arg-1">
      <extent>
        <charseq START="1808" END="1828">the middle of Baghdad</charseq>
      </extent>
    </relation_mention_argument>
    <relation_mention_argument REFID="CNN_IP_20030414.1600.04-E4-52" ROLE="Arg-2">
      <extent>
        <charseq START="1822" END="1828">Baghdad</charseq>
      </extent>
    </relation_mention_argument>
  </relation_mention>
</relation>
<relation ID="CNN_IP_20030414.1600.04-R24" TYPE="PHYS" SUBTYPE="Located" TENSE="Present" MODALITY="Asserted">
  <relation_argument REFID="CNN_IP_20030414.1600.04-E19" ROLE="Arg-1"/>
  <relation_argument REFID="CNN_IP_20030414.1600.04-E24" ROLE="Arg-2"/>
  <relation_mention ID="CNN_IP_20030414.1600.04-R24-1" LEXICALCONDITION="Preposition">
    <extent>
      <charseq START="1801" END="1869">I'm in the middle of Baghdad, just
patrolling up and down the streets</charseq>
    </extent>
    <relation_mention_argument REFID="CNN_IP_20030414.1600.04-E19-50" ROLE="Arg-1">
      <extent>
        <charseq START="1801" END="1801">I</charseq>
      </extent>
    </relation_mention_argument>
    <relation_mention_argument REFID="CNN_IP_20030414.1600.04-E24-51" ROLE="Arg-2">
      <extent>
        <charseq START="1808" END="1828">the middle of Baghdad</charseq>
      </extent>
    </relation_mention_argument>
  </relation_mention>
</relation>
<relation ID="CNN_IP_20030414.1600.04-R25" TYPE="PER-SOC" SUBTYPE="Family" TENSE="Unspecified" MODALITY="Asserted">
  <relation_argument REFID="CNN_IP_20030414.1600.04-E19" ROLE="Arg-1"/>
  <relation_argument REFID="CNN_IP_20030414.1600.04-E25" ROLE="Arg-2"/>
  <relation_mention ID="CNN_IP_20030414.1600.04-R25-1" LEXICALCONDITION="Possessive">
    <extent>
      <charseq START="1903" END="1912">his family</charseq>
    </extent>
    <relation_mention_argument REFID="CNN_IP_20030414.1600.04-E19-54" ROLE="Arg-1">
      <extent>
        <charseq START="1903" END="1905">his</charseq>
      </extent>
    </relation_mention_argument>
    <relation_mention_argument REFID="CNN_IP_20030414.1600.04-E25-55" ROLE="Arg-2">
      <extent>
        <charseq START="1903" END="1912">his family</charseq>
      </extent>
    </relation_mention_argument>
  </relation_mention>
</relation>
<relation ID="CNN_IP_20030414.1600.04-R26" TYPE="PER-SOC" SUBTYPE="Lasting-Personal" TENSE="Unspecified" MODALITY="Asserted">
  <relation_argument REFID="CNN_IP_20030414.1600.04-E10" ROLE="Arg-1"/>
  <relation_argument REFID="CNN_IP_20030414.1600.04-E27" ROLE="Arg-2"/>
  <relation_mention ID="CNN_IP_20030414.1600.04-R26-1" LEXICALCONDITION="Possessive">
    <extent>
      <charseq START="2055" END="2070">their loved ones</charseq>
    </extent>
    <relation_mention_argument REFID="CNN_IP_20030414.1600.04-E10-109" ROLE="Arg-1">
      <extent>
        <charseq START="2055" END="2059">their</charseq>
      </extent>
    </relation_mention_argument>
    <relation_mention_argument REFID="CNN_IP_20030414.1600.04-E27-58" ROLE="Arg-2">
      <extent>
        <charseq START="2055" END="2070">their loved ones</charseq>
      </extent>
    </relation_mention_argument>
  </relation_mention>
</relation>
<relation ID="CNN_IP_20030414.1600.04-R27" TYPE="PHYS" SUBTYPE="Located" TENSE="Unspecified" MODALITY="Asserted">
  <relation_argument REFID="CNN_IP_20030414.1600.04-E26" ROLE="Arg-2"/>
  <relation_argument REFID="CNN_IP_20030414.1600.04-E10" ROLE="Arg-1"/>
  <relation_mention ID="CNN_IP_20030414.1600.04-R27-1" LEXICALCONDITION="Other">
    <extent>
      <charseq START="1951" END="2070">On
this one sidewalk in Baghdad, they were all doing the most natural thing
during war, trying to reach their loved ones</charseq>
    </extent>
    <relation_mention_argument REFID="CNN_IP_20030414.1600.04-E26-57" ROLE="Arg-2">
      <extent>
        <charseq START="1954" END="1981">this one sidewalk in Baghdad</charseq>
      </extent>
    </relation_mention_argument>
    <relation_mention_argument REFID="CNN_IP_20030414.1600.04-E10-108" ROLE="Arg-1">
      <extent>
        <charseq START="1984" END="1987">they</charseq>
      </extent>
    </relation_mention_argument>
  </relation_mention>
</relation>
<relation ID="CNN_IP_20030414.1600.04-R28" TYPE="PER-SOC" SUBTYPE="Family" TENSE="Unspecified" MODALITY="Asserted">
  <relation_argument REFID="CNN_IP_20030414.1600.04-E19" ROLE="Arg-1"/>
  <relation_argument REFID="CNN_IP_20030414.1600.04-E32" ROLE="Arg-2"/>
  <relation_mention ID="CNN_IP_20030414.1600.04-R28-1" LEXICALCONDITION="Verbal">
    <extent>
      <charseq START="2191" END="2244">I got an older brother and a little brother and sister</charseq>
    </extent>
    <relation_mention_argument REFID="CNN_IP_20030414.1600.04-E19-65" ROLE="Arg-1">
      <extent>
        <charseq START="2191" END="2191">I</charseq>
      </extent>
    </relation_mention_argument>
    <relation_mention_argument REFID="CNN_IP_20030414.1600.04-E32-66" ROLE="Arg-2">
      <extent>
        <charseq START="2197" END="2212">an older brother</charseq>
      </extent>
    </relation_mention_argument>
  </relation_mention>
</relation>
<relation ID="CNN_IP_20030414.1600.04-R29" TYPE="PER-SOC" SUBTYPE="Family" TENSE="Unspecified" MODALITY="Asserted">
  <relation_argument REFID="CNN_IP_20030414.1600.04-E19" ROLE="Arg-1"/>
  <relation_argument REFID="CNN_IP_20030414.1600.04-E33" ROLE="Arg-2"/>
  <relation_mention ID="CNN_IP_20030414.1600.04-R29-1" LEXICALCONDITION="Verbal">
    <extent>
      <charseq START="2191" END="2244">I got an older brother and a little brother and sister</charseq>
    </extent>
    <relation_mention_argument REFID="CNN_IP_20030414.1600.04-E19-65" ROLE="Arg-1">
      <extent>
        <charseq START="2191" END="2191">I</charseq>
      </extent>
    </relation_mention_argument>
    <relation_mention_argument REFID="CNN_IP_20030414.1600.04-E33-67" ROLE="Arg-2">
      <extent>
        <charseq START="2218" END="2244">a little brother and sister</charseq>
      </extent>
    </relation_mention_argument>
  </relation_mention>
</relation>
<relation ID="CNN_IP_20030414.1600.04-R30" TYPE="PHYS" SUBTYPE="Located" TENSE="Past" MODALITY="Asserted">
  <relation_argument REFID="CNN_IP_20030414.1600.04-E50" ROLE="Arg-1"/>
  <relation_argument REFID="CNN_IP_20030414.1600.04-E41" ROLE="Arg-2"/>
  <relation_argument REFID="CNN_IP_20030414.1600.04-T2" ROLE="Time-Ending"/>
  <relation_mention ID="CNN_IP_20030414.1600.04-R30-1" LEXICALCONDITION="Verbal">
    <extent>
      <charseq START="211" END="322">The people of Tikrit are saying Saddam's family left that city three days
ago, well before the Americans arrived</charseq>
    </extent>
    <relation_mention_argument REFID="CNN_IP_20030414.1600.04-E50-115" ROLE="Arg-1">
      <extent>
        <charseq START="243" END="257">Saddam's family</charseq>
      </extent>
    </relation_mention_argument>
    <relation_mention_argument REFID="CNN_IP_20030414.1600.04-E41-116" ROLE="Arg-2">
      <extent>
        <charseq START="264" END="272">that city</charseq>
      </extent>
    </relation_mention_argument>
    <relation_mention_argument REFID="CNN_IP_20030414.1600.04-T2-1" ROLE="Time-Ending">
      <extent>
        <charseq START="274" END="287">three days
ago</charseq>
      </extent>
    </relation_mention_argument>
  </relation_mention>
</relation>
<relation ID="CNN_IP_20030414.1600.04-R31" TYPE="PHYS" SUBTYPE="Located" TENSE="Unspecified" MODALITY="Asserted">
  <relation_argument REFID="CNN_IP_20030414.1600.04-E51" ROLE="Arg-1"/>
  <relation_argument REFID="CNN_IP_20030414.1600.04-E41" ROLE="Arg-2"/>
  <relation_mention ID="CNN_IP_20030414.1600.04-R31-1" LEXICALCONDITION="Verbal">
    <extent>
      <charseq START="211" END="322">The people of Tikrit are saying Saddam's family left that city three days
ago, well before the Americans arrived</charseq>
    </extent>
    <relation_mention_argument REFID="CNN_IP_20030414.1600.04-E51-117" ROLE="Arg-1">
      <extent>
        <charseq START="302" END="314">the Americans</charseq>
      </extent>
    </relation_mention_argument>
    <relation_mention_argument REFID="CNN_IP_20030414.1600.04-E41-116" ROLE="Arg-2">
      <extent>
        <charseq START="264" END="272">that city</charseq>
      </extent>
    </relation_mention_argument>
  </relation_mention>
</relation>
<event ID="CNN_IP_20030414.1600.04-EV1" TYPE="Movement" SUBTYPE="Transport" MODALITY="Asserted" POLARITY="Positive" GENERICITY="Specific" TENSE="Past">
  <event_argument REFID="CNN_IP_20030414.1600.04-E50" ROLE="Person"/>
  <event_argument REFID="CNN_IP_20030414.1600.04-E41" ROLE="Origin"/>
  <event_argument REFID="CNN_IP_20030414.1600.04-T2" ROLE="Time-Within"/>
  <event_argument REFID="CNN_IP_20030414.1600.04-E52" ROLE="Destination"/>
  <event_argument REFID="CNN_IP_20030414.1600.04-E53" ROLE="Destination"/>
  <event_mention ID="CNN_IP_20030414.1600.04-EV1-1">
    <extent>
      <charseq START="225" END="287">Tikrit are saying Saddam's family left that city three days
ago</charseq>
    </extent>
    <ldc_scope>
      <charseq START="211" END="322">The people of Tikrit are saying Saddam's family left that city three days
ago, well before the Americans arrived</charseq>
    </ldc_scope>
    <anchor>
      <charseq START="259" END="262">left</charseq>
    </anchor>
    <event_mention_argument REFID="CNN_IP_20030414.1600.04-E50-115" ROLE="Person">
      <extent>
        <charseq START="243" END="257">Saddam's family</charseq>
      </extent>
    </event_mention_argument>
    <event_mention_argument REFID="CNN_IP_20030414.1600.04-E41-72" ROLE="Origin">
      <extent>
        <charseq START="225" END="230">Tikrit</charseq>
      </extent>
    </event_mention_argument>
    <event_mention_argument REFID="CNN_IP_20030414.1600.04-E41-116" ROLE="Origin">
      <extent>
        <charseq START="264" END="272">that city</charseq>
      </extent>
    </event_mention_argument>
    <event_mention_argument REFID="CNN_IP_20030414.1600.04-T2-1" ROLE="Time-Within">
      <extent>
        <charseq START="274" END="287">three days
ago</charseq>
      </extent>
    </event_mention_argument>
  </event_mention>
  <event_mention ID="CNN_IP_20030414.1600.04-EV1-2">
    <extent>
      <charseq START="325" END="392">Saddam's clan is said to have
left for a small village in the desert</charseq>
    </extent>
    <ldc_scope>
      <charseq START="325" END="392">Saddam's clan is said to have
left for a small village in the desert</charseq>
    </ldc_scope>
    <anchor>
      <charseq START="355" END="358">left</charseq>
    </anchor>
    <event_mention_argument REFID="CNN_IP_20030414.1600.04-E50-119" ROLE="Person">
      <extent>
        <charseq START="325" END="337">Saddam's clan</charseq>
      </extent>
    </event_mention_argument>
    <event_mention_argument REFID="CNN_IP_20030414.1600.04-E52-120" ROLE="Destination">
      <extent>
        <charseq START="364" END="392">a small village in the desert</charseq>
      </extent>
    </event_mention_argument>
    <event_mention_argument REFID="CNN_IP_20030414.1600.04-E53-121" ROLE="Destination">
      <extent>
        <charseq START="383" END="392">the desert</charseq>
      </extent>
    </event_mention_argument>
  </event_mention>
</event>
<event ID="CNN_IP_20030414.1600.04-EV2" TYPE="Movement" SUBTYPE="Transport" MODALITY="Asserted" POLARITY="Positive" GENERICITY="Specific" TENSE="Past">
  <event_argument REFID="CNN_IP_20030414.1600.04-E51" ROLE="Person"/>
  <event_argument REFID="CNN_IP_20030414.1600.04-E41" ROLE="Destination"/>
  <event_mention ID="CNN_IP_20030414.1600.04-EV2-1">
    <extent>
      <charseq START="225" END="322">Tikrit are saying Saddam's family left that city three days
ago, well before the Americans arrived</charseq>
    </extent>
    <ldc_scope>
      <charseq START="211" END="322">The people of Tikrit are saying Saddam's family left that city three days
ago, well before the Americans arrived</charseq>
    </ldc_scope>
    <anchor>
      <charseq START="316" END="322">arrived</charseq>
    </anchor>
    <event_mention_argument REFID="CNN_IP_20030414.1600.04-E51-117" ROLE="Person">
      <extent>
        <charseq START="302" END="314">the Americans</charseq>
      </extent>
    </event_mention_argument>
    <event_mention_argument REFID="CNN_IP_20030414.1600.04-E41-72" ROLE="Destination">
      <extent>
        <charseq START="225" END="230">Tikrit</charseq>
      </extent>
    </event_mention_argument>
    <event_mention_argument REFID="CNN_IP_20030414.1600.04-E41-116" ROLE="Destination">
      <extent>
        <charseq START="264" END="272">that city</charseq>
      </extent>
    </event_mention_argument>
  </event_mention>
</event>
<event ID="CNN_IP_20030414.1600.04-EV3" TYPE="Contact" SUBTYPE="Phone-Write" MODALITY="Other" POLARITY="Positive" GENERICITY="Specific" TENSE="Unspecified">
  <event_argument REFID="CNN_IP_20030414.1600.04-E15" ROLE="Entity"/>
  <event_mention ID="CNN_IP_20030414.1600.04-EV3-1">
    <extent>
      <charseq START="1412" END="1428">She wants to call</charseq>
    </extent>
    <ldc_scope>
      <charseq START="1412" END="1498">She wants to call her
pregnant daughter Saba (ph) in Sweden to see if she has delivered</charseq>
    </ldc_scope>
    <anchor>
      <charseq START="1425" END="1428">call</charseq>
    </anchor>
    <event_mention_argument REFID="CNN_IP_20030414.1600.04-E15-30" ROLE="Entity">
      <extent>
        <charseq START="1412" END="1414">She</charseq>
      </extent>
    </event_mention_argument>
  </event_mention>
</event>
<event ID="CNN_IP_20030414.1600.04-EV4" TYPE="Life" SUBTYPE="Be-Born" MODALITY="Other" POLARITY="Positive" GENERICITY="Specific" TENSE="Unspecified">
  <event_argument REFID="CNN_IP_20030414.1600.04-E17" ROLE="Place"/>
  <event_mention ID="CNN_IP_20030414.1600.04-EV4-1">
    <extent>
      <charseq START="1465" END="1498">Sweden to see if she has delivered</charseq>
    </extent>
    <ldc_scope>
      <charseq START="1412" END="1498">She wants to call her
pregnant daughter Saba (ph) in Sweden to see if she has delivered</charseq>
    </ldc_scope>
    <anchor>
      <charseq START="1490" END="1498">delivered</charseq>
    </anchor>
    <event_mention_argument REFID="CNN_IP_20030414.1600.04-E17-35" ROLE="Place">
      <extent>
        <charseq START="1465" END="1470">Sweden</charseq>
      </extent>
    </event_mention_argument>
  </event_mention>
</event>
<event ID="CNN_IP_20030414.1600.04-EV5" TYPE="Contact" SUBTYPE="Phone-Write" MODALITY="Other" POLARITY="Positive" GENERICITY="Specific" TENSE="Unspecified">
  <event_argument REFID="CNN_IP_20030414.1600.04-E19" ROLE="Entity"/>
  <event_argument REFID="CNN_IP_20030414.1600.04-E28" ROLE="Entity"/>
  <event_mention ID="CNN_IP_20030414.1600.04-EV5-1">
    <extent>
      <charseq START="1646" END="1669">He wants to call his mom</charseq>
    </extent>
    <ldc_scope>
      <charseq START="1646" END="1680">He wants to call his mom in Houston</charseq>
    </ldc_scope>
    <anchor>
      <charseq START="1658" END="1661">call</charseq>
    </anchor>
    <event_mention_argument REFID="CNN_IP_20030414.1600.04-E19-42" ROLE="Entity">
      <extent>
        <charseq START="1646" END="1647">He</charseq>
      </extent>
    </event_mention_argument>
    <event_mention_argument REFID="CNN_IP_20030414.1600.04-E28-112" ROLE="Entity">
      <extent>
        <charseq START="1663" END="1669">his mom</charseq>
      </extent>
    </event_mention_argument>
  </event_mention>
</event>
<event ID="CNN_IP_20030414.1600.04-EV6" TYPE="Conflict" SUBTYPE="Attack" MODALITY="Asserted" POLARITY="Positive" GENERICITY="Generic" TENSE="Unspecified">
  <event_argument REFID="CNN_IP_20030414.1600.04-E4" ROLE="Place"/>
  <event_mention ID="CNN_IP_20030414.1600.04-EV6-1">
    <extent>
      <charseq START="1975" END="2036">Baghdad, they were all doing the most natural thing
during war</charseq>
    </extent>
    <ldc_scope>
      <charseq START="1951" END="2070">On
this one sidewalk in Baghdad, they were all doing the most natural thing
during war, trying to reach their loved ones</charseq>
    </ldc_scope>
    <anchor>
      <charseq START="2034" END="2036">war</charseq>
    </anchor>
    <event_mention_argument REFID="CNN_IP_20030414.1600.04-E4-56" ROLE="Place">
      <extent>
        <charseq START="1975" END="1981">Baghdad</charseq>
      </extent>
    </event_mention_argument>
  </event_mention>
</event>
<event ID="CNN_IP_20030414.1600.04-EV7" TYPE="Contact" SUBTYPE="Phone-Write" MODALITY="Asserted" POLARITY="Positive" GENERICITY="Specific" TENSE="Unspecified">
  <event_argument REFID="CNN_IP_20030414.1600.04-E15" ROLE="Entity"/>
  <event_mention ID="CNN_IP_20030414.1600.04-EV7-1">
    <extent>
      <charseq START="2425" END="2442">call is the mother</charseq>
    </extent>
    <ldc_scope>
      <charseq START="2408" END="2442">And the first to call is the mother</charseq>
    </ldc_scope>
    <anchor>
      <charseq START="2425" END="2428">call</charseq>
    </anchor>
    <event_mention_argument REFID="CNN_IP_20030414.1600.04-E15-82" ROLE="Entity">
      <extent>
        <charseq START="2433" END="2442">the mother</charseq>
      </extent>
    </event_mention_argument>
  </event_mention>
</event>
<event ID="CNN_IP_20030414.1600.04-EV8" TYPE="Life" SUBTYPE="Be-Born" MODALITY="Asserted" POLARITY="Negative" GENERICITY="Specific" TENSE="Unspecified">
  <event_mention ID="CNN_IP_20030414.1600.04-EV8-1">
    <extent>
      <charseq START="2457" END="2465">delivered</charseq>
    </extent>
    <ldc_scope>
      <charseq START="2445" END="2469">Saba hasn't
delivered yet</charseq>
    </ldc_scope>
    <anchor>
      <charseq START="2457" END="2465">delivered</charseq>
    </anchor>
  </event_mention>
</event>
<event ID="CNN_IP_20030414.1600.04-EV9" TYPE="Contact" SUBTYPE="Phone-Write" MODALITY="Other" POLARITY="Positive" GENERICITY="Generic" TENSE="Unspecified">
  <event_argument REFID="CNN_IP_20030414.1600.04-E37" ROLE="Entity"/>
  <event_mention ID="CNN_IP_20030414.1600.04-EV9-1">
    <extent>
      <charseq START="2507" END="2529">Everyone wanted to
call</charseq>
    </extent>
    <ldc_scope>
      <charseq START="2507" END="2529">Everyone wanted to
call</charseq>
    </ldc_scope>
    <anchor>
      <charseq START="2526" END="2529">call</charseq>
    </anchor>
    <event_mention_argument REFID="CNN_IP_20030414.1600.04-E37-86" ROLE="Entity">
      <extent>
        <charseq START="2507" END="2514">Everyone</charseq>
      </extent>
    </event_mention_argument>
  </event_mention>
</event>
<event ID="CNN_IP_20030414.1600.04-EV10" TYPE="Contact" SUBTYPE="Phone-Write" MODALITY="Other" POLARITY="Positive" GENERICITY="Specific" TENSE="Future">
  <event_argument REFID="CNN_IP_20030414.1600.04-E11" ROLE="Entity"/>
  <event_mention ID="CNN_IP_20030414.1600.04-EV10-1">
    <extent>
      <charseq START="2679" END="2687">we'd call</charseq>
    </extent>
    <ldc_scope>
      <charseq START="2567" END="2703">So, on small notes, they wrote
the phone numbers we didn't get to dial, hoping we'd deliver on our
promise that we'd call on their behalf</charseq>
    </ldc_scope>
    <anchor>
      <charseq START="2684" END="2687">call</charseq>
    </anchor>
    <event_mention_argument REFID="CNN_IP_20030414.1600.04-E11-93" ROLE="Entity">
      <extent>
        <charseq START="2679" END="2680">we</charseq>
      </extent>
    </event_mention_argument>
  </event_mention>
</event>
<event ID="CNN_IP_20030414.1600.04-EV11" TYPE="Conflict" SUBTYPE="Attack" MODALITY="Asserted" POLARITY="Positive" GENERICITY="Specific" TENSE="Unspecified">
  <event_mention ID="CNN_IP_20030414.1600.04-EV11-1">
    <extent>
      <charseq START="2915" END="2917">war</charseq>
    </extent>
    <ldc_scope>
      <charseq START="2902" END="2976">Now that the war is winding down, is his support among Democrats
looking up</charseq>
    </ldc_scope>
    <anchor>
      <charseq START="2915" END="2917">war</charseq>
    </anchor>
  </event_mention>
</event>
<event ID="CNN_IP_20030414.1600.04-EV12" TYPE="Contact" SUBTYPE="Phone-Write" MODALITY="Other" POLARITY="Positive" GENERICITY="Generic" TENSE="Unspecified">
  <event_argument REFID="CNN_IP_20030414.1600.04-E10" ROLE="Entity"/>
  <event_mention ID="CNN_IP_20030414.1600.04-EV12-1">
    <extent>
      <charseq START="1984" END="2053">they were all doing the most natural thing
during war, trying to reach</charseq>
    </extent>
    <ldc_scope>
      <charseq START="1951" END="2070">On
this one sidewalk in Baghdad, they were all doing the most natural thing
during war, trying to reach their loved ones</charseq>
    </ldc_scope>
    <anchor>
      <charseq START="2049" END="2053">reach</charseq>
    </anchor>
    <event_mention_argument REFID="CNN_IP_20030414.1600.04-E10-108" ROLE="Entity">
      <extent>
        <charseq START="1984" END="1987">they</charseq>
      </extent>
    </event_mention_argument>
  </event_mention>
</event>
</document>
</source_file>
