<?xml version="1.0"?>
<!DOCTYPE source_file SYSTEM "apf.v5.1.1.dtd">
<source_file URI="CNN_IP_20030412.1600.05.sgm" SOURCE="broadcast conversation" TYPE="text" AUTHOR="LDC" ENCODING="UTF-8">
<document DOCID="CNN_IP_20030412.1600.05">
<entity ID="CNN_IP_20030412.1600.05-E1" TYPE="ORG" SUBTYPE="Government" CLASS="SPC">
  <entity_mention ID="CNN_IP_20030412.1600.05-E1-2" TYPE="NOM" LDCTYPE="BAR" LDCATR="TRUE">
    <extent>
      <charseq START="669" END="768">Naval corpsmen who never look
the other way, but rather face what needs to be done without flinching</charseq>
    </extent>
    <head>
      <charseq START="675" END="682">corpsmen</charseq>
    </head>
  </entity_mention>
  <entity_mention ID="CNN_IP_20030412.1600.05-E1-3" TYPE="PRO" LDCTYPE="WHQ" LDCATR="FALSE">
    <extent>
      <charseq START="684" END="686">who</charseq>
    </extent>
    <head>
      <charseq START="684" END="686">who</charseq>
    </head>
  </entity_mention>
  <entity_mention ID="CNN_IP_20030412.1600.05-E1-4" TYPE="PRO" LDCTYPE="PRO" LDCATR="FALSE">
    <extent>
      <charseq START="771" END="774">They</charseq>
    </extent>
    <head>
      <charseq START="771" END="774">They</charseq>
    </head>
  </entity_mention>
  <entity_mention ID="CNN_IP_20030412.1600.05-E1-5" TYPE="NOM" LDCTYPE="NOM" LDCATR="TRUE">
    <extent>
      <charseq START="786" END="816">the first faces the injured see</charseq>
    </extent>
    <head>
      <charseq START="796" END="800">faces</charseq>
    </head>
  </entity_mention>
  <entity_mention ID="CNN_IP_20030412.1600.05-E1-13" TYPE="NAM" LDCTYPE="NAM" LDCATR="FALSE">
    <extent>
      <charseq START="1005" END="1018">the Devil Docs</charseq>
    </extent>
    <head>
      <charseq START="1009" END="1018">Devil Docs</charseq>
    </head>
  </entity_mention>
  <entity_mention ID="CNN_IP_20030412.1600.05-E1-19" TYPE="NOM" LDCTYPE="NOM" LDCATR="TRUE">
    <extent>
      <charseq START="1177" END="1215">the closest
front line surgical company</charseq>
    </extent>
    <head>
      <charseq START="1209" END="1215">company</charseq>
    </head>
  </entity_mention>
  <entity_mention ID="CNN_IP_20030412.1600.05-E1-25" TYPE="NOM" LDCTYPE="NOM" LDCATR="FALSE">
    <extent>
      <charseq START="1319" END="1329">the doctors</charseq>
    </extent>
    <head>
      <charseq START="1323" END="1329">doctors</charseq>
    </head>
  </entity_mention>
  <entity_mention ID="CNN_IP_20030412.1600.05-E1-26" TYPE="PRO" LDCTYPE="PRO" LDCATR="FALSE">
    <extent>
      <charseq START="1337" END="1341">their</charseq>
    </extent>
    <head>
      <charseq START="1337" END="1341">their</charseq>
    </head>
  </entity_mention>
  <entity_mention ID="CNN_IP_20030412.1600.05-E1-48" TYPE="NAM" LDCTYPE="NAM" LDCATR="FALSE">
    <extent>
      <charseq START="1909" END="1922">the Devil Docs</charseq>
    </extent>
    <head>
      <charseq START="1913" END="1922">Devil Docs</charseq>
    </head>
  </entity_mention>
  <entity_mention ID="CNN_IP_20030412.1600.05-E1-52" TYPE="PRO" LDCTYPE="PRO" LDCATR="FALSE">
    <extent>
      <charseq START="379" END="382">they</charseq>
    </extent>
    <head>
      <charseq START="379" END="382">they</charseq>
    </head>
  </entity_mention>
  <entity_mention ID="CNN_IP_20030412.1600.05-E1-58" TYPE="NAM" LDCTYPE="NAM" LDCATR="FALSE">
    <extent>
      <charseq START="337" END="350">the Devil Docs</charseq>
    </extent>
    <head>
      <charseq START="341" END="350">Devil Docs</charseq>
    </head>
  </entity_mention>
  <entity_mention ID="CNN_IP_20030412.1600.05-E1-65" TYPE="NAM" LDCTYPE="NAM" LDCATR="FALSE">
    <extent>
      <charseq START="653" END="666">the Devil Docs</charseq>
    </extent>
    <head>
      <charseq START="663" END="666">Docs</charseq>
    </head>
  </entity_mention>
  <entity_attributes>
    <name NAME="Devil Docs">
      <charseq START="1009" END="1018">Devil Docs</charseq>
    </name>
    <name NAME="Devil Docs">
      <charseq START="1913" END="1922">Devil Docs</charseq>
    </name>
    <name NAME="Devil Docs">
      <charseq START="341" END="350">Devil Docs</charseq>
    </name>
    <name NAME="Docs">
      <charseq START="663" END="666">Docs</charseq>
    </name>
  </entity_attributes>
</entity>
<entity ID="CNN_IP_20030412.1600.05-E3" TYPE="PER" SUBTYPE="Group" CLASS="USP">
  <entity_mention ID="CNN_IP_20030412.1600.05-E3-6" TYPE="PRO" LDCTYPE="PRO">
    <extent>
      <charseq START="822" END="825">they</charseq>
    </extent>
    <head>
      <charseq START="822" END="825">they</charseq>
    </head>
  </entity_mention>
  <entity_mention ID="CNN_IP_20030412.1600.05-E3-7" TYPE="PRO" LDCTYPE="HLS">
    <extent>
      <charseq START="802" END="812">the injured</charseq>
    </extent>
    <head>
      <charseq START="806" END="812">injured</charseq>
    </head>
  </entity_mention>
</entity>
<entity ID="CNN_IP_20030412.1600.05-E4" TYPE="GPE" SUBTYPE="Nation" CLASS="SPC">
  <entity_mention ID="CNN_IP_20030412.1600.05-E4-1" TYPE="NAM" LDCTYPE="NAM" ROLE="LOC" LDCATR="FALSE">
    <extent>
      <charseq START="221" END="224">Iraq</charseq>
    </extent>
    <head>
      <charseq START="221" END="224">Iraq</charseq>
    </head>
  </entity_mention>
  <entity_mention ID="CNN_IP_20030412.1600.05-E4-8" TYPE="PRO" LDCTYPE="HLS" ROLE="GPE" LDCATR="TRUE">
    <extent>
      <charseq START="827" END="831">Iraqi</charseq>
    </extent>
    <head>
      <charseq START="827" END="831">Iraqi</charseq>
    </head>
  </entity_mention>
  <entity_attributes>
    <name NAME="Iraq">
      <charseq START="221" END="224">Iraq</charseq>
    </name>
  </entity_attributes>
</entity>
<entity ID="CNN_IP_20030412.1600.05-E5" TYPE="PER" SUBTYPE="Group" CLASS="USP">
  <entity_mention ID="CNN_IP_20030412.1600.05-E5-9" TYPE="NOM" LDCTYPE="BAR">
    <extent>
      <charseq START="836" END="858">coalition force members</charseq>
    </extent>
    <head>
      <charseq START="852" END="858">members</charseq>
    </head>
  </entity_mention>
</entity>
<entity ID="CNN_IP_20030412.1600.05-E6" TYPE="GPE" SUBTYPE="Nation" CLASS="SPC">
  <entity_mention ID="CNN_IP_20030412.1600.05-E6-10" TYPE="NOM" LDCTYPE="NOMPRE" ROLE="GPE">
    <extent>
      <charseq START="836" END="844">coalition</charseq>
    </extent>
    <head>
      <charseq START="836" END="844">coalition</charseq>
    </head>
  </entity_mention>
</entity>
<entity ID="CNN_IP_20030412.1600.05-E7" TYPE="ORG" SUBTYPE="Government" CLASS="SPC">
  <entity_mention ID="CNN_IP_20030412.1600.05-E7-11" TYPE="NOM" LDCTYPE="NOMPRE">
    <extent>
      <charseq START="836" END="850">coalition force</charseq>
    </extent>
    <head>
      <charseq START="846" END="850">force</charseq>
    </head>
  </entity_mention>
</entity>
<entity ID="CNN_IP_20030412.1600.05-E8" TYPE="FAC" SUBTYPE="Path" CLASS="GEN">
  <entity_mention ID="CNN_IP_20030412.1600.05-E8-12" TYPE="NOM" LDCTYPE="NOM">
    <extent>
      <charseq START="923" END="933">the streets</charseq>
    </extent>
    <head>
      <charseq START="927" END="933">streets</charseq>
    </head>
  </entity_mention>
</entity>
<entity ID="CNN_IP_20030412.1600.05-E9" TYPE="ORG" SUBTYPE="Government" CLASS="SPC">
  <entity_mention ID="CNN_IP_20030412.1600.05-E9-14" TYPE="NAM" LDCTYPE="NAM">
    <extent>
      <charseq START="1041" END="1048">The Navy</charseq>
    </extent>
    <head>
      <charseq START="1045" END="1048">Navy</charseq>
    </head>
  </entity_mention>
  <entity_attributes>
    <name NAME="Navy">
      <charseq START="1045" END="1048">Navy</charseq>
    </name>
  </entity_attributes>
</entity>
<entity ID="CNN_IP_20030412.1600.05-E10" TYPE="VEH" SUBTYPE="Air" CLASS="GEN">
  <entity_mention ID="CNN_IP_20030412.1600.05-E10-15" TYPE="NOM" LDCTYPE="NOMPRE">
    <extent>
      <charseq START="1063" END="1072">helicopter</charseq>
    </extent>
    <head>
      <charseq START="1063" END="1072">helicopter</charseq>
    </head>
  </entity_mention>
</entity>
<entity ID="CNN_IP_20030412.1600.05-E11" TYPE="FAC" SUBTYPE="Building-Grounds" CLASS="SPC">
  <entity_mention ID="CNN_IP_20030412.1600.05-E11-16" TYPE="NOM" LDCTYPE="NOM">
    <extent>
      <charseq START="1061" END="1166">a helicopter landing zone just a 100 meters from a mobile
operating room, just on the outskirts of Baghdad</charseq>
    </extent>
    <head>
      <charseq START="1082" END="1085">zone</charseq>
    </head>
  </entity_mention>
</entity>
<entity ID="CNN_IP_20030412.1600.05-E12" TYPE="FAC" SUBTYPE="Subarea-Facility" CLASS="SPC">
  <entity_mention ID="CNN_IP_20030412.1600.05-E12-17" TYPE="NOM" LDCTYPE="NOM">
    <extent>
      <charseq START="1110" END="1132">a mobile
operating room</charseq>
    </extent>
    <head>
      <charseq START="1129" END="1132">room</charseq>
    </head>
  </entity_mention>
  <entity_mention ID="CNN_IP_20030412.1600.05-E12-23" TYPE="NOM" LDCTYPE="NOM">
    <extent>
      <charseq START="1292" END="1304">a triage tent</charseq>
    </extent>
    <head>
      <charseq START="1301" END="1304">tent</charseq>
    </head>
  </entity_mention>
  <entity_mention ID="CNN_IP_20030412.1600.05-E12-24" TYPE="PRO" LDCTYPE="PRO">
    <extent>
      <charseq START="1313" END="1317">there</charseq>
    </extent>
    <head>
      <charseq START="1313" END="1317">there</charseq>
    </head>
  </entity_mention>
  <entity_mention ID="CNN_IP_20030412.1600.05-E12-29" TYPE="PRO" LDCTYPE="PRO">
    <extent>
      <charseq START="1407" END="1410">here</charseq>
    </extent>
    <head>
      <charseq START="1407" END="1410">here</charseq>
    </head>
  </entity_mention>
</entity>
<entity ID="CNN_IP_20030412.1600.05-E14" TYPE="PER" SUBTYPE="Group" CLASS="USP">
  <entity_mention ID="CNN_IP_20030412.1600.05-E14-20" TYPE="NOM" LDCTYPE="BAR">
    <extent>
      <charseq START="1218" END="1225">Corpsmen</charseq>
    </extent>
    <head>
      <charseq START="1218" END="1225">Corpsmen</charseq>
    </head>
  </entity_mention>
</entity>
<entity ID="CNN_IP_20030412.1600.05-E15" TYPE="PER" SUBTYPE="Group" CLASS="GEN">
  <entity_mention ID="CNN_IP_20030412.1600.05-E15-21" TYPE="NOM" LDCTYPE="BAR">
    <extent>
      <charseq START="1240" END="1247">patients</charseq>
    </extent>
    <head>
      <charseq START="1240" END="1247">patients</charseq>
    </head>
  </entity_mention>
</entity>
<entity ID="CNN_IP_20030412.1600.05-E16" TYPE="VEH" SUBTYPE="Land" CLASS="GEN">
  <entity_mention ID="CNN_IP_20030412.1600.05-E16-22" TYPE="NOM" LDCTYPE="BAR">
    <extent>
      <charseq START="1252" END="1260">ambulance</charseq>
    </extent>
    <head>
      <charseq START="1252" END="1260">ambulance</charseq>
    </head>
  </entity_mention>
</entity>
<entity ID="CNN_IP_20030412.1600.05-E17" TYPE="PER" SUBTYPE="Group" CLASS="SPC">
  <entity_mention ID="CNN_IP_20030412.1600.05-E17-28" TYPE="NOM" LDCTYPE="NOM">
    <extent>
      <charseq START="1380" END="1390">32 patients</charseq>
    </extent>
    <head>
      <charseq START="1383" END="1390">patients</charseq>
    </head>
  </entity_mention>
  <entity_mention ID="CNN_IP_20030412.1600.05-E17-31" TYPE="PRO" LDCTYPE="PRO">
    <extent>
      <charseq START="1458" END="1472">those
delivered</charseq>
    </extent>
    <head>
      <charseq START="1458" END="1462">those</charseq>
    </head>
  </entity_mention>
  <entity_mention ID="CNN_IP_20030412.1600.05-E17-42" TYPE="NOM" LDCTYPE="NOM">
    <extent>
      <charseq START="1720" END="1730">the Marines</charseq>
    </extent>
    <head>
      <charseq START="1724" END="1730">Marines</charseq>
    </head>
  </entity_mention>
</entity>
<entity ID="CNN_IP_20030412.1600.05-E18" TYPE="PER" SUBTYPE="Group" CLASS="SPC">
  <entity_mention ID="CNN_IP_20030412.1600.05-E18-30" TYPE="PRO" LDCTYPE="PTV" LDCATR="FALSE">
    <extent>
      <charseq START="1452" END="1472">29 of those
delivered</charseq>
    </extent>
    <head>
      <charseq START="1452" END="1453">29</charseq>
    </head>
  </entity_mention>
  <entity_mention ID="CNN_IP_20030412.1600.05-E18-32" TYPE="NOM" LDCTYPE="BAR" LDCATR="TRUE">
    <extent>
      <charseq START="1475" END="1530">Marines involved in a firefight in the center of Baghdad</charseq>
    </extent>
    <head>
      <charseq START="1475" END="1481">Marines</charseq>
    </head>
  </entity_mention>
  <entity_mention ID="CNN_IP_20030412.1600.05-E18-35" TYPE="PRO" LDCTYPE="PRO" LDCATR="FALSE">
    <extent>
      <charseq START="1533" END="1537">Their</charseq>
    </extent>
    <head>
      <charseq START="1533" END="1537">Their</charseq>
    </head>
  </entity_mention>
  <entity_mention ID="CNN_IP_20030412.1600.05-E18-40" TYPE="PRO" LDCTYPE="PRO" LDCATR="FALSE">
    <extent>
      <charseq START="1682" END="1686">their</charseq>
    </extent>
    <head>
      <charseq START="1682" END="1686">their</charseq>
    </head>
  </entity_mention>
</entity>
<entity ID="CNN_IP_20030412.1600.05-E20" TYPE="LOC" SUBTYPE="Region-General" CLASS="SPC">
  <entity_mention ID="CNN_IP_20030412.1600.05-E20-33" TYPE="NOM" LDCTYPE="NOM">
    <extent>
      <charseq START="1510" END="1530">the center of Baghdad</charseq>
    </extent>
    <head>
      <charseq START="1514" END="1519">center</charseq>
    </head>
  </entity_mention>
</entity>
<entity ID="CNN_IP_20030412.1600.05-E21" TYPE="WEA" SUBTYPE="Exploding" CLASS="USP">
  <entity_mention ID="CNN_IP_20030412.1600.05-E21-36" TYPE="NOM" LDCTYPE="BAR">
    <extent>
      <charseq START="1587" END="1611">rocket-propelled
grenades</charseq>
    </extent>
    <head>
      <charseq START="1604" END="1611">grenades</charseq>
    </head>
  </entity_mention>
</entity>
<entity ID="CNN_IP_20030412.1600.05-E22" TYPE="WEA" SUBTYPE="Projectile" CLASS="GEN">
  <entity_mention ID="CNN_IP_20030412.1600.05-E22-37" TYPE="NOM" LDCTYPE="NOMPRE">
    <extent>
      <charseq START="1587" END="1592">rocket</charseq>
    </extent>
    <head>
      <charseq START="1587" END="1592">rocket</charseq>
    </head>
  </entity_mention>
</entity>
<entity ID="CNN_IP_20030412.1600.05-E23" TYPE="WEA" SUBTYPE="Projectile" CLASS="GEN">
  <entity_mention ID="CNN_IP_20030412.1600.05-E23-38" TYPE="NOM" LDCTYPE="NOMPRE">
    <extent>
      <charseq START="1617" END="1622">bullet</charseq>
    </extent>
    <head>
      <charseq START="1617" END="1622">bullet</charseq>
    </head>
  </entity_mention>
</entity>
<entity ID="CNN_IP_20030412.1600.05-E25" TYPE="WEA" SUBTYPE="Shooting" CLASS="USP">
  <entity_mention ID="CNN_IP_20030412.1600.05-E25-39" TYPE="NOM" LDCTYPE="BAR">
    <extent>
      <charseq START="1636" END="1657">semi-automatic weapons</charseq>
    </extent>
    <head>
      <charseq START="1651" END="1657">weapons</charseq>
    </head>
  </entity_mention>
</entity>
<entity ID="CNN_IP_20030412.1600.05-E26" TYPE="PER" SUBTYPE="Group" CLASS="SPC">
  <entity_mention ID="CNN_IP_20030412.1600.05-E26-41" TYPE="PRO" LDCTYPE="PTV">
    <extent>
      <charseq START="1713" END="1730">Two of the Marines</charseq>
    </extent>
    <head>
      <charseq START="1713" END="1715">Two</charseq>
    </head>
  </entity_mention>
</entity>
<entity ID="CNN_IP_20030412.1600.05-E27" TYPE="PER" SUBTYPE="Group" CLASS="USP">
  <entity_mention ID="CNN_IP_20030412.1600.05-E27-43" TYPE="PRO" LDCTYPE="PTV">
    <extent>
      <charseq START="1751" END="1771">many of the survivors</charseq>
    </extent>
    <head>
      <charseq START="1751" END="1754">many</charseq>
    </head>
  </entity_mention>
</entity>
<entity ID="CNN_IP_20030412.1600.05-E28" TYPE="PER" SUBTYPE="Group" CLASS="USP">
  <entity_mention ID="CNN_IP_20030412.1600.05-E28-44" TYPE="NOM" LDCTYPE="NOM">
    <extent>
      <charseq START="1759" END="1771">the survivors</charseq>
    </extent>
    <head>
      <charseq START="1763" END="1771">survivors</charseq>
    </head>
  </entity_mention>
</entity>
<entity ID="CNN_IP_20030412.1600.05-E29" TYPE="PER" SUBTYPE="Individual" CLASS="SPC">
  <entity_mention ID="CNN_IP_20030412.1600.05-E29-45" TYPE="NAM" LDCTYPE="NAM" LDCATR="TRUE">
    <extent>
      <charseq START="1882" END="1897">Dr.
Sanjay Gupta</charseq>
    </extent>
    <head>
      <charseq START="1886" END="1897">Sanjay Gupta</charseq>
    </head>
  </entity_mention>
  <entity_mention ID="CNN_IP_20030412.1600.05-E29-46" TYPE="NOM" LDCTYPE="NOMPRE" LDCATR="TRUE">
    <extent>
      <charseq START="1882" END="1883">Dr</charseq>
    </extent>
    <head>
      <charseq START="1882" END="1883">Dr</charseq>
    </head>
  </entity_mention>
  <entity_mention ID="CNN_IP_20030412.1600.05-E29-54" TYPE="NAM" LDCTYPE="NAM" LDCATR="TRUE">
    <extent>
      <charseq START="268" END="310">CNN medical correspondent, Dr. Sanjay Gupta</charseq>
    </extent>
    <head>
      <charseq START="299" END="310">Sanjay Gupta</charseq>
    </head>
  </entity_mention>
  <entity_mention ID="CNN_IP_20030412.1600.05-E29-55" TYPE="NOM" LDCTYPE="NOMPRE" LDCATR="TRUE">
    <extent>
      <charseq START="268" END="292">CNN medical correspondent</charseq>
    </extent>
    <head>
      <charseq START="280" END="292">correspondent</charseq>
    </head>
  </entity_mention>
  <entity_mention ID="CNN_IP_20030412.1600.05-E29-56" TYPE="NOM" LDCTYPE="NOMPRE" LDCATR="TRUE">
    <extent>
      <charseq START="295" END="296">Dr</charseq>
    </extent>
    <head>
      <charseq START="295" END="296">Dr</charseq>
    </head>
  </entity_mention>
  <entity_attributes>
    <name NAME="Sanjay Gupta">
      <charseq START="1886" END="1897">Sanjay Gupta</charseq>
    </name>
    <name NAME="Sanjay Gupta">
      <charseq START="299" END="310">Sanjay Gupta</charseq>
    </name>
  </entity_attributes>
</entity>
<entity ID="CNN_IP_20030412.1600.05-E30" TYPE="LOC" SUBTYPE="Region-General" CLASS="USP">
  <entity_mention ID="CNN_IP_20030412.1600.05-E30-51" TYPE="NOM" LDCTYPE="NOM">
    <extent>
      <charseq START="1143" END="1166">the outskirts of Baghdad</charseq>
    </extent>
    <head>
      <charseq START="1147" END="1155">outskirts</charseq>
    </head>
  </entity_mention>
</entity>
<entity ID="CNN_IP_20030412.1600.05-E31" TYPE="PER" SUBTYPE="Individual" CLASS="GEN">
  <entity_mention ID="CNN_IP_20030412.1600.05-E31-50" TYPE="NOM" LDCTYPE="NOM">
    <extent>
      <charseq START="247" END="265">the military
doctor</charseq>
    </extent>
    <head>
      <charseq START="260" END="265">doctor</charseq>
    </head>
  </entity_mention>
</entity>
<entity ID="CNN_IP_20030412.1600.05-E32" TYPE="ORG" SUBTYPE="Government" CLASS="GEN">
  <entity_mention ID="CNN_IP_20030412.1600.05-E32-53" TYPE="NOM" LDCTYPE="NOMPRE">
    <extent>
      <charseq START="251" END="258">military</charseq>
    </extent>
    <head>
      <charseq START="251" END="258">military</charseq>
    </head>
  </entity_mention>
</entity>
<entity ID="CNN_IP_20030412.1600.05-E36" TYPE="ORG" SUBTYPE="Media" CLASS="SPC">
  <entity_mention ID="CNN_IP_20030412.1600.05-E36-47" TYPE="NAM" LDCTYPE="NAM" LDCATR="FALSE">
    <extent>
      <charseq START="1900" END="1902">CNN</charseq>
    </extent>
    <head>
      <charseq START="1900" END="1902">CNN</charseq>
    </head>
  </entity_mention>
  <entity_mention ID="CNN_IP_20030412.1600.05-E36-57" TYPE="NAM" LDCTYPE="NAMPRE" LDCATR="TRUE">
    <extent>
      <charseq START="268" END="270">CNN</charseq>
    </extent>
    <head>
      <charseq START="268" END="270">CNN</charseq>
    </head>
  </entity_mention>
  <entity_attributes>
    <name NAME="CNN">
      <charseq START="1900" END="1902">CNN</charseq>
    </name>
    <name NAME="CNN">
      <charseq START="268" END="270">CNN</charseq>
    </name>
  </entity_attributes>
</entity>
<entity ID="CNN_IP_20030412.1600.05-E39" TYPE="GPE" SUBTYPE="Population-Center" CLASS="SPC">
  <entity_mention ID="CNN_IP_20030412.1600.05-E39-18" TYPE="NAM" LDCTYPE="NAM" ROLE="LOC">
    <extent>
      <charseq START="1160" END="1166">Baghdad</charseq>
    </extent>
    <head>
      <charseq START="1160" END="1166">Baghdad</charseq>
    </head>
  </entity_mention>
  <entity_mention ID="CNN_IP_20030412.1600.05-E39-34" TYPE="NAM" LDCTYPE="NAM" ROLE="LOC">
    <extent>
      <charseq START="1524" END="1530">Baghdad</charseq>
    </extent>
    <head>
      <charseq START="1524" END="1530">Baghdad</charseq>
    </head>
  </entity_mention>
  <entity_mention ID="CNN_IP_20030412.1600.05-E39-49" TYPE="NAM" LDCTYPE="NAM" ROLE="LOC">
    <extent>
      <charseq START="1932" END="1938">Baghdad</charseq>
    </extent>
    <head>
      <charseq START="1932" END="1938">Baghdad</charseq>
    </head>
  </entity_mention>
  <entity_mention ID="CNN_IP_20030412.1600.05-E39-59" TYPE="NAM" LDCTYPE="NAM" ROLE="LOC">
    <extent>
      <charseq START="397" END="403">Baghdad</charseq>
    </extent>
    <head>
      <charseq START="397" END="403">Baghdad</charseq>
    </head>
  </entity_mention>
  <entity_attributes>
    <name NAME="Baghdad">
      <charseq START="1160" END="1166">Baghdad</charseq>
    </name>
    <name NAME="Baghdad">
      <charseq START="1524" END="1530">Baghdad</charseq>
    </name>
    <name NAME="Baghdad">
      <charseq START="1932" END="1938">Baghdad</charseq>
    </name>
    <name NAME="Baghdad">
      <charseq START="397" END="403">Baghdad</charseq>
    </name>
  </entity_attributes>
</entity>
<entity ID="CNN_IP_20030412.1600.05-E40" TYPE="PER" SUBTYPE="Group" CLASS="USP">
  <entity_mention ID="CNN_IP_20030412.1600.05-E40-27" TYPE="PRO" LDCTYPE="PRO">
    <extent>
      <charseq START="1368" END="1369">we</charseq>
    </extent>
    <head>
      <charseq START="1368" END="1369">we</charseq>
    </head>
  </entity_mention>
  <entity_mention ID="CNN_IP_20030412.1600.05-E40-60" TYPE="PRO" LDCTYPE="PRO">
    <extent>
      <charseq START="541" END="542">we</charseq>
    </extent>
    <head>
      <charseq START="541" END="542">we</charseq>
    </head>
  </entity_mention>
</entity>
<entity ID="CNN_IP_20030412.1600.05-E41" TYPE="PER" SUBTYPE="Group" CLASS="USP">
  <entity_mention ID="CNN_IP_20030412.1600.05-E41-61" TYPE="NOM" LDCTYPE="BAR">
    <extent>
      <charseq START="563" END="568">others</charseq>
    </extent>
    <head>
      <charseq START="563" END="568">others</charseq>
    </head>
  </entity_mention>
  <entity_mention ID="CNN_IP_20030412.1600.05-E41-62" TYPE="PRO" LDCTYPE="PRO">
    <extent>
      <charseq START="598" END="602">their</charseq>
    </extent>
    <head>
      <charseq START="598" END="602">their</charseq>
    </head>
  </entity_mention>
</entity>
<entity ID="CNN_IP_20030412.1600.05-E42" TYPE="PER" SUBTYPE="Indeterminate" CLASS="NEG">
  <entity_mention ID="CNN_IP_20030412.1600.05-E42-63" TYPE="PRO" LDCTYPE="PRO">
    <extent>
      <charseq START="614" END="619">Nobody</charseq>
    </extent>
    <head>
      <charseq START="614" END="619">Nobody</charseq>
    </head>
  </entity_mention>
</entity>
<timex2 ID="CNN_IP_20030412.1600.05-T1">
  <timex2_mention ID="CNN_IP_20030412.1600.05-T1-1">
    <extent>
      <charseq START="232" END="234">now</charseq>
    </extent>
  </timex2_mention>
</timex2>
<timex2 ID="CNN_IP_20030412.1600.05-T2">
  <timex2_mention ID="CNN_IP_20030412.1600.05-T2-1">
    <extent>
      <charseq START="375" END="377">now</charseq>
    </extent>
  </timex2_mention>
</timex2>
<timex2 ID="CNN_IP_20030412.1600.05-T3">
  <timex2_mention ID="CNN_IP_20030412.1600.05-T3-1">
    <extent>
      <charseq START="1354" END="1363">45 minutes</charseq>
    </extent>
  </timex2_mention>
</timex2>
<timex2 ID="CNN_IP_20030412.1600.05-T4">
  <timex2_mention ID="CNN_IP_20030412.1600.05-T4-1">
    <extent>
      <charseq START="36" END="60">2003-04-12T16:00:00-05:00</charseq>
    </extent>
  </timex2_mention>
</timex2>
<relation ID="CNN_IP_20030412.1600.05-R1" TYPE="ORG-AFF" SUBTYPE="Employment" TENSE="Unspecified" MODALITY="Asserted">
  <relation_argument REFID="CNN_IP_20030412.1600.05-E31" ROLE="Arg-1"/>
  <relation_argument REFID="CNN_IP_20030412.1600.05-E32" ROLE="Arg-2"/>
  <relation_mention ID="CNN_IP_20030412.1600.05-R1-1" LEXICALCONDITION="PreMod">
    <extent>
      <charseq START="247" END="265">the military
doctor</charseq>
    </extent>
    <relation_mention_argument REFID="CNN_IP_20030412.1600.05-E31-50" ROLE="Arg-1">
      <extent>
        <charseq START="247" END="265">the military
doctor</charseq>
      </extent>
    </relation_mention_argument>
    <relation_mention_argument REFID="CNN_IP_20030412.1600.05-E32-53" ROLE="Arg-2">
      <extent>
        <charseq START="251" END="258">military</charseq>
      </extent>
    </relation_mention_argument>
  </relation_mention>
</relation>
<relation ID="CNN_IP_20030412.1600.05-R2" TYPE="ORG-AFF" SUBTYPE="Employment" TENSE="Unspecified" MODALITY="Asserted">
  <relation_argument REFID="CNN_IP_20030412.1600.05-E29" ROLE="Arg-1"/>
  <relation_argument REFID="CNN_IP_20030412.1600.05-E36" ROLE="Arg-2"/>
  <relation_mention ID="CNN_IP_20030412.1600.05-R2-1" LEXICALCONDITION="PreMod">
    <extent>
      <charseq START="268" END="292">CNN medical correspondent</charseq>
    </extent>
    <relation_mention_argument REFID="CNN_IP_20030412.1600.05-E29-55" ROLE="Arg-1">
      <extent>
        <charseq START="268" END="292">CNN medical correspondent</charseq>
      </extent>
    </relation_mention_argument>
    <relation_mention_argument REFID="CNN_IP_20030412.1600.05-E36-57" ROLE="Arg-2">
      <extent>
        <charseq START="268" END="270">CNN</charseq>
      </extent>
    </relation_mention_argument>
  </relation_mention>
  <relation_mention ID="CNN_IP_20030412.1600.05-R2-2" LEXICALCONDITION="Formulaic">
    <extent>
      <charseq START="1882" END="1902">Dr.
Sanjay Gupta, CNN</charseq>
    </extent>
    <relation_mention_argument REFID="CNN_IP_20030412.1600.05-E29-45" ROLE="Arg-1">
      <extent>
        <charseq START="1882" END="1897">Dr.
Sanjay Gupta</charseq>
      </extent>
    </relation_mention_argument>
    <relation_mention_argument REFID="CNN_IP_20030412.1600.05-E36-47" ROLE="Arg-2">
      <extent>
        <charseq START="1900" END="1902">CNN</charseq>
      </extent>
    </relation_mention_argument>
  </relation_mention>
</relation>
<relation ID="CNN_IP_20030412.1600.05-R3" TYPE="PHYS" SUBTYPE="Near" TENSE="Present" MODALITY="Asserted">
  <relation_argument REFID="CNN_IP_20030412.1600.05-E1" ROLE="Arg-1"/>
  <relation_argument REFID="CNN_IP_20030412.1600.05-E39" ROLE="Arg-2"/>
  <relation_argument REFID="CNN_IP_20030412.1600.05-T2" ROLE="Time-Holds"/>
  <relation_mention ID="CNN_IP_20030412.1600.05-R3-1" LEXICALCONDITION="Verbal">
    <extent>
      <charseq START="268" END="403">CNN medical correspondent, Dr. Sanjay Gupta, has been traveling
with the Devil Docs throughout the war and now they are close to Baghdad</charseq>
    </extent>
    <relation_mention_argument REFID="CNN_IP_20030412.1600.05-E1-52" ROLE="Arg-1">
      <extent>
        <charseq START="379" END="382">they</charseq>
      </extent>
    </relation_mention_argument>
    <relation_mention_argument REFID="CNN_IP_20030412.1600.05-E39-59" ROLE="Arg-2">
      <extent>
        <charseq START="397" END="403">Baghdad</charseq>
      </extent>
    </relation_mention_argument>
    <relation_mention_argument REFID="CNN_IP_20030412.1600.05-T2-1" ROLE="Time-Holds">
      <extent>
        <charseq START="375" END="377">now</charseq>
      </extent>
    </relation_mention_argument>
  </relation_mention>
  <relation_mention ID="CNN_IP_20030412.1600.05-R3-2" LEXICALCONDITION="Formulaic">
    <extent>
      <charseq START="1882" END="1938">Dr.
Sanjay Gupta, CNN with the Devil Docs outside Baghdad</charseq>
    </extent>
    <relation_mention_argument REFID="CNN_IP_20030412.1600.05-E1-48" ROLE="Arg-1">
      <extent>
        <charseq START="1909" END="1922">the Devil Docs</charseq>
      </extent>
    </relation_mention_argument>
    <relation_mention_argument REFID="CNN_IP_20030412.1600.05-E39-49" ROLE="Arg-2">
      <extent>
        <charseq START="1932" END="1938">Baghdad</charseq>
      </extent>
    </relation_mention_argument>
  </relation_mention>
</relation>
<relation ID="CNN_IP_20030412.1600.05-R4" TYPE="PART-WHOLE" SUBTYPE="Subsidiary" TENSE="Unspecified" MODALITY="Asserted">
  <relation_argument REFID="CNN_IP_20030412.1600.05-E7" ROLE="Arg-1"/>
  <relation_argument REFID="CNN_IP_20030412.1600.05-E6" ROLE="Arg-2"/>
  <relation_mention ID="CNN_IP_20030412.1600.05-R4-1" LEXICALCONDITION="PreMod">
    <extent>
      <charseq START="836" END="850">coalition force</charseq>
    </extent>
    <relation_mention_argument REFID="CNN_IP_20030412.1600.05-E7-11" ROLE="Arg-1">
      <extent>
        <charseq START="836" END="850">coalition force</charseq>
      </extent>
    </relation_mention_argument>
    <relation_mention_argument REFID="CNN_IP_20030412.1600.05-E6-10" ROLE="Arg-2">
      <extent>
        <charseq START="836" END="844">coalition</charseq>
      </extent>
    </relation_mention_argument>
  </relation_mention>
</relation>
<relation ID="CNN_IP_20030412.1600.05-R5" TYPE="ORG-AFF" SUBTYPE="Employment" TENSE="Unspecified" MODALITY="Asserted">
  <relation_argument REFID="CNN_IP_20030412.1600.05-E5" ROLE="Arg-1"/>
  <relation_argument REFID="CNN_IP_20030412.1600.05-E7" ROLE="Arg-2"/>
  <relation_mention ID="CNN_IP_20030412.1600.05-R5-1" LEXICALCONDITION="PreMod">
    <extent>
      <charseq START="836" END="858">coalition force members</charseq>
    </extent>
    <relation_mention_argument REFID="CNN_IP_20030412.1600.05-E5-9" ROLE="Arg-1">
      <extent>
        <charseq START="836" END="858">coalition force members</charseq>
      </extent>
    </relation_mention_argument>
    <relation_mention_argument REFID="CNN_IP_20030412.1600.05-E7-11" ROLE="Arg-2">
      <extent>
        <charseq START="836" END="850">coalition force</charseq>
      </extent>
    </relation_mention_argument>
  </relation_mention>
</relation>
<relation ID="CNN_IP_20030412.1600.05-R6" TYPE="PHYS" SUBTYPE="Near" TENSE="Unspecified" MODALITY="Asserted">
  <relation_argument REFID="CNN_IP_20030412.1600.05-E11" ROLE="Arg-1"/>
  <relation_argument REFID="CNN_IP_20030412.1600.05-E12" ROLE="Arg-2"/>
  <relation_mention ID="CNN_IP_20030412.1600.05-R6-1" LEXICALCONDITION="Participial">
    <extent>
      <charseq START="1061" END="1166">a helicopter landing zone just a 100 meters from a mobile
operating room, just on the outskirts of Baghdad</charseq>
    </extent>
    <relation_mention_argument REFID="CNN_IP_20030412.1600.05-E11-16" ROLE="Arg-1">
      <extent>
        <charseq START="1061" END="1166">a helicopter landing zone just a 100 meters from a mobile
operating room, just on the outskirts of Baghdad</charseq>
      </extent>
    </relation_mention_argument>
    <relation_mention_argument REFID="CNN_IP_20030412.1600.05-E12-17" ROLE="Arg-2">
      <extent>
        <charseq START="1110" END="1132">a mobile
operating room</charseq>
      </extent>
    </relation_mention_argument>
  </relation_mention>
</relation>
<relation ID="CNN_IP_20030412.1600.05-R8" TYPE="PHYS" SUBTYPE="Near" TENSE="Unspecified" MODALITY="Asserted">
  <relation_argument REFID="CNN_IP_20030412.1600.05-E12" ROLE="Arg-1"/>
  <relation_argument REFID="CNN_IP_20030412.1600.05-E39" ROLE="Arg-2"/>
  <relation_mention ID="CNN_IP_20030412.1600.05-R8-1" LEXICALCONDITION="Participial">
    <extent>
      <charseq START="1110" END="1166">a mobile
operating room, just on the outskirts of Baghdad</charseq>
    </extent>
    <relation_mention_argument REFID="CNN_IP_20030412.1600.05-E12-17" ROLE="Arg-1">
      <extent>
        <charseq START="1110" END="1132">a mobile
operating room</charseq>
      </extent>
    </relation_mention_argument>
    <relation_mention_argument REFID="CNN_IP_20030412.1600.05-E39-18" ROLE="Arg-2">
      <extent>
        <charseq START="1160" END="1166">Baghdad</charseq>
      </extent>
    </relation_mention_argument>
  </relation_mention>
</relation>
<relation ID="CNN_IP_20030412.1600.05-R9" TYPE="PHYS" SUBTYPE="Located" TENSE="Unspecified" MODALITY="Asserted">
  <relation_argument REFID="CNN_IP_20030412.1600.05-E1" ROLE="Arg-1"/>
  <relation_argument REFID="CNN_IP_20030412.1600.05-E12" ROLE="Arg-2"/>
  <relation_mention ID="CNN_IP_20030412.1600.05-R9-1" LEXICALCONDITION="Verbal">
    <extent>
      <charseq START="1307" END="1346">It is there the doctors
begin their work</charseq>
    </extent>
    <relation_mention_argument REFID="CNN_IP_20030412.1600.05-E1-25" ROLE="Arg-1">
      <extent>
        <charseq START="1319" END="1329">the doctors</charseq>
      </extent>
    </relation_mention_argument>
    <relation_mention_argument REFID="CNN_IP_20030412.1600.05-E12-24" ROLE="Arg-2">
      <extent>
        <charseq START="1313" END="1317">there</charseq>
      </extent>
    </relation_mention_argument>
  </relation_mention>
</relation>
<relation ID="CNN_IP_20030412.1600.05-R10" TYPE="PHYS" SUBTYPE="Located" TENSE="Unspecified" MODALITY="Asserted">
  <relation_argument REFID="CNN_IP_20030412.1600.05-E17" ROLE="Arg-1"/>
  <relation_argument REFID="CNN_IP_20030412.1600.05-E12" ROLE="Arg-2"/>
  <relation_argument REFID="CNN_IP_20030412.1600.05-T3" ROLE="Time-Within"/>
  <relation_mention ID="CNN_IP_20030412.1600.05-R10-1" LEXICALCONDITION="Verbal">
    <extent>
      <charseq START="1349" END="1530">Over 45 minutes as we watched, 32 patients were
delivered here, evaluated and nine operations started; 29 of those
delivered, Marines involved in a firefight in the center of Baghdad</charseq>
    </extent>
    <relation_mention_argument REFID="CNN_IP_20030412.1600.05-E17-28" ROLE="Arg-1">
      <extent>
        <charseq START="1380" END="1390">32 patients</charseq>
      </extent>
    </relation_mention_argument>
    <relation_mention_argument REFID="CNN_IP_20030412.1600.05-E12-29" ROLE="Arg-2">
      <extent>
        <charseq START="1407" END="1410">here</charseq>
      </extent>
    </relation_mention_argument>
    <relation_mention_argument REFID="CNN_IP_20030412.1600.05-T3-1" ROLE="Time-Within">
      <extent>
        <charseq START="1354" END="1363">45 minutes</charseq>
      </extent>
    </relation_mention_argument>
  </relation_mention>
</relation>
<relation ID="CNN_IP_20030412.1600.05-R11" TYPE="PHYS" SUBTYPE="Located" TENSE="Unspecified" MODALITY="Asserted">
  <relation_argument REFID="CNN_IP_20030412.1600.05-E18" ROLE="Arg-1"/>
  <relation_argument REFID="CNN_IP_20030412.1600.05-E20" ROLE="Arg-2"/>
  <relation_mention ID="CNN_IP_20030412.1600.05-R11-1" LEXICALCONDITION="Participial">
    <extent>
      <charseq START="1475" END="1530">Marines involved in a firefight in the center of Baghdad</charseq>
    </extent>
    <relation_mention_argument REFID="CNN_IP_20030412.1600.05-E18-32" ROLE="Arg-1">
      <extent>
        <charseq START="1475" END="1530">Marines involved in a firefight in the center of Baghdad</charseq>
      </extent>
    </relation_mention_argument>
    <relation_mention_argument REFID="CNN_IP_20030412.1600.05-E20-33" ROLE="Arg-2">
      <extent>
        <charseq START="1510" END="1530">the center of Baghdad</charseq>
      </extent>
    </relation_mention_argument>
  </relation_mention>
  <relation_mention ID="CNN_IP_20030412.1600.05-R11-2" LEXICALCONDITION="Verbal">
    <extent>
      <charseq START="1349" END="1530">Over 45 minutes as we watched, 32 patients were
delivered here, evaluated and nine operations started; 29 of those
delivered, Marines involved in a firefight in the center of Baghdad</charseq>
    </extent>
    <relation_mention_argument REFID="CNN_IP_20030412.1600.05-E18-32" ROLE="Arg-1">
      <extent>
        <charseq START="1475" END="1530">Marines involved in a firefight in the center of Baghdad</charseq>
      </extent>
    </relation_mention_argument>
    <relation_mention_argument REFID="CNN_IP_20030412.1600.05-E20-33" ROLE="Arg-2">
      <extent>
        <charseq START="1510" END="1530">the center of Baghdad</charseq>
      </extent>
    </relation_mention_argument>
  </relation_mention>
</relation>
<relation ID="CNN_IP_20030412.1600.05-R12" TYPE="PART-WHOLE" SUBTYPE="Geographical" TENSE="Unspecified" MODALITY="Asserted">
  <relation_argument REFID="CNN_IP_20030412.1600.05-E20" ROLE="Arg-1"/>
  <relation_argument REFID="CNN_IP_20030412.1600.05-E39" ROLE="Arg-2"/>
  <relation_mention ID="CNN_IP_20030412.1600.05-R12-1" LEXICALCONDITION="Preposition">
    <extent>
      <charseq START="1510" END="1530">the center of Baghdad</charseq>
    </extent>
    <relation_mention_argument REFID="CNN_IP_20030412.1600.05-E20-33" ROLE="Arg-1">
      <extent>
        <charseq START="1510" END="1530">the center of Baghdad</charseq>
      </extent>
    </relation_mention_argument>
    <relation_mention_argument REFID="CNN_IP_20030412.1600.05-E39-34" ROLE="Arg-2">
      <extent>
        <charseq START="1524" END="1530">Baghdad</charseq>
      </extent>
    </relation_mention_argument>
  </relation_mention>
</relation>
<relation ID="CNN_IP_20030412.1600.05-R13" TYPE="PHYS" SUBTYPE="Near" TENSE="Unspecified" MODALITY="Asserted">
  <relation_argument REFID="CNN_IP_20030412.1600.05-E29" ROLE="Arg-1"/>
  <relation_argument REFID="CNN_IP_20030412.1600.05-E39" ROLE="Arg-2"/>
  <relation_mention ID="CNN_IP_20030412.1600.05-R13-1" LEXICALCONDITION="Formulaic">
    <extent>
      <charseq START="1882" END="1938">Dr.
Sanjay Gupta, CNN with the Devil Docs outside Baghdad</charseq>
    </extent>
    <relation_mention_argument REFID="CNN_IP_20030412.1600.05-E29-45" ROLE="Arg-1">
      <extent>
        <charseq START="1882" END="1897">Dr.
Sanjay Gupta</charseq>
      </extent>
    </relation_mention_argument>
    <relation_mention_argument REFID="CNN_IP_20030412.1600.05-E39-49" ROLE="Arg-2">
      <extent>
        <charseq START="1932" END="1938">Baghdad</charseq>
      </extent>
    </relation_mention_argument>
  </relation_mention>
</relation>
<relation ID="CNN_IP_20030412.1600.05-R14" TYPE="GEN-AFF" SUBTYPE="Citizen-Resident-Religion-Ethnicity" TENSE="Unspecified" MODALITY="Other">
  <relation_argument REFID="CNN_IP_20030412.1600.05-E1" ROLE="Arg-1"/>
  <relation_argument REFID="CNN_IP_20030412.1600.05-E4" ROLE="Arg-2"/>
  <relation_mention ID="CNN_IP_20030412.1600.05-R14-1" LEXICALCONDITION="Other">
    <extent>
      <charseq START="771" END="858">They are often the first faces the injured see, be they Iraqi or
coalition force members</charseq>
    </extent>
    <relation_mention_argument REFID="CNN_IP_20030412.1600.05-E1-4" ROLE="Arg-1">
      <extent>
        <charseq START="771" END="774">They</charseq>
      </extent>
    </relation_mention_argument>
    <relation_mention_argument REFID="CNN_IP_20030412.1600.05-E4-8" ROLE="Arg-2">
      <extent>
        <charseq START="827" END="831">Iraqi</charseq>
      </extent>
    </relation_mention_argument>
  </relation_mention>
</relation>
<relation ID="CNN_IP_20030412.1600.05-R15" TYPE="PHYS" SUBTYPE="Near" TENSE="Unspecified" MODALITY="Asserted">
  <relation_argument REFID="CNN_IP_20030412.1600.05-E30" ROLE="Arg-1"/>
  <relation_argument REFID="CNN_IP_20030412.1600.05-E39" ROLE="Arg-2"/>
  <relation_mention ID="CNN_IP_20030412.1600.05-R15-1" LEXICALCONDITION="Preposition">
    <extent>
      <charseq START="1143" END="1166">the outskirts of Baghdad</charseq>
    </extent>
    <relation_mention_argument REFID="CNN_IP_20030412.1600.05-E30-51" ROLE="Arg-1">
      <extent>
        <charseq START="1143" END="1166">the outskirts of Baghdad</charseq>
      </extent>
    </relation_mention_argument>
    <relation_mention_argument REFID="CNN_IP_20030412.1600.05-E39-18" ROLE="Arg-2">
      <extent>
        <charseq START="1160" END="1166">Baghdad</charseq>
      </extent>
    </relation_mention_argument>
  </relation_mention>
</relation>
<relation ID="CNN_IP_20030412.1600.05-R16" TYPE="PART-WHOLE" SUBTYPE="Geographical" TENSE="Unspecified" MODALITY="Asserted">
  <relation_argument REFID="CNN_IP_20030412.1600.05-E11" ROLE="Arg-1"/>
  <relation_argument REFID="CNN_IP_20030412.1600.05-E30" ROLE="Arg-2"/>
  <relation_mention ID="CNN_IP_20030412.1600.05-R16-1" LEXICALCONDITION="Preposition">
    <extent>
      <charseq START="1061" END="1166">a helicopter landing zone just a 100 meters from a mobile
operating room, just on the outskirts of Baghdad</charseq>
    </extent>
    <relation_mention_argument REFID="CNN_IP_20030412.1600.05-E11-16" ROLE="Arg-1">
      <extent>
        <charseq START="1061" END="1166">a helicopter landing zone just a 100 meters from a mobile
operating room, just on the outskirts of Baghdad</charseq>
      </extent>
    </relation_mention_argument>
    <relation_mention_argument REFID="CNN_IP_20030412.1600.05-E30-51" ROLE="Arg-2">
      <extent>
        <charseq START="1143" END="1166">the outskirts of Baghdad</charseq>
      </extent>
    </relation_mention_argument>
  </relation_mention>
</relation>
<relation ID="CNN_IP_20030412.1600.05-R17" TYPE="ART" SUBTYPE="User-Owner-Inventor-Manufacturer" TENSE="Unspecified" MODALITY="Asserted">
  <relation_argument REFID="CNN_IP_20030412.1600.05-E14" ROLE="Arg-1"/>
  <relation_argument REFID="CNN_IP_20030412.1600.05-E16" ROLE="Arg-2"/>
  <relation_mention ID="CNN_IP_20030412.1600.05-R17-1" LEXICALCONDITION="Verbal">
    <extent>
      <charseq START="1218" END="1304">Corpsmen quickly take patients by ambulance
away from the blowing sand to a triage tent</charseq>
    </extent>
    <relation_mention_argument REFID="CNN_IP_20030412.1600.05-E14-20" ROLE="Arg-1">
      <extent>
        <charseq START="1218" END="1225">Corpsmen</charseq>
      </extent>
    </relation_mention_argument>
    <relation_mention_argument REFID="CNN_IP_20030412.1600.05-E16-22" ROLE="Arg-2">
      <extent>
        <charseq START="1252" END="1260">ambulance</charseq>
      </extent>
    </relation_mention_argument>
  </relation_mention>
</relation>
<relation ID="CNN_IP_20030412.1600.05-R18" TYPE="PHYS" SUBTYPE="Located" TENSE="Unspecified" MODALITY="Other">
  <relation_argument REFID="CNN_IP_20030412.1600.05-E14" ROLE="Arg-1"/>
  <relation_argument REFID="CNN_IP_20030412.1600.05-E12" ROLE="Arg-2"/>
  <relation_mention ID="CNN_IP_20030412.1600.05-R18-1" LEXICALCONDITION="Verbal">
    <extent>
      <charseq START="1218" END="1304">Corpsmen quickly take patients by ambulance
away from the blowing sand to a triage tent</charseq>
    </extent>
    <relation_mention_argument REFID="CNN_IP_20030412.1600.05-E14-20" ROLE="Arg-1">
      <extent>
        <charseq START="1218" END="1225">Corpsmen</charseq>
      </extent>
    </relation_mention_argument>
    <relation_mention_argument REFID="CNN_IP_20030412.1600.05-E12-23" ROLE="Arg-2">
      <extent>
        <charseq START="1292" END="1304">a triage tent</charseq>
      </extent>
    </relation_mention_argument>
  </relation_mention>
</relation>
<relation ID="CNN_IP_20030412.1600.05-R19" TYPE="PHYS" SUBTYPE="Located" TENSE="Unspecified" MODALITY="Other">
  <relation_argument REFID="CNN_IP_20030412.1600.05-E15" ROLE="Arg-1"/>
  <relation_argument REFID="CNN_IP_20030412.1600.05-E12" ROLE="Arg-2"/>
  <relation_mention ID="CNN_IP_20030412.1600.05-R19-1" LEXICALCONDITION="Verbal">
    <extent>
      <charseq START="1218" END="1304">Corpsmen quickly take patients by ambulance
away from the blowing sand to a triage tent</charseq>
    </extent>
    <relation_mention_argument REFID="CNN_IP_20030412.1600.05-E15-21" ROLE="Arg-1">
      <extent>
        <charseq START="1240" END="1247">patients</charseq>
      </extent>
    </relation_mention_argument>
    <relation_mention_argument REFID="CNN_IP_20030412.1600.05-E12-23" ROLE="Arg-2">
      <extent>
        <charseq START="1292" END="1304">a triage tent</charseq>
      </extent>
    </relation_mention_argument>
  </relation_mention>
</relation>
<event ID="CNN_IP_20030412.1600.05-EV1" TYPE="Conflict" SUBTYPE="Attack" MODALITY="Asserted" POLARITY="Positive" GENERICITY="Specific" TENSE="Unspecified">
  <event_mention ID="CNN_IP_20030412.1600.05-EV1-1">
    <extent>
      <charseq START="367" END="369">war</charseq>
    </extent>
    <ldc_scope>
      <charseq START="268" END="403">CNN medical correspondent, Dr. Sanjay Gupta, has been traveling
with the Devil Docs throughout the war and now they are close to Baghdad</charseq>
    </ldc_scope>
    <anchor>
      <charseq START="367" END="369">war</charseq>
    </anchor>
  </event_mention>
</event>
<event ID="CNN_IP_20030412.1600.05-EV2" TYPE="Life" SUBTYPE="Injure" MODALITY="Asserted" POLARITY="Positive" GENERICITY="Generic" TENSE="Unspecified">
  <event_argument REFID="CNN_IP_20030412.1600.05-E41" ROLE="Victim"/>
  <event_mention ID="CNN_IP_20030412.1600.05-EV2-1">
    <extent>
      <charseq START="598" END="611">their injuries</charseq>
    </extent>
    <ldc_scope>
      <charseq START="559" END="611">For others, the stories can be seen in their injuries</charseq>
    </ldc_scope>
    <anchor>
      <charseq START="604" END="611">injuries</charseq>
    </anchor>
    <event_mention_argument REFID="CNN_IP_20030412.1600.05-E41-62" ROLE="Victim">
      <extent>
        <charseq START="598" END="602">their</charseq>
      </extent>
    </event_mention_argument>
  </event_mention>
</event>
<event ID="CNN_IP_20030412.1600.05-EV3" TYPE="Conflict" SUBTYPE="Attack" MODALITY="Asserted" POLARITY="Positive" GENERICITY="Specific" TENSE="Unspecified">
  <event_mention ID="CNN_IP_20030412.1600.05-EV3-1">
    <extent>
      <charseq START="967" END="976">firefights</charseq>
    </extent>
    <ldc_scope>
      <charseq START="861" END="990">Even while statutes were coming down and there
was dancing in the streets, the consequences of continuing firefights are
seen here</charseq>
    </ldc_scope>
    <anchor>
      <charseq START="967" END="976">firefights</charseq>
    </anchor>
  </event_mention>
</event>
<event ID="CNN_IP_20030412.1600.05-EV4" TYPE="Movement" SUBTYPE="Transport" MODALITY="Asserted" POLARITY="Positive" GENERICITY="Generic" TENSE="Unspecified">
  <event_argument REFID="CNN_IP_20030412.1600.05-E16" ROLE="Vehicle"/>
  <event_argument REFID="CNN_IP_20030412.1600.05-E15" ROLE="Person"/>
  <event_argument REFID="CNN_IP_20030412.1600.05-E12" ROLE="Destination"/>
  <event_argument REFID="CNN_IP_20030412.1600.05-E14" ROLE="Agent"/>
  <event_mention ID="CNN_IP_20030412.1600.05-EV4-1">
    <extent>
      <charseq START="1218" END="1304">Corpsmen quickly take patients by ambulance
away from the blowing sand to a triage tent</charseq>
    </extent>
    <ldc_scope>
      <charseq START="1218" END="1304">Corpsmen quickly take patients by ambulance
away from the blowing sand to a triage tent</charseq>
    </ldc_scope>
    <anchor>
      <charseq START="1235" END="1238">take</charseq>
    </anchor>
    <event_mention_argument REFID="CNN_IP_20030412.1600.05-E16-22" ROLE="Vehicle">
      <extent>
        <charseq START="1252" END="1260">ambulance</charseq>
      </extent>
    </event_mention_argument>
    <event_mention_argument REFID="CNN_IP_20030412.1600.05-E15-21" ROLE="Person">
      <extent>
        <charseq START="1240" END="1247">patients</charseq>
      </extent>
    </event_mention_argument>
    <event_mention_argument REFID="CNN_IP_20030412.1600.05-E12-23" ROLE="Destination">
      <extent>
        <charseq START="1292" END="1304">a triage tent</charseq>
      </extent>
    </event_mention_argument>
    <event_mention_argument REFID="CNN_IP_20030412.1600.05-E14-20" ROLE="Agent">
      <extent>
        <charseq START="1218" END="1225">Corpsmen</charseq>
      </extent>
    </event_mention_argument>
  </event_mention>
</event>
<event ID="CNN_IP_20030412.1600.05-EV5" TYPE="Movement" SUBTYPE="Transport" MODALITY="Asserted" POLARITY="Positive" GENERICITY="Specific" TENSE="Past">
  <event_argument REFID="CNN_IP_20030412.1600.05-E17" ROLE="Person"/>
  <event_argument REFID="CNN_IP_20030412.1600.05-E12" ROLE="Destination"/>
  <event_argument REFID="CNN_IP_20030412.1600.05-T3" ROLE="Time-Within"/>
  <event_mention ID="CNN_IP_20030412.1600.05-EV5-1">
    <extent>
      <charseq START="1354" END="1410">45 minutes as we watched, 32 patients were
delivered here</charseq>
    </extent>
    <ldc_scope>
      <charseq START="1349" END="1530">Over 45 minutes as we watched, 32 patients were
delivered here, evaluated and nine operations started; 29 of those
delivered, Marines involved in a firefight in the center of Baghdad</charseq>
    </ldc_scope>
    <anchor>
      <charseq START="1397" END="1405">delivered</charseq>
    </anchor>
    <event_mention_argument REFID="CNN_IP_20030412.1600.05-E17-28" ROLE="Person">
      <extent>
        <charseq START="1380" END="1390">32 patients</charseq>
      </extent>
    </event_mention_argument>
    <event_mention_argument REFID="CNN_IP_20030412.1600.05-E12-29" ROLE="Destination">
      <extent>
        <charseq START="1407" END="1410">here</charseq>
      </extent>
    </event_mention_argument>
    <event_mention_argument REFID="CNN_IP_20030412.1600.05-T3-1" ROLE="Time-Within">
      <extent>
        <charseq START="1354" END="1363">45 minutes</charseq>
      </extent>
    </event_mention_argument>
  </event_mention>
</event>
<event ID="CNN_IP_20030412.1600.05-EV6" TYPE="Movement" SUBTYPE="Transport" MODALITY="Asserted" POLARITY="Positive" GENERICITY="Specific" TENSE="Past">
  <event_argument REFID="CNN_IP_20030412.1600.05-E18" ROLE="Person"/>
  <event_argument REFID="CNN_IP_20030412.1600.05-E12" ROLE="Destination"/>
  <event_mention ID="CNN_IP_20030412.1600.05-EV6-1">
    <extent>
      <charseq START="1407" END="1472">here, evaluated and nine operations started; 29 of those
delivered</charseq>
    </extent>
    <ldc_scope>
      <charseq START="1349" END="1530">Over 45 minutes as we watched, 32 patients were
delivered here, evaluated and nine operations started; 29 of those
delivered, Marines involved in a firefight in the center of Baghdad</charseq>
    </ldc_scope>
    <anchor>
      <charseq START="1464" END="1472">delivered</charseq>
    </anchor>
    <event_mention_argument REFID="CNN_IP_20030412.1600.05-E18-30" ROLE="Person">
      <extent>
        <charseq START="1452" END="1472">29 of those
delivered</charseq>
      </extent>
    </event_mention_argument>
    <event_mention_argument REFID="CNN_IP_20030412.1600.05-E12-29" ROLE="Destination">
      <extent>
        <charseq START="1407" END="1410">here</charseq>
      </extent>
    </event_mention_argument>
  </event_mention>
</event>
<event ID="CNN_IP_20030412.1600.05-EV7" TYPE="Conflict" SUBTYPE="Attack" MODALITY="Asserted" POLARITY="Positive" GENERICITY="Specific" TENSE="Past">
  <event_argument REFID="CNN_IP_20030412.1600.05-E18" ROLE="Attacker"/>
  <event_argument REFID="CNN_IP_20030412.1600.05-E20" ROLE="Place"/>
  <event_mention ID="CNN_IP_20030412.1600.05-EV7-1">
    <extent>
      <charseq START="1475" END="1530">Marines involved in a firefight in the center of Baghdad</charseq>
    </extent>
    <ldc_scope>
      <charseq START="1349" END="1530">Over 45 minutes as we watched, 32 patients were
delivered here, evaluated and nine operations started; 29 of those
delivered, Marines involved in a firefight in the center of Baghdad</charseq>
    </ldc_scope>
    <anchor>
      <charseq START="1497" END="1505">firefight</charseq>
    </anchor>
    <event_mention_argument REFID="CNN_IP_20030412.1600.05-E18-32" ROLE="Attacker">
      <extent>
        <charseq START="1475" END="1530">Marines involved in a firefight in the center of Baghdad</charseq>
      </extent>
    </event_mention_argument>
    <event_mention_argument REFID="CNN_IP_20030412.1600.05-E20-33" ROLE="Place">
      <extent>
        <charseq START="1510" END="1530">the center of Baghdad</charseq>
      </extent>
    </event_mention_argument>
  </event_mention>
</event>
<event ID="CNN_IP_20030412.1600.05-EV8" TYPE="Life" SUBTYPE="Injure" MODALITY="Asserted" POLARITY="Positive" GENERICITY="Specific" TENSE="Past">
  <event_argument REFID="CNN_IP_20030412.1600.05-E21" ROLE="Instrument"/>
  <event_argument REFID="CNN_IP_20030412.1600.05-E18" ROLE="Victim"/>
  <event_mention ID="CNN_IP_20030412.1600.05-EV8-1">
    <extent>
      <charseq START="1533" END="1611">Their stories could be seen in the shrapnel wounds of rocket-propelled
grenades</charseq>
    </extent>
    <ldc_scope>
      <charseq START="1533" END="1657">Their stories could be seen in the shrapnel wounds of rocket-propelled
grenades and bullet wounds from semi-automatic weapons</charseq>
    </ldc_scope>
    <anchor>
      <charseq START="1577" END="1582">wounds</charseq>
    </anchor>
    <event_mention_argument REFID="CNN_IP_20030412.1600.05-E21-36" ROLE="Instrument">
      <extent>
        <charseq START="1587" END="1611">rocket-propelled
grenades</charseq>
      </extent>
    </event_mention_argument>
    <event_mention_argument REFID="CNN_IP_20030412.1600.05-E18-35" ROLE="Victim">
      <extent>
        <charseq START="1533" END="1537">Their</charseq>
      </extent>
    </event_mention_argument>
  </event_mention>
</event>
<event ID="CNN_IP_20030412.1600.05-EV9" TYPE="Life" SUBTYPE="Injure" MODALITY="Asserted" POLARITY="Positive" GENERICITY="Specific" TENSE="Past">
  <event_argument REFID="CNN_IP_20030412.1600.05-E23" ROLE="Instrument"/>
  <event_argument REFID="CNN_IP_20030412.1600.05-E18" ROLE="Victim"/>
  <event_mention ID="CNN_IP_20030412.1600.05-EV9-1">
    <extent>
      <charseq START="1533" END="1629">Their stories could be seen in the shrapnel wounds of rocket-propelled
grenades and bullet wounds</charseq>
    </extent>
    <ldc_scope>
      <charseq START="1533" END="1657">Their stories could be seen in the shrapnel wounds of rocket-propelled
grenades and bullet wounds from semi-automatic weapons</charseq>
    </ldc_scope>
    <anchor>
      <charseq START="1624" END="1629">wounds</charseq>
    </anchor>
    <event_mention_argument REFID="CNN_IP_20030412.1600.05-E23-38" ROLE="Instrument">
      <extent>
        <charseq START="1617" END="1622">bullet</charseq>
      </extent>
    </event_mention_argument>
    <event_mention_argument REFID="CNN_IP_20030412.1600.05-E18-35" ROLE="Victim">
      <extent>
        <charseq START="1533" END="1537">Their</charseq>
      </extent>
    </event_mention_argument>
  </event_mention>
</event>
</document>
</source_file>
