<?xml version="1.0"?>
<!DOCTYPE source_file SYSTEM "apf.v5.1.1.dtd">
<source_file URI="CNN_IP_20030329.1600.00-6.sgm" SOURCE="broadcast conversation" TYPE="text" AUTHOR="LDC" ENCODING="UTF-8">
<document DOCID="CNN_IP_20030329.1600.00-6">
<entity ID="CNN_IP_20030329.1600.00-6-E1" TYPE="GPE" SUBTYPE="Nation" CLASS="SPC">
  <entity_mention ID="CNN_IP_20030329.1600.00-6-E1-1" TYPE="NAM" LDCTYPE="NAMPRE" ROLE="GPE" LDCATR="TRUE">
    <extent>
      <charseq START="394" END="400">British</charseq>
    </extent>
    <head>
      <charseq START="394" END="400">British</charseq>
    </head>
  </entity_mention>
  <entity_mention ID="CNN_IP_20030329.1600.00-6-E1-13" TYPE="NAM" LDCTYPE="NAMPRE" ROLE="GPE" LDCATR="TRUE">
    <extent>
      <charseq START="765" END="771">British</charseq>
    </extent>
    <head>
      <charseq START="765" END="771">British</charseq>
    </head>
  </entity_mention>
  <entity_mention ID="CNN_IP_20030329.1600.00-6-E1-36" TYPE="NAM" LDCTYPE="NAMPRE" ROLE="GPE" LDCATR="TRUE">
    <extent>
      <charseq START="1468" END="1474">British</charseq>
    </extent>
    <head>
      <charseq START="1468" END="1474">British</charseq>
    </head>
  </entity_mention>
  <entity_mention ID="CNN_IP_20030329.1600.00-6-E1-66" TYPE="NAM" LDCTYPE="NAMPRE" ROLE="GPE" LDCATR="TRUE">
    <extent>
      <charseq START="2518" END="2524">British</charseq>
    </extent>
    <head>
      <charseq START="2518" END="2524">British</charseq>
    </head>
  </entity_mention>
  <entity_mention ID="CNN_IP_20030329.1600.00-6-E1-116" TYPE="NAM" LDCTYPE="NAMPRE" ROLE="GPE" LDCATR="TRUE">
    <extent>
      <charseq START="3858" END="3864">British</charseq>
    </extent>
    <head>
      <charseq START="3858" END="3864">British</charseq>
    </head>
  </entity_mention>
  <entity_attributes>
    <name NAME="British">
      <charseq START="394" END="400">British</charseq>
    </name>
    <name NAME="British">
      <charseq START="765" END="771">British</charseq>
    </name>
    <name NAME="British">
      <charseq START="1468" END="1474">British</charseq>
    </name>
    <name NAME="British">
      <charseq START="2518" END="2524">British</charseq>
    </name>
    <name NAME="British">
      <charseq START="3858" END="3864">British</charseq>
    </name>
  </entity_attributes>
</entity>
<entity ID="CNN_IP_20030329.1600.00-6-E2" TYPE="PER" SUBTYPE="Group" CLASS="USP">
  <entity_mention ID="CNN_IP_20030329.1600.00-6-E2-7" TYPE="NOM" LDCTYPE="NOM">
    <extent>
      <charseq START="574" END="593">the coalition forces</charseq>
    </extent>
    <head>
      <charseq START="588" END="593">forces</charseq>
    </head>
  </entity_mention>
  <entity_mention ID="CNN_IP_20030329.1600.00-6-E2-70" TYPE="NOM" LDCTYPE="BAR">
    <extent>
      <charseq START="2614" END="2629">coalition forces</charseq>
    </extent>
    <head>
      <charseq START="2624" END="2629">forces</charseq>
    </head>
  </entity_mention>
</entity>
<entity ID="CNN_IP_20030329.1600.00-6-E3" TYPE="GPE" SUBTYPE="Nation" CLASS="SPC">
  <entity_mention ID="CNN_IP_20030329.1600.00-6-E3-8" TYPE="NAM" LDCTYPE="NAMPRE" ROLE="GPE" LDCATR="FALSE">
    <extent>
      <charseq START="578" END="586">coalition</charseq>
    </extent>
    <head>
      <charseq START="578" END="586">coalition</charseq>
    </head>
  </entity_mention>
  <entity_mention ID="CNN_IP_20030329.1600.00-6-E3-71" TYPE="NOM" LDCTYPE="NOMPRE" ROLE="GPE" LDCATR="TRUE">
    <extent>
      <charseq START="2614" END="2622">coalition</charseq>
    </extent>
    <head>
      <charseq START="2614" END="2622">coalition</charseq>
    </head>
  </entity_mention>
  <entity_mention ID="CNN_IP_20030329.1600.00-6-E3-161" TYPE="PRO" LDCTYPE="PRO" ROLE="GPE" LDCATR="FALSE">
    <extent>
      <charseq START="1680" END="1683">they</charseq>
    </extent>
    <head>
      <charseq START="1680" END="1683">they</charseq>
    </head>
  </entity_mention>
  <entity_mention ID="CNN_IP_20030329.1600.00-6-E3-162" TYPE="NOM" LDCTYPE="NOM" ROLE="GPE" LDCATR="FALSE">
    <extent>
      <charseq START="1631" END="1643">the coalition</charseq>
    </extent>
    <head>
      <charseq START="1635" END="1643">coalition</charseq>
    </head>
  </entity_mention>
  <entity_attributes>
    <name NAME="coalition">
      <charseq START="578" END="586">coalition</charseq>
    </name>
  </entity_attributes>
</entity>
<entity ID="CNN_IP_20030329.1600.00-6-E5" TYPE="PER" SUBTYPE="Group" CLASS="USP">
  <entity_mention ID="CNN_IP_20030329.1600.00-6-E5-11" TYPE="NOM" LDCTYPE="BAR" LDCATR="FALSE">
    <extent>
      <charseq START="756" END="778">U.S. and
British forces</charseq>
    </extent>
    <head>
      <charseq START="773" END="778">forces</charseq>
    </head>
  </entity_mention>
  <entity_mention ID="CNN_IP_20030329.1600.00-6-E5-15" TYPE="PRO" LDCTYPE="PRO" LDCATR="FALSE">
    <extent>
      <charseq START="805" END="808">they</charseq>
    </extent>
    <head>
      <charseq START="805" END="808">they</charseq>
    </head>
  </entity_mention>
  <entity_mention ID="CNN_IP_20030329.1600.00-6-E5-16" TYPE="NOM" LDCTYPE="BAR" LDCATR="TRUE">
    <extent>
      <charseq START="813" END="835">superbly trained troops</charseq>
    </extent>
    <head>
      <charseq START="830" END="835">troops</charseq>
    </head>
  </entity_mention>
  <entity_mention ID="CNN_IP_20030329.1600.00-6-E5-17" TYPE="PRO" LDCTYPE="PRO" LDCATR="FALSE">
    <extent>
      <charseq START="838" END="841">They</charseq>
    </extent>
    <head>
      <charseq START="838" END="841">They</charseq>
    </head>
  </entity_mention>
  <entity_mention ID="CNN_IP_20030329.1600.00-6-E5-18" TYPE="PRO" LDCTYPE="PRO" LDCATR="FALSE">
    <extent>
      <charseq START="902" END="905">they</charseq>
    </extent>
    <head>
      <charseq START="902" END="905">they</charseq>
    </head>
  </entity_mention>
  <entity_mention ID="CNN_IP_20030329.1600.00-6-E5-19" TYPE="PRO" LDCTYPE="PRO" LDCATR="FALSE">
    <extent>
      <charseq START="920" END="923">They</charseq>
    </extent>
    <head>
      <charseq START="920" END="923">They</charseq>
    </head>
  </entity_mention>
  <entity_mention ID="CNN_IP_20030329.1600.00-6-E5-20" TYPE="PRO" LDCTYPE="PRO" LDCATR="FALSE">
    <extent>
      <charseq START="939" END="942">they</charseq>
    </extent>
    <head>
      <charseq START="939" END="942">they</charseq>
    </head>
  </entity_mention>
  <entity_mention ID="CNN_IP_20030329.1600.00-6-E5-21" TYPE="PRO" LDCTYPE="PRO" LDCATR="FALSE">
    <extent>
      <charseq START="1013" END="1016">they</charseq>
    </extent>
    <head>
      <charseq START="1013" END="1016">they</charseq>
    </head>
  </entity_mention>
  <entity_mention ID="CNN_IP_20030329.1600.00-6-E5-24" TYPE="PRO" LDCTYPE="PRO" LDCATR="FALSE">
    <extent>
      <charseq START="1167" END="1170">they</charseq>
    </extent>
    <head>
      <charseq START="1167" END="1170">they</charseq>
    </head>
  </entity_mention>
  <entity_mention ID="CNN_IP_20030329.1600.00-6-E5-25" TYPE="PRO" LDCTYPE="PRO" LDCATR="FALSE">
    <extent>
      <charseq START="1185" END="1188">They</charseq>
    </extent>
    <head>
      <charseq START="1185" END="1188">They</charseq>
    </head>
  </entity_mention>
  <entity_mention ID="CNN_IP_20030329.1600.00-6-E5-26" TYPE="NOM" LDCTYPE="NOM" LDCATR="FALSE">
    <extent>
      <charseq START="1206" END="1215">the troops</charseq>
    </extent>
    <head>
      <charseq START="1210" END="1215">troops</charseq>
    </head>
  </entity_mention>
  <entity_mention ID="CNN_IP_20030329.1600.00-6-E5-34" TYPE="NOM" LDCTYPE="BAR" LDCATR="FALSE">
    <extent>
      <charseq START="1459" END="1481">U.S. and British forces</charseq>
    </extent>
    <head>
      <charseq START="1476" END="1481">forces</charseq>
    </head>
  </entity_mention>
</entity>
<entity ID="CNN_IP_20030329.1600.00-6-E6" TYPE="GPE" SUBTYPE="Nation" CLASS="SPC">
  <entity_mention ID="CNN_IP_20030329.1600.00-6-E6-12" TYPE="NAM" LDCTYPE="NAMPRE" ROLE="GPE" LDCATR="FALSE">
    <extent>
      <charseq START="756" END="758">U.S</charseq>
    </extent>
    <head>
      <charseq START="756" END="758">U.S</charseq>
    </head>
  </entity_mention>
  <entity_mention ID="CNN_IP_20030329.1600.00-6-E6-29" TYPE="NAM" LDCTYPE="NAMPRE" ROLE="GPE" LDCATR="FALSE">
    <extent>
      <charseq START="1283" END="1285">U.S</charseq>
    </extent>
    <head>
      <charseq START="1283" END="1285">U.S</charseq>
    </head>
  </entity_mention>
  <entity_mention ID="CNN_IP_20030329.1600.00-6-E6-35" TYPE="NAM" LDCTYPE="NAMPRE" ROLE="GPE" LDCATR="FALSE">
    <extent>
      <charseq START="1459" END="1461">U.S</charseq>
    </extent>
    <head>
      <charseq START="1459" END="1461">U.S</charseq>
    </head>
  </entity_mention>
  <entity_mention ID="CNN_IP_20030329.1600.00-6-E6-46" TYPE="NAM" LDCTYPE="NAMPRE" ROLE="GPE" LDCATR="FALSE">
    <extent>
      <charseq START="1832" END="1834">U.S</charseq>
    </extent>
    <head>
      <charseq START="1832" END="1834">U.S</charseq>
    </head>
  </entity_mention>
  <entity_mention ID="CNN_IP_20030329.1600.00-6-E6-60" TYPE="NAM" LDCTYPE="NAMPRE" ROLE="GPE" LDCATR="FALSE">
    <extent>
      <charseq START="2376" END="2378">U.S</charseq>
    </extent>
    <head>
      <charseq START="2376" END="2378">U.S</charseq>
    </head>
  </entity_mention>
  <entity_mention ID="CNN_IP_20030329.1600.00-6-E6-62" TYPE="PRO" LDCTYPE="PRO" ROLE="GPE" LDCATR="FALSE">
    <extent>
      <charseq START="2462" END="2464">our</charseq>
    </extent>
    <head>
      <charseq START="2462" END="2464">our</charseq>
    </head>
  </entity_mention>
  <entity_mention ID="CNN_IP_20030329.1600.00-6-E6-64" TYPE="NAM" LDCTYPE="NAMPRE" ROLE="GPE" LDCATR="FALSE">
    <extent>
      <charseq START="2505" END="2507">U.S</charseq>
    </extent>
    <head>
      <charseq START="2505" END="2507">U.S</charseq>
    </head>
  </entity_mention>
  <entity_mention ID="CNN_IP_20030329.1600.00-6-E6-103" TYPE="NAM" LDCTYPE="NAM" ROLE="GPE" LDCATR="FALSE">
    <extent>
      <charseq START="3488" END="3504">the United States</charseq>
    </extent>
    <head>
      <charseq START="3492" END="3504">United States</charseq>
    </head>
  </entity_mention>
  <entity_mention ID="CNN_IP_20030329.1600.00-6-E6-104" TYPE="NAM" LDCTYPE="NAM" ROLE="GPE" LDCATR="FALSE">
    <extent>
      <charseq START="3526" END="3542">the United States</charseq>
    </extent>
    <head>
      <charseq START="3530" END="3542">United States</charseq>
    </head>
  </entity_mention>
  <entity_mention ID="CNN_IP_20030329.1600.00-6-E6-105" TYPE="NAM" LDCTYPE="NAM" ROLE="GPE" LDCATR="FALSE">
    <extent>
      <charseq START="3567" END="3573">The U.S</charseq>
    </extent>
    <head>
      <charseq START="3571" END="3573">U.S</charseq>
    </head>
  </entity_mention>
  <entity_mention ID="CNN_IP_20030329.1600.00-6-E6-111" TYPE="NAM" LDCTYPE="NAM" ROLE="GPE" LDCATR="FALSE">
    <extent>
      <charseq START="3675" END="3681">the U.S</charseq>
    </extent>
    <head>
      <charseq START="3679" END="3681">U.S</charseq>
    </head>
  </entity_mention>
  <entity_mention ID="CNN_IP_20030329.1600.00-6-E6-112" TYPE="PRO" LDCTYPE="PRO" ROLE="GPE" LDCATR="FALSE">
    <extent>
      <charseq START="3737" END="3738">we</charseq>
    </extent>
    <head>
      <charseq START="3737" END="3738">we</charseq>
    </head>
  </entity_mention>
  <entity_mention ID="CNN_IP_20030329.1600.00-6-E6-134" TYPE="NAM" LDCTYPE="NAMPRE" ROLE="GPE" LDCATR="FALSE">
    <extent>
      <charseq START="4494" END="4496">U.S</charseq>
    </extent>
    <head>
      <charseq START="4494" END="4496">U.S</charseq>
    </head>
  </entity_mention>
  <entity_mention ID="CNN_IP_20030329.1600.00-6-E6-136" TYPE="NAM" LDCTYPE="NAMPRE" ROLE="GPE" LDCATR="TRUE">
    <extent>
      <charseq START="4509" END="4511">U.S</charseq>
    </extent>
    <head>
      <charseq START="4509" END="4511">U.S</charseq>
    </head>
  </entity_mention>
  <entity_attributes>
    <name NAME="U.S">
      <charseq START="756" END="758">U.S</charseq>
    </name>
    <name NAME="U.S">
      <charseq START="1283" END="1285">U.S</charseq>
    </name>
    <name NAME="U.S">
      <charseq START="1459" END="1461">U.S</charseq>
    </name>
    <name NAME="U.S">
      <charseq START="1832" END="1834">U.S</charseq>
    </name>
    <name NAME="U.S">
      <charseq START="2376" END="2378">U.S</charseq>
    </name>
    <name NAME="U.S">
      <charseq START="2505" END="2507">U.S</charseq>
    </name>
    <name NAME="United States">
      <charseq START="3492" END="3504">United States</charseq>
    </name>
    <name NAME="United States">
      <charseq START="3530" END="3542">United States</charseq>
    </name>
    <name NAME="U.S">
      <charseq START="3571" END="3573">U.S</charseq>
    </name>
    <name NAME="U.S">
      <charseq START="3679" END="3681">U.S</charseq>
    </name>
    <name NAME="U.S">
      <charseq START="4494" END="4496">U.S</charseq>
    </name>
    <name NAME="U.S">
      <charseq START="4509" END="4511">U.S</charseq>
    </name>
  </entity_attributes>
</entity>
<entity ID="CNN_IP_20030329.1600.00-6-E10" TYPE="FAC" SUBTYPE="Path" CLASS="GEN">
  <entity_mention ID="CNN_IP_20030329.1600.00-6-E10-22" TYPE="NOM" LDCTYPE="NOM">
    <extent>
      <charseq START="1108" END="1122">the supply line</charseq>
    </extent>
    <head>
      <charseq START="1119" END="1122">line</charseq>
    </head>
  </entity_mention>
</entity>
<entity ID="CNN_IP_20030329.1600.00-6-E11" TYPE="GPE" SUBTYPE="Population-Center" CLASS="USP">
  <entity_mention ID="CNN_IP_20030329.1600.00-6-E11-23" TYPE="NOM" LDCTYPE="BAR" ROLE="GPE">
    <extent>
      <charseq START="1156" END="1161">cities</charseq>
    </extent>
    <head>
      <charseq START="1156" END="1161">cities</charseq>
    </head>
  </entity_mention>
  <entity_mention ID="CNN_IP_20030329.1600.00-6-E11-32" TYPE="NOM" LDCTYPE="NOM" ROLE="GPE">
    <extent>
      <charseq START="1428" END="1437">the cities</charseq>
    </extent>
    <head>
      <charseq START="1432" END="1437">cities</charseq>
    </head>
  </entity_mention>
</entity>
<entity ID="CNN_IP_20030329.1600.00-6-E12" TYPE="PER" SUBTYPE="Indeterminate" CLASS="GEN">
  <entity_mention ID="CNN_IP_20030329.1600.00-6-E12-27" TYPE="PRO" LDCTYPE="PRO">
    <extent>
      <charseq START="1271" END="1273">You</charseq>
    </extent>
    <head>
      <charseq START="1271" END="1273">You</charseq>
    </head>
  </entity_mention>
  <entity_mention ID="CNN_IP_20030329.1600.00-6-E12-47" TYPE="PRO" LDCTYPE="PRO">
    <extent>
      <charseq START="1864" END="1866">you</charseq>
    </extent>
    <head>
      <charseq START="1864" END="1866">you</charseq>
    </head>
  </entity_mention>
  <entity_mention ID="CNN_IP_20030329.1600.00-6-E12-50" TYPE="PRO" LDCTYPE="PRO">
    <extent>
      <charseq START="1978" END="1980">You</charseq>
    </extent>
    <head>
      <charseq START="1978" END="1980">You</charseq>
    </head>
  </entity_mention>
  <entity_mention ID="CNN_IP_20030329.1600.00-6-E12-132" TYPE="PRO" LDCTYPE="PRO">
    <extent>
      <charseq START="4435" END="4437">you</charseq>
    </extent>
    <head>
      <charseq START="4435" END="4437">you</charseq>
    </head>
  </entity_mention>
</entity>
<entity ID="CNN_IP_20030329.1600.00-6-E13" TYPE="ORG" SUBTYPE="Government" CLASS="SPC">
  <entity_mention ID="CNN_IP_20030329.1600.00-6-E13-28" TYPE="NAM" LDCTYPE="NAM">
    <extent>
      <charseq START="1283" END="1302">U.S. Central Command</charseq>
    </extent>
    <head>
      <charseq START="1288" END="1302">Central Command</charseq>
    </head>
  </entity_mention>
  <entity_attributes>
    <name NAME="Central Command">
      <charseq START="1288" END="1302">Central Command</charseq>
    </name>
  </entity_attributes>
</entity>
<entity ID="CNN_IP_20030329.1600.00-6-E15" TYPE="PER" SUBTYPE="Group" CLASS="USP">
  <entity_mention ID="CNN_IP_20030329.1600.00-6-E15-30" TYPE="NOM" LDCTYPE="BAR">
    <extent>
      <charseq START="1316" END="1364">additional forces like
the 82nd Airborne Division</charseq>
    </extent>
    <head>
      <charseq START="1327" END="1332">forces</charseq>
    </head>
  </entity_mention>
</entity>
<entity ID="CNN_IP_20030329.1600.00-6-E16" TYPE="ORG" SUBTYPE="Government" CLASS="SPC">
  <entity_mention ID="CNN_IP_20030329.1600.00-6-E16-31" TYPE="NAM" LDCTYPE="NAM">
    <extent>
      <charseq START="1339" END="1364">the 82nd Airborne Division</charseq>
    </extent>
    <head>
      <charseq START="1343" END="1364">82nd Airborne Division</charseq>
    </head>
  </entity_mention>
  <entity_attributes>
    <name NAME="82nd Airborne Division">
      <charseq START="1343" END="1364">82nd Airborne Division</charseq>
    </name>
  </entity_attributes>
</entity>
<entity ID="CNN_IP_20030329.1600.00-6-E19" TYPE="PER" SUBTYPE="Individual" CLASS="SPC">
  <entity_mention ID="CNN_IP_20030329.1600.00-6-E19-2" TYPE="PRO" LDCTYPE="PRO" LDCATR="TRUE">
    <extent>
      <charseq START="423" END="425">you</charseq>
    </extent>
    <head>
      <charseq START="423" END="425">you</charseq>
    </head>
  </entity_mention>
  <entity_mention ID="CNN_IP_20030329.1600.00-6-E19-4" TYPE="PRO" LDCTYPE="PRO" LDCATR="TRUE">
    <extent>
      <charseq START="537" END="539">you</charseq>
    </extent>
    <head>
      <charseq START="537" END="539">you</charseq>
    </head>
  </entity_mention>
  <entity_mention ID="CNN_IP_20030329.1600.00-6-E19-5" TYPE="PRO" LDCTYPE="PRO" LDCATR="TRUE">
    <extent>
      <charseq START="555" END="558">your</charseq>
    </extent>
    <head>
      <charseq START="555" END="558">your</charseq>
    </head>
  </entity_mention>
  <entity_mention ID="CNN_IP_20030329.1600.00-6-E19-9" TYPE="PRO" LDCTYPE="PRO" LDCATR="TRUE">
    <extent>
      <charseq START="705" END="705">I</charseq>
    </extent>
    <head>
      <charseq START="705" END="705">I</charseq>
    </head>
  </entity_mention>
  <entity_mention ID="CNN_IP_20030329.1600.00-6-E19-33" TYPE="PRO" LDCTYPE="PRO" LDCATR="TRUE">
    <extent>
      <charseq START="1446" END="1446">I</charseq>
    </extent>
    <head>
      <charseq START="1446" END="1446">I</charseq>
    </head>
  </entity_mention>
  <entity_mention ID="CNN_IP_20030329.1600.00-6-E19-37" TYPE="NOM" LDCTYPE="NOM" LDCATR="TRUE">
    <extent>
      <charseq START="1546" END="1556">an onlooker</charseq>
    </extent>
    <head>
      <charseq START="1549" END="1556">onlooker</charseq>
    </head>
  </entity_mention>
  <entity_mention ID="CNN_IP_20030329.1600.00-6-E19-38" TYPE="PRO" LDCTYPE="PRO" LDCATR="TRUE">
    <extent>
      <charseq START="1562" END="1606">somebody who's studied the Iraqi capabilities</charseq>
    </extent>
    <head>
      <charseq START="1562" END="1569">somebody</charseq>
    </head>
  </entity_mention>
  <entity_mention ID="CNN_IP_20030329.1600.00-6-E19-39" TYPE="PRO" LDCTYPE="WHQ" LDCATR="TRUE">
    <extent>
      <charseq START="1571" END="1573">who</charseq>
    </extent>
    <head>
      <charseq START="1571" END="1573">who</charseq>
    </head>
  </entity_mention>
  <entity_mention ID="CNN_IP_20030329.1600.00-6-E19-41" TYPE="PRO" LDCTYPE="PRO" LDCATR="TRUE">
    <extent>
      <charseq START="1615" END="1618">your</charseq>
    </extent>
    <head>
      <charseq START="1615" END="1618">your</charseq>
    </head>
  </entity_mention>
  <entity_mention ID="CNN_IP_20030329.1600.00-6-E19-42" TYPE="PRO" LDCTYPE="PRO" LDCATR="TRUE">
    <extent>
      <charseq START="1738" END="1738">I</charseq>
    </extent>
    <head>
      <charseq START="1738" END="1738">I</charseq>
    </head>
  </entity_mention>
  <entity_mention ID="CNN_IP_20030329.1600.00-6-E19-68" TYPE="PRO" LDCTYPE="PRO" LDCATR="TRUE">
    <extent>
      <charseq START="2590" END="2592">you</charseq>
    </extent>
    <head>
      <charseq START="2590" END="2592">you</charseq>
    </head>
  </entity_mention>
  <entity_mention ID="CNN_IP_20030329.1600.00-6-E19-69" TYPE="PRO" LDCTYPE="PRO" LDCATR="TRUE">
    <extent>
      <charseq START="2600" END="2602">you</charseq>
    </extent>
    <head>
      <charseq START="2600" END="2602">you</charseq>
    </head>
  </entity_mention>
  <entity_mention ID="CNN_IP_20030329.1600.00-6-E19-96" TYPE="PRO" LDCTYPE="PRO" LDCATR="TRUE">
    <extent>
      <charseq START="3146" END="3146">I</charseq>
    </extent>
    <head>
      <charseq START="3146" END="3146">I</charseq>
    </head>
  </entity_mention>
  <entity_mention ID="CNN_IP_20030329.1600.00-6-E19-102" TYPE="PRO" LDCTYPE="PRO" LDCATR="TRUE">
    <extent>
      <charseq START="3403" END="3403">I</charseq>
    </extent>
    <head>
      <charseq START="3403" END="3403">I</charseq>
    </head>
  </entity_mention>
  <entity_mention ID="CNN_IP_20030329.1600.00-6-E19-113" TYPE="NAM" LDCTYPE="NAM" LDCATR="TRUE">
    <extent>
      <charseq START="3821" END="3831">Ken Pollack</charseq>
    </extent>
    <head>
      <charseq START="3821" END="3831">Ken Pollack</charseq>
    </head>
  </entity_mention>
  <entity_mention ID="CNN_IP_20030329.1600.00-6-E19-129" TYPE="PRO" LDCTYPE="PRO" LDCATR="TRUE">
    <extent>
      <charseq START="4399" END="4399">I</charseq>
    </extent>
    <head>
      <charseq START="4399" END="4399">I</charseq>
    </head>
  </entity_mention>
  <entity_mention ID="CNN_IP_20030329.1600.00-6-E19-158" TYPE="NOM" LDCTYPE="NOMPRE" LDCATR="TRUE">
    <extent>
      <charseq START="162" END="172">CNN analyst</charseq>
    </extent>
    <head>
      <charseq START="166" END="172">analyst</charseq>
    </head>
  </entity_mention>
  <entity_mention ID="CNN_IP_20030329.1600.00-6-E19-159" TYPE="NAM" LDCTYPE="NAM" LDCATR="TRUE">
    <extent>
      <charseq START="162" END="259">CNN analyst Ken Pollack
who is with the Center for Middle East Policy at the Brookings
Institution</charseq>
    </extent>
    <head>
      <charseq START="174" END="184">Ken Pollack</charseq>
    </head>
  </entity_mention>
  <entity_mention ID="CNN_IP_20030329.1600.00-6-E19-163" TYPE="PRO" LDCTYPE="WHQ" LDCATR="TRUE">
    <extent>
      <charseq START="186" END="188">who</charseq>
    </extent>
    <head>
      <charseq START="186" END="188">who</charseq>
    </head>
  </entity_mention>
  <entity_mention ID="CNN_IP_20030329.1600.00-6-E19-167" TYPE="PRO" LDCTYPE="PRO" LDCATR="TRUE">
    <extent>
      <charseq START="277" END="278">He</charseq>
    </extent>
    <head>
      <charseq START="277" END="278">He</charseq>
    </head>
  </entity_mention>
  <entity_mention ID="CNN_IP_20030329.1600.00-6-E19-168" TYPE="NOM" LDCTYPE="NOM" LDCATR="TRUE">
    <extent>
      <charseq START="283" END="341">an expert on the Iraqi military and its
tactics and weapons</charseq>
    </extent>
    <head>
      <charseq START="286" END="291">expert</charseq>
    </head>
  </entity_mention>
  <entity_mention ID="CNN_IP_20030329.1600.00-6-E19-172" TYPE="NAM" LDCTYPE="NAM" LDCATR="TRUE">
    <extent>
      <charseq START="344" END="354">Ken Pollack</charseq>
    </extent>
    <head>
      <charseq START="344" END="354">Ken Pollack</charseq>
    </head>
  </entity_mention>
  <entity_attributes>
    <name NAME="Ken Pollack">
      <charseq START="3821" END="3831">Ken Pollack</charseq>
    </name>
    <name NAME="Ken Pollack">
      <charseq START="174" END="184">Ken Pollack</charseq>
    </name>
    <name NAME="Ken Pollack">
      <charseq START="344" END="354">Ken Pollack</charseq>
    </name>
  </entity_attributes>
</entity>
<entity ID="CNN_IP_20030329.1600.00-6-E22" TYPE="GPE" SUBTYPE="Nation" CLASS="SPC">
  <entity_mention ID="CNN_IP_20030329.1600.00-6-E22-40" TYPE="NAM" LDCTYPE="NAMPRE" ROLE="GPE" LDCATR="TRUE">
    <extent>
      <charseq START="1589" END="1593">Iraqi</charseq>
    </extent>
    <head>
      <charseq START="1589" END="1593">Iraqi</charseq>
    </head>
  </entity_mention>
  <entity_mention ID="CNN_IP_20030329.1600.00-6-E22-49" TYPE="NAM" LDCTYPE="NAMPRE" ROLE="GPE" LDCATR="TRUE">
    <extent>
      <charseq START="1883" END="1887">Iraqi</charseq>
    </extent>
    <head>
      <charseq START="1883" END="1887">Iraqi</charseq>
    </head>
  </entity_mention>
  <entity_mention ID="CNN_IP_20030329.1600.00-6-E22-73" TYPE="NAM" LDCTYPE="NAMPRE" ROLE="GPE" LDCATR="TRUE">
    <extent>
      <charseq START="2677" END="2681">Iraqi</charseq>
    </extent>
    <head>
      <charseq START="2677" END="2681">Iraqi</charseq>
    </head>
  </entity_mention>
  <entity_mention ID="CNN_IP_20030329.1600.00-6-E22-76" TYPE="NAM" LDCTYPE="NAM" ROLE="LOC" LDCATR="TRUE">
    <extent>
      <charseq START="2733" END="2736">Iraq</charseq>
    </extent>
    <head>
      <charseq START="2733" END="2736">Iraq</charseq>
    </head>
  </entity_mention>
  <entity_mention ID="CNN_IP_20030329.1600.00-6-E22-80" TYPE="PRO" LDCTYPE="PRO" ROLE="LOC" LDCATR="TRUE">
    <extent>
      <charseq START="2763" END="2767">there</charseq>
    </extent>
    <head>
      <charseq START="2763" END="2767">there</charseq>
    </head>
  </entity_mention>
  <entity_mention ID="CNN_IP_20030329.1600.00-6-E22-95" TYPE="NAM" LDCTYPE="NAMPRE" ROLE="GPE" LDCATR="TRUE">
    <extent>
      <charseq START="3114" END="3118">Iraqi</charseq>
    </extent>
    <head>
      <charseq START="3114" END="3118">Iraqi</charseq>
    </head>
  </entity_mention>
  <entity_mention ID="CNN_IP_20030329.1600.00-6-E22-100" TYPE="NOM" LDCTYPE="NOM" ROLE="LOC" LDCATR="TRUE">
    <extent>
      <charseq START="3345" END="3357">their country</charseq>
    </extent>
    <head>
      <charseq START="3351" END="3357">country</charseq>
    </head>
  </entity_mention>
  <entity_mention ID="CNN_IP_20030329.1600.00-6-E22-101" TYPE="NOM" LDCTYPE="NOM" ROLE="ORG" LDCATR="TRUE">
    <extent>
      <charseq START="3371" END="3384">the
government</charseq>
    </extent>
    <head>
      <charseq START="3375" END="3384">government</charseq>
    </head>
  </entity_mention>
  <entity_mention ID="CNN_IP_20030329.1600.00-6-E22-123" TYPE="NOM" LDCTYPE="NOM" ROLE="PER" LDCATR="TRUE">
    <extent>
      <charseq START="4130" END="4139">the Iraqis</charseq>
    </extent>
    <head>
      <charseq START="4134" END="4139">Iraqis</charseq>
    </head>
  </entity_mention>
  <entity_mention ID="CNN_IP_20030329.1600.00-6-E22-127" TYPE="NAM" LDCTYPE="NAMPRE" ROLE="GPE" LDCATR="TRUE">
    <extent>
      <charseq START="4259" END="4263">Iraqi</charseq>
    </extent>
    <head>
      <charseq START="4259" END="4263">Iraqi</charseq>
    </head>
  </entity_mention>
  <entity_mention ID="CNN_IP_20030329.1600.00-6-E22-138" TYPE="NAM" LDCTYPE="NAMPRE" ROLE="GPE" LDCATR="TRUE">
    <extent>
      <charseq START="4593" END="4597">Iraqi</charseq>
    </extent>
    <head>
      <charseq START="4593" END="4597">Iraqi</charseq>
    </head>
  </entity_mention>
  <entity_mention ID="CNN_IP_20030329.1600.00-6-E22-150" TYPE="NOM" LDCTYPE="BAR" ROLE="PER" LDCATR="TRUE">
    <extent>
      <charseq START="3217" END="3222">Iraqis</charseq>
    </extent>
    <head>
      <charseq START="3217" END="3222">Iraqis</charseq>
    </head>
  </entity_mention>
  <entity_mention ID="CNN_IP_20030329.1600.00-6-E22-151" TYPE="PRO" LDCTYPE="PRO" ROLE="PER" LDCATR="TRUE">
    <extent>
      <charseq START="3228" END="3231">they</charseq>
    </extent>
    <head>
      <charseq START="3228" END="3231">they</charseq>
    </head>
  </entity_mention>
  <entity_mention ID="CNN_IP_20030329.1600.00-6-E22-152" TYPE="NOM" LDCTYPE="NOM" ROLE="PER" LDCATR="TRUE">
    <extent>
      <charseq START="3110" END="3125">the Iraqi people</charseq>
    </extent>
    <head>
      <charseq START="3120" END="3125">people</charseq>
    </head>
  </entity_mention>
  <entity_mention ID="CNN_IP_20030329.1600.00-6-E22-153" TYPE="PRO" LDCTYPE="PRO" ROLE="PER" LDCATR="TRUE">
    <extent>
      <charseq START="3242" END="3245">They</charseq>
    </extent>
    <head>
      <charseq START="3242" END="3245">They</charseq>
    </head>
  </entity_mention>
  <entity_mention ID="CNN_IP_20030329.1600.00-6-E22-154" TYPE="PRO" LDCTYPE="PRO" ROLE="PER" LDCATR="TRUE">
    <extent>
      <charseq START="3301" END="3304">they</charseq>
    </extent>
    <head>
      <charseq START="3301" END="3304">they</charseq>
    </head>
  </entity_mention>
  <entity_mention ID="CNN_IP_20030329.1600.00-6-E22-155" TYPE="PRO" LDCTYPE="PRO" ROLE="PER" LDCATR="TRUE">
    <extent>
      <charseq START="3345" END="3349">their</charseq>
    </extent>
    <head>
      <charseq START="3345" END="3349">their</charseq>
    </head>
  </entity_mention>
  <entity_mention ID="CNN_IP_20030329.1600.00-6-E22-170" TYPE="NAM" LDCTYPE="NAMPRE" ROLE="GPE" LDCATR="TRUE">
    <extent>
      <charseq START="300" END="304">Iraqi</charseq>
    </extent>
    <head>
      <charseq START="300" END="304">Iraqi</charseq>
    </head>
  </entity_mention>
  <entity_attributes>
    <name NAME="Iraqi">
      <charseq START="1589" END="1593">Iraqi</charseq>
    </name>
    <name NAME="Iraqi">
      <charseq START="1883" END="1887">Iraqi</charseq>
    </name>
    <name NAME="Iraqi">
      <charseq START="2677" END="2681">Iraqi</charseq>
    </name>
    <name NAME="Iraq">
      <charseq START="2733" END="2736">Iraq</charseq>
    </name>
    <name NAME="Iraqi">
      <charseq START="3114" END="3118">Iraqi</charseq>
    </name>
    <name NAME="Iraqi">
      <charseq START="4259" END="4263">Iraqi</charseq>
    </name>
    <name NAME="Iraqi">
      <charseq START="4593" END="4597">Iraqi</charseq>
    </name>
    <name NAME="Iraqi">
      <charseq START="300" END="304">Iraqi</charseq>
    </name>
  </entity_attributes>
</entity>
<entity ID="CNN_IP_20030329.1600.00-6-E24" TYPE="PER" SUBTYPE="Group" CLASS="USP">
  <entity_mention ID="CNN_IP_20030329.1600.00-6-E24-44" TYPE="NOM" LDCTYPE="NOM">
    <extent>
      <charseq START="1774" END="1783">the
Iraqis</charseq>
    </extent>
    <head>
      <charseq START="1778" END="1783">Iraqis</charseq>
    </head>
  </entity_mention>
  <entity_mention ID="CNN_IP_20030329.1600.00-6-E24-48" TYPE="NOM" LDCTYPE="NOM">
    <extent>
      <charseq START="1879" END="1900">the Iraqi armed forces</charseq>
    </extent>
    <head>
      <charseq START="1895" END="1900">forces</charseq>
    </head>
  </entity_mention>
  <entity_mention ID="CNN_IP_20030329.1600.00-6-E24-55" TYPE="NOM" LDCTYPE="NOM">
    <extent>
      <charseq START="2244" END="2253">the Iraqis</charseq>
    </extent>
    <head>
      <charseq START="2248" END="2253">Iraqis</charseq>
    </head>
  </entity_mention>
</entity>
<entity ID="CNN_IP_20030329.1600.00-6-E25" TYPE="PER" SUBTYPE="Group" CLASS="GEN">
  <entity_mention ID="CNN_IP_20030329.1600.00-6-E25-45" TYPE="NOM" LDCTYPE="BAR" LDCATR="FALSE">
    <extent>
      <charseq START="1832" END="1842">U.S. forces</charseq>
    </extent>
    <head>
      <charseq START="1837" END="1842">forces</charseq>
    </head>
  </entity_mention>
  <entity_mention ID="CNN_IP_20030329.1600.00-6-E25-59" TYPE="NOM" LDCTYPE="BAR" LDCATR="FALSE">
    <extent>
      <charseq START="2376" END="2386">U.S. forces</charseq>
    </extent>
    <head>
      <charseq START="2381" END="2386">forces</charseq>
    </head>
  </entity_mention>
  <entity_mention ID="CNN_IP_20030329.1600.00-6-E25-61" TYPE="NOM" LDCTYPE="BAR" LDCATR="FALSE">
    <extent>
      <charseq START="2462" END="2471">our troops</charseq>
    </extent>
    <head>
      <charseq START="2466" END="2471">troops</charseq>
    </head>
  </entity_mention>
  <entity_mention ID="CNN_IP_20030329.1600.00-6-E25-63" TYPE="NOM" LDCTYPE="BAR" LDCATR="FALSE">
    <extent>
      <charseq START="2505" END="2515">U.S. forces</charseq>
    </extent>
    <head>
      <charseq START="2510" END="2515">forces</charseq>
    </head>
  </entity_mention>
  <entity_mention ID="CNN_IP_20030329.1600.00-6-E25-86" TYPE="NOM" LDCTYPE="NOM" LDCATR="FALSE">
    <extent>
      <charseq START="2863" END="2875">the
Americans</charseq>
    </extent>
    <head>
      <charseq START="2867" END="2875">Americans</charseq>
    </head>
  </entity_mention>
  <entity_mention ID="CNN_IP_20030329.1600.00-6-E25-87" TYPE="NOM" LDCTYPE="BAR" LDCATR="TRUE">
    <extent>
      <charseq START="2880" END="2887">invaders</charseq>
    </extent>
    <head>
      <charseq START="2880" END="2887">invaders</charseq>
    </head>
  </entity_mention>
  <entity_mention ID="CNN_IP_20030329.1600.00-6-E25-93" TYPE="NOM" LDCTYPE="NOM" LDCATR="FALSE">
    <extent>
      <charseq START="2969" END="2981">the Americans</charseq>
    </extent>
    <head>
      <charseq START="2973" END="2981">Americans</charseq>
    </head>
  </entity_mention>
</entity>
<entity ID="CNN_IP_20030329.1600.00-6-E28" TYPE="PER" SUBTYPE="Group" CLASS="GEN">
  <entity_mention ID="CNN_IP_20030329.1600.00-6-E28-51" TYPE="NOM" LDCTYPE="BAR">
    <extent>
      <charseq START="1993" END="2009">ground commanders</charseq>
    </extent>
    <head>
      <charseq START="2000" END="2009">commanders</charseq>
    </head>
  </entity_mention>
  <entity_mention ID="CNN_IP_20030329.1600.00-6-E28-52" TYPE="PRO" LDCTYPE="PRO">
    <extent>
      <charseq START="2040" END="2041">we</charseq>
    </extent>
    <head>
      <charseq START="2040" END="2041">we</charseq>
    </head>
  </entity_mention>
</entity>
<entity ID="CNN_IP_20030329.1600.00-6-E29" TYPE="PER" SUBTYPE="Group" CLASS="USP">
  <entity_mention ID="CNN_IP_20030329.1600.00-6-E29-53" TYPE="PRO" LDCTYPE="PRO">
    <extent>
      <charseq START="2097" END="2110">everybody else</charseq>
    </extent>
    <head>
      <charseq START="2097" END="2105">everybody</charseq>
    </head>
  </entity_mention>
</entity>
<entity ID="CNN_IP_20030329.1600.00-6-E30" TYPE="PER" SUBTYPE="Group" CLASS="USP">
  <entity_mention ID="CNN_IP_20030329.1600.00-6-E30-54" TYPE="NOM" LDCTYPE="NOM">
    <extent>
      <charseq START="2142" END="2157">the high command</charseq>
    </extent>
    <head>
      <charseq START="2151" END="2157">command</charseq>
    </head>
  </entity_mention>
</entity>
<entity ID="CNN_IP_20030329.1600.00-6-E31" TYPE="PER" SUBTYPE="Group" CLASS="USP">
  <entity_mention ID="CNN_IP_20030329.1600.00-6-E31-57" TYPE="NOM" LDCTYPE="BAR">
    <extent>
      <charseq START="2315" END="2330">irregular forces</charseq>
    </extent>
    <head>
      <charseq START="2325" END="2330">forces</charseq>
    </head>
  </entity_mention>
</entity>
<entity ID="CNN_IP_20030329.1600.00-6-E32" TYPE="PER" SUBTYPE="Group" CLASS="USP">
  <entity_mention ID="CNN_IP_20030329.1600.00-6-E32-58" TYPE="NOM" LDCTYPE="BAR">
    <extent>
      <charseq START="2349" END="2357">civilians</charseq>
    </extent>
    <head>
      <charseq START="2349" END="2357">civilians</charseq>
    </head>
  </entity_mention>
</entity>
<entity ID="CNN_IP_20030329.1600.00-6-E37" TYPE="PER" SUBTYPE="Group" CLASS="GEN">
  <entity_mention ID="CNN_IP_20030329.1600.00-6-E37-72" TYPE="NOM" LDCTYPE="BAR">
    <extent>
      <charseq START="2668" END="2688">ordinary Iraqi people</charseq>
    </extent>
    <head>
      <charseq START="2683" END="2688">people</charseq>
    </head>
  </entity_mention>
</entity>
<entity ID="CNN_IP_20030329.1600.00-6-E39" TYPE="PER" SUBTYPE="Individual" CLASS="SPC">
  <entity_mention ID="CNN_IP_20030329.1600.00-6-E39-75" TYPE="NOM" LDCTYPE="NOM" LDCATR="FALSE">
    <extent>
      <charseq START="2710" END="2720">a gentleman</charseq>
    </extent>
    <head>
      <charseq START="2712" END="2720">gentleman</charseq>
    </head>
  </entity_mention>
  <entity_mention ID="CNN_IP_20030329.1600.00-6-E39-77" TYPE="PRO" LDCTYPE="WHQ" LDCATR="FALSE">
    <extent>
      <charseq START="2739" END="2741">who</charseq>
    </extent>
    <head>
      <charseq START="2739" END="2741">who</charseq>
    </head>
  </entity_mention>
  <entity_mention ID="CNN_IP_20030329.1600.00-6-E39-78" TYPE="PRO" LDCTYPE="PRO" LDCATR="FALSE">
    <extent>
      <charseq START="2752" END="2754">his</charseq>
    </extent>
    <head>
      <charseq START="2752" END="2754">his</charseq>
    </head>
  </entity_mention>
  <entity_mention ID="CNN_IP_20030329.1600.00-6-E39-81" TYPE="PRO" LDCTYPE="PRO" LDCATR="FALSE">
    <extent>
      <charseq START="2786" END="2787">he</charseq>
    </extent>
    <head>
      <charseq START="2786" END="2787">he</charseq>
    </head>
  </entity_mention>
  <entity_mention ID="CNN_IP_20030329.1600.00-6-E39-84" TYPE="PRO" LDCTYPE="PRO" LDCATR="FALSE">
    <extent>
      <charseq START="2838" END="2839">he</charseq>
    </extent>
    <head>
      <charseq START="2838" END="2839">he</charseq>
    </head>
  </entity_mention>
  <entity_mention ID="CNN_IP_20030329.1600.00-6-E39-141" TYPE="PRO" LDCTYPE="HLS" LDCATR="TRUE">
    <extent>
      <charseq START="2723" END="2736">native of Iraq</charseq>
    </extent>
    <head>
      <charseq START="2723" END="2728">native</charseq>
    </head>
  </entity_mention>
</entity>
<entity ID="CNN_IP_20030329.1600.00-6-E40" TYPE="PER" SUBTYPE="Group" CLASS="USP">
  <entity_mention ID="CNN_IP_20030329.1600.00-6-E40-79" TYPE="NOM" LDCTYPE="NOM">
    <extent>
      <charseq START="2752" END="2761">his family</charseq>
    </extent>
    <head>
      <charseq START="2756" END="2761">family</charseq>
    </head>
  </entity_mention>
  <entity_mention ID="CNN_IP_20030329.1600.00-6-E40-82" TYPE="PRO" LDCTYPE="PRO">
    <extent>
      <charseq START="2794" END="2797">they</charseq>
    </extent>
    <head>
      <charseq START="2794" END="2797">they</charseq>
    </head>
  </entity_mention>
  <entity_mention ID="CNN_IP_20030329.1600.00-6-E40-85" TYPE="PRO" LDCTYPE="PRO">
    <extent>
      <charseq START="2846" END="2849">they</charseq>
    </extent>
    <head>
      <charseq START="2846" END="2849">they</charseq>
    </head>
  </entity_mention>
  <entity_mention ID="CNN_IP_20030329.1600.00-6-E40-88" TYPE="PRO" LDCTYPE="PRO">
    <extent>
      <charseq START="2890" END="2893">They</charseq>
    </extent>
    <head>
      <charseq START="2890" END="2893">They</charseq>
    </head>
  </entity_mention>
  <entity_mention ID="CNN_IP_20030329.1600.00-6-E40-90" TYPE="PRO" LDCTYPE="PRO">
    <extent>
      <charseq START="2916" END="2919">They</charseq>
    </extent>
    <head>
      <charseq START="2916" END="2919">They</charseq>
    </head>
  </entity_mention>
  <entity_mention ID="CNN_IP_20030329.1600.00-6-E40-92" TYPE="PRO" LDCTYPE="PRO">
    <extent>
      <charseq START="2952" END="2955">they</charseq>
    </extent>
    <head>
      <charseq START="2952" END="2955">they</charseq>
    </head>
  </entity_mention>
  <entity_mention ID="CNN_IP_20030329.1600.00-6-E40-143" TYPE="PRO" LDCTYPE="PRO">
    <extent>
      <charseq START="2815" END="2832">20, 30, 50 of them</charseq>
    </extent>
    <head>
      <charseq START="2829" END="2832">them</charseq>
    </head>
  </entity_mention>
</entity>
<entity ID="CNN_IP_20030329.1600.00-6-E41" TYPE="GPE" SUBTYPE="Population-Center" CLASS="SPC">
  <entity_mention ID="CNN_IP_20030329.1600.00-6-E41-83" TYPE="NAM" LDCTYPE="NAM" ROLE="LOC">
    <extent>
      <charseq START="2807" END="2813">Baghdad</charseq>
    </extent>
    <head>
      <charseq START="2807" END="2813">Baghdad</charseq>
    </head>
  </entity_mention>
  <entity_attributes>
    <name NAME="Baghdad">
      <charseq START="2807" END="2813">Baghdad</charseq>
    </name>
  </entity_attributes>
</entity>
<entity ID="CNN_IP_20030329.1600.00-6-E43" TYPE="PER" SUBTYPE="Individual" CLASS="SPC">
  <entity_mention ID="CNN_IP_20030329.1600.00-6-E43-89" TYPE="NAM" LDCTYPE="NAM">
    <extent>
      <charseq START="2900" END="2913">Saddam Hussein</charseq>
    </extent>
    <head>
      <charseq START="2900" END="2913">Saddam Hussein</charseq>
    </head>
  </entity_mention>
  <entity_mention ID="CNN_IP_20030329.1600.00-6-E43-91" TYPE="PRO" LDCTYPE="PRO">
    <extent>
      <charseq START="2937" END="2938">he</charseq>
    </extent>
    <head>
      <charseq START="2937" END="2938">he</charseq>
    </head>
  </entity_mention>
  <entity_mention ID="CNN_IP_20030329.1600.00-6-E43-98" TYPE="PRO" LDCTYPE="PRO">
    <extent>
      <charseq START="3274" END="3276">him</charseq>
    </extent>
    <head>
      <charseq START="3274" END="3276">him</charseq>
    </head>
  </entity_mention>
  <entity_mention ID="CNN_IP_20030329.1600.00-6-E43-106" TYPE="NAM" LDCTYPE="NAM">
    <extent>
      <charseq START="3590" END="3595">Saddam</charseq>
    </extent>
    <head>
      <charseq START="3590" END="3595">Saddam</charseq>
    </head>
  </entity_mention>
  <entity_mention ID="CNN_IP_20030329.1600.00-6-E43-118" TYPE="NAM" LDCTYPE="NAM">
    <extent>
      <charseq START="3915" END="3928">Saddam Hussein</charseq>
    </extent>
    <head>
      <charseq START="3915" END="3928">Saddam Hussein</charseq>
    </head>
  </entity_mention>
  <entity_mention ID="CNN_IP_20030329.1600.00-6-E43-119" TYPE="PRO" LDCTYPE="PRO">
    <extent>
      <charseq START="3940" END="3942">his</charseq>
    </extent>
    <head>
      <charseq START="3940" END="3942">his</charseq>
    </head>
  </entity_mention>
  <entity_attributes>
    <name NAME="Saddam Hussein">
      <charseq START="2900" END="2913">Saddam Hussein</charseq>
    </name>
    <name NAME="Saddam">
      <charseq START="3590" END="3595">Saddam</charseq>
    </name>
    <name NAME="Saddam Hussein">
      <charseq START="3915" END="3928">Saddam Hussein</charseq>
    </name>
  </entity_attributes>
</entity>
<entity ID="CNN_IP_20030329.1600.00-6-E45" TYPE="GPE" SUBTYPE="Nation" CLASS="GEN">
  <entity_mention ID="CNN_IP_20030329.1600.00-6-E45-99" TYPE="NOM" LDCTYPE="NOM" ROLE="GPE">
    <extent>
      <charseq START="3317" END="3331">another country</charseq>
    </extent>
    <head>
      <charseq START="3325" END="3331">country</charseq>
    </head>
  </entity_mention>
</entity>
<entity ID="CNN_IP_20030329.1600.00-6-E46" TYPE="PER" SUBTYPE="Individual" CLASS="SPC">
  <entity_mention ID="CNN_IP_20030329.1600.00-6-E46-107" TYPE="NAM" LDCTYPE="NAM" LDCATR="FALSE">
    <extent>
      <charseq START="3603" END="3616">President Bush</charseq>
    </extent>
    <head>
      <charseq START="3613" END="3616">Bush</charseq>
    </head>
  </entity_mention>
  <entity_mention ID="CNN_IP_20030329.1600.00-6-E46-108" TYPE="NOM" LDCTYPE="NOMPRE" LDCATR="FALSE">
    <extent>
      <charseq START="3603" END="3611">President</charseq>
    </extent>
    <head>
      <charseq START="3603" END="3611">President</charseq>
    </head>
  </entity_mention>
  <entity_mention ID="CNN_IP_20030329.1600.00-6-E46-109" TYPE="NAM" LDCTYPE="NAM" LDCATR="FALSE">
    <extent>
      <charseq START="3625" END="3638">President Bush</charseq>
    </extent>
    <head>
      <charseq START="3635" END="3638">Bush</charseq>
    </head>
  </entity_mention>
  <entity_mention ID="CNN_IP_20030329.1600.00-6-E46-110" TYPE="NOM" LDCTYPE="NOMPRE" LDCATR="TRUE">
    <extent>
      <charseq START="3625" END="3633">President</charseq>
    </extent>
    <head>
      <charseq START="3625" END="3633">President</charseq>
    </head>
  </entity_mention>
  <entity_attributes>
    <name NAME="Bush">
      <charseq START="3613" END="3616">Bush</charseq>
    </name>
    <name NAME="Bush">
      <charseq START="3635" END="3638">Bush</charseq>
    </name>
  </entity_attributes>
</entity>
<entity ID="CNN_IP_20030329.1600.00-6-E49" TYPE="PER" SUBTYPE="Group" CLASS="USP">
  <entity_mention ID="CNN_IP_20030329.1600.00-6-E49-115" TYPE="NOM" LDCTYPE="BAR">
    <extent>
      <charseq START="3858" END="3874">British officials</charseq>
    </extent>
    <head>
      <charseq START="3866" END="3874">officials</charseq>
    </head>
  </entity_mention>
  <entity_mention ID="CNN_IP_20030329.1600.00-6-E49-117" TYPE="PRO" LDCTYPE="PRO">
    <extent>
      <charseq START="3888" END="3891">they</charseq>
    </extent>
    <head>
      <charseq START="3888" END="3891">they</charseq>
    </head>
  </entity_mention>
</entity>
<entity ID="CNN_IP_20030329.1600.00-6-E51" TYPE="PER" SUBTYPE="Individual" CLASS="SPC">
  <entity_mention ID="CNN_IP_20030329.1600.00-6-E51-120" TYPE="NOM" LDCTYPE="NOM">
    <extent>
      <charseq START="3940" END="3960">his air defense chief</charseq>
    </extent>
    <head>
      <charseq START="3956" END="3960">chief</charseq>
    </head>
  </entity_mention>
</entity>
<entity ID="CNN_IP_20030329.1600.00-6-E52" TYPE="ORG" SUBTYPE="Government" CLASS="SPC">
  <entity_mention ID="CNN_IP_20030329.1600.00-6-E52-121" TYPE="NOM" LDCTYPE="NOMPRE">
    <extent>
      <charseq START="3944" END="3954">air defense</charseq>
    </extent>
    <head>
      <charseq START="3948" END="3954">defense</charseq>
    </head>
  </entity_mention>
</entity>
<entity ID="CNN_IP_20030329.1600.00-6-E53" TYPE="PER" SUBTYPE="Group" CLASS="GEN">
  <entity_mention ID="CNN_IP_20030329.1600.00-6-E53-124" TYPE="NOM" LDCTYPE="NOMPRE">
    <extent>
      <charseq START="4168" END="4175">civilian</charseq>
    </extent>
    <head>
      <charseq START="4168" END="4175">civilian</charseq>
    </head>
  </entity_mention>
</entity>
<entity ID="CNN_IP_20030329.1600.00-6-E54" TYPE="WEA" SUBTYPE="Exploding" CLASS="USP">
  <entity_mention ID="CNN_IP_20030329.1600.00-6-E54-126" TYPE="NOM" LDCTYPE="BAR">
    <extent>
      <charseq START="4259" END="4287">Iraqi surface to air missiles</charseq>
    </extent>
    <head>
      <charseq START="4280" END="4287">missiles</charseq>
    </head>
  </entity_mention>
</entity>
<entity ID="CNN_IP_20030329.1600.00-6-E56" TYPE="LOC" SUBTYPE="Region-General" CLASS="USP">
  <entity_mention ID="CNN_IP_20030329.1600.00-6-E56-128" TYPE="NOM" LDCTYPE="BAR">
    <extent>
      <charseq START="4315" END="4331">residential areas</charseq>
    </extent>
    <head>
      <charseq START="4327" END="4331">areas</charseq>
    </head>
  </entity_mention>
</entity>
<entity ID="CNN_IP_20030329.1600.00-6-E57" TYPE="FAC" SUBTYPE="Building-Grounds" CLASS="SPC">
  <entity_mention ID="CNN_IP_20030329.1600.00-6-E57-130" TYPE="NOM" LDCTYPE="NOM">
    <extent>
      <charseq START="4383" END="4393">that market</charseq>
    </extent>
    <head>
      <charseq START="4388" END="4393">market</charseq>
    </head>
  </entity_mention>
  <entity_mention ID="CNN_IP_20030329.1600.00-6-E57-131" TYPE="NOM" LDCTYPE="NOM">
    <extent>
      <charseq START="4462" END="4472">that market</charseq>
    </extent>
    <head>
      <charseq START="4467" END="4472">market</charseq>
    </head>
  </entity_mention>
  <entity_mention ID="CNN_IP_20030329.1600.00-6-E57-137" TYPE="NOM" LDCTYPE="NOM">
    <extent>
      <charseq START="4530" END="4540">that market</charseq>
    </extent>
    <head>
      <charseq START="4535" END="4540">market</charseq>
    </head>
  </entity_mention>
</entity>
<entity ID="CNN_IP_20030329.1600.00-6-E58" TYPE="WEA" SUBTYPE="Exploding" CLASS="GEN">
  <entity_mention ID="CNN_IP_20030329.1600.00-6-E58-133" TYPE="NOM" LDCTYPE="NOM">
    <extent>
      <charseq START="4492" END="4502">a U.S. bomb</charseq>
    </extent>
    <head>
      <charseq START="4499" END="4502">bomb</charseq>
    </head>
  </entity_mention>
</entity>
<entity ID="CNN_IP_20030329.1600.00-6-E60" TYPE="WEA" SUBTYPE="Exploding" CLASS="GEN">
  <entity_mention ID="CNN_IP_20030329.1600.00-6-E60-135" TYPE="NOM" LDCTYPE="NOM">
    <extent>
      <charseq START="4507" END="4527">a
U.S. cruise missile</charseq>
    </extent>
    <head>
      <charseq START="4521" END="4527">missile</charseq>
    </head>
  </entity_mention>
</entity>
<entity ID="CNN_IP_20030329.1600.00-6-E63" TYPE="WEA" SUBTYPE="Underspecified" CLASS="USP">
  <entity_mention ID="CNN_IP_20030329.1600.00-6-E63-139" TYPE="NOM" LDCTYPE="BAR">
    <extent>
      <charseq START="335" END="341">weapons</charseq>
    </extent>
    <head>
      <charseq START="335" END="341">weapons</charseq>
    </head>
  </entity_mention>
</entity>
<entity ID="CNN_IP_20030329.1600.00-6-E64" TYPE="WEA" SUBTYPE="Projectile" CLASS="SPC">
  <entity_mention ID="CNN_IP_20030329.1600.00-6-E64-140" TYPE="PRO" LDCTYPE="PRO" LDCATR="FALSE">
    <extent>
      <charseq START="4583" END="4584">it</charseq>
    </extent>
    <head>
      <charseq START="4583" END="4584">it</charseq>
    </head>
  </entity_mention>
  <entity_mention ID="CNN_IP_20030329.1600.00-6-E64-156" TYPE="NOM" LDCTYPE="NOM" LDCATR="TRUE">
    <extent>
      <charseq START="4590" END="4620">an Iraqi surface to air missile</charseq>
    </extent>
    <head>
      <charseq START="4614" END="4620">missile</charseq>
    </head>
  </entity_mention>
</entity>
<entity ID="CNN_IP_20030329.1600.00-6-E66" TYPE="PER" SUBTYPE="Group" CLASS="USP">
  <entity_mention ID="CNN_IP_20030329.1600.00-6-E66-144" TYPE="NOM" LDCTYPE="NOM">
    <extent>
      <charseq START="3444" END="3454">most
Iraqis</charseq>
    </extent>
    <head>
      <charseq START="3449" END="3454">Iraqis</charseq>
    </head>
  </entity_mention>
  <entity_mention ID="CNN_IP_20030329.1600.00-6-E66-145" TYPE="PRO" LDCTYPE="PRO">
    <extent>
      <charseq START="3459" END="3462">they</charseq>
    </extent>
    <head>
      <charseq START="3459" END="3462">they</charseq>
    </head>
  </entity_mention>
  <entity_mention ID="CNN_IP_20030329.1600.00-6-E66-146" TYPE="PRO" LDCTYPE="PRO">
    <extent>
      <charseq START="3507" END="3510">They</charseq>
    </extent>
    <head>
      <charseq START="3507" END="3510">They</charseq>
    </head>
  </entity_mention>
  <entity_mention ID="CNN_IP_20030329.1600.00-6-E66-147" TYPE="PRO" LDCTYPE="PRO">
    <extent>
      <charseq START="3553" END="3556">them</charseq>
    </extent>
    <head>
      <charseq START="3553" END="3556">them</charseq>
    </head>
  </entity_mention>
  <entity_mention ID="CNN_IP_20030329.1600.00-6-E66-148" TYPE="PRO" LDCTYPE="PRO">
    <extent>
      <charseq START="3650" END="3653">them</charseq>
    </extent>
    <head>
      <charseq START="3650" END="3653">them</charseq>
    </head>
  </entity_mention>
  <entity_mention ID="CNN_IP_20030329.1600.00-6-E66-149" TYPE="PRO" LDCTYPE="PRO">
    <extent>
      <charseq START="3703" END="3706">they</charseq>
    </extent>
    <head>
      <charseq START="3703" END="3706">they</charseq>
    </head>
  </entity_mention>
</entity>
<entity ID="CNN_IP_20030329.1600.00-6-E68" TYPE="FAC" SUBTYPE="Path" CLASS="USP">
  <entity_mention ID="CNN_IP_20030329.1600.00-6-E68-157" TYPE="NOM" LDCTYPE="NOM">
    <extent>
      <charseq START="1386" END="1408">these long supply lines</charseq>
    </extent>
    <head>
      <charseq START="1404" END="1408">lines</charseq>
    </head>
  </entity_mention>
</entity>
<entity ID="CNN_IP_20030329.1600.00-6-E70" TYPE="ORG" SUBTYPE="Media" CLASS="SPC">
  <entity_mention ID="CNN_IP_20030329.1600.00-6-E70-160" TYPE="NAM" LDCTYPE="NAMPRE">
    <extent>
      <charseq START="162" END="164">CNN</charseq>
    </extent>
    <head>
      <charseq START="162" END="164">CNN</charseq>
    </head>
  </entity_mention>
  <entity_attributes>
    <name NAME="CNN">
      <charseq START="162" END="164">CNN</charseq>
    </name>
  </entity_attributes>
</entity>
<entity ID="CNN_IP_20030329.1600.00-6-E71" TYPE="ORG" SUBTYPE="Non-Governmental" CLASS="SPC">
  <entity_mention ID="CNN_IP_20030329.1600.00-6-E71-164" TYPE="NAM" LDCTYPE="NAM">
    <extent>
      <charseq START="198" END="259">the Center for Middle East Policy at the Brookings
Institution</charseq>
    </extent>
    <head>
      <charseq START="202" END="230">Center for Middle East Policy</charseq>
    </head>
  </entity_mention>
  <entity_attributes>
    <name NAME="Center for Middle East Policy">
      <charseq START="202" END="230">Center for Middle East Policy</charseq>
    </name>
  </entity_attributes>
</entity>
<entity ID="CNN_IP_20030329.1600.00-6-E72" TYPE="ORG" SUBTYPE="Non-Governmental" CLASS="SPC">
  <entity_mention ID="CNN_IP_20030329.1600.00-6-E72-165" TYPE="NAM" LDCTYPE="NAM">
    <extent>
      <charseq START="235" END="259">the Brookings
Institution</charseq>
    </extent>
    <head>
      <charseq START="239" END="259">Brookings
Institution</charseq>
    </head>
  </entity_mention>
  <entity_attributes>
    <name NAME="Brookings Institution">
      <charseq START="239" END="259">Brookings
Institution</charseq>
    </name>
  </entity_attributes>
</entity>
<entity ID="CNN_IP_20030329.1600.00-6-E73" TYPE="PER" SUBTYPE="Individual" CLASS="SPC">
  <entity_mention ID="CNN_IP_20030329.1600.00-6-E73-3" TYPE="PRO" LDCTYPE="PRO">
    <extent>
      <charseq START="431" END="431">I</charseq>
    </extent>
    <head>
      <charseq START="431" END="431">I</charseq>
    </head>
  </entity_mention>
  <entity_mention ID="CNN_IP_20030329.1600.00-6-E73-6" TYPE="PRO" LDCTYPE="PRO">
    <extent>
      <charseq START="552" END="553">me</charseq>
    </extent>
    <head>
      <charseq START="552" END="553">me</charseq>
    </head>
  </entity_mention>
  <entity_mention ID="CNN_IP_20030329.1600.00-6-E73-14" TYPE="NAM" LDCTYPE="NAM">
    <extent>
      <charseq START="785" END="788">Judy</charseq>
    </extent>
    <head>
      <charseq START="785" END="788">Judy</charseq>
    </head>
  </entity_mention>
  <entity_mention ID="CNN_IP_20030329.1600.00-6-E73-67" TYPE="PRO" LDCTYPE="PRO">
    <extent>
      <charseq START="2576" END="2576">I</charseq>
    </extent>
    <head>
      <charseq START="2576" END="2576">I</charseq>
    </head>
  </entity_mention>
  <entity_mention ID="CNN_IP_20030329.1600.00-6-E73-74" TYPE="PRO" LDCTYPE="PRO">
    <extent>
      <charseq START="2691" END="2691">I</charseq>
    </extent>
    <head>
      <charseq START="2691" END="2691">I</charseq>
    </head>
  </entity_mention>
  <entity_mention ID="CNN_IP_20030329.1600.00-6-E73-114" TYPE="PRO" LDCTYPE="PRO">
    <extent>
      <charseq START="3833" END="3833">I</charseq>
    </extent>
    <head>
      <charseq START="3833" END="3833">I</charseq>
    </head>
  </entity_mention>
  <entity_mention ID="CNN_IP_20030329.1600.00-6-E73-166" TYPE="PRO" LDCTYPE="PRO">
    <extent>
      <charseq START="269" END="270">me</charseq>
    </extent>
    <head>
      <charseq START="269" END="270">me</charseq>
    </head>
  </entity_mention>
  <entity_attributes>
    <name NAME="Judy">
      <charseq START="785" END="788">Judy</charseq>
    </name>
  </entity_attributes>
</entity>
<entity ID="CNN_IP_20030329.1600.00-6-E75" TYPE="ORG" SUBTYPE="Government" CLASS="SPC">
  <entity_mention ID="CNN_IP_20030329.1600.00-6-E75-169" TYPE="NOM" LDCTYPE="NOM">
    <extent>
      <charseq START="296" END="313">the Iraqi military</charseq>
    </extent>
    <head>
      <charseq START="306" END="313">military</charseq>
    </head>
  </entity_mention>
  <entity_mention ID="CNN_IP_20030329.1600.00-6-E75-171" TYPE="PRO" LDCTYPE="PRO">
    <extent>
      <charseq START="319" END="321">its</charseq>
    </extent>
    <head>
      <charseq START="319" END="321">its</charseq>
    </head>
  </entity_mention>
</entity>
<entity ID="CNN_IP_20030329.1600.00-6-E78" TYPE="PER" SUBTYPE="Group" CLASS="USP">
  <entity_mention ID="CNN_IP_20030329.1600.00-6-E78-10" TYPE="PRO" LDCTYPE="PRO">
    <extent>
      <charseq START="712" END="713">we</charseq>
    </extent>
    <head>
      <charseq START="712" END="713">we</charseq>
    </head>
  </entity_mention>
  <entity_mention ID="CNN_IP_20030329.1600.00-6-E78-43" TYPE="PRO" LDCTYPE="PRO">
    <extent>
      <charseq START="1746" END="1747">we</charseq>
    </extent>
    <head>
      <charseq START="1746" END="1747">we</charseq>
    </head>
  </entity_mention>
  <entity_mention ID="CNN_IP_20030329.1600.00-6-E78-56" TYPE="PRO" LDCTYPE="PRO">
    <extent>
      <charseq START="2296" END="2297">we</charseq>
    </extent>
    <head>
      <charseq START="2296" END="2297">we</charseq>
    </head>
  </entity_mention>
  <entity_mention ID="CNN_IP_20030329.1600.00-6-E78-94" TYPE="PRO" LDCTYPE="PRO">
    <extent>
      <charseq START="3051" END="3052">we</charseq>
    </extent>
    <head>
      <charseq START="3051" END="3052">we</charseq>
    </head>
  </entity_mention>
  <entity_mention ID="CNN_IP_20030329.1600.00-6-E78-97" TYPE="PRO" LDCTYPE="PRO">
    <extent>
      <charseq START="3177" END="3178">we</charseq>
    </extent>
    <head>
      <charseq START="3177" END="3178">we</charseq>
    </head>
  </entity_mention>
  <entity_mention ID="CNN_IP_20030329.1600.00-6-E78-122" TYPE="PRO" LDCTYPE="PRO">
    <extent>
      <charseq START="4041" END="4042">we</charseq>
    </extent>
    <head>
      <charseq START="4041" END="4042">we</charseq>
    </head>
  </entity_mention>
  <entity_mention ID="CNN_IP_20030329.1600.00-6-E78-125" TYPE="PRO" LDCTYPE="PRO">
    <extent>
      <charseq START="4193" END="4194">we</charseq>
    </extent>
    <head>
      <charseq START="4193" END="4194">we</charseq>
    </head>
  </entity_mention>
  <entity_mention ID="CNN_IP_20030329.1600.00-6-E78-173" TYPE="PRO" LDCTYPE="PRO">
    <extent>
      <charseq START="378" END="379">we</charseq>
    </extent>
    <head>
      <charseq START="378" END="379">we</charseq>
    </head>
  </entity_mention>
</entity>
<entity ID="CNN_IP_20030329.1600.00-6-E79" TYPE="PER" SUBTYPE="Group" CLASS="USP">
  <entity_mention ID="CNN_IP_20030329.1600.00-6-E79-65" TYPE="NOM" LDCTYPE="BAR">
    <extent>
      <charseq START="2518" END="2531">British forces</charseq>
    </extent>
    <head>
      <charseq START="2526" END="2531">forces</charseq>
    </head>
  </entity_mention>
  <entity_mention ID="CNN_IP_20030329.1600.00-6-E79-174" TYPE="NOM" LDCTYPE="NOM">
    <extent>
      <charseq START="390" END="407">the
British troops</charseq>
    </extent>
    <head>
      <charseq START="402" END="407">troops</charseq>
    </head>
  </entity_mention>
</entity>
<timex2 ID="CNN_IP_20030329.1600.00-6-T1">
  <timex2_mention ID="CNN_IP_20030329.1600.00-6-T1-1">
    <extent>
      <charseq START="272" END="274">now</charseq>
    </extent>
  </timex2_mention>
</timex2>
<timex2 ID="CNN_IP_20030329.1600.00-6-T2">
  <timex2_mention ID="CNN_IP_20030329.1600.00-6-T2-1">
    <extent>
      <charseq START="446" END="458">earlier today</charseq>
    </extent>
  </timex2_mention>
</timex2>
<timex2 ID="CNN_IP_20030329.1600.00-6-T3">
  <timex2_mention ID="CNN_IP_20030329.1600.00-6-T3-1">
    <extent>
      <charseq START="471" END="487">the last few days</charseq>
    </extent>
  </timex2_mention>
</timex2>
<timex2 ID="CNN_IP_20030329.1600.00-6-T4">
  <timex2_mention ID="CNN_IP_20030329.1600.00-6-T4-1">
    <extent>
      <charseq START="780" END="782">now</charseq>
    </extent>
  </timex2_mention>
</timex2>
<timex2 ID="CNN_IP_20030329.1600.00-6-T5">
  <timex2_mention ID="CNN_IP_20030329.1600.00-6-T5-1">
    <extent>
      <charseq START="935" END="937">now</charseq>
    </extent>
  </timex2_mention>
</timex2>
<timex2 ID="CNN_IP_20030329.1600.00-6-T6">
  <timex2_mention ID="CNN_IP_20030329.1600.00-6-T6-1">
    <extent>
      <charseq START="3090" END="3094">years</charseq>
    </extent>
  </timex2_mention>
</timex2>
<timex2 ID="CNN_IP_20030329.1600.00-6-T7">
  <timex2_mention ID="CNN_IP_20030329.1600.00-6-T7-1">
    <extent>
      <charseq START="3561" END="3564">1991</charseq>
    </extent>
  </timex2_mention>
</timex2>
<timex2 ID="CNN_IP_20030329.1600.00-6-T8">
  <timex2_mention ID="CNN_IP_20030329.1600.00-6-T8-1">
    <extent>
      <charseq START="4209" END="4225">the last few days</charseq>
    </extent>
  </timex2_mention>
</timex2>
<timex2 ID="CNN_IP_20030329.1600.00-6-T9">
  <timex2_mention ID="CNN_IP_20030329.1600.00-6-T9-1">
    <extent>
      <charseq START="38" END="62">2003-03-29T16:00:00-05:00</charseq>
    </extent>
  </timex2_mention>
</timex2>
<timex2 ID="CNN_IP_20030329.1600.00-6-T10">
  <timex2_mention ID="CNN_IP_20030329.1600.00-6-T10-1">
    <extent>
      <charseq START="140" END="153">short time ago</charseq>
    </extent>
  </timex2_mention>
</timex2>
<relation ID="CNN_IP_20030329.1600.00-6-R1" TYPE="GEN-AFF" SUBTYPE="Citizen-Resident-Religion-Ethnicity" TENSE="Unspecified" MODALITY="Asserted">
  <relation_argument REFID="CNN_IP_20030329.1600.00-6-E37" ROLE="Arg-1"/>
  <relation_argument REFID="CNN_IP_20030329.1600.00-6-E22" ROLE="Arg-2"/>
  <relation_mention ID="CNN_IP_20030329.1600.00-6-R1-1" LEXICALCONDITION="PreMod">
    <extent>
      <charseq START="2668" END="2688">ordinary Iraqi people</charseq>
    </extent>
    <relation_mention_argument REFID="CNN_IP_20030329.1600.00-6-E37-72" ROLE="Arg-1">
      <extent>
        <charseq START="2668" END="2688">ordinary Iraqi people</charseq>
      </extent>
    </relation_mention_argument>
    <relation_mention_argument REFID="CNN_IP_20030329.1600.00-6-E22-73" ROLE="Arg-2">
      <extent>
        <charseq START="2677" END="2681">Iraqi</charseq>
      </extent>
    </relation_mention_argument>
  </relation_mention>
</relation>
<relation ID="CNN_IP_20030329.1600.00-6-R2" TYPE="GEN-AFF" SUBTYPE="Citizen-Resident-Religion-Ethnicity" TENSE="Unspecified" MODALITY="Asserted">
  <relation_argument REFID="CNN_IP_20030329.1600.00-6-E39" ROLE="Arg-1"/>
  <relation_argument REFID="CNN_IP_20030329.1600.00-6-E22" ROLE="Arg-2"/>
  <relation_mention ID="CNN_IP_20030329.1600.00-6-R2-1" LEXICALCONDITION="Preposition">
    <extent>
      <charseq START="2723" END="2736">native of Iraq</charseq>
    </extent>
    <relation_mention_argument REFID="CNN_IP_20030329.1600.00-6-E39-141" ROLE="Arg-1">
      <extent>
        <charseq START="2723" END="2736">native of Iraq</charseq>
      </extent>
    </relation_mention_argument>
    <relation_mention_argument REFID="CNN_IP_20030329.1600.00-6-E22-76" ROLE="Arg-2">
      <extent>
        <charseq START="2733" END="2736">Iraq</charseq>
      </extent>
    </relation_mention_argument>
  </relation_mention>
</relation>
<relation ID="CNN_IP_20030329.1600.00-6-R3" TYPE="ORG-AFF" SUBTYPE="Employment" TENSE="Unspecified" MODALITY="Asserted">
  <relation_argument REFID="CNN_IP_20030329.1600.00-6-E5" ROLE="Arg-1"/>
  <relation_argument REFID="CNN_IP_20030329.1600.00-6-E1" ROLE="Arg-2"/>
  <relation_mention ID="CNN_IP_20030329.1600.00-6-R3-1" LEXICALCONDITION="PreMod">
    <extent>
      <charseq START="756" END="778">U.S. and
British forces</charseq>
    </extent>
    <relation_mention_argument REFID="CNN_IP_20030329.1600.00-6-E5-11" ROLE="Arg-1">
      <extent>
        <charseq START="756" END="778">U.S. and
British forces</charseq>
      </extent>
    </relation_mention_argument>
    <relation_mention_argument REFID="CNN_IP_20030329.1600.00-6-E1-13" ROLE="Arg-2">
      <extent>
        <charseq START="765" END="771">British</charseq>
      </extent>
    </relation_mention_argument>
  </relation_mention>
  <relation_mention ID="CNN_IP_20030329.1600.00-6-R3-2" LEXICALCONDITION="PreMod">
    <extent>
      <charseq START="1459" END="1481">U.S. and British forces</charseq>
    </extent>
    <relation_mention_argument REFID="CNN_IP_20030329.1600.00-6-E5-34" ROLE="Arg-1">
      <extent>
        <charseq START="1459" END="1481">U.S. and British forces</charseq>
      </extent>
    </relation_mention_argument>
    <relation_mention_argument REFID="CNN_IP_20030329.1600.00-6-E1-36" ROLE="Arg-2">
      <extent>
        <charseq START="1468" END="1474">British</charseq>
      </extent>
    </relation_mention_argument>
  </relation_mention>
</relation>
<relation ID="CNN_IP_20030329.1600.00-6-R6" TYPE="ORG-AFF" SUBTYPE="Employment" TENSE="Unspecified" MODALITY="Asserted">
  <relation_argument REFID="CNN_IP_20030329.1600.00-6-E25" ROLE="Arg-1"/>
  <relation_argument REFID="CNN_IP_20030329.1600.00-6-E6" ROLE="Arg-2"/>
  <relation_mention ID="CNN_IP_20030329.1600.00-6-R6-1" LEXICALCONDITION="PreMod">
    <extent>
      <charseq START="1832" END="1842">U.S. forces</charseq>
    </extent>
    <relation_mention_argument REFID="CNN_IP_20030329.1600.00-6-E25-45" ROLE="Arg-1">
      <extent>
        <charseq START="1832" END="1842">U.S. forces</charseq>
      </extent>
    </relation_mention_argument>
    <relation_mention_argument REFID="CNN_IP_20030329.1600.00-6-E6-46" ROLE="Arg-2">
      <extent>
        <charseq START="1832" END="1834">U.S</charseq>
      </extent>
    </relation_mention_argument>
  </relation_mention>
  <relation_mention ID="CNN_IP_20030329.1600.00-6-R6-2" LEXICALCONDITION="PreMod">
    <extent>
      <charseq START="2376" END="2386">U.S. forces</charseq>
    </extent>
    <relation_mention_argument REFID="CNN_IP_20030329.1600.00-6-E25-59" ROLE="Arg-1">
      <extent>
        <charseq START="2376" END="2386">U.S. forces</charseq>
      </extent>
    </relation_mention_argument>
    <relation_mention_argument REFID="CNN_IP_20030329.1600.00-6-E6-60" ROLE="Arg-2">
      <extent>
        <charseq START="2376" END="2378">U.S</charseq>
      </extent>
    </relation_mention_argument>
  </relation_mention>
  <relation_mention ID="CNN_IP_20030329.1600.00-6-R6-3" LEXICALCONDITION="PreMod">
    <extent>
      <charseq START="2462" END="2471">our troops</charseq>
    </extent>
    <relation_mention_argument REFID="CNN_IP_20030329.1600.00-6-E25-61" ROLE="Arg-1">
      <extent>
        <charseq START="2462" END="2471">our troops</charseq>
      </extent>
    </relation_mention_argument>
    <relation_mention_argument REFID="CNN_IP_20030329.1600.00-6-E6-62" ROLE="Arg-2">
      <extent>
        <charseq START="2462" END="2464">our</charseq>
      </extent>
    </relation_mention_argument>
  </relation_mention>
  <relation_mention ID="CNN_IP_20030329.1600.00-6-R6-4" LEXICALCONDITION="PreMod">
    <extent>
      <charseq START="2505" END="2515">U.S. forces</charseq>
    </extent>
    <relation_mention_argument REFID="CNN_IP_20030329.1600.00-6-E25-63" ROLE="Arg-1">
      <extent>
        <charseq START="2505" END="2515">U.S. forces</charseq>
      </extent>
    </relation_mention_argument>
    <relation_mention_argument REFID="CNN_IP_20030329.1600.00-6-E6-64" ROLE="Arg-2">
      <extent>
        <charseq START="2505" END="2507">U.S</charseq>
      </extent>
    </relation_mention_argument>
  </relation_mention>
</relation>
<relation ID="CNN_IP_20030329.1600.00-6-R12" TYPE="PHYS" SUBTYPE="Located" TENSE="Unspecified" MODALITY="Asserted">
  <relation_argument REFID="CNN_IP_20030329.1600.00-6-E40" ROLE="Arg-1"/>
  <relation_argument REFID="CNN_IP_20030329.1600.00-6-E41" ROLE="Arg-2"/>
  <relation_mention ID="CNN_IP_20030329.1600.00-6-R12-1" LEXICALCONDITION="Verbal">
    <extent>
      <charseq START="2691" END="2887">I just interviewed a gentleman,
native of Iraq, who talks to his family there all the time and he says
they live in Baghdad 20, 30, 50 of them and he said they do the view the
Americans as invaders</charseq>
    </extent>
    <relation_mention_argument REFID="CNN_IP_20030329.1600.00-6-E40-82" ROLE="Arg-1">
      <extent>
        <charseq START="2794" END="2797">they</charseq>
      </extent>
    </relation_mention_argument>
    <relation_mention_argument REFID="CNN_IP_20030329.1600.00-6-E41-83" ROLE="Arg-2">
      <extent>
        <charseq START="2807" END="2813">Baghdad</charseq>
      </extent>
    </relation_mention_argument>
  </relation_mention>
</relation>
<relation ID="CNN_IP_20030329.1600.00-6-R13" TYPE="ORG-AFF" SUBTYPE="Employment" TENSE="Unspecified" MODALITY="Asserted">
  <relation_argument REFID="CNN_IP_20030329.1600.00-6-E49" ROLE="Arg-1"/>
  <relation_argument REFID="CNN_IP_20030329.1600.00-6-E1" ROLE="Arg-2"/>
  <relation_mention ID="CNN_IP_20030329.1600.00-6-R13-1" LEXICALCONDITION="PreMod">
    <extent>
      <charseq START="3858" END="3874">British officials</charseq>
    </extent>
    <relation_mention_argument REFID="CNN_IP_20030329.1600.00-6-E49-115" ROLE="Arg-1">
      <extent>
        <charseq START="3858" END="3874">British officials</charseq>
      </extent>
    </relation_mention_argument>
    <relation_mention_argument REFID="CNN_IP_20030329.1600.00-6-E1-116" ROLE="Arg-2">
      <extent>
        <charseq START="3858" END="3864">British</charseq>
      </extent>
    </relation_mention_argument>
  </relation_mention>
</relation>
<relation ID="CNN_IP_20030329.1600.00-6-R14" TYPE="ART" SUBTYPE="User-Owner-Inventor-Manufacturer" TENSE="Unspecified" MODALITY="Asserted">
  <relation_argument REFID="CNN_IP_20030329.1600.00-6-E22" ROLE="Arg-1"/>
  <relation_argument REFID="CNN_IP_20030329.1600.00-6-E64" ROLE="Arg-2"/>
  <relation_mention ID="CNN_IP_20030329.1600.00-6-R14-1" LEXICALCONDITION="PreMod">
    <extent>
      <charseq START="4590" END="4620">an Iraqi surface to air missile</charseq>
    </extent>
    <relation_mention_argument REFID="CNN_IP_20030329.1600.00-6-E22-138" ROLE="Arg-1">
      <extent>
        <charseq START="4593" END="4597">Iraqi</charseq>
      </extent>
    </relation_mention_argument>
    <relation_mention_argument REFID="CNN_IP_20030329.1600.00-6-E64-156" ROLE="Arg-2">
      <extent>
        <charseq START="4590" END="4620">an Iraqi surface to air missile</charseq>
      </extent>
    </relation_mention_argument>
  </relation_mention>
</relation>
<relation ID="CNN_IP_20030329.1600.00-6-R15" TYPE="PER-SOC" SUBTYPE="Family" TENSE="Unspecified" MODALITY="Asserted">
  <relation_argument REFID="CNN_IP_20030329.1600.00-6-E39" ROLE="Arg-1"/>
  <relation_argument REFID="CNN_IP_20030329.1600.00-6-E40" ROLE="Arg-2"/>
  <relation_mention ID="CNN_IP_20030329.1600.00-6-R15-1" LEXICALCONDITION="Possessive">
    <extent>
      <charseq START="2752" END="2761">his family</charseq>
    </extent>
    <relation_mention_argument REFID="CNN_IP_20030329.1600.00-6-E39-78" ROLE="Arg-1">
      <extent>
        <charseq START="2752" END="2754">his</charseq>
      </extent>
    </relation_mention_argument>
    <relation_mention_argument REFID="CNN_IP_20030329.1600.00-6-E40-79" ROLE="Arg-2">
      <extent>
        <charseq START="2752" END="2761">his family</charseq>
      </extent>
    </relation_mention_argument>
  </relation_mention>
</relation>
<relation ID="CNN_IP_20030329.1600.00-6-R16" TYPE="ORG-AFF" SUBTYPE="Employment" TENSE="Unspecified" MODALITY="Asserted">
  <relation_argument REFID="CNN_IP_20030329.1600.00-6-E19" ROLE="Arg-1"/>
  <relation_argument REFID="CNN_IP_20030329.1600.00-6-E70" ROLE="Arg-2"/>
  <relation_mention ID="CNN_IP_20030329.1600.00-6-R16-1" LEXICALCONDITION="PreMod">
    <extent>
      <charseq START="162" END="172">CNN analyst</charseq>
    </extent>
    <relation_mention_argument REFID="CNN_IP_20030329.1600.00-6-E19-158" ROLE="Arg-1">
      <extent>
        <charseq START="162" END="172">CNN analyst</charseq>
      </extent>
    </relation_mention_argument>
    <relation_mention_argument REFID="CNN_IP_20030329.1600.00-6-E70-160" ROLE="Arg-2">
      <extent>
        <charseq START="162" END="164">CNN</charseq>
      </extent>
    </relation_mention_argument>
  </relation_mention>
</relation>
<relation ID="CNN_IP_20030329.1600.00-6-R17" TYPE="ORG-AFF" SUBTYPE="Employment" TENSE="Unspecified" MODALITY="Asserted">
  <relation_argument REFID="CNN_IP_20030329.1600.00-6-E19" ROLE="Arg-1"/>
  <relation_argument REFID="CNN_IP_20030329.1600.00-6-E71" ROLE="Arg-2"/>
  <relation_mention ID="CNN_IP_20030329.1600.00-6-R17-1" LEXICALCONDITION="Verbal">
    <extent>
      <charseq START="156" END="274">Well, CNN analyst Ken Pollack
who is with the Center for Middle East Policy at the Brookings
Institution is with me now</charseq>
    </extent>
    <relation_mention_argument REFID="CNN_IP_20030329.1600.00-6-E19-159" ROLE="Arg-1">
      <extent>
        <charseq START="162" END="259">CNN analyst Ken Pollack
who is with the Center for Middle East Policy at the Brookings
Institution</charseq>
      </extent>
    </relation_mention_argument>
    <relation_mention_argument REFID="CNN_IP_20030329.1600.00-6-E71-164" ROLE="Arg-2">
      <extent>
        <charseq START="198" END="259">the Center for Middle East Policy at the Brookings
Institution</charseq>
      </extent>
    </relation_mention_argument>
  </relation_mention>
</relation>
<relation ID="CNN_IP_20030329.1600.00-6-R18" TYPE="PART-WHOLE" SUBTYPE="Subsidiary" TENSE="Unspecified" MODALITY="Asserted">
  <relation_argument REFID="CNN_IP_20030329.1600.00-6-E71" ROLE="Arg-1"/>
  <relation_argument REFID="CNN_IP_20030329.1600.00-6-E72" ROLE="Arg-2"/>
  <relation_mention ID="CNN_IP_20030329.1600.00-6-R18-1" LEXICALCONDITION="Preposition">
    <extent>
      <charseq START="198" END="259">the Center for Middle East Policy at the Brookings
Institution</charseq>
    </extent>
    <relation_mention_argument REFID="CNN_IP_20030329.1600.00-6-E71-164" ROLE="Arg-1">
      <extent>
        <charseq START="198" END="259">the Center for Middle East Policy at the Brookings
Institution</charseq>
      </extent>
    </relation_mention_argument>
    <relation_mention_argument REFID="CNN_IP_20030329.1600.00-6-E72-165" ROLE="Arg-2">
      <extent>
        <charseq START="235" END="259">the Brookings
Institution</charseq>
      </extent>
    </relation_mention_argument>
  </relation_mention>
</relation>
<relation ID="CNN_IP_20030329.1600.00-6-R19" TYPE="PART-WHOLE" SUBTYPE="Subsidiary" TENSE="Unspecified" MODALITY="Asserted">
  <relation_argument REFID="CNN_IP_20030329.1600.00-6-E75" ROLE="Arg-1"/>
  <relation_argument REFID="CNN_IP_20030329.1600.00-6-E22" ROLE="Arg-2"/>
  <relation_mention ID="CNN_IP_20030329.1600.00-6-R19-1" LEXICALCONDITION="PreMod">
    <extent>
      <charseq START="296" END="313">the Iraqi military</charseq>
    </extent>
    <relation_mention_argument REFID="CNN_IP_20030329.1600.00-6-E75-169" ROLE="Arg-1">
      <extent>
        <charseq START="296" END="313">the Iraqi military</charseq>
      </extent>
    </relation_mention_argument>
    <relation_mention_argument REFID="CNN_IP_20030329.1600.00-6-E22-170" ROLE="Arg-2">
      <extent>
        <charseq START="300" END="304">Iraqi</charseq>
      </extent>
    </relation_mention_argument>
  </relation_mention>
</relation>
<relation ID="CNN_IP_20030329.1600.00-6-R20" TYPE="ART" SUBTYPE="User-Owner-Inventor-Manufacturer" TENSE="Unspecified" MODALITY="Asserted">
  <relation_argument REFID="CNN_IP_20030329.1600.00-6-E75" ROLE="Arg-1"/>
  <relation_argument REFID="CNN_IP_20030329.1600.00-6-E63" ROLE="Arg-2"/>
  <relation_mention ID="CNN_IP_20030329.1600.00-6-R20-1" LEXICALCONDITION="Possessive">
    <extent>
      <charseq START="319" END="341">its
tactics and weapons</charseq>
    </extent>
    <relation_mention_argument REFID="CNN_IP_20030329.1600.00-6-E75-171" ROLE="Arg-1">
      <extent>
        <charseq START="319" END="321">its</charseq>
      </extent>
    </relation_mention_argument>
    <relation_mention_argument REFID="CNN_IP_20030329.1600.00-6-E63-139" ROLE="Arg-2">
      <extent>
        <charseq START="335" END="341">weapons</charseq>
      </extent>
    </relation_mention_argument>
  </relation_mention>
</relation>
<relation ID="CNN_IP_20030329.1600.00-6-R21" TYPE="ORG-AFF" SUBTYPE="Employment" TENSE="Unspecified" MODALITY="Asserted">
  <relation_argument REFID="CNN_IP_20030329.1600.00-6-E79" ROLE="Arg-1"/>
  <relation_argument REFID="CNN_IP_20030329.1600.00-6-E1" ROLE="Arg-2"/>
  <relation_mention ID="CNN_IP_20030329.1600.00-6-R21-1" LEXICALCONDITION="PreMod">
    <extent>
      <charseq START="390" END="407">the
British troops</charseq>
    </extent>
    <relation_mention_argument REFID="CNN_IP_20030329.1600.00-6-E79-174" ROLE="Arg-1">
      <extent>
        <charseq START="390" END="407">the
British troops</charseq>
      </extent>
    </relation_mention_argument>
    <relation_mention_argument REFID="CNN_IP_20030329.1600.00-6-E1-1" ROLE="Arg-2">
      <extent>
        <charseq START="394" END="400">British</charseq>
      </extent>
    </relation_mention_argument>
  </relation_mention>
  <relation_mention ID="CNN_IP_20030329.1600.00-6-R21-2" LEXICALCONDITION="PreMod">
    <extent>
      <charseq START="2518" END="2531">British forces</charseq>
    </extent>
    <relation_mention_argument REFID="CNN_IP_20030329.1600.00-6-E79-65" ROLE="Arg-1">
      <extent>
        <charseq START="2518" END="2531">British forces</charseq>
      </extent>
    </relation_mention_argument>
    <relation_mention_argument REFID="CNN_IP_20030329.1600.00-6-E1-66" ROLE="Arg-2">
      <extent>
        <charseq START="2518" END="2524">British</charseq>
      </extent>
    </relation_mention_argument>
  </relation_mention>
</relation>
<relation ID="CNN_IP_20030329.1600.00-6-R22" TYPE="ORG-AFF" SUBTYPE="Employment" TENSE="Unspecified" MODALITY="Asserted">
  <relation_argument REFID="CNN_IP_20030329.1600.00-6-E2" ROLE="Arg-1"/>
  <relation_argument REFID="CNN_IP_20030329.1600.00-6-E3" ROLE="Arg-2"/>
  <relation_mention ID="CNN_IP_20030329.1600.00-6-R22-1" LEXICALCONDITION="PreMod">
    <extent>
      <charseq START="574" END="593">the coalition forces</charseq>
    </extent>
    <relation_mention_argument REFID="CNN_IP_20030329.1600.00-6-E2-7" ROLE="Arg-1">
      <extent>
        <charseq START="574" END="593">the coalition forces</charseq>
      </extent>
    </relation_mention_argument>
    <relation_mention_argument REFID="CNN_IP_20030329.1600.00-6-E3-8" ROLE="Arg-2">
      <extent>
        <charseq START="578" END="586">coalition</charseq>
      </extent>
    </relation_mention_argument>
  </relation_mention>
  <relation_mention ID="CNN_IP_20030329.1600.00-6-R22-2" LEXICALCONDITION="PreMod">
    <extent>
      <charseq START="2614" END="2629">coalition forces</charseq>
    </extent>
    <relation_mention_argument REFID="CNN_IP_20030329.1600.00-6-E2-70" ROLE="Arg-1">
      <extent>
        <charseq START="2614" END="2629">coalition forces</charseq>
      </extent>
    </relation_mention_argument>
    <relation_mention_argument REFID="CNN_IP_20030329.1600.00-6-E3-71" ROLE="Arg-2">
      <extent>
        <charseq START="2614" END="2622">coalition</charseq>
      </extent>
    </relation_mention_argument>
  </relation_mention>
</relation>
<relation ID="CNN_IP_20030329.1600.00-6-R23" TYPE="ORG-AFF" SUBTYPE="Employment" TENSE="Unspecified" MODALITY="Asserted">
  <relation_argument REFID="CNN_IP_20030329.1600.00-6-E5" ROLE="Arg-1"/>
  <relation_argument REFID="CNN_IP_20030329.1600.00-6-E6" ROLE="Arg-2"/>
  <relation_mention ID="CNN_IP_20030329.1600.00-6-R23-1" LEXICALCONDITION="PreMod">
    <extent>
      <charseq START="756" END="778">U.S. and
British forces</charseq>
    </extent>
    <relation_mention_argument REFID="CNN_IP_20030329.1600.00-6-E5-11" ROLE="Arg-1">
      <extent>
        <charseq START="756" END="778">U.S. and
British forces</charseq>
      </extent>
    </relation_mention_argument>
    <relation_mention_argument REFID="CNN_IP_20030329.1600.00-6-E6-12" ROLE="Arg-2">
      <extent>
        <charseq START="756" END="758">U.S</charseq>
      </extent>
    </relation_mention_argument>
  </relation_mention>
  <relation_mention ID="CNN_IP_20030329.1600.00-6-R23-2" LEXICALCONDITION="PreMod">
    <extent>
      <charseq START="1459" END="1481">U.S. and British forces</charseq>
    </extent>
    <relation_mention_argument REFID="CNN_IP_20030329.1600.00-6-E5-34" ROLE="Arg-1">
      <extent>
        <charseq START="1459" END="1481">U.S. and British forces</charseq>
      </extent>
    </relation_mention_argument>
    <relation_mention_argument REFID="CNN_IP_20030329.1600.00-6-E6-35" ROLE="Arg-2">
      <extent>
        <charseq START="1459" END="1461">U.S</charseq>
      </extent>
    </relation_mention_argument>
  </relation_mention>
</relation>
<relation ID="CNN_IP_20030329.1600.00-6-R24" TYPE="PART-WHOLE" SUBTYPE="Subsidiary" TENSE="Unspecified" MODALITY="Asserted">
  <relation_argument REFID="CNN_IP_20030329.1600.00-6-E13" ROLE="Arg-1"/>
  <relation_argument REFID="CNN_IP_20030329.1600.00-6-E6" ROLE="Arg-2"/>
  <relation_mention ID="CNN_IP_20030329.1600.00-6-R24-1" LEXICALCONDITION="PreMod">
    <extent>
      <charseq START="1283" END="1302">U.S. Central Command</charseq>
    </extent>
    <relation_mention_argument REFID="CNN_IP_20030329.1600.00-6-E13-28" ROLE="Arg-1">
      <extent>
        <charseq START="1283" END="1302">U.S. Central Command</charseq>
      </extent>
    </relation_mention_argument>
    <relation_mention_argument REFID="CNN_IP_20030329.1600.00-6-E6-29" ROLE="Arg-2">
      <extent>
        <charseq START="1283" END="1285">U.S</charseq>
      </extent>
    </relation_mention_argument>
  </relation_mention>
</relation>
<relation ID="CNN_IP_20030329.1600.00-6-R25" TYPE="ORG-AFF" SUBTYPE="Employment" TENSE="Unspecified" MODALITY="Asserted">
  <relation_argument REFID="CNN_IP_20030329.1600.00-6-E24" ROLE="Arg-1"/>
  <relation_argument REFID="CNN_IP_20030329.1600.00-6-E22" ROLE="Arg-2"/>
  <relation_mention ID="CNN_IP_20030329.1600.00-6-R25-1" LEXICALCONDITION="PreMod">
    <extent>
      <charseq START="1879" END="1900">the Iraqi armed forces</charseq>
    </extent>
    <relation_mention_argument REFID="CNN_IP_20030329.1600.00-6-E24-48" ROLE="Arg-1">
      <extent>
        <charseq START="1879" END="1900">the Iraqi armed forces</charseq>
      </extent>
    </relation_mention_argument>
    <relation_mention_argument REFID="CNN_IP_20030329.1600.00-6-E22-49" ROLE="Arg-2">
      <extent>
        <charseq START="1883" END="1887">Iraqi</charseq>
      </extent>
    </relation_mention_argument>
  </relation_mention>
</relation>
<relation ID="CNN_IP_20030329.1600.00-6-R26" TYPE="PHYS" SUBTYPE="Located" TENSE="Unspecified" MODALITY="Asserted">
  <relation_argument REFID="CNN_IP_20030329.1600.00-6-E40" ROLE="Arg-1"/>
  <relation_argument REFID="CNN_IP_20030329.1600.00-6-E22" ROLE="Arg-2"/>
  <relation_mention ID="CNN_IP_20030329.1600.00-6-R26-1" LEXICALCONDITION="Other">
    <extent>
      <charseq START="2752" END="2767">his family there</charseq>
    </extent>
    <relation_mention_argument REFID="CNN_IP_20030329.1600.00-6-E40-79" ROLE="Arg-1">
      <extent>
        <charseq START="2752" END="2761">his family</charseq>
      </extent>
    </relation_mention_argument>
    <relation_mention_argument REFID="CNN_IP_20030329.1600.00-6-E22-80" ROLE="Arg-2">
      <extent>
        <charseq START="2763" END="2767">there</charseq>
      </extent>
    </relation_mention_argument>
  </relation_mention>
</relation>
<relation ID="CNN_IP_20030329.1600.00-6-R27" TYPE="PER-SOC" SUBTYPE="Business" TENSE="Unspecified" MODALITY="Asserted">
  <relation_argument REFID="CNN_IP_20030329.1600.00-6-E43" ROLE="Arg-1"/>
  <relation_argument REFID="CNN_IP_20030329.1600.00-6-E51" ROLE="Arg-2"/>
  <relation_mention ID="CNN_IP_20030329.1600.00-6-R27-1" LEXICALCONDITION="Possessive">
    <extent>
      <charseq START="3940" END="3960">his air defense chief</charseq>
    </extent>
    <relation_mention_argument REFID="CNN_IP_20030329.1600.00-6-E43-119" ROLE="Arg-1">
      <extent>
        <charseq START="3940" END="3942">his</charseq>
      </extent>
    </relation_mention_argument>
    <relation_mention_argument REFID="CNN_IP_20030329.1600.00-6-E51-120" ROLE="Arg-2">
      <extent>
        <charseq START="3940" END="3960">his air defense chief</charseq>
      </extent>
    </relation_mention_argument>
  </relation_mention>
</relation>
<relation ID="CNN_IP_20030329.1600.00-6-R28" TYPE="ORG-AFF" SUBTYPE="Employment" TENSE="Unspecified" MODALITY="Asserted">
  <relation_argument REFID="CNN_IP_20030329.1600.00-6-E51" ROLE="Arg-1"/>
  <relation_argument REFID="CNN_IP_20030329.1600.00-6-E52" ROLE="Arg-2"/>
  <relation_mention ID="CNN_IP_20030329.1600.00-6-R28-1" LEXICALCONDITION="PreMod">
    <extent>
      <charseq START="3940" END="3960">his air defense chief</charseq>
    </extent>
    <relation_mention_argument REFID="CNN_IP_20030329.1600.00-6-E51-120" ROLE="Arg-1">
      <extent>
        <charseq START="3940" END="3960">his air defense chief</charseq>
      </extent>
    </relation_mention_argument>
    <relation_mention_argument REFID="CNN_IP_20030329.1600.00-6-E52-121" ROLE="Arg-2">
      <extent>
        <charseq START="3944" END="3954">air defense</charseq>
      </extent>
    </relation_mention_argument>
  </relation_mention>
</relation>
<relation ID="CNN_IP_20030329.1600.00-6-R29" TYPE="ART" SUBTYPE="User-Owner-Inventor-Manufacturer" TENSE="Unspecified" MODALITY="Asserted">
  <relation_argument REFID="CNN_IP_20030329.1600.00-6-E22" ROLE="Arg-1"/>
  <relation_argument REFID="CNN_IP_20030329.1600.00-6-E54" ROLE="Arg-2"/>
  <relation_mention ID="CNN_IP_20030329.1600.00-6-R29-1" LEXICALCONDITION="PreMod">
    <extent>
      <charseq START="4259" END="4287">Iraqi surface to air missiles</charseq>
    </extent>
    <relation_mention_argument REFID="CNN_IP_20030329.1600.00-6-E22-127" ROLE="Arg-1">
      <extent>
        <charseq START="4259" END="4263">Iraqi</charseq>
      </extent>
    </relation_mention_argument>
    <relation_mention_argument REFID="CNN_IP_20030329.1600.00-6-E54-126" ROLE="Arg-2">
      <extent>
        <charseq START="4259" END="4287">Iraqi surface to air missiles</charseq>
      </extent>
    </relation_mention_argument>
  </relation_mention>
</relation>
<relation ID="CNN_IP_20030329.1600.00-6-R30" TYPE="ART" SUBTYPE="User-Owner-Inventor-Manufacturer" TENSE="Unspecified" MODALITY="Asserted">
  <relation_argument REFID="CNN_IP_20030329.1600.00-6-E6" ROLE="Arg-1"/>
  <relation_argument REFID="CNN_IP_20030329.1600.00-6-E58" ROLE="Arg-2"/>
  <relation_mention ID="CNN_IP_20030329.1600.00-6-R30-1" LEXICALCONDITION="PreMod">
    <extent>
      <charseq START="4492" END="4502">a U.S. bomb</charseq>
    </extent>
    <relation_mention_argument REFID="CNN_IP_20030329.1600.00-6-E6-134" ROLE="Arg-1">
      <extent>
        <charseq START="4494" END="4496">U.S</charseq>
      </extent>
    </relation_mention_argument>
    <relation_mention_argument REFID="CNN_IP_20030329.1600.00-6-E58-133" ROLE="Arg-2">
      <extent>
        <charseq START="4492" END="4502">a U.S. bomb</charseq>
      </extent>
    </relation_mention_argument>
  </relation_mention>
</relation>
<relation ID="CNN_IP_20030329.1600.00-6-R31" TYPE="ART" SUBTYPE="User-Owner-Inventor-Manufacturer" TENSE="Unspecified" MODALITY="Asserted">
  <relation_argument REFID="CNN_IP_20030329.1600.00-6-E6" ROLE="Arg-1"/>
  <relation_argument REFID="CNN_IP_20030329.1600.00-6-E60" ROLE="Arg-2"/>
  <relation_mention ID="CNN_IP_20030329.1600.00-6-R31-1" LEXICALCONDITION="PreMod">
    <extent>
      <charseq START="4507" END="4527">a
U.S. cruise missile</charseq>
    </extent>
    <relation_mention_argument REFID="CNN_IP_20030329.1600.00-6-E6-136" ROLE="Arg-1">
      <extent>
        <charseq START="4509" END="4511">U.S</charseq>
      </extent>
    </relation_mention_argument>
    <relation_mention_argument REFID="CNN_IP_20030329.1600.00-6-E60-135" ROLE="Arg-2">
      <extent>
        <charseq START="4507" END="4527">a
U.S. cruise missile</charseq>
      </extent>
    </relation_mention_argument>
  </relation_mention>
</relation>
<event ID="CNN_IP_20030329.1600.00-6-EV1" TYPE="Conflict" SUBTYPE="Attack" MODALITY="Other" POLARITY="Positive" GENERICITY="Generic" TENSE="Past">
  <event_mention ID="CNN_IP_20030329.1600.00-6-EV1-1">
    <extent>
      <charseq START="3195" END="3200">attack</charseq>
    </extent>
    <ldc_scope>
      <charseq START="3022" END="3239">Well, this is something that we've been trying to get a grip
on for years, exactly what the Iraqi people feel and also that I think
the best evidence that we had before the attack began was that Iraqis do,
they despise</charseq>
    </ldc_scope>
    <anchor>
      <charseq START="3195" END="3200">attack</charseq>
    </anchor>
  </event_mention>
</event>
<event ID="CNN_IP_20030329.1600.00-6-EV2" TYPE="Personnel" SUBTYPE="End-Position" MODALITY="Other" POLARITY="Positive" GENERICITY="Generic" TENSE="Present">
  <event_argument REFID="CNN_IP_20030329.1600.00-6-E43" ROLE="Person"/>
  <event_argument REFID="CNN_IP_20030329.1600.00-6-E22" ROLE="Place"/>
  <event_argument REFID="CNN_IP_20030329.1600.00-6-E22" ROLE="Entity"/>
  <event_mention ID="CNN_IP_20030329.1600.00-6-EV2-1">
    <extent>
      <charseq START="3242" END="3357">They are desperate to be rid of him but by the same token,
they don't like another country coming into their country</charseq>
    </extent>
    <ldc_scope>
      <charseq START="3242" END="3504">They are desperate to be rid of him but by the same token,
they don't like another country coming into their country to overturn the
government and beyond that, I think it's probably most important for most
Iraqis is they're deeply suspicious of the United States</charseq>
    </ldc_scope>
    <anchor>
      <charseq START="3267" END="3269">rid</charseq>
    </anchor>
    <event_mention_argument REFID="CNN_IP_20030329.1600.00-6-E43-98" ROLE="Person">
      <extent>
        <charseq START="3274" END="3276">him</charseq>
      </extent>
    </event_mention_argument>
    <event_mention_argument REFID="CNN_IP_20030329.1600.00-6-E22-100" ROLE="Place">
      <extent>
        <charseq START="3345" END="3357">their country</charseq>
      </extent>
    </event_mention_argument>
    <event_mention_argument REFID="CNN_IP_20030329.1600.00-6-E22-153" ROLE="Entity">
      <extent>
        <charseq START="3242" END="3245">They</charseq>
      </extent>
    </event_mention_argument>
  </event_mention>
</event>
<event ID="CNN_IP_20030329.1600.00-6-EV3" TYPE="Conflict" SUBTYPE="Attack" MODALITY="Asserted" POLARITY="Positive" GENERICITY="Generic" TENSE="Past">
  <event_argument REFID="CNN_IP_20030329.1600.00-6-E79" ROLE="Attacker"/>
  <event_argument REFID="CNN_IP_20030329.1600.00-6-E2" ROLE="Attacker"/>
  <event_mention ID="CNN_IP_20030329.1600.00-6-EV3-1">
    <extent>
      <charseq START="362" END="407">resistance that we just saw the
British troops</charseq>
    </extent>
    <ldc_scope>
      <charseq START="344" END="458">Ken Pollack, that resistance that we just saw the
British troops dealing with, you and I were talking earlier today</charseq>
    </ldc_scope>
    <anchor>
      <charseq START="362" END="371">resistance</charseq>
    </anchor>
    <event_mention_argument REFID="CNN_IP_20030329.1600.00-6-E79-174" ROLE="Attacker">
      <extent>
        <charseq START="390" END="407">the
British troops</charseq>
      </extent>
    </event_mention_argument>
  </event_mention>
  <event_mention ID="CNN_IP_20030329.1600.00-6-EV3-2">
    <extent>
      <charseq START="522" END="593">resistance but
you're telling me your sense is that the coalition forces</charseq>
    </extent>
    <ldc_scope>
      <charseq START="461" END="625">The
story the last few days has been the surprising level of resistance but
you're telling me your sense is that the coalition forces are beginning
to adjust to that</charseq>
    </ldc_scope>
    <anchor>
      <charseq START="522" END="531">resistance</charseq>
    </anchor>
    <event_mention_argument REFID="CNN_IP_20030329.1600.00-6-E2-7" ROLE="Attacker">
      <extent>
        <charseq START="574" END="593">the coalition forces</charseq>
      </extent>
    </event_mention_argument>
  </event_mention>
</event>
<event ID="CNN_IP_20030329.1600.00-6-EV4" TYPE="Conflict" SUBTYPE="Attack" MODALITY="Other" POLARITY="Positive" GENERICITY="Generic" TENSE="Unspecified">
  <event_argument REFID="CNN_IP_20030329.1600.00-6-E31" ROLE="Attacker"/>
  <event_argument REFID="CNN_IP_20030329.1600.00-6-E25" ROLE="Target"/>
  <event_mention ID="CNN_IP_20030329.1600.00-6-EV4-1">
    <extent>
      <charseq START="2315" END="2386">irregular forces blending
in with civilians trying to attack U.S. forces</charseq>
    </extent>
    <ldc_scope>
      <charseq START="2232" END="2471">Chances are the Iraqis are going to
continue to stick with what we've seen before, irregular forces blending
in with civilians trying to attack U.S. forces, some more of these
suicide attacks which are going to be problematic for our troops</charseq>
    </ldc_scope>
    <anchor>
      <charseq START="2369" END="2374">attack</charseq>
    </anchor>
    <event_mention_argument REFID="CNN_IP_20030329.1600.00-6-E31-57" ROLE="Attacker">
      <extent>
        <charseq START="2315" END="2330">irregular forces</charseq>
      </extent>
    </event_mention_argument>
    <event_mention_argument REFID="CNN_IP_20030329.1600.00-6-E25-59" ROLE="Target">
      <extent>
        <charseq START="2376" END="2386">U.S. forces</charseq>
      </extent>
    </event_mention_argument>
  </event_mention>
</event>
<event ID="CNN_IP_20030329.1600.00-6-EV5" TYPE="Conflict" SUBTYPE="Attack" MODALITY="Other" POLARITY="Positive" GENERICITY="Generic" TENSE="Unspecified">
  <event_argument REFID="CNN_IP_20030329.1600.00-6-E25" ROLE="Target"/>
  <event_mention ID="CNN_IP_20030329.1600.00-6-EV5-1">
    <extent>
      <charseq START="2416" END="2471">attacks which are going to be problematic for our troops</charseq>
    </extent>
    <ldc_scope>
      <charseq START="2232" END="2471">Chances are the Iraqis are going to
continue to stick with what we've seen before, irregular forces blending
in with civilians trying to attack U.S. forces, some more of these
suicide attacks which are going to be problematic for our troops</charseq>
    </ldc_scope>
    <anchor>
      <charseq START="2416" END="2422">attacks</charseq>
    </anchor>
    <event_mention_argument REFID="CNN_IP_20030329.1600.00-6-E25-61" ROLE="Target">
      <extent>
        <charseq START="2462" END="2471">our troops</charseq>
      </extent>
    </event_mention_argument>
  </event_mention>
</event>
<event ID="CNN_IP_20030329.1600.00-6-EV6" TYPE="Personnel" SUBTYPE="End-Position" MODALITY="Other" POLARITY="Positive" GENERICITY="Specific" TENSE="Past">
  <event_argument REFID="CNN_IP_20030329.1600.00-6-E51" ROLE="Person"/>
  <event_mention ID="CNN_IP_20030329.1600.00-6-EV6-1">
    <extent>
      <charseq START="3934" END="3960">fired his air defense chief</charseq>
    </extent>
    <ldc_scope>
      <charseq START="3805" END="3960">One last thing, Ken Pollack I want
to ask about this British officials saying that they have information
that Saddam Hussein has fired his air defense chief</charseq>
    </ldc_scope>
    <anchor>
      <charseq START="3934" END="3938">fired</charseq>
    </anchor>
    <event_mention_argument REFID="CNN_IP_20030329.1600.00-6-E51-120" ROLE="Person">
      <extent>
        <charseq START="3940" END="3960">his air defense chief</charseq>
      </extent>
    </event_mention_argument>
  </event_mention>
</event>
<event ID="CNN_IP_20030329.1600.00-6-EV7" TYPE="Life" SUBTYPE="Die" MODALITY="Asserted" POLARITY="Positive" GENERICITY="Specific" TENSE="Past">
  <event_argument REFID="CNN_IP_20030329.1600.00-6-E54" ROLE="Instrument"/>
  <event_argument REFID="CNN_IP_20030329.1600.00-6-E53" ROLE="Victim"/>
  <event_argument REFID="CNN_IP_20030329.1600.00-6-E22" ROLE="Agent"/>
  <event_argument REFID="CNN_IP_20030329.1600.00-6-E56" ROLE="Place"/>
  <event_argument REFID="CNN_IP_20030329.1600.00-6-T8" ROLE="Time-Within"/>
  <event_mention ID="CNN_IP_20030329.1600.00-6-EV7-1">
    <extent>
      <charseq START="4130" END="4331">the Iraqis admitting that
many of the civilian casualties that we've seen over the last few days
may in fact have been caused by Iraqi surface to air missiles falling
back to ground in residential areas</charseq>
    </extent>
    <ldc_scope>
      <charseq START="4008" END="4331">Well, if it's true and obviously we don't know just yet but if it's true,
it is very significant because it's effectively the Iraqis admitting that
many of the civilian casualties that we've seen over the last few days
may in fact have been caused by Iraqi surface to air missiles falling
back to ground in residential areas</charseq>
    </ldc_scope>
    <anchor>
      <charseq START="4177" END="4186">casualties</charseq>
    </anchor>
    <event_mention_argument REFID="CNN_IP_20030329.1600.00-6-E54-126" ROLE="Instrument">
      <extent>
        <charseq START="4259" END="4287">Iraqi surface to air missiles</charseq>
      </extent>
    </event_mention_argument>
    <event_mention_argument REFID="CNN_IP_20030329.1600.00-6-E53-124" ROLE="Victim">
      <extent>
        <charseq START="4168" END="4175">civilian</charseq>
      </extent>
    </event_mention_argument>
    <event_mention_argument REFID="CNN_IP_20030329.1600.00-6-E22-123" ROLE="Agent">
      <extent>
        <charseq START="4130" END="4139">the Iraqis</charseq>
      </extent>
    </event_mention_argument>
    <event_mention_argument REFID="CNN_IP_20030329.1600.00-6-E56-128" ROLE="Place">
      <extent>
        <charseq START="4315" END="4331">residential areas</charseq>
      </extent>
    </event_mention_argument>
    <event_mention_argument REFID="CNN_IP_20030329.1600.00-6-T8-1" ROLE="Time-Within">
      <extent>
        <charseq START="4209" END="4225">the last few days</charseq>
      </extent>
    </event_mention_argument>
  </event_mention>
</event>
<event ID="CNN_IP_20030329.1600.00-6-EV8" TYPE="Conflict" SUBTYPE="Attack" MODALITY="Other" POLARITY="Positive" GENERICITY="Specific" TENSE="Unspecified">
  <event_argument REFID="CNN_IP_20030329.1600.00-6-E6" ROLE="Attacker"/>
  <event_argument REFID="CNN_IP_20030329.1600.00-6-E57" ROLE="Place"/>
  <event_argument REFID="CNN_IP_20030329.1600.00-6-E57" ROLE="Target"/>
  <event_argument REFID="CNN_IP_20030329.1600.00-6-E58" ROLE="Instrument"/>
  <event_argument REFID="CNN_IP_20030329.1600.00-6-E60" ROLE="Instrument"/>
  <event_mention ID="CNN_IP_20030329.1600.00-6-EV8-1">
    <extent>
      <charseq START="4492" END="4568">a U.S. bomb or a
U.S. cruise missile, that market would have been obliterated</charseq>
    </extent>
    <ldc_scope>
      <charseq START="4371" END="4568">Exactly, in that market and I think it was pretty apparent when you
looked at the video of that market, if that had been a U.S. bomb or a
U.S. cruise missile, that market would have been obliterated</charseq>
    </ldc_scope>
    <anchor>
      <charseq START="4558" END="4568">obliterated</charseq>
    </anchor>
    <event_mention_argument REFID="CNN_IP_20030329.1600.00-6-E6-136" ROLE="Attacker">
      <extent>
        <charseq START="4509" END="4511">U.S</charseq>
      </extent>
    </event_mention_argument>
    <event_mention_argument REFID="CNN_IP_20030329.1600.00-6-E57-137" ROLE="Place">
      <extent>
        <charseq START="4530" END="4540">that market</charseq>
      </extent>
    </event_mention_argument>
    <event_mention_argument REFID="CNN_IP_20030329.1600.00-6-E57-137" ROLE="Target">
      <extent>
        <charseq START="4530" END="4540">that market</charseq>
      </extent>
    </event_mention_argument>
    <event_mention_argument REFID="CNN_IP_20030329.1600.00-6-E58-133" ROLE="Instrument">
      <extent>
        <charseq START="4492" END="4502">a U.S. bomb</charseq>
      </extent>
    </event_mention_argument>
    <event_mention_argument REFID="CNN_IP_20030329.1600.00-6-E60-135" ROLE="Instrument">
      <extent>
        <charseq START="4507" END="4527">a
U.S. cruise missile</charseq>
      </extent>
    </event_mention_argument>
  </event_mention>
</event>
</document>
</source_file>
