<?xml version="1.0"?>
<!DOCTYPE source_file SYSTEM "apf.v5.1.1.dtd">
<source_file URI="CNN_IP_20030405.1600.01-2.sgm" SOURCE="broadcast conversation" TYPE="text" AUTHOR="LDC" ENCODING="UTF-8">
<document DOCID="CNN_IP_20030405.1600.01-2">
<entity ID="CNN_IP_20030405.1600.01-2-E1" TYPE="PER" SUBTYPE="Indeterminate" CLASS="USP">
  <entity_mention ID="CNN_IP_20030405.1600.01-2-E1-4" TYPE="PRO" LDCTYPE="PRO">
    <extent>
      <charseq START="714" END="716">You</charseq>
    </extent>
    <head>
      <charseq START="714" END="716">You</charseq>
    </head>
  </entity_mention>
  <entity_mention ID="CNN_IP_20030405.1600.01-2-E1-7" TYPE="PRO" LDCTYPE="PRO">
    <extent>
      <charseq START="1031" END="1033">you</charseq>
    </extent>
    <head>
      <charseq START="1031" END="1033">you</charseq>
    </head>
  </entity_mention>
  <entity_mention ID="CNN_IP_20030405.1600.01-2-E1-15" TYPE="PRO" LDCTYPE="PRO">
    <extent>
      <charseq START="1394" END="1396">you</charseq>
    </extent>
    <head>
      <charseq START="1394" END="1396">you</charseq>
    </head>
  </entity_mention>
  <entity_mention ID="CNN_IP_20030405.1600.01-2-E1-17" TYPE="PRO" LDCTYPE="PRO">
    <extent>
      <charseq START="1441" END="1443">you</charseq>
    </extent>
    <head>
      <charseq START="1441" END="1443">you</charseq>
    </head>
  </entity_mention>
  <entity_mention ID="CNN_IP_20030405.1600.01-2-E1-29" TYPE="PRO" LDCTYPE="PRO">
    <extent>
      <charseq START="1819" END="1821">you</charseq>
    </extent>
    <head>
      <charseq START="1819" END="1821">you</charseq>
    </head>
  </entity_mention>
  <entity_mention ID="CNN_IP_20030405.1600.01-2-E1-30" TYPE="PRO" LDCTYPE="PRO">
    <extent>
      <charseq START="1933" END="1935">you</charseq>
    </extent>
    <head>
      <charseq START="1933" END="1935">you</charseq>
    </head>
  </entity_mention>
  <entity_mention ID="CNN_IP_20030405.1600.01-2-E1-32" TYPE="PRO" LDCTYPE="PRO">
    <extent>
      <charseq START="1951" END="1953">you</charseq>
    </extent>
    <head>
      <charseq START="1951" END="1953">you</charseq>
    </head>
  </entity_mention>
  <entity_mention ID="CNN_IP_20030405.1600.01-2-E1-35" TYPE="PRO" LDCTYPE="PRO">
    <extent>
      <charseq START="2721" END="2723">you</charseq>
    </extent>
    <head>
      <charseq START="2721" END="2723">you</charseq>
    </head>
  </entity_mention>
  <entity_mention ID="CNN_IP_20030405.1600.01-2-E1-36" TYPE="PRO" LDCTYPE="PRO">
    <extent>
      <charseq START="2855" END="2857">You</charseq>
    </extent>
    <head>
      <charseq START="2855" END="2857">You</charseq>
    </head>
  </entity_mention>
  <entity_mention ID="CNN_IP_20030405.1600.01-2-E1-46" TYPE="PRO" LDCTYPE="PRO">
    <extent>
      <charseq START="3442" END="3444">you</charseq>
    </extent>
    <head>
      <charseq START="3442" END="3444">you</charseq>
    </head>
  </entity_mention>
  <entity_mention ID="CNN_IP_20030405.1600.01-2-E1-49" TYPE="PRO" LDCTYPE="PRO">
    <extent>
      <charseq START="3742" END="3744">you</charseq>
    </extent>
    <head>
      <charseq START="3742" END="3744">you</charseq>
    </head>
  </entity_mention>
  <entity_mention ID="CNN_IP_20030405.1600.01-2-E1-54" TYPE="PRO" LDCTYPE="PRO">
    <extent>
      <charseq START="3912" END="3914">You</charseq>
    </extent>
    <head>
      <charseq START="3912" END="3914">You</charseq>
    </head>
  </entity_mention>
  <entity_mention ID="CNN_IP_20030405.1600.01-2-E1-56" TYPE="PRO" LDCTYPE="PRO">
    <extent>
      <charseq START="4096" END="4099">Your</charseq>
    </extent>
    <head>
      <charseq START="4096" END="4099">Your</charseq>
    </head>
  </entity_mention>
  <entity_mention ID="CNN_IP_20030405.1600.01-2-E1-57" TYPE="PRO" LDCTYPE="PRO">
    <extent>
      <charseq START="4134" END="4136">you</charseq>
    </extent>
    <head>
      <charseq START="4134" END="4136">you</charseq>
    </head>
  </entity_mention>
  <entity_mention ID="CNN_IP_20030405.1600.01-2-E1-58" TYPE="PRO" LDCTYPE="PRO">
    <extent>
      <charseq START="4164" END="4166">you</charseq>
    </extent>
    <head>
      <charseq START="4164" END="4166">you</charseq>
    </head>
  </entity_mention>
  <entity_mention ID="CNN_IP_20030405.1600.01-2-E1-66" TYPE="PRO" LDCTYPE="PRO">
    <extent>
      <charseq START="4376" END="4378">you</charseq>
    </extent>
    <head>
      <charseq START="4376" END="4378">you</charseq>
    </head>
  </entity_mention>
  <entity_mention ID="CNN_IP_20030405.1600.01-2-E1-71" TYPE="PRO" LDCTYPE="PRO">
    <extent>
      <charseq START="4573" END="4575">you</charseq>
    </extent>
    <head>
      <charseq START="4573" END="4575">you</charseq>
    </head>
  </entity_mention>
  <entity_mention ID="CNN_IP_20030405.1600.01-2-E1-72" TYPE="PRO" LDCTYPE="PRO">
    <extent>
      <charseq START="4583" END="4585">you</charseq>
    </extent>
    <head>
      <charseq START="4583" END="4585">you</charseq>
    </head>
  </entity_mention>
  <entity_mention ID="CNN_IP_20030405.1600.01-2-E1-82" TYPE="PRO" LDCTYPE="PRO">
    <extent>
      <charseq START="4947" END="4949">you</charseq>
    </extent>
    <head>
      <charseq START="4947" END="4949">you</charseq>
    </head>
  </entity_mention>
  <entity_mention ID="CNN_IP_20030405.1600.01-2-E1-83" TYPE="PRO" LDCTYPE="PRO">
    <extent>
      <charseq START="4957" END="4959">you</charseq>
    </extent>
    <head>
      <charseq START="4957" END="4959">you</charseq>
    </head>
  </entity_mention>
  <entity_mention ID="CNN_IP_20030405.1600.01-2-E1-85" TYPE="PRO" LDCTYPE="PRO">
    <extent>
      <charseq START="5018" END="5020">you</charseq>
    </extent>
    <head>
      <charseq START="5018" END="5020">you</charseq>
    </head>
  </entity_mention>
  <entity_mention ID="CNN_IP_20030405.1600.01-2-E1-86" TYPE="PRO" LDCTYPE="PRO">
    <extent>
      <charseq START="5036" END="5039">your</charseq>
    </extent>
    <head>
      <charseq START="5036" END="5039">your</charseq>
    </head>
  </entity_mention>
  <entity_mention ID="CNN_IP_20030405.1600.01-2-E1-87" TYPE="PRO" LDCTYPE="PRO">
    <extent>
      <charseq START="5057" END="5060">your</charseq>
    </extent>
    <head>
      <charseq START="5057" END="5060">your</charseq>
    </head>
  </entity_mention>
  <entity_mention ID="CNN_IP_20030405.1600.01-2-E1-91" TYPE="PRO" LDCTYPE="PRO">
    <extent>
      <charseq START="5223" END="5225">You</charseq>
    </extent>
    <head>
      <charseq START="5223" END="5225">You</charseq>
    </head>
  </entity_mention>
  <entity_mention ID="CNN_IP_20030405.1600.01-2-E1-95" TYPE="PRO" LDCTYPE="PRO">
    <extent>
      <charseq START="5417" END="5419">You</charseq>
    </extent>
    <head>
      <charseq START="5417" END="5419">You</charseq>
    </head>
  </entity_mention>
  <entity_mention ID="CNN_IP_20030405.1600.01-2-E1-97" TYPE="PRO" LDCTYPE="PRO">
    <extent>
      <charseq START="5488" END="5490">you</charseq>
    </extent>
    <head>
      <charseq START="5488" END="5490">you</charseq>
    </head>
  </entity_mention>
  <entity_mention ID="CNN_IP_20030405.1600.01-2-E1-100" TYPE="PRO" LDCTYPE="PRO">
    <extent>
      <charseq START="5550" END="5552">you</charseq>
    </extent>
    <head>
      <charseq START="5550" END="5552">you</charseq>
    </head>
  </entity_mention>
  <entity_mention ID="CNN_IP_20030405.1600.01-2-E1-103" TYPE="PRO" LDCTYPE="PRO">
    <extent>
      <charseq START="5698" END="5700">you</charseq>
    </extent>
    <head>
      <charseq START="5698" END="5700">you</charseq>
    </head>
  </entity_mention>
  <entity_mention ID="CNN_IP_20030405.1600.01-2-E1-114" TYPE="PRO" LDCTYPE="PRO">
    <extent>
      <charseq START="6353" END="6355">you</charseq>
    </extent>
    <head>
      <charseq START="6353" END="6355">you</charseq>
    </head>
  </entity_mention>
  <entity_mention ID="CNN_IP_20030405.1600.01-2-E1-127" TYPE="PRO" LDCTYPE="PRO">
    <extent>
      <charseq START="1712" END="1714">you</charseq>
    </extent>
    <head>
      <charseq START="1712" END="1714">you</charseq>
    </head>
  </entity_mention>
  <entity_mention ID="CNN_IP_20030405.1600.01-2-E1-178" TYPE="PRO" LDCTYPE="PRO">
    <extent>
      <charseq START="597" END="599">You</charseq>
    </extent>
    <head>
      <charseq START="597" END="599">You</charseq>
    </head>
  </entity_mention>
</entity>
<entity ID="CNN_IP_20030405.1600.01-2-E2" TYPE="PER" SUBTYPE="Group" CLASS="USP">
  <entity_mention ID="CNN_IP_20030405.1600.01-2-E2-3" TYPE="NOM" LDCTYPE="NOM">
    <extent>
      <charseq START="653" END="667">a lot of people</charseq>
    </extent>
    <head>
      <charseq START="662" END="667">people</charseq>
    </head>
  </entity_mention>
</entity>
<entity ID="CNN_IP_20030405.1600.01-2-E3" TYPE="WEA" SUBTYPE="Underspecified" CLASS="GEN">
  <entity_mention ID="CNN_IP_20030405.1600.01-2-E3-16" TYPE="NOM" LDCTYPE="NOM">
    <extent>
      <charseq START="1412" END="1422">the weapons</charseq>
    </extent>
    <head>
      <charseq START="1416" END="1422">weapons</charseq>
    </head>
  </entity_mention>
</entity>
<entity ID="CNN_IP_20030405.1600.01-2-E4" TYPE="PER" SUBTYPE="Individual" CLASS="SPC">
  <entity_mention ID="CNN_IP_20030405.1600.01-2-E4-18" TYPE="NOM" LDCTYPE="NOM">
    <extent>
      <charseq START="1454" END="1476">this soldier right here</charseq>
    </extent>
    <head>
      <charseq START="1459" END="1465">soldier</charseq>
    </head>
  </entity_mention>
  <entity_mention ID="CNN_IP_20030405.1600.01-2-E4-19" TYPE="PRO" LDCTYPE="PRO">
    <extent>
      <charseq START="1479" END="1480">he</charseq>
    </extent>
    <head>
      <charseq START="1479" END="1480">he</charseq>
    </head>
  </entity_mention>
  <entity_mention ID="CNN_IP_20030405.1600.01-2-E4-20" TYPE="PRO" LDCTYPE="PRO">
    <extent>
      <charseq START="1493" END="1495">his</charseq>
    </extent>
    <head>
      <charseq START="1493" END="1495">his</charseq>
    </head>
  </entity_mention>
  <entity_mention ID="CNN_IP_20030405.1600.01-2-E4-22" TYPE="PRO" LDCTYPE="PRO">
    <extent>
      <charseq START="1543" END="1544">he</charseq>
    </extent>
    <head>
      <charseq START="1543" END="1544">he</charseq>
    </head>
  </entity_mention>
  <entity_mention ID="CNN_IP_20030405.1600.01-2-E4-23" TYPE="PRO" LDCTYPE="PRO">
    <extent>
      <charseq START="1569" END="1571">his</charseq>
    </extent>
    <head>
      <charseq START="1569" END="1571">his</charseq>
    </head>
  </entity_mention>
  <entity_mention ID="CNN_IP_20030405.1600.01-2-E4-25" TYPE="PRO" LDCTYPE="PRO">
    <extent>
      <charseq START="1592" END="1594">his</charseq>
    </extent>
    <head>
      <charseq START="1592" END="1594">his</charseq>
    </head>
  </entity_mention>
  <entity_mention ID="CNN_IP_20030405.1600.01-2-E4-26" TYPE="PRO" LDCTYPE="PRO">
    <extent>
      <charseq START="1621" END="1622">he</charseq>
    </extent>
    <head>
      <charseq START="1621" END="1622">he</charseq>
    </head>
  </entity_mention>
  <entity_mention ID="CNN_IP_20030405.1600.01-2-E4-138" TYPE="PRO" LDCTYPE="PRO">
    <extent>
      <charseq START="2503" END="2505">his</charseq>
    </extent>
    <head>
      <charseq START="2503" END="2505">his</charseq>
    </head>
  </entity_mention>
  <entity_mention ID="CNN_IP_20030405.1600.01-2-E4-139" TYPE="PRO" LDCTYPE="PRO">
    <extent>
      <charseq START="2515" END="2517">his</charseq>
    </extent>
    <head>
      <charseq START="2515" END="2517">his</charseq>
    </head>
  </entity_mention>
  <entity_mention ID="CNN_IP_20030405.1600.01-2-E4-140" TYPE="PRO" LDCTYPE="PRO">
    <extent>
      <charseq START="2542" END="2544">him</charseq>
    </extent>
    <head>
      <charseq START="2542" END="2544">him</charseq>
    </head>
  </entity_mention>
  <entity_mention ID="CNN_IP_20030405.1600.01-2-E4-141" TYPE="PRO" LDCTYPE="PRO">
    <extent>
      <charseq START="2691" END="2692">he</charseq>
    </extent>
    <head>
      <charseq START="2691" END="2692">he</charseq>
    </head>
  </entity_mention>
</entity>
<entity ID="CNN_IP_20030405.1600.01-2-E5" TYPE="WEA" SUBTYPE="Exploding" CLASS="GEN">
  <entity_mention ID="CNN_IP_20030405.1600.01-2-E5-12" TYPE="NOM" LDCTYPE="BAR">
    <extent>
      <charseq START="2329" END="2336">grenades</charseq>
    </extent>
    <head>
      <charseq START="2329" END="2336">grenades</charseq>
    </head>
  </entity_mention>
</entity>
<entity ID="CNN_IP_20030405.1600.01-2-E6" TYPE="WEA" SUBTYPE="Shooting" CLASS="SPC">
  <entity_mention ID="CNN_IP_20030405.1600.01-2-E6-21" TYPE="NOM" LDCTYPE="NOM">
    <extent>
      <charseq START="1493" END="1503">his sidearm</charseq>
    </extent>
    <head>
      <charseq START="1497" END="1503">sidearm</charseq>
    </head>
  </entity_mention>
  <entity_mention ID="CNN_IP_20030405.1600.01-2-E6-152" TYPE="NOM" LDCTYPE="NOM">
    <extent>
      <charseq START="2515" END="2525">his sidearm</charseq>
    </extent>
    <head>
      <charseq START="2519" END="2525">sidearm</charseq>
    </head>
  </entity_mention>
</entity>
<entity ID="CNN_IP_20030405.1600.01-2-E7" TYPE="PER" SUBTYPE="Individual" CLASS="SPC">
  <entity_mention ID="CNN_IP_20030405.1600.01-2-E7-24" TYPE="NOM" LDCTYPE="NOM">
    <extent>
      <charseq START="1592" END="1602">his partner</charseq>
    </extent>
    <head>
      <charseq START="1596" END="1602">partner</charseq>
    </head>
  </entity_mention>
</entity>
<entity ID="CNN_IP_20030405.1600.01-2-E8" TYPE="FAC" SUBTYPE="Subarea-Facility" CLASS="SPC">
  <entity_mention ID="CNN_IP_20030405.1600.01-2-E8-27" TYPE="NOM" LDCTYPE="NOM">
    <extent>
      <charseq START="1662" END="1670">that room</charseq>
    </extent>
    <head>
      <charseq START="1667" END="1670">room</charseq>
    </head>
  </entity_mention>
</entity>
<entity ID="CNN_IP_20030405.1600.01-2-E9" TYPE="PER" SUBTYPE="Individual" CLASS="SPC">
  <entity_mention ID="CNN_IP_20030405.1600.01-2-E9-31" TYPE="NOM" LDCTYPE="NOM">
    <extent>
      <charseq START="2016" END="2031">this person here</charseq>
    </extent>
    <head>
      <charseq START="2021" END="2026">person</charseq>
    </head>
  </entity_mention>
</entity>
<entity ID="CNN_IP_20030405.1600.01-2-E10" TYPE="PER" SUBTYPE="Group" CLASS="USP">
  <entity_mention ID="CNN_IP_20030405.1600.01-2-E10-33" TYPE="PRO" LDCTYPE="PRO">
    <extent>
      <charseq START="2138" END="2141">they</charseq>
    </extent>
    <head>
      <charseq START="2138" END="2141">they</charseq>
    </head>
  </entity_mention>
</entity>
<entity ID="CNN_IP_20030405.1600.01-2-E11" TYPE="PER" SUBTYPE="Individual" CLASS="SPC">
  <entity_mention ID="CNN_IP_20030405.1600.01-2-E11-37" TYPE="NOM" LDCTYPE="NOM">
    <extent>
      <charseq START="2866" END="2879">another person</charseq>
    </extent>
    <head>
      <charseq START="2874" END="2879">person</charseq>
    </head>
  </entity_mention>
  <entity_mention ID="CNN_IP_20030405.1600.01-2-E11-38" TYPE="PRO" LDCTYPE="PRO">
    <extent>
      <charseq START="2905" END="2906">he</charseq>
    </extent>
    <head>
      <charseq START="2905" END="2906">he</charseq>
    </head>
  </entity_mention>
  <entity_mention ID="CNN_IP_20030405.1600.01-2-E11-39" TYPE="PRO" LDCTYPE="PRO">
    <extent>
      <charseq START="3027" END="3028">he</charseq>
    </extent>
    <head>
      <charseq START="3027" END="3028">he</charseq>
    </head>
  </entity_mention>
</entity>
<entity ID="CNN_IP_20030405.1600.01-2-E12" TYPE="PER" SUBTYPE="Group" CLASS="SPC">
  <entity_mention ID="CNN_IP_20030405.1600.01-2-E12-41" TYPE="PRO" LDCTYPE="PRO">
    <extent>
      <charseq START="3265" END="3268">they</charseq>
    </extent>
    <head>
      <charseq START="3265" END="3268">they</charseq>
    </head>
  </entity_mention>
</entity>
<entity ID="CNN_IP_20030405.1600.01-2-E13" TYPE="PER" SUBTYPE="Indeterminate" CLASS="USP">
  <entity_mention ID="CNN_IP_20030405.1600.01-2-E13-42" TYPE="PRO" LDCTYPE="PRO">
    <extent>
      <charseq START="3333" END="3335">Who</charseq>
    </extent>
    <head>
      <charseq START="3333" END="3335">Who</charseq>
    </head>
  </entity_mention>
</entity>
<entity ID="CNN_IP_20030405.1600.01-2-E14" TYPE="FAC" SUBTYPE="Subarea-Facility" CLASS="SPC">
  <entity_mention ID="CNN_IP_20030405.1600.01-2-E14-43" TYPE="NOM" LDCTYPE="NOM">
    <extent>
      <charseq START="3223" END="3230">the room</charseq>
    </extent>
    <head>
      <charseq START="3227" END="3230">room</charseq>
    </head>
  </entity_mention>
</entity>
<entity ID="CNN_IP_20030405.1600.01-2-E15" TYPE="FAC" SUBTYPE="Building-Grounds" CLASS="GEN">
  <entity_mention ID="CNN_IP_20030405.1600.01-2-E15-50" TYPE="NOM" LDCTYPE="NOM">
    <extent>
      <charseq START="3756" END="3765">a building</charseq>
    </extent>
    <head>
      <charseq START="3758" END="3765">building</charseq>
    </head>
  </entity_mention>
</entity>
<entity ID="CNN_IP_20030405.1600.01-2-E16" TYPE="PER" SUBTYPE="Indeterminate" CLASS="USP">
  <entity_mention ID="CNN_IP_20030405.1600.01-2-E16-53" TYPE="PRO" LDCTYPE="PRO">
    <extent>
      <charseq START="3865" END="3867">you</charseq>
    </extent>
    <head>
      <charseq START="3865" END="3867">you</charseq>
    </head>
  </entity_mention>
  <entity_mention ID="CNN_IP_20030405.1600.01-2-E16-149" TYPE="PRO" LDCTYPE="PRO">
    <extent>
      <charseq START="5984" END="5986">you</charseq>
    </extent>
    <head>
      <charseq START="5984" END="5986">you</charseq>
    </head>
  </entity_mention>
</entity>
<entity ID="CNN_IP_20030405.1600.01-2-E17" TYPE="LOC" SUBTYPE="Region-General" CLASS="SPC">
  <entity_mention ID="CNN_IP_20030405.1600.01-2-E17-55" TYPE="NOM" LDCTYPE="NOM">
    <extent>
      <charseq START="3928" END="3936">this area</charseq>
    </extent>
    <head>
      <charseq START="3933" END="3936">area</charseq>
    </head>
  </entity_mention>
</entity>
<entity ID="CNN_IP_20030405.1600.01-2-E18" TYPE="PER" SUBTYPE="Individual" CLASS="SPC">
  <entity_mention ID="CNN_IP_20030405.1600.01-2-E18-59" TYPE="PRO" LDCTYPE="PRO">
    <extent>
      <charseq START="4184" END="4185">he</charseq>
    </extent>
    <head>
      <charseq START="4184" END="4185">he</charseq>
    </head>
  </entity_mention>
  <entity_mention ID="CNN_IP_20030405.1600.01-2-E18-61" TYPE="PRO" LDCTYPE="PRO">
    <extent>
      <charseq START="4204" END="4205">he</charseq>
    </extent>
    <head>
      <charseq START="4204" END="4205">he</charseq>
    </head>
  </entity_mention>
</entity>
<entity ID="CNN_IP_20030405.1600.01-2-E19" TYPE="WEA" SUBTYPE="Shooting" CLASS="SPC">
  <entity_mention ID="CNN_IP_20030405.1600.01-2-E19-60" TYPE="NOM" LDCTYPE="NOM">
    <extent>
      <charseq START="4193" END="4201">a
sidearm</charseq>
    </extent>
    <head>
      <charseq START="4195" END="4201">sidearm</charseq>
    </head>
  </entity_mention>
</entity>
<entity ID="CNN_IP_20030405.1600.01-2-E20" TYPE="GPE" SUBTYPE="Nation" CLASS="SPC">
  <entity_mention ID="CNN_IP_20030405.1600.01-2-E20-1" TYPE="NAM" LDCTYPE="NAMPRE" ROLE="GPE" LDCATR="TRUE">
    <extent>
      <charseq START="136" END="138">U.S</charseq>
    </extent>
    <head>
      <charseq START="136" END="138">U.S</charseq>
    </head>
  </entity_mention>
  <entity_mention ID="CNN_IP_20030405.1600.01-2-E20-115" TYPE="NAM" LDCTYPE="NAMPRE" ROLE="GPE" LDCATR="TRUE">
    <extent>
      <charseq START="6387" END="6389">U.S</charseq>
    </extent>
    <head>
      <charseq START="6387" END="6389">U.S</charseq>
    </head>
  </entity_mention>
  <entity_attributes>
    <name NAME="U.S">
      <charseq START="136" END="138">U.S</charseq>
    </name>
    <name NAME="U.S">
      <charseq START="6387" END="6389">U.S</charseq>
    </name>
  </entity_attributes>
</entity>
<entity ID="CNN_IP_20030405.1600.01-2-E21" TYPE="PER" SUBTYPE="Group" CLASS="SPC">
  <entity_mention ID="CNN_IP_20030405.1600.01-2-E21-62" TYPE="NOM" LDCTYPE="NOM">
    <extent>
      <charseq START="4217" END="4224">the team</charseq>
    </extent>
    <head>
      <charseq START="4221" END="4224">team</charseq>
    </head>
  </entity_mention>
</entity>
<entity ID="CNN_IP_20030405.1600.01-2-E22" TYPE="PER" SUBTYPE="Individual" CLASS="USP">
  <entity_mention ID="CNN_IP_20030405.1600.01-2-E22-63" TYPE="NOM" LDCTYPE="NOM">
    <extent>
      <charseq START="4323" END="4365">a person that is concealed anywhere in here</charseq>
    </extent>
    <head>
      <charseq START="4325" END="4330">person</charseq>
    </head>
  </entity_mention>
  <entity_mention ID="CNN_IP_20030405.1600.01-2-E22-150" TYPE="PRO" LDCTYPE="WHQ">
    <extent>
      <charseq START="4332" END="4335">that</charseq>
    </extent>
    <head>
      <charseq START="4332" END="4335">that</charseq>
    </head>
  </entity_mention>
</entity>
<entity ID="CNN_IP_20030405.1600.01-2-E23" TYPE="FAC" SUBTYPE="Subarea-Facility" CLASS="SPC">
  <entity_mention ID="CNN_IP_20030405.1600.01-2-E23-2" TYPE="PRO" LDCTYPE="PRO">
    <extent>
      <charseq START="4473" END="4476">here</charseq>
    </extent>
    <head>
      <charseq START="4473" END="4476">here</charseq>
    </head>
  </entity_mention>
  <entity_mention ID="CNN_IP_20030405.1600.01-2-E23-64" TYPE="PRO" LDCTYPE="PRO">
    <extent>
      <charseq START="4362" END="4365">here</charseq>
    </extent>
    <head>
      <charseq START="4362" END="4365">here</charseq>
    </head>
  </entity_mention>
  <entity_mention ID="CNN_IP_20030405.1600.01-2-E23-173" TYPE="PRO" LDCTYPE="PRO">
    <extent>
      <charseq START="4431" END="4434">here</charseq>
    </extent>
    <head>
      <charseq START="4431" END="4434">here</charseq>
    </head>
  </entity_mention>
  <entity_mention ID="CNN_IP_20030405.1600.01-2-E23-174" TYPE="PRO" LDCTYPE="PRO">
    <extent>
      <charseq START="4467" END="4470">here</charseq>
    </extent>
    <head>
      <charseq START="4467" END="4470">here</charseq>
    </head>
  </entity_mention>
</entity>
<entity ID="CNN_IP_20030405.1600.01-2-E24" TYPE="PER" SUBTYPE="Individual" CLASS="GEN">
  <entity_mention ID="CNN_IP_20030405.1600.01-2-E24-67" TYPE="PRO" LDCTYPE="PRO">
    <extent>
      <charseq START="4391" END="4434">anyone with a rifle back in these areas here</charseq>
    </extent>
    <head>
      <charseq START="4391" END="4396">anyone</charseq>
    </head>
  </entity_mention>
</entity>
<entity ID="CNN_IP_20030405.1600.01-2-E25" TYPE="WEA" SUBTYPE="Shooting" CLASS="USP">
  <entity_mention ID="CNN_IP_20030405.1600.01-2-E25-68" TYPE="NOM" LDCTYPE="NOM">
    <extent>
      <charseq START="4403" END="4409">a rifle</charseq>
    </extent>
    <head>
      <charseq START="4405" END="4409">rifle</charseq>
    </head>
  </entity_mention>
</entity>
<entity ID="CNN_IP_20030405.1600.01-2-E26" TYPE="PER" SUBTYPE="Group" CLASS="USP">
  <entity_mention ID="CNN_IP_20030405.1600.01-2-E26-69" TYPE="NOM" LDCTYPE="BAR">
    <extent>
      <charseq START="136" END="163">U.S. forces entering Baghdad</charseq>
    </extent>
    <head>
      <charseq START="141" END="146">forces</charseq>
    </head>
  </entity_mention>
  <entity_mention ID="CNN_IP_20030405.1600.01-2-E26-153" TYPE="PRO" LDCTYPE="PRO">
    <extent>
      <charseq START="220" END="223">they</charseq>
    </extent>
    <head>
      <charseq START="220" END="223">they</charseq>
    </head>
  </entity_mention>
  <entity_mention ID="CNN_IP_20030405.1600.01-2-E26-154" TYPE="PRO" LDCTYPE="PRO">
    <extent>
      <charseq START="259" END="262">they</charseq>
    </extent>
    <head>
      <charseq START="259" END="262">they</charseq>
    </head>
  </entity_mention>
</entity>
<entity ID="CNN_IP_20030405.1600.01-2-E27" TYPE="PER" SUBTYPE="Individual" CLASS="USP">
  <entity_mention ID="CNN_IP_20030405.1600.01-2-E27-73" TYPE="PRO" LDCTYPE="PRO">
    <extent>
      <charseq START="4604" END="4605">he</charseq>
    </extent>
    <head>
      <charseq START="4604" END="4605">he</charseq>
    </head>
  </entity_mention>
  <entity_mention ID="CNN_IP_20030405.1600.01-2-E27-76" TYPE="PRO" LDCTYPE="PRO">
    <extent>
      <charseq START="4664" END="4665">he</charseq>
    </extent>
    <head>
      <charseq START="4664" END="4665">he</charseq>
    </head>
  </entity_mention>
</entity>
<entity ID="CNN_IP_20030405.1600.01-2-E28" TYPE="WEA" SUBTYPE="Exploding" CLASS="SPC">
  <entity_mention ID="CNN_IP_20030405.1600.01-2-E28-74" TYPE="NOM" LDCTYPE="NOM">
    <extent>
      <charseq START="4621" END="4626">a bomb</charseq>
    </extent>
    <head>
      <charseq START="4623" END="4626">bomb</charseq>
    </head>
  </entity_mention>
  <entity_mention ID="CNN_IP_20030405.1600.01-2-E28-77" TYPE="PRO" LDCTYPE="PRO">
    <extent>
      <charseq START="4681" END="4684">that</charseq>
    </extent>
    <head>
      <charseq START="4681" END="4684">that</charseq>
    </head>
  </entity_mention>
</entity>
<entity ID="CNN_IP_20030405.1600.01-2-E29" TYPE="WEA" SUBTYPE="Underspecified" CLASS="GEN">
  <entity_mention ID="CNN_IP_20030405.1600.01-2-E29-80" TYPE="NOM" LDCTYPE="BAR">
    <extent>
      <charseq START="4813" END="4819">weapons</charseq>
    </extent>
    <head>
      <charseq START="4813" END="4819">weapons</charseq>
    </head>
  </entity_mention>
</entity>
<entity ID="CNN_IP_20030405.1600.01-2-E30" TYPE="PER" SUBTYPE="Individual" CLASS="USP">
  <entity_mention ID="CNN_IP_20030405.1600.01-2-E30-81" TYPE="PRO" LDCTYPE="PRO">
    <extent>
      <charseq START="4867" END="4874">someones</charseq>
    </extent>
    <head>
      <charseq START="4867" END="4874">someones</charseq>
    </head>
  </entity_mention>
</entity>
<entity ID="CNN_IP_20030405.1600.01-2-E31" TYPE="PER" SUBTYPE="Group" CLASS="USP">
  <entity_mention ID="CNN_IP_20030405.1600.01-2-E31-89" TYPE="PRO" LDCTYPE="PRO">
    <extent>
      <charseq START="5205" END="5209">their</charseq>
    </extent>
    <head>
      <charseq START="5205" END="5209">their</charseq>
    </head>
  </entity_mention>
  <entity_mention ID="CNN_IP_20030405.1600.01-2-E31-90" TYPE="PRO" LDCTYPE="PRO">
    <extent>
      <charseq START="5244" END="5251">they
all</charseq>
    </extent>
    <head>
      <charseq START="5244" END="5247">they</charseq>
    </head>
  </entity_mention>
  <entity_mention ID="CNN_IP_20030405.1600.01-2-E31-93" TYPE="PRO" LDCTYPE="PRO">
    <extent>
      <charseq START="5275" END="5278">they</charseq>
    </extent>
    <head>
      <charseq START="5275" END="5278">they</charseq>
    </head>
  </entity_mention>
  <entity_mention ID="CNN_IP_20030405.1600.01-2-E31-94" TYPE="PRO" LDCTYPE="PRO">
    <extent>
      <charseq START="5328" END="5331">them</charseq>
    </extent>
    <head>
      <charseq START="5328" END="5331">them</charseq>
    </head>
  </entity_mention>
  <entity_mention ID="CNN_IP_20030405.1600.01-2-E31-96" TYPE="PRO" LDCTYPE="PRO">
    <extent>
      <charseq START="5437" END="5441">their</charseq>
    </extent>
    <head>
      <charseq START="5437" END="5441">their</charseq>
    </head>
  </entity_mention>
  <entity_mention ID="CNN_IP_20030405.1600.01-2-E31-155" TYPE="PRO" LDCTYPE="PRO">
    <extent>
      <charseq START="4901" END="4905">their</charseq>
    </extent>
    <head>
      <charseq START="4901" END="4905">their</charseq>
    </head>
  </entity_mention>
  <entity_mention ID="CNN_IP_20030405.1600.01-2-E31-156" TYPE="PRO" LDCTYPE="PRO">
    <extent>
      <charseq START="4916" END="4920">their</charseq>
    </extent>
    <head>
      <charseq START="4916" END="4920">their</charseq>
    </head>
  </entity_mention>
  <entity_mention ID="CNN_IP_20030405.1600.01-2-E31-157" TYPE="PRO" LDCTYPE="PRO">
    <extent>
      <charseq START="5425" END="5428">them</charseq>
    </extent>
    <head>
      <charseq START="5425" END="5428">them</charseq>
    </head>
  </entity_mention>
</entity>
<entity ID="CNN_IP_20030405.1600.01-2-E32" TYPE="PER" SUBTYPE="Group" CLASS="GEN">
  <entity_mention ID="CNN_IP_20030405.1600.01-2-E32-98" TYPE="NOM" LDCTYPE="BAR">
    <extent>
      <charseq START="5520" END="5532">people hiding</charseq>
    </extent>
    <head>
      <charseq START="5520" END="5525">people</charseq>
    </head>
  </entity_mention>
</entity>
<entity ID="CNN_IP_20030405.1600.01-2-E33" TYPE="PER" SUBTYPE="Group" CLASS="USP">
  <entity_mention ID="CNN_IP_20030405.1600.01-2-E33-99" TYPE="NOM" LDCTYPE="BAR">
    <extent>
      <charseq START="5561" END="5609">people coming down that have
already been cleared</charseq>
    </extent>
    <head>
      <charseq START="5561" END="5566">people</charseq>
    </head>
  </entity_mention>
  <entity_mention ID="CNN_IP_20030405.1600.01-2-E33-101" TYPE="PRO" LDCTYPE="PRO">
    <extent>
      <charseq START="5643" END="5646">They</charseq>
    </extent>
    <head>
      <charseq START="5643" END="5646">They</charseq>
    </head>
  </entity_mention>
  <entity_mention ID="CNN_IP_20030405.1600.01-2-E33-102" TYPE="PRO" LDCTYPE="PRO">
    <extent>
      <charseq START="5715" END="5718">them</charseq>
    </extent>
    <head>
      <charseq START="5715" END="5718">them</charseq>
    </head>
  </entity_mention>
  <entity_mention ID="CNN_IP_20030405.1600.01-2-E33-104" TYPE="PRO" LDCTYPE="PRO">
    <extent>
      <charseq START="5791" END="5794">them</charseq>
    </extent>
    <head>
      <charseq START="5791" END="5794">them</charseq>
    </head>
  </entity_mention>
  <entity_mention ID="CNN_IP_20030405.1600.01-2-E33-105" TYPE="PRO" LDCTYPE="PRO">
    <extent>
      <charseq START="5764" END="5767">them</charseq>
    </extent>
    <head>
      <charseq START="5764" END="5767">them</charseq>
    </head>
  </entity_mention>
  <entity_mention ID="CNN_IP_20030405.1600.01-2-E33-151" TYPE="PRO" LDCTYPE="WHQ">
    <extent>
      <charseq START="5580" END="5583">that</charseq>
    </extent>
    <head>
      <charseq START="5580" END="5583">that</charseq>
    </head>
  </entity_mention>
</entity>
<entity ID="CNN_IP_20030405.1600.01-2-E34" TYPE="PER" SUBTYPE="Individual" CLASS="SPC">
  <entity_mention ID="CNN_IP_20030405.1600.01-2-E34-106" TYPE="NOM" LDCTYPE="NOM">
    <extent>
      <charseq START="6004" END="6014">that person</charseq>
    </extent>
    <head>
      <charseq START="6009" END="6014">person</charseq>
    </head>
  </entity_mention>
</entity>
<entity ID="CNN_IP_20030405.1600.01-2-E35" TYPE="PER" SUBTYPE="Individual" CLASS="SPC">
  <entity_mention ID="CNN_IP_20030405.1600.01-2-E35-107" TYPE="NOM" LDCTYPE="NOM">
    <extent>
      <charseq START="6040" END="6051">that
soldier</charseq>
    </extent>
    <head>
      <charseq START="6045" END="6051">soldier</charseq>
    </head>
  </entity_mention>
</entity>
<entity ID="CNN_IP_20030405.1600.01-2-E36" TYPE="WEA" SUBTYPE="Shooting" CLASS="SPC">
  <entity_mention ID="CNN_IP_20030405.1600.01-2-E36-109" TYPE="NOM" LDCTYPE="NOM">
    <extent>
      <charseq START="6193" END="6201">that M-16</charseq>
    </extent>
    <head>
      <charseq START="6198" END="6201">M-16</charseq>
    </head>
  </entity_mention>
</entity>
<entity ID="CNN_IP_20030405.1600.01-2-E37" TYPE="GPE" SUBTYPE="Population-Center" CLASS="SPC">
  <entity_mention ID="CNN_IP_20030405.1600.01-2-E37-75" TYPE="NAM" LDCTYPE="NAM" ROLE="LOC">
    <extent>
      <charseq START="157" END="163">Baghdad</charseq>
    </extent>
    <head>
      <charseq START="157" END="163">Baghdad</charseq>
    </head>
  </entity_mention>
  <entity_mention ID="CNN_IP_20030405.1600.01-2-E37-112" TYPE="NOM" LDCTYPE="NOM" ROLE="GPE">
    <extent>
      <charseq START="6287" END="6305">a city of 5 million</charseq>
    </extent>
    <head>
      <charseq START="6289" END="6292">city</charseq>
    </head>
  </entity_mention>
  <entity_attributes>
    <name NAME="Baghdad">
      <charseq START="157" END="163">Baghdad</charseq>
    </name>
  </entity_attributes>
</entity>
<entity ID="CNN_IP_20030405.1600.01-2-E38" TYPE="PER" SUBTYPE="Group" CLASS="USP">
  <entity_mention ID="CNN_IP_20030405.1600.01-2-E38-113" TYPE="PRO" LDCTYPE="HLS">
    <extent>
      <charseq START="6297" END="6305">5 million</charseq>
    </extent>
    <head>
      <charseq START="6297" END="6305">5 million</charseq>
    </head>
  </entity_mention>
</entity>
<entity ID="CNN_IP_20030405.1600.01-2-E40" TYPE="GPE" SUBTYPE="Nation" CLASS="SPC">
  <entity_mention ID="CNN_IP_20030405.1600.01-2-E40-116" TYPE="NOM" LDCTYPE="NOMPRE" ROLE="GPE">
    <extent>
      <charseq START="6396" END="6404">coalition</charseq>
    </extent>
    <head>
      <charseq START="6396" END="6404">coalition</charseq>
    </head>
  </entity_mention>
</entity>
<entity ID="CNN_IP_20030405.1600.01-2-E41" TYPE="PER" SUBTYPE="Indeterminate" CLASS="USP">
  <entity_mention ID="CNN_IP_20030405.1600.01-2-E41-123" TYPE="PRO" LDCTYPE="WHQ">
    <extent>
      <charseq START="6572" END="6574">who</charseq>
    </extent>
    <head>
      <charseq START="6572" END="6574">who</charseq>
    </head>
  </entity_mention>
</entity>
<entity ID="CNN_IP_20030405.1600.01-2-E42" TYPE="PER" SUBTYPE="Individual" CLASS="GEN">
  <entity_mention ID="CNN_IP_20030405.1600.01-2-E42-124" TYPE="NOM" LDCTYPE="NOM">
    <extent>
      <charseq START="6583" END="6630">the last man or woman in one of those operations</charseq>
    </extent>
    <head>
      <charseq START="6592" END="6594">man</charseq>
    </head>
  </entity_mention>
</entity>
<entity ID="CNN_IP_20030405.1600.01-2-E43" TYPE="PER" SUBTYPE="Individual" CLASS="GEN">
  <entity_mention ID="CNN_IP_20030405.1600.01-2-E43-125" TYPE="NOM" LDCTYPE="NOM">
    <extent>
      <charseq START="6583" END="6630">the last man or woman in one of those operations</charseq>
    </extent>
    <head>
      <charseq START="6599" END="6603">woman</charseq>
    </head>
  </entity_mention>
</entity>
<entity ID="CNN_IP_20030405.1600.01-2-E44" TYPE="PER" SUBTYPE="Group" CLASS="SPC">
  <entity_mention ID="CNN_IP_20030405.1600.01-2-E44-126" TYPE="PRO" LDCTYPE="PRO">
    <extent>
      <charseq START="6658" END="6661">your</charseq>
    </extent>
    <head>
      <charseq START="6658" END="6661">your</charseq>
    </head>
  </entity_mention>
</entity>
<entity ID="CNN_IP_20030405.1600.01-2-E45" TYPE="FAC" SUBTYPE="Subarea-Facility" CLASS="SPC">
  <entity_mention ID="CNN_IP_20030405.1600.01-2-E45-128" TYPE="NOM" LDCTYPE="NOM">
    <extent>
      <charseq START="2704" END="2714">the hallway</charseq>
    </extent>
    <head>
      <charseq START="2708" END="2714">hallway</charseq>
    </head>
  </entity_mention>
  <entity_mention ID="CNN_IP_20030405.1600.01-2-E45-129" TYPE="PRO" LDCTYPE="PRO">
    <extent>
      <charseq START="2738" END="2741">that</charseq>
    </extent>
    <head>
      <charseq START="2738" END="2741">that</charseq>
    </head>
  </entity_mention>
  <entity_mention ID="CNN_IP_20030405.1600.01-2-E45-130" TYPE="PRO" LDCTYPE="PRO">
    <extent>
      <charseq START="2938" END="2941">that</charseq>
    </extent>
    <head>
      <charseq START="2938" END="2941">that</charseq>
    </head>
  </entity_mention>
</entity>
<entity ID="CNN_IP_20030405.1600.01-2-E46" TYPE="LOC" SUBTYPE="Region-General" CLASS="USP">
  <entity_mention ID="CNN_IP_20030405.1600.01-2-E46-131" TYPE="NOM" LDCTYPE="NOM">
    <extent>
      <charseq START="3353" END="3364">the recesses</charseq>
    </extent>
    <head>
      <charseq START="3357" END="3364">recesses</charseq>
    </head>
  </entity_mention>
</entity>
<entity ID="CNN_IP_20030405.1600.01-2-E47" TYPE="WEA" SUBTYPE="Projectile" CLASS="GEN">
  <entity_mention ID="CNN_IP_20030405.1600.01-2-E47-70" TYPE="NOM" LDCTYPE="BAR">
    <extent>
      <charseq START="2246" END="2252">bullets</charseq>
    </extent>
    <head>
      <charseq START="2246" END="2252">bullets</charseq>
    </head>
  </entity_mention>
</entity>
<entity ID="CNN_IP_20030405.1600.01-2-E48" TYPE="FAC" SUBTYPE="Building-Grounds" CLASS="SPC">
  <entity_mention ID="CNN_IP_20030405.1600.01-2-E48-132" TYPE="NOM" LDCTYPE="NOM">
    <extent>
      <charseq START="6262" END="6305">that -- compound that by a city of 5 million</charseq>
    </extent>
    <head>
      <charseq START="6270" END="6277">compound</charseq>
    </head>
  </entity_mention>
</entity>
<entity ID="CNN_IP_20030405.1600.01-2-E49" TYPE="WEA" SUBTYPE="Projectile" CLASS="GEN">
  <entity_mention ID="CNN_IP_20030405.1600.01-2-E49-134" TYPE="NOM" LDCTYPE="NOM">
    <extent>
      <charseq START="2401" END="2408">a
bullet</charseq>
    </extent>
    <head>
      <charseq START="2403" END="2408">bullet</charseq>
    </head>
  </entity_mention>
</entity>
<entity ID="CNN_IP_20030405.1600.01-2-E50" TYPE="FAC" SUBTYPE="Subarea-Facility" CLASS="USP">
  <entity_mention ID="CNN_IP_20030405.1600.01-2-E50-135" TYPE="PRO" LDCTYPE="PTV">
    <extent>
      <charseq START="4499" END="4534">any of these recesses back over here</charseq>
    </extent>
    <head>
      <charseq START="4499" END="4501">any</charseq>
    </head>
  </entity_mention>
</entity>
<entity ID="CNN_IP_20030405.1600.01-2-E51" TYPE="FAC" SUBTYPE="Subarea-Facility" CLASS="SPC">
  <entity_mention ID="CNN_IP_20030405.1600.01-2-E51-136" TYPE="PRO" LDCTYPE="PRO">
    <extent>
      <charseq START="4531" END="4534">here</charseq>
    </extent>
    <head>
      <charseq START="4531" END="4534">here</charseq>
    </head>
  </entity_mention>
</entity>
<entity ID="CNN_IP_20030405.1600.01-2-E52" TYPE="PER" SUBTYPE="Group" CLASS="GEN">
  <entity_mention ID="CNN_IP_20030405.1600.01-2-E52-137" TYPE="NOM" LDCTYPE="BAR">
    <extent>
      <charseq START="6387" END="6411">U.S. and coalition forces</charseq>
    </extent>
    <head>
      <charseq START="6406" END="6411">forces</charseq>
    </head>
  </entity_mention>
</entity>
<entity ID="CNN_IP_20030405.1600.01-2-E53" TYPE="FAC" SUBTYPE="Subarea-Facility" CLASS="GEN">
  <entity_mention ID="CNN_IP_20030405.1600.01-2-E53-158" TYPE="NOM" LDCTYPE="BAR">
    <extent>
      <charseq START="2954" END="2966">cleared space</charseq>
    </extent>
    <head>
      <charseq START="2962" END="2966">space</charseq>
    </head>
  </entity_mention>
</entity>
<entity ID="CNN_IP_20030405.1600.01-2-E54" TYPE="ORG" SUBTYPE="Media" CLASS="SPC">
  <entity_mention ID="CNN_IP_20030405.1600.01-2-E54-5" TYPE="PRO" LDCTYPE="PRO">
    <extent>
      <charseq START="983" END="984">we</charseq>
    </extent>
    <head>
      <charseq START="983" END="984">we</charseq>
    </head>
  </entity_mention>
  <entity_mention ID="CNN_IP_20030405.1600.01-2-E54-6" TYPE="PRO" LDCTYPE="PRO">
    <extent>
      <charseq START="1009" END="1010">we</charseq>
    </extent>
    <head>
      <charseq START="1009" END="1010">we</charseq>
    </head>
  </entity_mention>
  <entity_mention ID="CNN_IP_20030405.1600.01-2-E54-8" TYPE="PRO" LDCTYPE="PRO">
    <extent>
      <charseq START="1191" END="1192">We</charseq>
    </extent>
    <head>
      <charseq START="1191" END="1192">We</charseq>
    </head>
  </entity_mention>
  <entity_mention ID="CNN_IP_20030405.1600.01-2-E54-9" TYPE="PRO" LDCTYPE="PRO">
    <extent>
      <charseq START="1173" END="1173">s</charseq>
    </extent>
    <head>
      <charseq START="1173" END="1173">s</charseq>
    </head>
  </entity_mention>
  <entity_mention ID="CNN_IP_20030405.1600.01-2-E54-11" TYPE="PRO" LDCTYPE="PRO">
    <extent>
      <charseq START="1261" END="1262">us</charseq>
    </extent>
    <head>
      <charseq START="1261" END="1262">us</charseq>
    </head>
  </entity_mention>
  <entity_mention ID="CNN_IP_20030405.1600.01-2-E54-14" TYPE="PRO" LDCTYPE="PRO">
    <extent>
      <charseq START="1309" END="1310">we</charseq>
    </extent>
    <head>
      <charseq START="1309" END="1310">we</charseq>
    </head>
  </entity_mention>
  <entity_mention ID="CNN_IP_20030405.1600.01-2-E54-44" TYPE="PRO" LDCTYPE="PRO">
    <extent>
      <charseq START="3394" END="3394">s</charseq>
    </extent>
    <head>
      <charseq START="3394" END="3394">s</charseq>
    </head>
  </entity_mention>
  <entity_mention ID="CNN_IP_20030405.1600.01-2-E54-45" TYPE="PRO" LDCTYPE="PRO">
    <extent>
      <charseq START="3431" END="3432">we</charseq>
    </extent>
    <head>
      <charseq START="3431" END="3432">we</charseq>
    </head>
  </entity_mention>
  <entity_mention ID="CNN_IP_20030405.1600.01-2-E54-48" TYPE="PRO" LDCTYPE="PRO">
    <extent>
      <charseq START="3504" END="3505">we</charseq>
    </extent>
    <head>
      <charseq START="3504" END="3505">we</charseq>
    </head>
  </entity_mention>
  <entity_mention ID="CNN_IP_20030405.1600.01-2-E54-51" TYPE="PRO" LDCTYPE="PRO">
    <extent>
      <charseq START="3817" END="3818">we</charseq>
    </extent>
    <head>
      <charseq START="3817" END="3818">we</charseq>
    </head>
  </entity_mention>
  <entity_mention ID="CNN_IP_20030405.1600.01-2-E54-52" TYPE="PRO" LDCTYPE="PRO">
    <extent>
      <charseq START="3831" END="3832">we</charseq>
    </extent>
    <head>
      <charseq START="3831" END="3832">we</charseq>
    </head>
  </entity_mention>
  <entity_mention ID="CNN_IP_20030405.1600.01-2-E54-88" TYPE="PRO" LDCTYPE="PRO">
    <extent>
      <charseq START="5118" END="5118">s</charseq>
    </extent>
    <head>
      <charseq START="5118" END="5118">s</charseq>
    </head>
  </entity_mention>
  <entity_mention ID="CNN_IP_20030405.1600.01-2-E54-133" TYPE="PRO" LDCTYPE="PRO">
    <extent>
      <charseq START="352" END="352">s</charseq>
    </extent>
    <head>
      <charseq START="352" END="352">s</charseq>
    </head>
  </entity_mention>
  <entity_mention ID="CNN_IP_20030405.1600.01-2-E54-142" TYPE="PRO" LDCTYPE="PRO">
    <extent>
      <charseq START="514" END="516">our</charseq>
    </extent>
    <head>
      <charseq START="514" END="516">our</charseq>
    </head>
  </entity_mention>
  <entity_mention ID="CNN_IP_20030405.1600.01-2-E54-143" TYPE="PRO" LDCTYPE="PRO">
    <extent>
      <charseq START="2131" END="2132">us</charseq>
    </extent>
    <head>
      <charseq START="2131" END="2132">us</charseq>
    </head>
  </entity_mention>
  <entity_mention ID="CNN_IP_20030405.1600.01-2-E54-144" TYPE="PRO" LDCTYPE="PRO">
    <extent>
      <charseq START="2438" END="2438">s</charseq>
    </extent>
    <head>
      <charseq START="2438" END="2438">s</charseq>
    </head>
  </entity_mention>
  <entity_mention ID="CNN_IP_20030405.1600.01-2-E54-146" TYPE="PRO" LDCTYPE="PRO">
    <extent>
      <charseq START="5145" END="5146">we</charseq>
    </extent>
    <head>
      <charseq START="5145" END="5146">we</charseq>
    </head>
  </entity_mention>
  <entity_mention ID="CNN_IP_20030405.1600.01-2-E54-147" TYPE="PRO" LDCTYPE="PRO">
    <extent>
      <charseq START="5178" END="5179">we</charseq>
    </extent>
    <head>
      <charseq START="5178" END="5179">we</charseq>
    </head>
  </entity_mention>
  <entity_mention ID="CNN_IP_20030405.1600.01-2-E54-148" TYPE="PRO" LDCTYPE="PRO">
    <extent>
      <charseq START="5946" END="5947">we</charseq>
    </extent>
    <head>
      <charseq START="5946" END="5947">we</charseq>
    </head>
  </entity_mention>
  <entity_mention ID="CNN_IP_20030405.1600.01-2-E54-165" TYPE="PRO" LDCTYPE="PRO">
    <extent>
      <charseq START="402" END="403">we</charseq>
    </extent>
    <head>
      <charseq START="402" END="403">we</charseq>
    </head>
  </entity_mention>
</entity>
<entity ID="CNN_IP_20030405.1600.01-2-E55" TYPE="GPE" SUBTYPE="Population-Center" CLASS="SPC">
  <entity_mention ID="CNN_IP_20030405.1600.01-2-E55-162" TYPE="NAM" LDCTYPE="NAM" ROLE="LOC">
    <extent>
      <charseq START="365" END="371">Atlanta</charseq>
    </extent>
    <head>
      <charseq START="365" END="371">Atlanta</charseq>
    </head>
  </entity_mention>
  <entity_attributes>
    <name NAME="Atlanta">
      <charseq START="365" END="371">Atlanta</charseq>
    </name>
  </entity_attributes>
</entity>
<entity ID="CNN_IP_20030405.1600.01-2-E56" TYPE="PER" SUBTYPE="Individual" CLASS="SPC">
  <entity_mention ID="CNN_IP_20030405.1600.01-2-E56-13" TYPE="PRO" LDCTYPE="PRO" LDCATR="FALSE">
    <extent>
      <charseq START="1273" END="1273">I</charseq>
    </extent>
    <head>
      <charseq START="1273" END="1273">I</charseq>
    </head>
  </entity_mention>
  <entity_mention ID="CNN_IP_20030405.1600.01-2-E56-28" TYPE="NAM" LDCTYPE="NAM" LDCATR="FALSE">
    <extent>
      <charseq START="1734" END="1738">Miles</charseq>
    </extent>
    <head>
      <charseq START="1734" END="1738">Miles</charseq>
    </head>
  </entity_mention>
  <entity_mention ID="CNN_IP_20030405.1600.01-2-E56-34" TYPE="PRO" LDCTYPE="PRO" LDCATR="FALSE">
    <extent>
      <charseq START="2494" END="2494">I</charseq>
    </extent>
    <head>
      <charseq START="2494" END="2494">I</charseq>
    </head>
  </entity_mention>
  <entity_mention ID="CNN_IP_20030405.1600.01-2-E56-78" TYPE="PRO" LDCTYPE="PRO" LDCATR="FALSE">
    <extent>
      <charseq START="4695" END="4696">me</charseq>
    </extent>
    <head>
      <charseq START="4695" END="4696">me</charseq>
    </head>
  </entity_mention>
  <entity_mention ID="CNN_IP_20030405.1600.01-2-E56-92" TYPE="PRO" LDCTYPE="PRO" LDCATR="FALSE">
    <extent>
      <charseq START="5266" END="5266">I</charseq>
    </extent>
    <head>
      <charseq START="5266" END="5266">I</charseq>
    </head>
  </entity_mention>
  <entity_mention ID="CNN_IP_20030405.1600.01-2-E56-108" TYPE="PRO" LDCTYPE="PRO" LDCATR="FALSE">
    <extent>
      <charseq START="6084" END="6084">I</charseq>
    </extent>
    <head>
      <charseq START="6084" END="6084">I</charseq>
    </head>
  </entity_mention>
  <entity_mention ID="CNN_IP_20030405.1600.01-2-E56-118" TYPE="NAM" LDCTYPE="NAM" LDCATR="FALSE">
    <extent>
      <charseq START="6471" END="6475">Miles</charseq>
    </extent>
    <head>
      <charseq START="6471" END="6475">Miles</charseq>
    </head>
  </entity_mention>
  <entity_mention ID="CNN_IP_20030405.1600.01-2-E56-120" TYPE="NAM" LDCTYPE="NAM" LDCATR="FALSE">
    <extent>
      <charseq START="6517" END="6521">Miles</charseq>
    </extent>
    <head>
      <charseq START="6517" END="6521">Miles</charseq>
    </head>
  </entity_mention>
  <entity_mention ID="CNN_IP_20030405.1600.01-2-E56-159" TYPE="PRO" LDCTYPE="PRO" LDCATR="FALSE">
    <extent>
      <charseq START="638" END="638">I</charseq>
    </extent>
    <head>
      <charseq START="638" END="638">I</charseq>
    </head>
  </entity_mention>
  <entity_mention ID="CNN_IP_20030405.1600.01-2-E56-160" TYPE="PRO" LDCTYPE="PRO" LDCATR="FALSE">
    <extent>
      <charseq START="724" END="724">I</charseq>
    </extent>
    <head>
      <charseq START="724" END="724">I</charseq>
    </head>
  </entity_mention>
  <entity_mention ID="CNN_IP_20030405.1600.01-2-E56-163" TYPE="NOM" LDCTYPE="NOM" LDCATR="FALSE">
    <extent>
      <charseq START="382" END="414">the man whose voice we just heard</charseq>
    </extent>
    <head>
      <charseq START="386" END="388">man</charseq>
    </head>
  </entity_mention>
  <entity_mention ID="CNN_IP_20030405.1600.01-2-E56-164" TYPE="PRO" LDCTYPE="WHQ" LDCATR="FALSE">
    <extent>
      <charseq START="390" END="394">whose</charseq>
    </extent>
    <head>
      <charseq START="390" END="394">whose</charseq>
    </head>
  </entity_mention>
  <entity_mention ID="CNN_IP_20030405.1600.01-2-E56-166" TYPE="NAM" LDCTYPE="NAM" LDCATR="TRUE">
    <extent>
      <charseq START="417" END="429">Miles O'Brien</charseq>
    </extent>
    <head>
      <charseq START="417" END="429">Miles O'Brien</charseq>
    </head>
  </entity_mention>
  <entity_mention ID="CNN_IP_20030405.1600.01-2-E56-168" TYPE="NAM" LDCTYPE="NAM" LDCATR="FALSE">
    <extent>
      <charseq START="445" END="449">Miles</charseq>
    </extent>
    <head>
      <charseq START="445" END="449">Miles</charseq>
    </head>
  </entity_mention>
  <entity_mention ID="CNN_IP_20030405.1600.01-2-E56-170" TYPE="PRO" LDCTYPE="PRO" LDCATR="FALSE">
    <extent>
      <charseq START="483" END="483">I</charseq>
    </extent>
    <head>
      <charseq START="483" END="483">I</charseq>
    </head>
  </entity_mention>
  <entity_attributes>
    <name NAME="Miles">
      <charseq START="1734" END="1738">Miles</charseq>
    </name>
    <name NAME="Miles">
      <charseq START="6471" END="6475">Miles</charseq>
    </name>
    <name NAME="Miles">
      <charseq START="6517" END="6521">Miles</charseq>
    </name>
    <name NAME="Miles O'Brien">
      <charseq START="417" END="429">Miles O'Brien</charseq>
    </name>
    <name NAME="Miles">
      <charseq START="445" END="449">Miles</charseq>
    </name>
  </entity_attributes>
</entity>
<entity ID="CNN_IP_20030405.1600.01-2-E58" TYPE="PER" SUBTYPE="Individual" CLASS="SPC">
  <entity_mention ID="CNN_IP_20030405.1600.01-2-E58-119" TYPE="NAM" LDCTYPE="NAM">
    <extent>
      <charseq START="6490" END="6493">Judy</charseq>
    </extent>
    <head>
      <charseq START="6490" END="6493">Judy</charseq>
    </head>
  </entity_mention>
  <entity_mention ID="CNN_IP_20030405.1600.01-2-E58-122" TYPE="PRO" LDCTYPE="PRO">
    <extent>
      <charseq START="6534" END="6534">I</charseq>
    </extent>
    <head>
      <charseq START="6534" END="6534">I</charseq>
    </head>
  </entity_mention>
  <entity_mention ID="CNN_IP_20030405.1600.01-2-E58-169" TYPE="NAM" LDCTYPE="NAM">
    <extent>
      <charseq START="477" END="480">Judy</charseq>
    </extent>
    <head>
      <charseq START="477" END="480">Judy</charseq>
    </head>
  </entity_mention>
  <entity_attributes>
    <name NAME="Judy">
      <charseq START="6490" END="6493">Judy</charseq>
    </name>
    <name NAME="Judy">
      <charseq START="477" END="480">Judy</charseq>
    </name>
  </entity_attributes>
</entity>
<entity ID="CNN_IP_20030405.1600.01-2-E59" TYPE="PER" SUBTYPE="Individual" CLASS="SPC">
  <entity_mention ID="CNN_IP_20030405.1600.01-2-E59-10" TYPE="NAM" LDCTYPE="NAM" LDCATR="FALSE">
    <extent>
      <charseq START="1239" END="1243">Kelly</charseq>
    </extent>
    <head>
      <charseq START="1239" END="1243">Kelly</charseq>
    </head>
  </entity_mention>
  <entity_mention ID="CNN_IP_20030405.1600.01-2-E59-47" TYPE="NAM" LDCTYPE="NAM" LDCATR="FALSE">
    <extent>
      <charseq START="3470" END="3474">Kelly</charseq>
    </extent>
    <head>
      <charseq START="3470" END="3474">Kelly</charseq>
    </head>
  </entity_mention>
  <entity_mention ID="CNN_IP_20030405.1600.01-2-E59-65" TYPE="PRO" LDCTYPE="PRO" LDCATR="FALSE">
    <extent>
      <charseq START="4368" END="4368">I</charseq>
    </extent>
    <head>
      <charseq START="4368" END="4368">I</charseq>
    </head>
  </entity_mention>
  <entity_mention ID="CNN_IP_20030405.1600.01-2-E59-79" TYPE="PRO" LDCTYPE="PRO" LDCATR="FALSE">
    <extent>
      <charseq START="4702" END="4704">you</charseq>
    </extent>
    <head>
      <charseq START="4702" END="4704">you</charseq>
    </head>
  </entity_mention>
  <entity_mention ID="CNN_IP_20030405.1600.01-2-E59-84" TYPE="PRO" LDCTYPE="PRO" LDCATR="FALSE">
    <extent>
      <charseq START="4984" END="4984">I</charseq>
    </extent>
    <head>
      <charseq START="4984" END="4984">I</charseq>
    </head>
  </entity_mention>
  <entity_mention ID="CNN_IP_20030405.1600.01-2-E59-110" TYPE="NAM" LDCTYPE="NAM" LDCATR="FALSE">
    <extent>
      <charseq START="6215" END="6226">Kelly McCann</charseq>
    </extent>
    <head>
      <charseq START="6215" END="6226">Kelly McCann</charseq>
    </head>
  </entity_mention>
  <entity_mention ID="CNN_IP_20030405.1600.01-2-E59-111" TYPE="PRO" LDCTYPE="PRO" LDCATR="FALSE">
    <extent>
      <charseq START="6235" END="6237">you</charseq>
    </extent>
    <head>
      <charseq START="6235" END="6237">you</charseq>
    </head>
  </entity_mention>
  <entity_mention ID="CNN_IP_20030405.1600.01-2-E59-117" TYPE="PRO" LDCTYPE="PRO" LDCATR="FALSE">
    <extent>
      <charseq START="6435" END="6438">your</charseq>
    </extent>
    <head>
      <charseq START="6435" END="6438">your</charseq>
    </head>
  </entity_mention>
  <entity_mention ID="CNN_IP_20030405.1600.01-2-E59-121" TYPE="NAM" LDCTYPE="NAM" LDCATR="FALSE">
    <extent>
      <charseq START="6527" END="6531">Kelly</charseq>
    </extent>
    <head>
      <charseq START="6527" END="6531">Kelly</charseq>
    </head>
  </entity_mention>
  <entity_mention ID="CNN_IP_20030405.1600.01-2-E59-145" TYPE="PRO" LDCTYPE="PRO" LDCATR="FALSE">
    <extent>
      <charseq START="4565" END="4565">I</charseq>
    </extent>
    <head>
      <charseq START="4565" END="4565">I</charseq>
    </head>
  </entity_mention>
  <entity_mention ID="CNN_IP_20030405.1600.01-2-E59-161" TYPE="PRO" LDCTYPE="PRO" LDCATR="FALSE">
    <extent>
      <charseq START="1348" END="1348">I</charseq>
    </extent>
    <head>
      <charseq START="1348" END="1348">I</charseq>
    </head>
  </entity_mention>
  <entity_mention ID="CNN_IP_20030405.1600.01-2-E59-171" TYPE="NAM" LDCTYPE="NAM" LDCATR="FALSE">
    <extent>
      <charseq START="497" END="511">J. Kelly McCann</charseq>
    </extent>
    <head>
      <charseq START="497" END="511">J. Kelly McCann</charseq>
    </head>
  </entity_mention>
  <entity_mention ID="CNN_IP_20030405.1600.01-2-E59-172" TYPE="NOM" LDCTYPE="NOM" LDCATR="FALSE">
    <extent>
      <charseq START="514" END="533">our security analyst</charseq>
    </extent>
    <head>
      <charseq START="527" END="533">analyst</charseq>
    </head>
  </entity_mention>
  <entity_mention ID="CNN_IP_20030405.1600.01-2-E59-176" TYPE="NOM" LDCTYPE="NOM" LDCATR="TRUE">
    <extent>
      <charseq START="536" END="594">a
man who's spent a lot of time learning about urban combat</charseq>
    </extent>
    <head>
      <charseq START="538" END="540">man</charseq>
    </head>
  </entity_mention>
  <entity_mention ID="CNN_IP_20030405.1600.01-2-E59-177" TYPE="PRO" LDCTYPE="WHQ" LDCATR="FALSE">
    <extent>
      <charseq START="542" END="544">who</charseq>
    </extent>
    <head>
      <charseq START="542" END="544">who</charseq>
    </head>
  </entity_mention>
  <entity_attributes>
    <name NAME="Kelly">
      <charseq START="1239" END="1243">Kelly</charseq>
    </name>
    <name NAME="Kelly">
      <charseq START="3470" END="3474">Kelly</charseq>
    </name>
    <name NAME="Kelly McCann">
      <charseq START="6215" END="6226">Kelly McCann</charseq>
    </name>
    <name NAME="Kelly">
      <charseq START="6527" END="6531">Kelly</charseq>
    </name>
    <name NAME="J. Kelly McCann">
      <charseq START="497" END="511">J. Kelly McCann</charseq>
    </name>
  </entity_attributes>
</entity>
<timex2 ID="CNN_IP_20030405.1600.01-2-T1">
  <timex2_mention ID="CNN_IP_20030405.1600.01-2-T1-1">
    <extent>
      <charseq START="5379" END="5387">Immediate</charseq>
    </extent>
  </timex2_mention>
</timex2>
<timex2 ID="CNN_IP_20030405.1600.01-2-T2">
  <timex2_mention ID="CNN_IP_20030405.1600.01-2-T2-1">
    <extent>
      <charseq START="38" END="62">2003-04-05T16:00:00-05:00</charseq>
    </extent>
  </timex2_mention>
</timex2>
<timex2 ID="CNN_IP_20030405.1600.01-2-T3">
  <timex2_mention ID="CNN_IP_20030405.1600.01-2-T3-1">
    <extent>
      <charseq START="296" END="298">now</charseq>
    </extent>
  </timex2_mention>
</timex2>
<timex2 ID="CNN_IP_20030405.1600.01-2-T4">
  <timex2_mention ID="CNN_IP_20030405.1600.01-2-T4-1">
    <extent>
      <charseq START="6663" END="6666">next</charseq>
    </extent>
  </timex2_mention>
</timex2>
<relation ID="CNN_IP_20030405.1600.01-2-R2" TYPE="ART" SUBTYPE="User-Owner-Inventor-Manufacturer" TENSE="Unspecified" MODALITY="Asserted">
  <relation_argument REFID="CNN_IP_20030405.1600.01-2-E4" ROLE="Arg-1"/>
  <relation_argument REFID="CNN_IP_20030405.1600.01-2-E6" ROLE="Arg-2"/>
  <relation_mention ID="CNN_IP_20030405.1600.01-2-R2-1" LEXICALCONDITION="Possessive">
    <extent>
      <charseq START="1493" END="1503">his sidearm</charseq>
    </extent>
    <relation_mention_argument REFID="CNN_IP_20030405.1600.01-2-E4-20" ROLE="Arg-1">
      <extent>
        <charseq START="1493" END="1495">his</charseq>
      </extent>
    </relation_mention_argument>
    <relation_mention_argument REFID="CNN_IP_20030405.1600.01-2-E6-21" ROLE="Arg-2">
      <extent>
        <charseq START="1493" END="1503">his sidearm</charseq>
      </extent>
    </relation_mention_argument>
  </relation_mention>
  <relation_mention ID="CNN_IP_20030405.1600.01-2-R2-2" LEXICALCONDITION="Possessive">
    <extent>
      <charseq START="2515" END="2525">his sidearm</charseq>
    </extent>
    <relation_mention_argument REFID="CNN_IP_20030405.1600.01-2-E4-139" ROLE="Arg-1">
      <extent>
        <charseq START="2515" END="2517">his</charseq>
      </extent>
    </relation_mention_argument>
    <relation_mention_argument REFID="CNN_IP_20030405.1600.01-2-E6-152" ROLE="Arg-2">
      <extent>
        <charseq START="2515" END="2525">his sidearm</charseq>
      </extent>
    </relation_mention_argument>
  </relation_mention>
</relation>
<relation ID="CNN_IP_20030405.1600.01-2-R3" TYPE="PER-SOC" SUBTYPE="Business" TENSE="Unspecified" MODALITY="Asserted">
  <relation_argument REFID="CNN_IP_20030405.1600.01-2-E4" ROLE="Arg-1"/>
  <relation_argument REFID="CNN_IP_20030405.1600.01-2-E7" ROLE="Arg-2"/>
  <relation_mention ID="CNN_IP_20030405.1600.01-2-R3-1" LEXICALCONDITION="Possessive">
    <extent>
      <charseq START="1592" END="1602">his partner</charseq>
    </extent>
    <relation_mention_argument REFID="CNN_IP_20030405.1600.01-2-E4-25" ROLE="Arg-1">
      <extent>
        <charseq START="1592" END="1594">his</charseq>
      </extent>
    </relation_mention_argument>
    <relation_mention_argument REFID="CNN_IP_20030405.1600.01-2-E7-24" ROLE="Arg-2">
      <extent>
        <charseq START="1592" END="1602">his partner</charseq>
      </extent>
    </relation_mention_argument>
  </relation_mention>
</relation>
<relation ID="CNN_IP_20030405.1600.01-2-R4" TYPE="PHYS" SUBTYPE="Located" TENSE="Unspecified" MODALITY="Asserted">
  <relation_argument REFID="CNN_IP_20030405.1600.01-2-E4" ROLE="Arg-1"/>
  <relation_argument REFID="CNN_IP_20030405.1600.01-2-E45" ROLE="Arg-2"/>
  <relation_mention ID="CNN_IP_20030405.1600.01-2-R4-1" LEXICALCONDITION="Verbal">
    <extent>
      <charseq START="2688" END="2852">So he goes down
the hallway, and you can see once that's called clear, straight trigger
finger, in case there's any sympathetic muscle tightening, there's no
problem</charseq>
    </extent>
    <relation_mention_argument REFID="CNN_IP_20030405.1600.01-2-E4-141" ROLE="Arg-1">
      <extent>
        <charseq START="2691" END="2692">he</charseq>
      </extent>
    </relation_mention_argument>
    <relation_mention_argument REFID="CNN_IP_20030405.1600.01-2-E45-128" ROLE="Arg-2">
      <extent>
        <charseq START="2704" END="2714">the hallway</charseq>
      </extent>
    </relation_mention_argument>
  </relation_mention>
</relation>
<relation ID="CNN_IP_20030405.1600.01-2-R5" TYPE="PHYS" SUBTYPE="Located" TENSE="Unspecified" MODALITY="Asserted">
  <relation_argument REFID="CNN_IP_20030405.1600.01-2-E1" ROLE="Arg-1"/>
  <relation_argument REFID="CNN_IP_20030405.1600.01-2-E15" ROLE="Arg-2"/>
  <relation_mention ID="CNN_IP_20030405.1600.01-2-R5-1" LEXICALCONDITION="Verbal">
    <extent>
      <charseq START="3726" END="3765">Same thing when you come into a building</charseq>
    </extent>
    <relation_mention_argument REFID="CNN_IP_20030405.1600.01-2-E1-49" ROLE="Arg-1">
      <extent>
        <charseq START="3742" END="3744">you</charseq>
      </extent>
    </relation_mention_argument>
    <relation_mention_argument REFID="CNN_IP_20030405.1600.01-2-E15-50" ROLE="Arg-2">
      <extent>
        <charseq START="3756" END="3765">a building</charseq>
      </extent>
    </relation_mention_argument>
  </relation_mention>
</relation>
<relation ID="CNN_IP_20030405.1600.01-2-R6" TYPE="ART" SUBTYPE="User-Owner-Inventor-Manufacturer" TENSE="Unspecified" MODALITY="Asserted">
  <relation_argument REFID="CNN_IP_20030405.1600.01-2-E18" ROLE="Arg-1"/>
  <relation_argument REFID="CNN_IP_20030405.1600.01-2-E19" ROLE="Arg-2"/>
  <relation_mention ID="CNN_IP_20030405.1600.01-2-R6-1" LEXICALCONDITION="Verbal">
    <extent>
      <charseq START="4184" END="4227">he's got a
sidearm, he's calling the team in</charseq>
    </extent>
    <relation_mention_argument REFID="CNN_IP_20030405.1600.01-2-E18-59" ROLE="Arg-1">
      <extent>
        <charseq START="4184" END="4185">he</charseq>
      </extent>
    </relation_mention_argument>
    <relation_mention_argument REFID="CNN_IP_20030405.1600.01-2-E19-60" ROLE="Arg-2">
      <extent>
        <charseq START="4193" END="4201">a
sidearm</charseq>
      </extent>
    </relation_mention_argument>
  </relation_mention>
</relation>
<relation ID="CNN_IP_20030405.1600.01-2-R7" TYPE="PHYS" SUBTYPE="Located" TENSE="Unspecified" MODALITY="Asserted">
  <relation_argument REFID="CNN_IP_20030405.1600.01-2-E22" ROLE="Arg-1"/>
  <relation_argument REFID="CNN_IP_20030405.1600.01-2-E23" ROLE="Arg-2"/>
  <relation_mention ID="CNN_IP_20030405.1600.01-2-R7-1" LEXICALCONDITION="Verbal">
    <extent>
      <charseq START="4315" END="4365">Imagine a person that is concealed anywhere in here</charseq>
    </extent>
    <relation_mention_argument REFID="CNN_IP_20030405.1600.01-2-E22-63" ROLE="Arg-1">
      <extent>
        <charseq START="4323" END="4365">a person that is concealed anywhere in here</charseq>
      </extent>
    </relation_mention_argument>
    <relation_mention_argument REFID="CNN_IP_20030405.1600.01-2-E23-64" ROLE="Arg-2">
      <extent>
        <charseq START="4362" END="4365">here</charseq>
      </extent>
    </relation_mention_argument>
  </relation_mention>
</relation>
<relation ID="CNN_IP_20030405.1600.01-2-R8" TYPE="GEN-AFF" SUBTYPE="Citizen-Resident-Religion-Ethnicity" TENSE="Unspecified" MODALITY="Asserted">
  <relation_argument REFID="CNN_IP_20030405.1600.01-2-E38" ROLE="Arg-1"/>
  <relation_argument REFID="CNN_IP_20030405.1600.01-2-E37" ROLE="Arg-2"/>
  <relation_mention ID="CNN_IP_20030405.1600.01-2-R8-1" LEXICALCONDITION="Preposition">
    <extent>
      <charseq START="6287" END="6305">a city of 5 million</charseq>
    </extent>
    <relation_mention_argument REFID="CNN_IP_20030405.1600.01-2-E38-113" ROLE="Arg-1">
      <extent>
        <charseq START="6297" END="6305">5 million</charseq>
      </extent>
    </relation_mention_argument>
    <relation_mention_argument REFID="CNN_IP_20030405.1600.01-2-E37-112" ROLE="Arg-2">
      <extent>
        <charseq START="6287" END="6305">a city of 5 million</charseq>
      </extent>
    </relation_mention_argument>
  </relation_mention>
</relation>
<relation ID="CNN_IP_20030405.1600.01-2-R9" TYPE="PHYS" SUBTYPE="Near" TENSE="Unspecified" MODALITY="Asserted">
  <relation_argument REFID="CNN_IP_20030405.1600.01-2-E48" ROLE="Arg-1"/>
  <relation_argument REFID="CNN_IP_20030405.1600.01-2-E37" ROLE="Arg-2"/>
  <relation_mention ID="CNN_IP_20030405.1600.01-2-R9-1" LEXICALCONDITION="Verbal">
    <extent>
      <charseq START="6262" END="6305">that -- compound that by a city of 5 million</charseq>
    </extent>
    <relation_mention_argument REFID="CNN_IP_20030405.1600.01-2-E48-132" ROLE="Arg-1">
      <extent>
        <charseq START="6262" END="6305">that -- compound that by a city of 5 million</charseq>
      </extent>
    </relation_mention_argument>
    <relation_mention_argument REFID="CNN_IP_20030405.1600.01-2-E37-112" ROLE="Arg-2">
      <extent>
        <charseq START="6287" END="6305">a city of 5 million</charseq>
      </extent>
    </relation_mention_argument>
  </relation_mention>
</relation>
<relation ID="CNN_IP_20030405.1600.01-2-R10" TYPE="PHYS" SUBTYPE="Located" TENSE="Unspecified" MODALITY="Asserted">
  <relation_argument REFID="CNN_IP_20030405.1600.01-2-E26" ROLE="Arg-1"/>
  <relation_argument REFID="CNN_IP_20030405.1600.01-2-E37" ROLE="Arg-2"/>
  <relation_mention ID="CNN_IP_20030405.1600.01-2-R10-1" LEXICALCONDITION="Verbal">
    <extent>
      <charseq START="130" END="284">Well, U.S. forces entering Baghdad do face the prospect of urban combat,
a type of battle they have trained for, but, of course, they would prefer
to avoid</charseq>
    </extent>
    <relation_mention_argument REFID="CNN_IP_20030405.1600.01-2-E26-69" ROLE="Arg-1">
      <extent>
        <charseq START="136" END="163">U.S. forces entering Baghdad</charseq>
      </extent>
    </relation_mention_argument>
    <relation_mention_argument REFID="CNN_IP_20030405.1600.01-2-E37-75" ROLE="Arg-2">
      <extent>
        <charseq START="157" END="163">Baghdad</charseq>
      </extent>
    </relation_mention_argument>
  </relation_mention>
</relation>
<relation ID="CNN_IP_20030405.1600.01-2-R11" TYPE="ORG-AFF" SUBTYPE="Employment" TENSE="Unspecified" MODALITY="Asserted">
  <relation_argument REFID="CNN_IP_20030405.1600.01-2-E59" ROLE="Arg-1"/>
  <relation_argument REFID="CNN_IP_20030405.1600.01-2-E54" ROLE="Arg-2"/>
  <relation_mention ID="CNN_IP_20030405.1600.01-2-R11-1" LEXICALCONDITION="Possessive">
    <extent>
      <charseq START="514" END="533">our security analyst</charseq>
    </extent>
    <relation_mention_argument REFID="CNN_IP_20030405.1600.01-2-E59-172" ROLE="Arg-1">
      <extent>
        <charseq START="514" END="533">our security analyst</charseq>
      </extent>
    </relation_mention_argument>
    <relation_mention_argument REFID="CNN_IP_20030405.1600.01-2-E54-142" ROLE="Arg-2">
      <extent>
        <charseq START="514" END="516">our</charseq>
      </extent>
    </relation_mention_argument>
  </relation_mention>
</relation>
<relation ID="CNN_IP_20030405.1600.01-2-R12" TYPE="PHYS" SUBTYPE="Located" TENSE="Unspecified" MODALITY="Asserted">
  <relation_argument REFID="CNN_IP_20030405.1600.01-2-E24" ROLE="Arg-1"/>
  <relation_argument REFID="CNN_IP_20030405.1600.01-2-E23" ROLE="Arg-2"/>
  <relation_mention ID="CNN_IP_20030405.1600.01-2-R12-1" LEXICALCONDITION="Preposition">
    <extent>
      <charseq START="4391" END="4434">anyone with a rifle back in these areas here</charseq>
    </extent>
    <relation_mention_argument REFID="CNN_IP_20030405.1600.01-2-E24-67" ROLE="Arg-1">
      <extent>
        <charseq START="4391" END="4434">anyone with a rifle back in these areas here</charseq>
      </extent>
    </relation_mention_argument>
    <relation_mention_argument REFID="CNN_IP_20030405.1600.01-2-E23-173" ROLE="Arg-2">
      <extent>
        <charseq START="4431" END="4434">here</charseq>
      </extent>
    </relation_mention_argument>
  </relation_mention>
</relation>
<relation ID="CNN_IP_20030405.1600.01-2-R13" TYPE="ART" SUBTYPE="User-Owner-Inventor-Manufacturer" TENSE="Unspecified" MODALITY="Asserted">
  <relation_argument REFID="CNN_IP_20030405.1600.01-2-E24" ROLE="Arg-1"/>
  <relation_argument REFID="CNN_IP_20030405.1600.01-2-E25" ROLE="Arg-2"/>
  <relation_mention ID="CNN_IP_20030405.1600.01-2-R13-1" LEXICALCONDITION="Preposition">
    <extent>
      <charseq START="4391" END="4434">anyone with a rifle back in these areas here</charseq>
    </extent>
    <relation_mention_argument REFID="CNN_IP_20030405.1600.01-2-E24-67" ROLE="Arg-1">
      <extent>
        <charseq START="4391" END="4434">anyone with a rifle back in these areas here</charseq>
      </extent>
    </relation_mention_argument>
    <relation_mention_argument REFID="CNN_IP_20030405.1600.01-2-E25-68" ROLE="Arg-2">
      <extent>
        <charseq START="4403" END="4409">a rifle</charseq>
      </extent>
    </relation_mention_argument>
  </relation_mention>
</relation>
<relation ID="CNN_IP_20030405.1600.01-2-R14" TYPE="ORG-AFF" SUBTYPE="Employment" TENSE="Unspecified" MODALITY="Asserted">
  <relation_argument REFID="CNN_IP_20030405.1600.01-2-E52" ROLE="Arg-1"/>
  <relation_argument REFID="CNN_IP_20030405.1600.01-2-E20" ROLE="Arg-2"/>
  <relation_mention ID="CNN_IP_20030405.1600.01-2-R14-1" LEXICALCONDITION="PreMod">
    <extent>
      <charseq START="6387" END="6411">U.S. and coalition forces</charseq>
    </extent>
    <relation_mention_argument REFID="CNN_IP_20030405.1600.01-2-E52-137" ROLE="Arg-1">
      <extent>
        <charseq START="6387" END="6411">U.S. and coalition forces</charseq>
      </extent>
    </relation_mention_argument>
    <relation_mention_argument REFID="CNN_IP_20030405.1600.01-2-E20-115" ROLE="Arg-2">
      <extent>
        <charseq START="6387" END="6389">U.S</charseq>
      </extent>
    </relation_mention_argument>
  </relation_mention>
</relation>
<relation ID="CNN_IP_20030405.1600.01-2-R15" TYPE="ORG-AFF" SUBTYPE="Employment" TENSE="Unspecified" MODALITY="Asserted">
  <relation_argument REFID="CNN_IP_20030405.1600.01-2-E52" ROLE="Arg-1"/>
  <relation_argument REFID="CNN_IP_20030405.1600.01-2-E40" ROLE="Arg-2"/>
  <relation_mention ID="CNN_IP_20030405.1600.01-2-R15-1" LEXICALCONDITION="PreMod">
    <extent>
      <charseq START="6387" END="6411">U.S. and coalition forces</charseq>
    </extent>
    <relation_mention_argument REFID="CNN_IP_20030405.1600.01-2-E52-137" ROLE="Arg-1">
      <extent>
        <charseq START="6387" END="6411">U.S. and coalition forces</charseq>
      </extent>
    </relation_mention_argument>
    <relation_mention_argument REFID="CNN_IP_20030405.1600.01-2-E40-116" ROLE="Arg-2">
      <extent>
        <charseq START="6396" END="6404">coalition</charseq>
      </extent>
    </relation_mention_argument>
  </relation_mention>
</relation>
<event ID="CNN_IP_20030405.1600.01-2-EV1" TYPE="Movement" SUBTYPE="Transport" MODALITY="Asserted" POLARITY="Positive" GENERICITY="Specific" TENSE="Unspecified">
  <event_argument REFID="CNN_IP_20030405.1600.01-2-E26" ROLE="Artifact"/>
  <event_argument REFID="CNN_IP_20030405.1600.01-2-E37" ROLE="Destination"/>
  <event_mention ID="CNN_IP_20030405.1600.01-2-EV1-1">
    <extent>
      <charseq START="136" END="163">U.S. forces entering Baghdad</charseq>
    </extent>
    <ldc_scope>
      <charseq START="130" END="284">Well, U.S. forces entering Baghdad do face the prospect of urban combat,
a type of battle they have trained for, but, of course, they would prefer
to avoid</charseq>
    </ldc_scope>
    <anchor>
      <charseq START="148" END="155">entering</charseq>
    </anchor>
    <event_mention_argument REFID="CNN_IP_20030405.1600.01-2-E26-69" ROLE="Artifact">
      <extent>
        <charseq START="136" END="163">U.S. forces entering Baghdad</charseq>
      </extent>
    </event_mention_argument>
    <event_mention_argument REFID="CNN_IP_20030405.1600.01-2-E37-75" ROLE="Destination">
      <extent>
        <charseq START="157" END="163">Baghdad</charseq>
      </extent>
    </event_mention_argument>
  </event_mention>
</event>
<event ID="CNN_IP_20030405.1600.01-2-EV2" TYPE="Conflict" SUBTYPE="Attack" MODALITY="Other" POLARITY="Positive" GENERICITY="Generic" TENSE="Unspecified">
  <event_mention ID="CNN_IP_20030405.1600.01-2-EV2-1">
    <extent>
      <charseq START="195" END="200">combat</charseq>
    </extent>
    <ldc_scope>
      <charseq START="130" END="284">Well, U.S. forces entering Baghdad do face the prospect of urban combat,
a type of battle they have trained for, but, of course, they would prefer
to avoid</charseq>
    </ldc_scope>
    <anchor>
      <charseq START="195" END="200">combat</charseq>
    </anchor>
  </event_mention>
  <event_mention ID="CNN_IP_20030405.1600.01-2-EV2-2">
    <extent>
      <charseq START="340" END="345">combat</charseq>
    </extent>
    <ldc_scope>
      <charseq START="287" END="429">For more now on the unique challenges posed by urban combat,
let's go back to Atlanta and join the man whose voice we just heard,
Miles O'Brien</charseq>
    </ldc_scope>
    <anchor>
      <charseq START="340" END="345">combat</charseq>
    </anchor>
  </event_mention>
  <event_mention ID="CNN_IP_20030405.1600.01-2-EV2-3">
    <extent>
      <charseq START="3673" END="3678">combat</charseq>
    </extent>
    <ldc_scope>
      <charseq START="3608" END="3683">Now, this is a rural setting, but this could be applied to
urban combat, yes</charseq>
    </ldc_scope>
    <anchor>
      <charseq START="3673" END="3678">combat</charseq>
    </anchor>
  </event_mention>
  <event_mention ID="CNN_IP_20030405.1600.01-2-EV2-4">
    <extent>
      <charseq START="1288" END="1293">Combat</charseq>
    </extent>
    <ldc_scope>
      <charseq START="1191" END="1297">We're going to kind of play it and stop it, and
Kelly's going to walk us through, I guess, Urban Combat 101</charseq>
    </ldc_scope>
    <anchor>
      <charseq START="1288" END="1293">Combat</charseq>
    </anchor>
  </event_mention>
  <event_mention ID="CNN_IP_20030405.1600.01-2-EV2-5">
    <extent>
      <charseq START="589" END="594">combat</charseq>
    </extent>
    <ldc_scope>
      <charseq START="483" END="594">I'm joined by J. Kelly McCann, our security analyst, a
man who's spent a lot of time learning about urban combat</charseq>
    </ldc_scope>
    <anchor>
      <charseq START="589" END="594">combat</charseq>
    </anchor>
  </event_mention>
</event>
<event ID="CNN_IP_20030405.1600.01-2-EV3" TYPE="Conflict" SUBTYPE="Attack" MODALITY="Other" POLARITY="Negative" GENERICITY="Specific" TENSE="Unspecified">
  <event_argument REFID="CNN_IP_20030405.1600.01-2-E9" ROLE="Victim"/>
  <event_mention ID="CNN_IP_20030405.1600.01-2-EV3-1">
    <extent>
      <charseq START="2016" END="2048">this person here doesn't get shot</charseq>
    </extent>
    <ldc_scope>
      <charseq START="1709" END="2060">As you make every entry, Miles, there are two dead spots, one,
of course, in this direction right here, which you can't see from the
doorway, the other in this direction right here, and that's always the
problem, because as you come in here, you've got to be able to get in
there quickly and make sure that this person here doesn't get shot in the
back</charseq>
    </ldc_scope>
    <anchor>
      <charseq START="2045" END="2048">shot</charseq>
    </anchor>
    <event_mention_argument REFID="CNN_IP_20030405.1600.01-2-E9-31" ROLE="Victim">
      <extent>
        <charseq START="2016" END="2031">this person here</charseq>
      </extent>
    </event_mention_argument>
  </event_mention>
</event>
<event ID="CNN_IP_20030405.1600.01-2-EV4" TYPE="Conflict" SUBTYPE="Attack" MODALITY="Other" POLARITY="Positive" GENERICITY="Specific" TENSE="Unspecified">
  <event_argument REFID="CNN_IP_20030405.1600.01-2-E11" ROLE="Attacker"/>
  <event_mention ID="CNN_IP_20030405.1600.01-2-EV4-1">
    <extent>
      <charseq START="3018" END="3028">shoot if he</charseq>
    </extent>
    <ldc_scope>
      <charseq START="2855" END="3037">You'll see another person come right up here, and he'll hold on
this door, because that's not been cleared space yet, again, straight
trigger finger, but ready to shoot if he needs to</charseq>
    </ldc_scope>
    <anchor>
      <charseq START="3018" END="3022">shoot</charseq>
    </anchor>
    <event_mention_argument REFID="CNN_IP_20030405.1600.01-2-E11-39" ROLE="Attacker">
      <extent>
        <charseq START="3027" END="3028">he</charseq>
      </extent>
    </event_mention_argument>
  </event_mention>
</event>
<event ID="CNN_IP_20030405.1600.01-2-EV5" TYPE="Conflict" SUBTYPE="Attack" MODALITY="Other" POLARITY="Positive" GENERICITY="Generic" TENSE="Unspecified">
  <event_argument REFID="CNN_IP_20030405.1600.01-2-E31" ROLE="Attacker"/>
  <event_mention ID="CNN_IP_20030405.1600.01-2-EV5-1">
    <extent>
      <charseq START="5437" END="5457">their sectors
of fire</charseq>
    </extent>
    <ldc_scope>
      <charseq START="5417" END="5457">You see them having their sectors
of fire</charseq>
    </ldc_scope>
    <anchor>
      <charseq START="5454" END="5457">fire</charseq>
    </anchor>
    <event_mention_argument REFID="CNN_IP_20030405.1600.01-2-E31-96" ROLE="Attacker">
      <extent>
        <charseq START="5437" END="5441">their</charseq>
      </extent>
    </event_mention_argument>
  </event_mention>
</event>
<event ID="CNN_IP_20030405.1600.01-2-EV6" TYPE="Movement" SUBTYPE="Transport" MODALITY="Other" POLARITY="Positive" GENERICITY="Specific" TENSE="Unspecified">
  <event_argument REFID="CNN_IP_20030405.1600.01-2-E1" ROLE="Person"/>
  <event_argument REFID="CNN_IP_20030405.1600.01-2-E15" ROLE="Destination"/>
  <event_mention ID="CNN_IP_20030405.1600.01-2-EV6-1">
    <extent>
      <charseq START="3742" END="3765">you come into a building</charseq>
    </extent>
    <ldc_scope>
      <charseq START="3726" END="3765">Same thing when you come into a building</charseq>
    </ldc_scope>
    <anchor>
      <charseq START="3746" END="3749">come</charseq>
    </anchor>
    <event_mention_argument REFID="CNN_IP_20030405.1600.01-2-E1-49" ROLE="Person">
      <extent>
        <charseq START="3742" END="3744">you</charseq>
      </extent>
    </event_mention_argument>
    <event_mention_argument REFID="CNN_IP_20030405.1600.01-2-E15-50" ROLE="Destination">
      <extent>
        <charseq START="3756" END="3765">a building</charseq>
      </extent>
    </event_mention_argument>
  </event_mention>
</event>
<event ID="CNN_IP_20030405.1600.01-2-EV7" TYPE="Conflict" SUBTYPE="Attack" MODALITY="Other" POLARITY="Positive" GENERICITY="Generic" TENSE="Unspecified">
  <event_mention ID="CNN_IP_20030405.1600.01-2-EV7-1">
    <extent>
      <charseq START="213" END="218">battle</charseq>
    </extent>
    <ldc_scope>
      <charseq START="130" END="284">Well, U.S. forces entering Baghdad do face the prospect of urban combat,
a type of battle they have trained for, but, of course, they would prefer
to avoid</charseq>
    </ldc_scope>
    <anchor>
      <charseq START="213" END="218">battle</charseq>
    </anchor>
  </event_mention>
</event>
</document>
</source_file>
