<?xml version="1.0"?>
<!DOCTYPE source_file SYSTEM "apf.v5.1.1.dtd">
<source_file URI="CNN_LE_20030504.1200.01.sgm" SOURCE="broadcast conversation" TYPE="text" AUTHOR="LDC" ENCODING="UTF-8">
<document DOCID="CNN_LE_20030504.1200.01">
<entity ID="CNN_LE_20030504.1200.01-E1" TYPE="PER" SUBTYPE="Individual" CLASS="SPC">
  <entity_mention ID="CNN_LE_20030504.1200.01-E1-166" TYPE="NAM" LDCTYPE="NAM">
    <extent>
      <charseq START="629" END="642">Bashar al-Asad</charseq>
    </extent>
    <head>
      <charseq START="629" END="642">Bashar al-Asad</charseq>
    </head>
  </entity_mention>
  <entity_attributes>
    <name NAME="Bashar al-Asad">
      <charseq START="629" END="642">Bashar al-Asad</charseq>
    </name>
  </entity_attributes>
</entity>
<entity ID="CNN_LE_20030504.1200.01-E2" TYPE="PER" SUBTYPE="Individual" CLASS="SPC">
  <entity_mention ID="CNN_LE_20030504.1200.01-E2-4" TYPE="NAM" LDCTYPE="NAM" LDCATR="FALSE">
    <extent>
      <charseq START="700" END="715">Secretary Powell</charseq>
    </extent>
    <head>
      <charseq START="710" END="715">Powell</charseq>
    </head>
  </entity_mention>
  <entity_mention ID="CNN_LE_20030504.1200.01-E2-5" TYPE="NOM" LDCTYPE="NOMPRE" LDCATR="TRUE">
    <extent>
      <charseq START="700" END="708">Secretary</charseq>
    </extent>
    <head>
      <charseq START="700" END="708">Secretary</charseq>
    </head>
  </entity_mention>
  <entity_mention ID="CNN_LE_20030504.1200.01-E2-7" TYPE="PRO" LDCTYPE="PRO" LDCATR="FALSE">
    <extent>
      <charseq START="813" END="814">He</charseq>
    </extent>
    <head>
      <charseq START="813" END="814">He</charseq>
    </head>
  </entity_mention>
  <entity_mention ID="CNN_LE_20030504.1200.01-E2-10" TYPE="PRO" LDCTYPE="PRO" LDCATR="FALSE">
    <extent>
      <charseq START="893" END="895">him</charseq>
    </extent>
    <head>
      <charseq START="893" END="895">him</charseq>
    </head>
  </entity_mention>
  <entity_mention ID="CNN_LE_20030504.1200.01-E2-21" TYPE="NAM" LDCTYPE="NAM" LDCATR="FALSE">
    <extent>
      <charseq START="1270" END="1285">Secretary Powell</charseq>
    </extent>
    <head>
      <charseq START="1280" END="1285">Powell</charseq>
    </head>
  </entity_mention>
  <entity_mention ID="CNN_LE_20030504.1200.01-E2-22" TYPE="NOM" LDCTYPE="NOMPRE" LDCATR="TRUE">
    <extent>
      <charseq START="1270" END="1278">Secretary</charseq>
    </extent>
    <head>
      <charseq START="1270" END="1278">Secretary</charseq>
    </head>
  </entity_mention>
  <entity_mention ID="CNN_LE_20030504.1200.01-E2-29" TYPE="NOM" LDCTYPE="NOM" LDCATR="FALSE">
    <extent>
      <charseq START="1535" END="1556">The secretary of state</charseq>
    </extent>
    <head>
      <charseq START="1539" END="1547">secretary</charseq>
    </head>
  </entity_mention>
  <entity_mention ID="CNN_LE_20030504.1200.01-E2-46" TYPE="PRO" LDCTYPE="PRO" LDCATR="FALSE">
    <extent>
      <charseq START="1908" END="1909">he</charseq>
    </extent>
    <head>
      <charseq START="1908" END="1909">he</charseq>
    </head>
  </entity_mention>
  <entity_mention ID="CNN_LE_20030504.1200.01-E2-53" TYPE="PRO" LDCTYPE="PRO" LDCATR="FALSE">
    <extent>
      <charseq START="1992" END="1993">he</charseq>
    </extent>
    <head>
      <charseq START="1992" END="1993">he</charseq>
    </head>
  </entity_mention>
  <entity_mention ID="CNN_LE_20030504.1200.01-E2-69" TYPE="NAM" LDCTYPE="NAM" LDCATR="FALSE">
    <extent>
      <charseq START="2335" END="2339">Colin</charseq>
    </extent>
    <head>
      <charseq START="2335" END="2339">Colin</charseq>
    </head>
  </entity_mention>
  <entity_mention ID="CNN_LE_20030504.1200.01-E2-84" TYPE="NAM" LDCTYPE="NAM" LDCATR="FALSE">
    <extent>
      <charseq START="2757" END="2761">Colin</charseq>
    </extent>
    <head>
      <charseq START="2757" END="2761">Colin</charseq>
    </head>
  </entity_mention>
  <entity_mention ID="CNN_LE_20030504.1200.01-E2-164" TYPE="NOM" LDCTYPE="NOM" LDCATR="FALSE">
    <extent>
      <charseq START="591" END="612">the secretary of state</charseq>
    </extent>
    <head>
      <charseq START="595" END="603">secretary</charseq>
    </head>
  </entity_mention>
  <entity_attributes>
    <name NAME="Powell">
      <charseq START="710" END="715">Powell</charseq>
    </name>
    <name NAME="Powell">
      <charseq START="1280" END="1285">Powell</charseq>
    </name>
    <name NAME="Colin">
      <charseq START="2335" END="2339">Colin</charseq>
    </name>
    <name NAME="Colin">
      <charseq START="2757" END="2761">Colin</charseq>
    </name>
  </entity_attributes>
</entity>
<entity ID="CNN_LE_20030504.1200.01-E3" TYPE="PER" SUBTYPE="Indeterminate" CLASS="USP">
  <entity_mention ID="CNN_LE_20030504.1200.01-E3-12" TYPE="PRO" LDCTYPE="PRO">
    <extent>
      <charseq START="972" END="974">You</charseq>
    </extent>
    <head>
      <charseq START="972" END="974">You</charseq>
    </head>
  </entity_mention>
  <entity_mention ID="CNN_LE_20030504.1200.01-E3-62" TYPE="PRO" LDCTYPE="PRO">
    <extent>
      <charseq START="2139" END="2141">you</charseq>
    </extent>
    <head>
      <charseq START="2139" END="2141">you</charseq>
    </head>
  </entity_mention>
</entity>
<entity ID="CNN_LE_20030504.1200.01-E4" TYPE="PER" SUBTYPE="Individual" CLASS="SPC">
  <entity_mention ID="CNN_LE_20030504.1200.01-E4-9" TYPE="NOM" LDCTYPE="NOM">
    <extent>
      <charseq START="873" END="885">the
president</charseq>
    </extent>
    <head>
      <charseq START="877" END="885">president</charseq>
    </head>
  </entity_mention>
  <entity_mention ID="CNN_LE_20030504.1200.01-E4-150" TYPE="NOM" LDCTYPE="NOM">
    <extent>
      <charseq START="4954" END="4966">the president</charseq>
    </extent>
    <head>
      <charseq START="4958" END="4966">president</charseq>
    </head>
  </entity_mention>
</entity>
<entity ID="CNN_LE_20030504.1200.01-E5" TYPE="PER" SUBTYPE="Group" CLASS="GEN">
  <entity_mention ID="CNN_LE_20030504.1200.01-E5-11" TYPE="PRO" LDCTYPE="PRO">
    <extent>
      <charseq START="941" END="942">We</charseq>
    </extent>
    <head>
      <charseq START="941" END="942">We</charseq>
    </head>
  </entity_mention>
  <entity_mention ID="CNN_LE_20030504.1200.01-E5-56" TYPE="PRO" LDCTYPE="PRO">
    <extent>
      <charseq START="2060" END="2061">we</charseq>
    </extent>
    <head>
      <charseq START="2060" END="2061">we</charseq>
    </head>
  </entity_mention>
</entity>
<entity ID="CNN_LE_20030504.1200.01-E7" TYPE="PER" SUBTYPE="Group" CLASS="SPC">
  <entity_mention ID="CNN_LE_20030504.1200.01-E7-32" TYPE="NOM" LDCTYPE="NOM">
    <extent>
      <charseq START="1642" END="1654">the prisoners</charseq>
    </extent>
    <head>
      <charseq START="1646" END="1654">prisoners</charseq>
    </head>
  </entity_mention>
  <entity_mention ID="CNN_LE_20030504.1200.01-E7-33" TYPE="PRO" LDCTYPE="HLS">
    <extent>
      <charseq START="1682" END="1744">those detained at the U.S. Naval base at Guantanamo Bay in
Cuba</charseq>
    </extent>
    <head>
      <charseq START="1682" END="1686">those</charseq>
    </head>
  </entity_mention>
  <entity_mention ID="CNN_LE_20030504.1200.01-E7-42" TYPE="PRO" LDCTYPE="PTV">
    <extent>
      <charseq START="1747" END="1769">about 600 or so of them</charseq>
    </extent>
    <head>
      <charseq START="1753" END="1755">600</charseq>
    </head>
  </entity_mention>
  <entity_mention ID="CNN_LE_20030504.1200.01-E7-43" TYPE="NOM" LDCTYPE="NOM">
    <extent>
      <charseq START="1829" END="1845">these individuals</charseq>
    </extent>
    <head>
      <charseq START="1835" END="1845">individuals</charseq>
    </head>
  </entity_mention>
  <entity_mention ID="CNN_LE_20030504.1200.01-E7-67" TYPE="NOM" LDCTYPE="NOM">
    <extent>
      <charseq START="2170" END="2184">these detainees</charseq>
    </extent>
    <head>
      <charseq START="2176" END="2184">detainees</charseq>
    </head>
  </entity_mention>
  <entity_mention ID="CNN_LE_20030504.1200.01-E7-68" TYPE="PRO" LDCTYPE="PRO">
    <extent>
      <charseq START="2231" END="2234">they</charseq>
    </extent>
    <head>
      <charseq START="2231" END="2234">they</charseq>
    </head>
  </entity_mention>
</entity>
<entity ID="CNN_LE_20030504.1200.01-E8" TYPE="FAC" SUBTYPE="Building-Grounds" CLASS="SPC">
  <entity_mention ID="CNN_LE_20030504.1200.01-E8-34" TYPE="NOM" LDCTYPE="NOM">
    <extent>
      <charseq START="1700" END="1744">the U.S. Naval base at Guantanamo Bay in
Cuba</charseq>
    </extent>
    <head>
      <charseq START="1715" END="1718">base</charseq>
    </head>
  </entity_mention>
</entity>
<entity ID="CNN_LE_20030504.1200.01-E9" TYPE="GPE" SUBTYPE="Nation" CLASS="SPC">
  <entity_mention ID="CNN_LE_20030504.1200.01-E9-82" TYPE="NAM" LDCTYPE="NAMPRE" ROLE="GPE" LDCATR="FALSE">
    <extent>
      <charseq START="279" END="291">United States</charseq>
    </extent>
    <head>
      <charseq START="279" END="291">United States</charseq>
    </head>
  </entity_mention>
  <entity_mention ID="CNN_LE_20030504.1200.01-E9-109" TYPE="NOM" LDCTYPE="NOM" ROLE="GPE" LDCATR="FALSE">
    <extent>
      <charseq START="3411" END="3421">our country</charseq>
    </extent>
    <head>
      <charseq START="3415" END="3421">country</charseq>
    </head>
  </entity_mention>
  <entity_mention ID="CNN_LE_20030504.1200.01-E9-110" TYPE="PRO" LDCTYPE="PRO" ROLE="PER" LDCATR="FALSE">
    <extent>
      <charseq START="3411" END="3413">our</charseq>
    </extent>
    <head>
      <charseq START="3411" END="3413">our</charseq>
    </head>
  </entity_mention>
  <entity_mention ID="CNN_LE_20030504.1200.01-E9-116" TYPE="NAM" LDCTYPE="NAM" ROLE="LOC" LDCATR="FALSE">
    <extent>
      <charseq START="3666" END="3682">the United States</charseq>
    </extent>
    <head>
      <charseq START="3670" END="3682">United States</charseq>
    </head>
  </entity_mention>
  <entity_mention ID="CNN_LE_20030504.1200.01-E9-118" TYPE="PRO" LDCTYPE="PRO" ROLE="ORG" LDCATR="FALSE">
    <extent>
      <charseq START="3824" END="3825">We</charseq>
    </extent>
    <head>
      <charseq START="3824" END="3825">We</charseq>
    </head>
  </entity_mention>
  <entity_mention ID="CNN_LE_20030504.1200.01-E9-123" TYPE="PRO" LDCTYPE="PRO" ROLE="ORG" LDCATR="FALSE">
    <extent>
      <charseq START="3990" END="3991">we</charseq>
    </extent>
    <head>
      <charseq START="3990" END="3991">we</charseq>
    </head>
  </entity_mention>
  <entity_mention ID="CNN_LE_20030504.1200.01-E9-126" TYPE="PRO" LDCTYPE="PRO" ROLE="ORG" LDCATR="FALSE">
    <extent>
      <charseq START="4100" END="4101">we</charseq>
    </extent>
    <head>
      <charseq START="4100" END="4101">we</charseq>
    </head>
  </entity_mention>
  <entity_mention ID="CNN_LE_20030504.1200.01-E9-129" TYPE="PRO" LDCTYPE="PRO" ROLE="ORG" LDCATR="FALSE">
    <extent>
      <charseq START="4254" END="4256">our</charseq>
    </extent>
    <head>
      <charseq START="4254" END="4256">our</charseq>
    </head>
  </entity_mention>
  <entity_mention ID="CNN_LE_20030504.1200.01-E9-153" TYPE="NAM" LDCTYPE="NAMPRE" ROLE="GPE" LDCATR="TRUE">
    <extent>
      <charseq START="1704" END="1706">U.S</charseq>
    </extent>
    <head>
      <charseq START="1704" END="1706">U.S</charseq>
    </head>
  </entity_mention>
  <entity_attributes>
    <name NAME="United States">
      <charseq START="279" END="291">United States</charseq>
    </name>
    <name NAME="United States">
      <charseq START="3670" END="3682">United States</charseq>
    </name>
    <name NAME="U.S">
      <charseq START="1704" END="1706">U.S</charseq>
    </name>
  </entity_attributes>
</entity>
<entity ID="CNN_LE_20030504.1200.01-E10" TYPE="GPE" SUBTYPE="Nation" CLASS="SPC">
  <entity_mention ID="CNN_LE_20030504.1200.01-E10-37" TYPE="NAM" LDCTYPE="NAM" ROLE="LOC">
    <extent>
      <charseq START="3595" END="3600">Kuwait</charseq>
    </extent>
    <head>
      <charseq START="3595" END="3600">Kuwait</charseq>
    </head>
  </entity_mention>
  <entity_attributes>
    <name NAME="Kuwait">
      <charseq START="3595" END="3600">Kuwait</charseq>
    </name>
  </entity_attributes>
</entity>
<entity ID="CNN_LE_20030504.1200.01-E11" TYPE="LOC" SUBTYPE="Water-Body" CLASS="SPC">
  <entity_mention ID="CNN_LE_20030504.1200.01-E11-38" TYPE="NAM" LDCTYPE="NAM">
    <extent>
      <charseq START="1723" END="1744">Guantanamo Bay in
Cuba</charseq>
    </extent>
    <head>
      <charseq START="1723" END="1736">Guantanamo Bay</charseq>
    </head>
  </entity_mention>
  <entity_mention ID="CNN_LE_20030504.1200.01-E11-77" TYPE="NAM" LDCTYPE="NAM">
    <extent>
      <charseq START="2563" END="2567">Gitmo</charseq>
    </extent>
    <head>
      <charseq START="2563" END="2567">Gitmo</charseq>
    </head>
  </entity_mention>
  <entity_mention ID="CNN_LE_20030504.1200.01-E11-78" TYPE="NAM" LDCTYPE="NAM">
    <extent>
      <charseq START="2573" END="2592">Guantanamo Bay, Cuba</charseq>
    </extent>
    <head>
      <charseq START="2573" END="2586">Guantanamo Bay</charseq>
    </head>
  </entity_mention>
  <entity_attributes>
    <name NAME="Guantanamo Bay">
      <charseq START="1723" END="1736">Guantanamo Bay</charseq>
    </name>
    <name NAME="Gitmo">
      <charseq START="2563" END="2567">Gitmo</charseq>
    </name>
    <name NAME="Guantanamo Bay">
      <charseq START="2573" END="2586">Guantanamo Bay</charseq>
    </name>
  </entity_attributes>
</entity>
<entity ID="CNN_LE_20030504.1200.01-E12" TYPE="GPE" SUBTYPE="Nation" CLASS="SPC">
  <entity_mention ID="CNN_LE_20030504.1200.01-E12-39" TYPE="NAM" LDCTYPE="NAM" ROLE="LOC">
    <extent>
      <charseq START="1741" END="1744">Cuba</charseq>
    </extent>
    <head>
      <charseq START="1741" END="1744">Cuba</charseq>
    </head>
  </entity_mention>
  <entity_mention ID="CNN_LE_20030504.1200.01-E12-79" TYPE="NAM" LDCTYPE="NAM" ROLE="LOC">
    <extent>
      <charseq START="2589" END="2592">Cuba</charseq>
    </extent>
    <head>
      <charseq START="2589" END="2592">Cuba</charseq>
    </head>
  </entity_mention>
  <entity_attributes>
    <name NAME="Cuba">
      <charseq START="1741" END="1744">Cuba</charseq>
    </name>
    <name NAME="Cuba">
      <charseq START="2589" END="2592">Cuba</charseq>
    </name>
  </entity_attributes>
</entity>
<entity ID="CNN_LE_20030504.1200.01-E13" TYPE="PER" SUBTYPE="Group" CLASS="USP">
  <entity_mention ID="CNN_LE_20030504.1200.01-E13-41" TYPE="PRO" LDCTYPE="PRO">
    <extent>
      <charseq START="1766" END="1769">them</charseq>
    </extent>
    <head>
      <charseq START="1766" END="1769">them</charseq>
    </head>
  </entity_mention>
</entity>
<entity ID="CNN_LE_20030504.1200.01-E14" TYPE="PER" SUBTYPE="Individual" CLASS="SPC">
  <entity_mention ID="CNN_LE_20030504.1200.01-E14-36" TYPE="PRO" LDCTYPE="PRO">
    <extent>
      <charseq START="2957" END="2957">I</charseq>
    </extent>
    <head>
      <charseq START="2957" END="2957">I</charseq>
    </head>
  </entity_mention>
  <entity_mention ID="CNN_LE_20030504.1200.01-E14-49" TYPE="PRO" LDCTYPE="PRO">
    <extent>
      <charseq START="1955" END="1956">me</charseq>
    </extent>
    <head>
      <charseq START="1955" END="1956">me</charseq>
    </head>
  </entity_mention>
  <entity_mention ID="CNN_LE_20030504.1200.01-E14-87" TYPE="PRO" LDCTYPE="PRO">
    <extent>
      <charseq START="2856" END="2857">me</charseq>
    </extent>
    <head>
      <charseq START="2856" END="2857">me</charseq>
    </head>
  </entity_mention>
  <entity_mention ID="CNN_LE_20030504.1200.01-E14-88" TYPE="PRO" LDCTYPE="PRO">
    <extent>
      <charseq START="2911" END="2911">I</charseq>
    </extent>
    <head>
      <charseq START="2911" END="2911">I</charseq>
    </head>
  </entity_mention>
  <entity_mention ID="CNN_LE_20030504.1200.01-E14-152" TYPE="PRO" LDCTYPE="PRO">
    <extent>
      <charseq START="243" END="244">my</charseq>
    </extent>
    <head>
      <charseq START="243" END="244">my</charseq>
    </head>
  </entity_mention>
  <entity_mention ID="CNN_LE_20030504.1200.01-E14-158" TYPE="PRO" LDCTYPE="PRO">
    <extent>
      <charseq START="359" END="359">I</charseq>
    </extent>
    <head>
      <charseq START="359" END="359">I</charseq>
    </head>
  </entity_mention>
</entity>
<entity ID="CNN_LE_20030504.1200.01-E15" TYPE="PER" SUBTYPE="Individual" CLASS="SPC">
  <entity_mention ID="CNN_LE_20030504.1200.01-E15-40" TYPE="NAM" LDCTYPE="NAM" LDCATR="FALSE">
    <extent>
      <charseq START="2977" END="2995">General Schwarzkopf</charseq>
    </extent>
    <head>
      <charseq START="2985" END="2995">Schwarzkopf</charseq>
    </head>
  </entity_mention>
  <entity_mention ID="CNN_LE_20030504.1200.01-E15-54" TYPE="NOM" LDCTYPE="NOMPRE" LDCATR="TRUE">
    <extent>
      <charseq START="2977" END="2983">General</charseq>
    </extent>
    <head>
      <charseq START="2977" END="2983">General</charseq>
    </head>
  </entity_mention>
  <entity_attributes>
    <name NAME="Schwarzkopf">
      <charseq START="2985" END="2995">Schwarzkopf</charseq>
    </name>
  </entity_attributes>
</entity>
<entity ID="CNN_LE_20030504.1200.01-E16" TYPE="ORG" SUBTYPE="Government" CLASS="GEN">
  <entity_mention ID="CNN_LE_20030504.1200.01-E16-55" TYPE="NOM" LDCTYPE="NOMPRE" LDCATR="TRUE">
    <extent>
      <charseq START="2038" END="2043">agency</charseq>
    </extent>
    <head>
      <charseq START="2038" END="2043">agency</charseq>
    </head>
  </entity_mention>
  <entity_mention ID="CNN_LE_20030504.1200.01-E16-83" TYPE="NOM" LDCTYPE="NOMPRE" LDCATR="TRUE">
    <extent>
      <charseq START="2714" END="2719">agency</charseq>
    </extent>
    <head>
      <charseq START="2714" END="2719">agency</charseq>
    </head>
  </entity_mention>
</entity>
<entity ID="CNN_LE_20030504.1200.01-E17" TYPE="PER" SUBTYPE="Group" CLASS="SPC">
  <entity_mention ID="CNN_LE_20030504.1200.01-E17-57" TYPE="PRO" LDCTYPE="HLS">
    <extent>
      <charseq START="2068" END="2141">all these FBI and Department of Justice and CIA
and DIA, and what have you</charseq>
    </extent>
    <head>
      <charseq START="2078" END="2080">FBI</charseq>
    </head>
  </entity_mention>
</entity>
<entity ID="CNN_LE_20030504.1200.01-E18" TYPE="PER" SUBTYPE="Group" CLASS="SPC">
  <entity_mention ID="CNN_LE_20030504.1200.01-E18-58" TYPE="PRO" LDCTYPE="HLS">
    <extent>
      <charseq START="2068" END="2141">all these FBI and Department of Justice and CIA
and DIA, and what have you</charseq>
    </extent>
    <head>
      <charseq START="2086" END="2095">Department</charseq>
    </head>
  </entity_mention>
</entity>
<entity ID="CNN_LE_20030504.1200.01-E19" TYPE="PER" SUBTYPE="Group" CLASS="SPC">
  <entity_mention ID="CNN_LE_20030504.1200.01-E19-59" TYPE="PRO" LDCTYPE="HLS">
    <extent>
      <charseq START="2068" END="2141">all these FBI and Department of Justice and CIA
and DIA, and what have you</charseq>
    </extent>
    <head>
      <charseq START="2112" END="2114">CIA</charseq>
    </head>
  </entity_mention>
</entity>
<entity ID="CNN_LE_20030504.1200.01-E21" TYPE="PER" SUBTYPE="Group" CLASS="SPC">
  <entity_mention ID="CNN_LE_20030504.1200.01-E21-61" TYPE="PRO" LDCTYPE="HLS">
    <extent>
      <charseq START="2068" END="2141">all these FBI and Department of Justice and CIA
and DIA, and what have you</charseq>
    </extent>
    <head>
      <charseq START="2129" END="2132">what</charseq>
    </head>
  </entity_mention>
</entity>
<entity ID="CNN_LE_20030504.1200.01-E22" TYPE="ORG" SUBTYPE="Government" CLASS="SPC">
  <entity_mention ID="CNN_LE_20030504.1200.01-E22-63" TYPE="NAM" LDCTYPE="NAMPRE">
    <extent>
      <charseq START="2078" END="2080">FBI</charseq>
    </extent>
    <head>
      <charseq START="2078" END="2080">FBI</charseq>
    </head>
  </entity_mention>
  <entity_attributes>
    <name NAME="FBI">
      <charseq START="2078" END="2080">FBI</charseq>
    </name>
  </entity_attributes>
</entity>
<entity ID="CNN_LE_20030504.1200.01-E23" TYPE="ORG" SUBTYPE="Government" CLASS="SPC">
  <entity_mention ID="CNN_LE_20030504.1200.01-E23-64" TYPE="NAM" LDCTYPE="NAMPRE">
    <extent>
      <charseq START="2086" END="2106">Department of Justice</charseq>
    </extent>
    <head>
      <charseq START="2086" END="2095">Department</charseq>
    </head>
  </entity_mention>
  <entity_attributes>
    <name NAME="Department">
      <charseq START="2086" END="2095">Department</charseq>
    </name>
  </entity_attributes>
</entity>
<entity ID="CNN_LE_20030504.1200.01-E24" TYPE="ORG" SUBTYPE="Government" CLASS="SPC">
  <entity_mention ID="CNN_LE_20030504.1200.01-E24-65" TYPE="NAM" LDCTYPE="NAMPRE">
    <extent>
      <charseq START="2112" END="2114">CIA</charseq>
    </extent>
    <head>
      <charseq START="2112" END="2114">CIA</charseq>
    </head>
  </entity_mention>
  <entity_attributes>
    <name NAME="CIA">
      <charseq START="2112" END="2114">CIA</charseq>
    </name>
  </entity_attributes>
</entity>
<entity ID="CNN_LE_20030504.1200.01-E25" TYPE="ORG" SUBTYPE="Government" CLASS="SPC">
  <entity_mention ID="CNN_LE_20030504.1200.01-E25-66" TYPE="NAM" LDCTYPE="NAMPRE">
    <extent>
      <charseq START="2120" END="2122">DIA</charseq>
    </extent>
    <head>
      <charseq START="2120" END="2122">DIA</charseq>
    </head>
  </entity_mention>
  <entity_attributes>
    <name NAME="DIA">
      <charseq START="2120" END="2122">DIA</charseq>
    </name>
  </entity_attributes>
</entity>
<entity ID="CNN_LE_20030504.1200.01-E26" TYPE="PER" SUBTYPE="Group" CLASS="SPC">
  <entity_mention ID="CNN_LE_20030504.1200.01-E26-71" TYPE="PRO" LDCTYPE="PRO">
    <extent>
      <charseq START="2374" END="2383">both of us</charseq>
    </extent>
    <head>
      <charseq START="2382" END="2383">us</charseq>
    </head>
  </entity_mention>
</entity>
<entity ID="CNN_LE_20030504.1200.01-E27" TYPE="GPE" SUBTYPE="Nation" CLASS="USP">
  <entity_mention ID="CNN_LE_20030504.1200.01-E27-72" TYPE="NOM" LDCTYPE="NOM" ROLE="GPE">
    <extent>
      <charseq START="2425" END="2445">a number of countries</charseq>
    </extent>
    <head>
      <charseq START="2437" END="2445">countries</charseq>
    </head>
  </entity_mention>
  <entity_mention ID="CNN_LE_20030504.1200.01-E27-74" TYPE="NOM" LDCTYPE="NOM" ROLE="GPE">
    <extent>
      <charseq START="2515" END="2529">those countries</charseq>
    </extent>
    <head>
      <charseq START="2521" END="2529">countries</charseq>
    </head>
  </entity_mention>
  <entity_mention ID="CNN_LE_20030504.1200.01-E27-75" TYPE="PRO" LDCTYPE="WHQ" ROLE="GPE">
    <extent>
      <charseq START="2532" END="2535">that</charseq>
    </extent>
    <head>
      <charseq START="2532" END="2535">that</charseq>
    </head>
  </entity_mention>
  <entity_mention ID="CNN_LE_20030504.1200.01-E27-80" TYPE="NOM" LDCTYPE="NOM" ROLE="ORG">
    <extent>
      <charseq START="2615" END="2629">those
countries</charseq>
    </extent>
    <head>
      <charseq START="2621" END="2629">countries</charseq>
    </head>
  </entity_mention>
  <entity_mention ID="CNN_LE_20030504.1200.01-E27-81" TYPE="PRO" LDCTYPE="PRO" ROLE="ORG">
    <extent>
      <charseq START="2672" END="2675">they</charseq>
    </extent>
    <head>
      <charseq START="2672" END="2675">they</charseq>
    </head>
  </entity_mention>
</entity>
<entity ID="CNN_LE_20030504.1200.01-E28" TYPE="ORG" SUBTYPE="Government" CLASS="SPC">
  <entity_mention ID="CNN_LE_20030504.1200.01-E28-73" TYPE="NAM" LDCTYPE="NAM">
    <extent>
      <charseq START="2452" END="2474">the Department of State</charseq>
    </extent>
    <head>
      <charseq START="2456" END="2474">Department of State</charseq>
    </head>
  </entity_mention>
  <entity_attributes>
    <name NAME="Department of State">
      <charseq START="2456" END="2474">Department of State</charseq>
    </name>
  </entity_attributes>
</entity>
<entity ID="CNN_LE_20030504.1200.01-E29" TYPE="GPE" SUBTYPE="Population-Center" CLASS="SPC">
  <entity_mention ID="CNN_LE_20030504.1200.01-E29-60" TYPE="NAM" LDCTYPE="NAM" ROLE="LOC">
    <extent>
      <charseq START="3013" END="3022">Washington</charseq>
    </extent>
    <head>
      <charseq START="3013" END="3022">Washington</charseq>
    </head>
  </entity_mention>
  <entity_mention ID="CNN_LE_20030504.1200.01-E29-97" TYPE="NAM" LDCTYPE="NAM" ROLE="LOC">
    <extent>
      <charseq START="3162" END="3171">Washington</charseq>
    </extent>
    <head>
      <charseq START="3162" END="3171">Washington</charseq>
    </head>
  </entity_mention>
  <entity_attributes>
    <name NAME="Washington">
      <charseq START="3013" END="3022">Washington</charseq>
    </name>
    <name NAME="Washington">
      <charseq START="3162" END="3171">Washington</charseq>
    </name>
  </entity_attributes>
</entity>
<entity ID="CNN_LE_20030504.1200.01-E30" TYPE="PER" SUBTYPE="Group" CLASS="USP">
  <entity_mention ID="CNN_LE_20030504.1200.01-E30-50" TYPE="NOM" LDCTYPE="NOM">
    <extent>
      <charseq START="2688" END="2699">those
people</charseq>
    </extent>
    <head>
      <charseq START="2694" END="2699">people</charseq>
    </head>
  </entity_mention>
  <entity_mention ID="CNN_LE_20030504.1200.01-E30-76" TYPE="NOM" LDCTYPE="BAR">
    <extent>
      <charseq START="2542" END="2608">foreign
nationals in Gitmo, in Guantanamo Bay, Cuba, being detained</charseq>
    </extent>
    <head>
      <charseq START="2550" END="2558">nationals</charseq>
    </head>
  </entity_mention>
</entity>
<entity ID="CNN_LE_20030504.1200.01-E32" TYPE="GPE" SUBTYPE="Population-Center" CLASS="SPC">
  <entity_mention ID="CNN_LE_20030504.1200.01-E32-91" TYPE="NAM" LDCTYPE="NAM" ROLE="LOC">
    <extent>
      <charseq START="3028" END="3035">New York</charseq>
    </extent>
    <head>
      <charseq START="3028" END="3035">New York</charseq>
    </head>
  </entity_mention>
  <entity_mention ID="CNN_LE_20030504.1200.01-E32-96" TYPE="NAM" LDCTYPE="NAM" ROLE="LOC">
    <extent>
      <charseq START="3152" END="3159">New York</charseq>
    </extent>
    <head>
      <charseq START="3152" END="3159">New York</charseq>
    </head>
  </entity_mention>
  <entity_attributes>
    <name NAME="New York">
      <charseq START="3028" END="3035">New York</charseq>
    </name>
    <name NAME="New York">
      <charseq START="3152" END="3159">New York</charseq>
    </name>
  </entity_attributes>
</entity>
<entity ID="CNN_LE_20030504.1200.01-E33" TYPE="LOC" SUBTYPE="Water-Body" CLASS="SPC">
  <entity_mention ID="CNN_LE_20030504.1200.01-E33-92" TYPE="NAM" LDCTYPE="NAMPRE">
    <extent>
      <charseq START="3053" END="3056">Gulf</charseq>
    </extent>
    <head>
      <charseq START="3053" END="3056">Gulf</charseq>
    </head>
  </entity_mention>
  <entity_attributes>
    <name NAME="Gulf">
      <charseq START="3053" END="3056">Gulf</charseq>
    </name>
  </entity_attributes>
</entity>
<entity ID="CNN_LE_20030504.1200.01-E34" TYPE="PER" SUBTYPE="Group" CLASS="GEN">
  <entity_mention ID="CNN_LE_20030504.1200.01-E34-35" TYPE="NOM" LDCTYPE="NOM" LDCATR="FALSE">
    <extent>
      <charseq START="2945" END="2954">the troops</charseq>
    </extent>
    <head>
      <charseq START="2949" END="2954">troops</charseq>
    </head>
  </entity_mention>
  <entity_mention ID="CNN_LE_20030504.1200.01-E34-90" TYPE="PRO" LDCTYPE="PRO" LDCATR="FALSE">
    <extent>
      <charseq START="3607" END="3610">they</charseq>
    </extent>
    <head>
      <charseq START="3607" END="3610">they</charseq>
    </head>
  </entity_mention>
  <entity_mention ID="CNN_LE_20030504.1200.01-E34-94" TYPE="NOM" LDCTYPE="NOM" LDCATR="FALSE">
    <extent>
      <charseq START="3075" END="3084">the troops</charseq>
    </extent>
    <head>
      <charseq START="3079" END="3084">troops</charseq>
    </head>
  </entity_mention>
  <entity_mention ID="CNN_LE_20030504.1200.01-E34-95" TYPE="PRO" LDCTYPE="PRO" LDCATR="FALSE">
    <extent>
      <charseq START="3117" END="3120">they</charseq>
    </extent>
    <head>
      <charseq START="3117" END="3120">they</charseq>
    </head>
  </entity_mention>
  <entity_mention ID="CNN_LE_20030504.1200.01-E34-101" TYPE="NOM" LDCTYPE="NOM" LDCATR="FALSE">
    <extent>
      <charseq START="3227" END="3236">the troops</charseq>
    </extent>
    <head>
      <charseq START="3231" END="3236">troops</charseq>
    </head>
  </entity_mention>
  <entity_mention ID="CNN_LE_20030504.1200.01-E34-102" TYPE="NOM" LDCTYPE="NOM" LDCATR="FALSE">
    <extent>
      <charseq START="3239" END="3261">the young men and women</charseq>
    </extent>
    <head>
      <charseq START="3249" END="3251">men</charseq>
    </head>
  </entity_mention>
  <entity_mention ID="CNN_LE_20030504.1200.01-E34-103" TYPE="NOM" LDCTYPE="NOM" LDCATR="TRUE">
    <extent>
      <charseq START="3239" END="3261">the young men and women</charseq>
    </extent>
    <head>
      <charseq START="3257" END="3261">women</charseq>
    </head>
  </entity_mention>
  <entity_mention ID="CNN_LE_20030504.1200.01-E34-104" TYPE="PRO" LDCTYPE="PRO" LDCATR="FALSE">
    <extent>
      <charseq START="3322" END="3325">them</charseq>
    </extent>
    <head>
      <charseq START="3322" END="3325">them</charseq>
    </head>
  </entity_mention>
  <entity_mention ID="CNN_LE_20030504.1200.01-E34-114" TYPE="PRO" LDCTYPE="PRO" LDCATR="FALSE">
    <extent>
      <charseq START="3624" END="3627">they</charseq>
    </extent>
    <head>
      <charseq START="3624" END="3627">they</charseq>
    </head>
  </entity_mention>
  <entity_mention ID="CNN_LE_20030504.1200.01-E34-124" TYPE="NOM" LDCTYPE="NOM" LDCATR="FALSE">
    <extent>
      <charseq START="4069" END="4093">these young men and women</charseq>
    </extent>
    <head>
      <charseq START="4081" END="4083">men</charseq>
    </head>
  </entity_mention>
  <entity_mention ID="CNN_LE_20030504.1200.01-E34-125" TYPE="NOM" LDCTYPE="NOM" LDCATR="FALSE">
    <extent>
      <charseq START="4069" END="4093">these young men and women</charseq>
    </extent>
    <head>
      <charseq START="4089" END="4093">women</charseq>
    </head>
  </entity_mention>
  <entity_mention ID="CNN_LE_20030504.1200.01-E34-154" TYPE="PRO" LDCTYPE="PRO" LDCATR="FALSE">
    <extent>
      <charseq START="3583" END="3586">them</charseq>
    </extent>
    <head>
      <charseq START="3583" END="3586">them</charseq>
    </head>
  </entity_mention>
</entity>
<entity ID="CNN_LE_20030504.1200.01-E35" TYPE="GPE" SUBTYPE="Population-Center" CLASS="USP">
  <entity_mention ID="CNN_LE_20030504.1200.01-E35-98" TYPE="PRO" LDCTYPE="PRO" ROLE="LOC">
    <extent>
      <charseq START="3174" END="3182">elsewhere</charseq>
    </extent>
    <head>
      <charseq START="3174" END="3182">elsewhere</charseq>
    </head>
  </entity_mention>
</entity>
<entity ID="CNN_LE_20030504.1200.01-E39" TYPE="PER" SUBTYPE="Individual" CLASS="SPC">
  <entity_mention ID="CNN_LE_20030504.1200.01-E39-105" TYPE="NAM" LDCTYPE="NAM" LDCATR="FALSE">
    <extent>
      <charseq START="3351" END="3364">General Franks</charseq>
    </extent>
    <head>
      <charseq START="3359" END="3364">Franks</charseq>
    </head>
  </entity_mention>
  <entity_mention ID="CNN_LE_20030504.1200.01-E39-106" TYPE="NOM" LDCTYPE="NOMPRE" LDCATR="TRUE">
    <extent>
      <charseq START="3351" END="3357">General</charseq>
    </extent>
    <head>
      <charseq START="3351" END="3357">General</charseq>
    </head>
  </entity_mention>
  <entity_mention ID="CNN_LE_20030504.1200.01-E39-107" TYPE="PRO" LDCTYPE="PRO" LDCATR="FALSE">
    <extent>
      <charseq START="3370" END="3372">his</charseq>
    </extent>
    <head>
      <charseq START="3370" END="3372">his</charseq>
    </head>
  </entity_mention>
  <entity_attributes>
    <name NAME="Franks">
      <charseq START="3359" END="3364">Franks</charseq>
    </name>
  </entity_attributes>
</entity>
<entity ID="CNN_LE_20030504.1200.01-E41" TYPE="PER" SUBTYPE="Group" CLASS="USP">
  <entity_mention ID="CNN_LE_20030504.1200.01-E41-108" TYPE="NOM" LDCTYPE="NOM">
    <extent>
      <charseq START="3370" END="3377">his team</charseq>
    </extent>
    <head>
      <charseq START="3374" END="3377">team</charseq>
    </head>
  </entity_mention>
</entity>
<entity ID="CNN_LE_20030504.1200.01-E42" TYPE="LOC" SUBTYPE="Celestial" CLASS="SPC">
  <entity_mention ID="CNN_LE_20030504.1200.01-E42-111" TYPE="NOM" LDCTYPE="NOM">
    <extent>
      <charseq START="3431" END="3439">the world</charseq>
    </extent>
    <head>
      <charseq START="3435" END="3439">world</charseq>
    </head>
  </entity_mention>
</entity>
<entity ID="CNN_LE_20030504.1200.01-E43" TYPE="GPE" SUBTYPE="Nation" CLASS="SPC">
  <entity_mention ID="CNN_LE_20030504.1200.01-E43-112" TYPE="NOM" LDCTYPE="NOM" ROLE="PER" LDCATR="FALSE">
    <extent>
      <charseq START="3457" END="3497">the Iraqi people, who have
been liberated</charseq>
    </extent>
    <head>
      <charseq START="3467" END="3472">people</charseq>
    </head>
  </entity_mention>
  <entity_mention ID="CNN_LE_20030504.1200.01-E43-113" TYPE="NAM" LDCTYPE="NAMPRE" ROLE="GPE" LDCATR="TRUE">
    <extent>
      <charseq START="3461" END="3465">Iraqi</charseq>
    </extent>
    <head>
      <charseq START="3461" END="3465">Iraqi</charseq>
    </head>
  </entity_mention>
  <entity_mention ID="CNN_LE_20030504.1200.01-E43-115" TYPE="PRO" LDCTYPE="WHQ" ROLE="PER" LDCATR="FALSE">
    <extent>
      <charseq START="3475" END="3477">who</charseq>
    </extent>
    <head>
      <charseq START="3475" END="3477">who</charseq>
    </head>
  </entity_mention>
  <entity_attributes>
    <name NAME="Iraqi">
      <charseq START="3461" END="3465">Iraqi</charseq>
    </name>
  </entity_attributes>
</entity>
<entity ID="CNN_LE_20030504.1200.01-E45" TYPE="ORG" SUBTYPE="Government" CLASS="SPC">
  <entity_mention ID="CNN_LE_20030504.1200.01-E45-117" TYPE="NOM" LDCTYPE="NOM">
    <extent>
      <charseq START="3750" END="3760">that regime</charseq>
    </extent>
    <head>
      <charseq START="3755" END="3760">regime</charseq>
    </head>
  </entity_mention>
</entity>
<entity ID="CNN_LE_20030504.1200.01-E46" TYPE="PER" SUBTYPE="Individual" CLASS="GEN">
  <entity_mention ID="CNN_LE_20030504.1200.01-E46-119" TYPE="NOM" LDCTYPE="NOMPRE" LDCATR="TRUE">
    <extent>
      <charseq START="3880" END="3888">terrorist</charseq>
    </extent>
    <head>
      <charseq START="3880" END="3888">terrorist</charseq>
    </head>
  </entity_mention>
  <entity_mention ID="CNN_LE_20030504.1200.01-E46-120" TYPE="NOM" LDCTYPE="NOMPRE" LDCATR="TRUE">
    <extent>
      <charseq START="3903" END="3911">terrorist</charseq>
    </extent>
    <head>
      <charseq START="3903" END="3911">terrorist</charseq>
    </head>
  </entity_mention>
</entity>
<entity ID="CNN_LE_20030504.1200.01-E48" TYPE="GPE" SUBTYPE="Nation" CLASS="USP">
  <entity_mention ID="CNN_LE_20030504.1200.01-E48-121" TYPE="NOM" LDCTYPE="BAR" ROLE="ORG">
    <extent>
      <charseq START="3903" END="3967">terrorist states
that exist, that work with those global networks</charseq>
    </extent>
    <head>
      <charseq START="3913" END="3918">states</charseq>
    </head>
  </entity_mention>
  <entity_mention ID="CNN_LE_20030504.1200.01-E48-122" TYPE="PRO" LDCTYPE="WHQ" ROLE="ORG">
    <extent>
      <charseq START="3932" END="3935">that</charseq>
    </extent>
    <head>
      <charseq START="3932" END="3935">that</charseq>
    </head>
  </entity_mention>
  <entity_mention ID="CNN_LE_20030504.1200.01-E48-136" TYPE="PRO" LDCTYPE="WHQ" ROLE="ORG">
    <extent>
      <charseq START="3920" END="3923">that</charseq>
    </extent>
    <head>
      <charseq START="3920" END="3923">that</charseq>
    </head>
  </entity_mention>
</entity>
<entity ID="CNN_LE_20030504.1200.01-E49" TYPE="ORG" SUBTYPE="Media" CLASS="SPC">
  <entity_mention ID="CNN_LE_20030504.1200.01-E49-85" TYPE="PRO" LDCTYPE="PRO">
    <extent>
      <charseq START="226" END="227">We</charseq>
    </extent>
    <head>
      <charseq START="226" END="227">We</charseq>
    </head>
  </entity_mention>
</entity>
<entity ID="CNN_LE_20030504.1200.01-E50" TYPE="PER" SUBTYPE="Individual" CLASS="GEN">
  <entity_mention ID="CNN_LE_20030504.1200.01-E50-99" TYPE="PRO" LDCTYPE="PRO">
    <extent>
      <charseq START="4519" END="4559">one who speculates about things like that</charseq>
    </extent>
    <head>
      <charseq START="4519" END="4521">one</charseq>
    </head>
  </entity_mention>
  <entity_mention ID="CNN_LE_20030504.1200.01-E50-133" TYPE="PRO" LDCTYPE="WHQ">
    <extent>
      <charseq START="4523" END="4525">who</charseq>
    </extent>
    <head>
      <charseq START="4523" END="4525">who</charseq>
    </head>
  </entity_mention>
</entity>
<entity ID="CNN_LE_20030504.1200.01-E51" TYPE="GPE" SUBTYPE="Nation" CLASS="SPC">
  <entity_mention ID="CNN_LE_20030504.1200.01-E51-130" TYPE="NAM" LDCTYPE="NAM" ROLE="GPE">
    <extent>
      <charseq START="4330" END="4340">North Korea</charseq>
    </extent>
    <head>
      <charseq START="4330" END="4340">North Korea</charseq>
    </head>
  </entity_mention>
  <entity_mention ID="CNN_LE_20030504.1200.01-E51-131" TYPE="NAM" LDCTYPE="NAM" ROLE="ORG">
    <extent>
      <charseq START="4346" END="4362">the North Koreans</charseq>
    </extent>
    <head>
      <charseq START="4350" END="4362">North Koreans</charseq>
    </head>
  </entity_mention>
  <entity_mention ID="CNN_LE_20030504.1200.01-E51-132" TYPE="PRO" LDCTYPE="PRO" ROLE="ORG">
    <extent>
      <charseq START="4371" END="4375">their</charseq>
    </extent>
    <head>
      <charseq START="4371" END="4375">their</charseq>
    </head>
  </entity_mention>
  <entity_attributes>
    <name NAME="North Korea">
      <charseq START="4330" END="4340">North Korea</charseq>
    </name>
    <name NAME="North Koreans">
      <charseq START="4350" END="4362">North Koreans</charseq>
    </name>
  </entity_attributes>
</entity>
<entity ID="CNN_LE_20030504.1200.01-E52" TYPE="PER" SUBTYPE="Individual" CLASS="GEN">
  <entity_mention ID="CNN_LE_20030504.1200.01-E52-134" TYPE="PRO" LDCTYPE="PRO">
    <extent>
      <charseq START="772" END="774">you</charseq>
    </extent>
    <head>
      <charseq START="772" END="774">you</charseq>
    </head>
  </entity_mention>
</entity>
<entity ID="CNN_LE_20030504.1200.01-E53" TYPE="ORG" SUBTYPE="Government" CLASS="SPC">
  <entity_mention ID="CNN_LE_20030504.1200.01-E53-138" TYPE="NOM" LDCTYPE="NOM">
    <extent>
      <charseq START="4596" END="4621">the Clinton administration</charseq>
    </extent>
    <head>
      <charseq START="4608" END="4621">administration</charseq>
    </head>
  </entity_mention>
  <entity_mention ID="CNN_LE_20030504.1200.01-E53-145" TYPE="PRO" LDCTYPE="PRO">
    <extent>
      <charseq START="4714" END="4717">they</charseq>
    </extent>
    <head>
      <charseq START="4714" END="4717">they</charseq>
    </head>
  </entity_mention>
  <entity_mention ID="CNN_LE_20030504.1200.01-E53-146" TYPE="PRO" LDCTYPE="PRO">
    <extent>
      <charseq START="4762" END="4765">they</charseq>
    </extent>
    <head>
      <charseq START="4762" END="4765">they</charseq>
    </head>
  </entity_mention>
  <entity_mention ID="CNN_LE_20030504.1200.01-E53-147" TYPE="PRO" LDCTYPE="PRO">
    <extent>
      <charseq START="4789" END="4792">they</charseq>
    </extent>
    <head>
      <charseq START="4789" END="4792">they</charseq>
    </head>
  </entity_mention>
  <entity_mention ID="CNN_LE_20030504.1200.01-E53-148" TYPE="PRO" LDCTYPE="PRO">
    <extent>
      <charseq START="4862" END="4865">them</charseq>
    </extent>
    <head>
      <charseq START="4862" END="4865">them</charseq>
    </head>
  </entity_mention>
</entity>
<entity ID="CNN_LE_20030504.1200.01-E54" TYPE="PER" SUBTYPE="Individual" CLASS="SPC">
  <entity_mention ID="CNN_LE_20030504.1200.01-E54-139" TYPE="NAM" LDCTYPE="NAMPRE">
    <extent>
      <charseq START="4600" END="4606">Clinton</charseq>
    </extent>
    <head>
      <charseq START="4600" END="4606">Clinton</charseq>
    </head>
  </entity_mention>
  <entity_attributes>
    <name NAME="Clinton">
      <charseq START="4600" END="4606">Clinton</charseq>
    </name>
  </entity_attributes>
</entity>
<entity ID="CNN_LE_20030504.1200.01-E55" TYPE="PER" SUBTYPE="Individual" CLASS="SPC">
  <entity_mention ID="CNN_LE_20030504.1200.01-E55-140" TYPE="NAM" LDCTYPE="NAM" LDCATR="FALSE">
    <extent>
      <charseq START="4624" END="4638">Secretary Perry</charseq>
    </extent>
    <head>
      <charseq START="4634" END="4638">Perry</charseq>
    </head>
  </entity_mention>
  <entity_mention ID="CNN_LE_20030504.1200.01-E55-141" TYPE="NOM" LDCTYPE="NOMPRE" LDCATR="TRUE">
    <extent>
      <charseq START="4624" END="4632">Secretary</charseq>
    </extent>
    <head>
      <charseq START="4624" END="4632">Secretary</charseq>
    </head>
  </entity_mention>
  <entity_attributes>
    <name NAME="Perry">
      <charseq START="4634" END="4638">Perry</charseq>
    </name>
  </entity_attributes>
</entity>
<entity ID="CNN_LE_20030504.1200.01-E57" TYPE="PER" SUBTYPE="Group" CLASS="SPC">
  <entity_mention ID="CNN_LE_20030504.1200.01-E57-142" TYPE="NOM" LDCTYPE="NOM">
    <extent>
      <charseq START="4650" END="4682">the
former secretaries of defense</charseq>
    </extent>
    <head>
      <charseq START="4661" END="4671">secretaries</charseq>
    </head>
  </entity_mention>
</entity>
<entity ID="CNN_LE_20030504.1200.01-E58" TYPE="PER" SUBTYPE="Group" CLASS="SPC">
  <entity_mention ID="CNN_LE_20030504.1200.01-E58-143" TYPE="PRO" LDCTYPE="PRO">
    <extent>
      <charseq START="4689" END="4690">we</charseq>
    </extent>
    <head>
      <charseq START="4689" END="4690">we</charseq>
    </head>
  </entity_mention>
</entity>
<entity ID="CNN_LE_20030504.1200.01-E59" TYPE="ORG" SUBTYPE="Government" CLASS="GEN">
  <entity_mention ID="CNN_LE_20030504.1200.01-E59-144" TYPE="NOM" LDCTYPE="NOMPRE">
    <extent>
      <charseq START="4741" END="4748">military</charseq>
    </extent>
    <head>
      <charseq START="4741" END="4748">military</charseq>
    </head>
  </entity_mention>
</entity>
<entity ID="CNN_LE_20030504.1200.01-E60" TYPE="WEA" SUBTYPE="Nuclear" CLASS="GEN">
  <entity_mention ID="CNN_LE_20030504.1200.01-E60-151" TYPE="NOM" LDCTYPE="NOMPRE">
    <extent>
      <charseq START="4377" END="4391">nuclear weapons</charseq>
    </extent>
    <head>
      <charseq START="4385" END="4391">weapons</charseq>
    </head>
  </entity_mention>
</entity>
<entity ID="CNN_LE_20030504.1200.01-E62" TYPE="PER" SUBTYPE="Individual" CLASS="SPC">
  <entity_mention ID="CNN_LE_20030504.1200.01-E62-2" TYPE="PRO" LDCTYPE="PRO" LDCATR="FALSE">
    <extent>
      <charseq START="664" END="664">I</charseq>
    </extent>
    <head>
      <charseq START="664" END="664">I</charseq>
    </head>
  </entity_mention>
  <entity_mention ID="CNN_LE_20030504.1200.01-E62-3" TYPE="PRO" LDCTYPE="PRO" LDCATR="FALSE">
    <extent>
      <charseq START="688" END="688">I</charseq>
    </extent>
    <head>
      <charseq START="688" END="688">I</charseq>
    </head>
  </entity_mention>
  <entity_mention ID="CNN_LE_20030504.1200.01-E62-6" TYPE="PRO" LDCTYPE="PRO" LDCATR="FALSE">
    <extent>
      <charseq START="764" END="764">I</charseq>
    </extent>
    <head>
      <charseq START="764" END="764">I</charseq>
    </head>
  </entity_mention>
  <entity_mention ID="CNN_LE_20030504.1200.01-E62-8" TYPE="PRO" LDCTYPE="PRO" LDCATR="FALSE">
    <extent>
      <charseq START="822" END="823">my</charseq>
    </extent>
    <head>
      <charseq START="822" END="823">my</charseq>
    </head>
  </entity_mention>
  <entity_mention ID="CNN_LE_20030504.1200.01-E62-13" TYPE="PRO" LDCTYPE="PRO" LDCATR="FALSE">
    <extent>
      <charseq START="1050" END="1052">you</charseq>
    </extent>
    <head>
      <charseq START="1050" END="1052">you</charseq>
    </head>
  </entity_mention>
  <entity_mention ID="CNN_LE_20030504.1200.01-E62-16" TYPE="PRO" LDCTYPE="PRO" LDCATR="FALSE">
    <extent>
      <charseq START="1165" END="1167">you</charseq>
    </extent>
    <head>
      <charseq START="1165" END="1167">you</charseq>
    </head>
  </entity_mention>
  <entity_mention ID="CNN_LE_20030504.1200.01-E62-18" TYPE="PRO" LDCTYPE="PRO" LDCATR="FALSE">
    <extent>
      <charseq START="1201" END="1201">I</charseq>
    </extent>
    <head>
      <charseq START="1201" END="1201">I</charseq>
    </head>
  </entity_mention>
  <entity_mention ID="CNN_LE_20030504.1200.01-E62-20" TYPE="PRO" LDCTYPE="PRO" LDCATR="FALSE">
    <extent>
      <charseq START="1258" END="1258">I</charseq>
    </extent>
    <head>
      <charseq START="1258" END="1258">I</charseq>
    </head>
  </entity_mention>
  <entity_mention ID="CNN_LE_20030504.1200.01-E62-26" TYPE="PRO" LDCTYPE="PRO" LDCATR="FALSE">
    <extent>
      <charseq START="1410" END="1411">my</charseq>
    </extent>
    <head>
      <charseq START="1410" END="1411">my</charseq>
    </head>
  </entity_mention>
  <entity_mention ID="CNN_LE_20030504.1200.01-E62-31" TYPE="PRO" LDCTYPE="PRO" LDCATR="FALSE">
    <extent>
      <charseq START="1570" END="1572">you</charseq>
    </extent>
    <head>
      <charseq START="1570" END="1572">you</charseq>
    </head>
  </entity_mention>
  <entity_mention ID="CNN_LE_20030504.1200.01-E62-45" TYPE="PRO" LDCTYPE="PRO" LDCATR="FALSE">
    <extent>
      <charseq START="1861" END="1861">I</charseq>
    </extent>
    <head>
      <charseq START="1861" END="1861">I</charseq>
    </head>
  </entity_mention>
  <entity_mention ID="CNN_LE_20030504.1200.01-E62-47" TYPE="PRO" LDCTYPE="PRO" LDCATR="FALSE">
    <extent>
      <charseq START="1917" END="1918">me</charseq>
    </extent>
    <head>
      <charseq START="1917" END="1918">me</charseq>
    </head>
  </entity_mention>
  <entity_mention ID="CNN_LE_20030504.1200.01-E62-51" TYPE="PRO" LDCTYPE="PRO" LDCATR="FALSE">
    <extent>
      <charseq START="1979" END="1979">I</charseq>
    </extent>
    <head>
      <charseq START="1979" END="1979">I</charseq>
    </head>
  </entity_mention>
  <entity_mention ID="CNN_LE_20030504.1200.01-E62-52" TYPE="PRO" LDCTYPE="PRO" LDCATR="FALSE">
    <extent>
      <charseq START="2001" END="2002">me</charseq>
    </extent>
    <head>
      <charseq START="2001" END="2002">me</charseq>
    </head>
  </entity_mention>
  <entity_mention ID="CNN_LE_20030504.1200.01-E62-70" TYPE="PRO" LDCTYPE="PRO" LDCATR="FALSE">
    <extent>
      <charseq START="2345" END="2345">I</charseq>
    </extent>
    <head>
      <charseq START="2345" END="2345">I</charseq>
    </head>
  </entity_mention>
  <entity_mention ID="CNN_LE_20030504.1200.01-E62-86" TYPE="PRO" LDCTYPE="PRO" LDCATR="FALSE">
    <extent>
      <charseq START="2767" END="2767">I</charseq>
    </extent>
    <head>
      <charseq START="2767" END="2767">I</charseq>
    </head>
  </entity_mention>
  <entity_mention ID="CNN_LE_20030504.1200.01-E62-89" TYPE="PRO" LDCTYPE="PRO" LDCATR="FALSE">
    <extent>
      <charseq START="2917" END="2919">you</charseq>
    </extent>
    <head>
      <charseq START="2917" END="2919">you</charseq>
    </head>
  </entity_mention>
  <entity_mention ID="CNN_LE_20030504.1200.01-E62-93" TYPE="PRO" LDCTYPE="PRO" LDCATR="FALSE">
    <extent>
      <charseq START="3066" END="3068">you</charseq>
    </extent>
    <head>
      <charseq START="3066" END="3068">you</charseq>
    </head>
  </entity_mention>
  <entity_mention ID="CNN_LE_20030504.1200.01-E62-127" TYPE="PRO" LDCTYPE="PRO" LDCATR="FALSE">
    <extent>
      <charseq START="4165" END="4165">I</charseq>
    </extent>
    <head>
      <charseq START="4165" END="4165">I</charseq>
    </head>
  </entity_mention>
  <entity_mention ID="CNN_LE_20030504.1200.01-E62-128" TYPE="PRO" LDCTYPE="PRO" LDCATR="FALSE">
    <extent>
      <charseq START="4179" END="4179">I</charseq>
    </extent>
    <head>
      <charseq START="4179" END="4179">I</charseq>
    </head>
  </entity_mention>
  <entity_mention ID="CNN_LE_20030504.1200.01-E62-135" TYPE="PRO" LDCTYPE="PRO" LDCATR="FALSE">
    <extent>
      <charseq START="4511" END="4511">I</charseq>
    </extent>
    <head>
      <charseq START="4511" END="4511">I</charseq>
    </head>
  </entity_mention>
  <entity_mention ID="CNN_LE_20030504.1200.01-E62-137" TYPE="PRO" LDCTYPE="PRO" LDCATR="FALSE">
    <extent>
      <charseq START="4562" END="4562">I</charseq>
    </extent>
    <head>
      <charseq START="4562" END="4562">I</charseq>
    </head>
  </entity_mention>
  <entity_mention ID="CNN_LE_20030504.1200.01-E62-149" TYPE="PRO" LDCTYPE="PRO" LDCATR="FALSE">
    <extent>
      <charseq START="4937" END="4937">I</charseq>
    </extent>
    <head>
      <charseq START="4937" END="4937">I</charseq>
    </head>
  </entity_mention>
  <entity_mention ID="CNN_LE_20030504.1200.01-E62-156" TYPE="NOM" LDCTYPE="NOM" LDCATR="FALSE">
    <extent>
      <charseq START="275" END="309">the United States defense secretary</charseq>
    </extent>
    <head>
      <charseq START="301" END="309">secretary</charseq>
    </head>
  </entity_mention>
  <entity_mention ID="CNN_LE_20030504.1200.01-E62-157" TYPE="NAM" LDCTYPE="NAM" LDCATR="TRUE">
    <extent>
      <charseq START="312" END="326">Donald Rumsfeld</charseq>
    </extent>
    <head>
      <charseq START="312" END="326">Donald Rumsfeld</charseq>
    </head>
  </entity_mention>
  <entity_mention ID="CNN_LE_20030504.1200.01-E62-159" TYPE="PRO" LDCTYPE="PRO" LDCATR="FALSE">
    <extent>
      <charseq START="398" END="400">you</charseq>
    </extent>
    <head>
      <charseq START="398" END="400">you</charseq>
    </head>
  </entity_mention>
  <entity_mention ID="CNN_LE_20030504.1200.01-E62-163" TYPE="PRO" LDCTYPE="PRO" LDCATR="FALSE">
    <extent>
      <charseq START="518" END="520">you</charseq>
    </extent>
    <head>
      <charseq START="518" END="520">you</charseq>
    </head>
  </entity_mention>
  <entity_attributes>
    <name NAME="Donald Rumsfeld">
      <charseq START="312" END="326">Donald Rumsfeld</charseq>
    </name>
  </entity_attributes>
</entity>
<entity ID="CNN_LE_20030504.1200.01-E64" TYPE="ORG" SUBTYPE="Non-Governmental" CLASS="USP">
  <entity_mention ID="CNN_LE_20030504.1200.01-E64-1" TYPE="PRO" LDCTYPE="PTV">
    <extent>
      <charseq START="3861" END="3897">a number of global terrorist networks</charseq>
    </extent>
    <head>
      <charseq START="3863" END="3868">number</charseq>
    </head>
  </entity_mention>
  <entity_mention ID="CNN_LE_20030504.1200.01-E64-44" TYPE="NOM" LDCTYPE="NOM">
    <extent>
      <charseq START="3947" END="3967">those global networks</charseq>
    </extent>
    <head>
      <charseq START="3960" END="3967">networks</charseq>
    </head>
  </entity_mention>
</entity>
<entity ID="CNN_LE_20030504.1200.01-E65" TYPE="GPE" SUBTYPE="Nation" CLASS="SPC">
  <entity_mention ID="CNN_LE_20030504.1200.01-E65-14" TYPE="NAM" LDCTYPE="NAM" ROLE="ORG" LDCATR="FALSE">
    <extent>
      <charseq START="1079" END="1083">Syria</charseq>
    </extent>
    <head>
      <charseq START="1079" END="1083">Syria</charseq>
    </head>
  </entity_mention>
  <entity_mention ID="CNN_LE_20030504.1200.01-E65-15" TYPE="PRO" LDCTYPE="PRO" ROLE="ORG" LDCATR="FALSE">
    <extent>
      <charseq START="1096" END="1099">they</charseq>
    </extent>
    <head>
      <charseq START="1096" END="1099">they</charseq>
    </head>
  </entity_mention>
  <entity_mention ID="CNN_LE_20030504.1200.01-E65-17" TYPE="PRO" LDCTYPE="PRO" ROLE="ORG" LDCATR="FALSE">
    <extent>
      <charseq START="1174" END="1177">them</charseq>
    </extent>
    <head>
      <charseq START="1174" END="1177">them</charseq>
    </head>
  </entity_mention>
  <entity_mention ID="CNN_LE_20030504.1200.01-E65-19" TYPE="PRO" LDCTYPE="PRO" ROLE="ORG" LDCATR="FALSE">
    <extent>
      <charseq START="1213" END="1216">they</charseq>
    </extent>
    <head>
      <charseq START="1213" END="1216">they</charseq>
    </head>
  </entity_mention>
  <entity_mention ID="CNN_LE_20030504.1200.01-E65-23" TYPE="PRO" LDCTYPE="PRO" ROLE="LOC" LDCATR="FALSE">
    <extent>
      <charseq START="1296" END="1300">there</charseq>
    </extent>
    <head>
      <charseq START="1296" END="1300">there</charseq>
    </head>
  </entity_mention>
  <entity_mention ID="CNN_LE_20030504.1200.01-E65-24" TYPE="PRO" LDCTYPE="PRO" ROLE="ORG" LDCATR="FALSE">
    <extent>
      <charseq START="1314" END="1317">them</charseq>
    </extent>
    <head>
      <charseq START="1314" END="1317">them</charseq>
    </head>
  </entity_mention>
  <entity_mention ID="CNN_LE_20030504.1200.01-E65-25" TYPE="PRO" LDCTYPE="PRO" ROLE="ORG" LDCATR="FALSE">
    <extent>
      <charseq START="1351" END="1354">them</charseq>
    </extent>
    <head>
      <charseq START="1351" END="1354">them</charseq>
    </head>
  </entity_mention>
  <entity_mention ID="CNN_LE_20030504.1200.01-E65-27" TYPE="PRO" LDCTYPE="PRO" ROLE="ORG" LDCATR="FALSE">
    <extent>
      <charseq START="1419" END="1422">they</charseq>
    </extent>
    <head>
      <charseq START="1419" END="1422">they</charseq>
    </head>
  </entity_mention>
  <entity_mention ID="CNN_LE_20030504.1200.01-E65-28" TYPE="PRO" LDCTYPE="PRO" ROLE="ORG" LDCATR="FALSE">
    <extent>
      <charseq START="1475" END="1478">they</charseq>
    </extent>
    <head>
      <charseq START="1475" END="1478">they</charseq>
    </head>
  </entity_mention>
  <entity_mention ID="CNN_LE_20030504.1200.01-E65-48" TYPE="NOM" LDCTYPE="NOM" ROLE="ORG" LDCATR="FALSE">
    <extent>
      <charseq START="444" END="464">the Syrian government</charseq>
    </extent>
    <head>
      <charseq START="455" END="464">government</charseq>
    </head>
  </entity_mention>
  <entity_mention ID="CNN_LE_20030504.1200.01-E65-160" TYPE="NAM" LDCTYPE="NAMPRE" ROLE="GPE" LDCATR="TRUE">
    <extent>
      <charseq START="448" END="453">Syrian</charseq>
    </extent>
    <head>
      <charseq START="448" END="453">Syrian</charseq>
    </head>
  </entity_mention>
  <entity_attributes>
    <name NAME="Syria">
      <charseq START="1079" END="1083">Syria</charseq>
    </name>
    <name NAME="Syrian">
      <charseq START="448" END="453">Syrian</charseq>
    </name>
  </entity_attributes>
</entity>
<entity ID="CNN_LE_20030504.1200.01-E67" TYPE="PER" SUBTYPE="Group" CLASS="USP">
  <entity_mention ID="CNN_LE_20030504.1200.01-E67-161" TYPE="NOM" LDCTYPE="BAR">
    <extent>
      <charseq START="484" END="489">Iraqis</charseq>
    </extent>
    <head>
      <charseq START="484" END="489">Iraqis</charseq>
    </head>
  </entity_mention>
</entity>
<entity ID="CNN_LE_20030504.1200.01-E68" TYPE="LOC" SUBTYPE="Boundary" CLASS="USP">
  <entity_mention ID="CNN_LE_20030504.1200.01-E68-162" TYPE="NOM" LDCTYPE="NOM">
    <extent>
      <charseq START="499" END="512">an
open border</charseq>
    </extent>
    <head>
      <charseq START="507" END="512">border</charseq>
    </head>
  </entity_mention>
</entity>
<entity ID="CNN_LE_20030504.1200.01-E70" TYPE="ORG" SUBTYPE="Government" CLASS="GEN">
  <entity_mention ID="CNN_LE_20030504.1200.01-E70-30" TYPE="NOM" LDCTYPE="BAR">
    <extent>
      <charseq START="1552" END="1556">state</charseq>
    </extent>
    <head>
      <charseq START="1552" END="1556">state</charseq>
    </head>
  </entity_mention>
  <entity_mention ID="CNN_LE_20030504.1200.01-E70-165" TYPE="NOM" LDCTYPE="BAR">
    <extent>
      <charseq START="608" END="612">state</charseq>
    </extent>
    <head>
      <charseq START="608" END="612">state</charseq>
    </head>
  </entity_mention>
</entity>
<value ID="CNN_LE_20030504.1200.01-V1" TYPE="Job-Title">
  <value_mention ID="CNN_LE_20030504.1200.01-V1-1">
    <extent>
      <charseq START="4650" END="4682">the
former secretaries of defense</charseq>
    </extent>
  </value_mention>
</value>
<timex2 ID="CNN_LE_20030504.1200.01-T1">
  <timex2_mention ID="CNN_LE_20030504.1200.01-T1-1">
    <extent>
      <charseq START="36" END="60">2003-05-04T12:00:00-05:00</charseq>
    </extent>
  </timex2_mention>
</timex2>
<timex2 ID="CNN_LE_20030504.1200.01-T2">
  <timex2_mention ID="CNN_LE_20030504.1200.01-T2-1">
    <extent>
      <charseq START="4654" END="4659">former</charseq>
    </extent>
  </timex2_mention>
</timex2>
<timex2 ID="CNN_LE_20030504.1200.01-T3">
  <timex2_mention ID="CNN_LE_20030504.1200.01-T3-1">
    <extent>
      <charseq START="4802" END="4817">a certain moment</charseq>
    </extent>
  </timex2_mention>
</timex2>
<timex2 ID="CNN_LE_20030504.1200.01-T4">
  <timex2_mention ID="CNN_LE_20030504.1200.01-T4-1">
    <extent>
      <charseq START="236" END="238">now</charseq>
    </extent>
  </timex2_mention>
</timex2>
<timex2 ID="CNN_LE_20030504.1200.01-T5">
  <timex2_mention ID="CNN_LE_20030504.1200.01-T5-1">
    <extent>
      <charseq START="256" END="268">earlier today</charseq>
    </extent>
  </timex2_mention>
</timex2>
<timex2 ID="CNN_LE_20030504.1200.01-T6">
  <timex2_mention ID="CNN_LE_20030504.1200.01-T6-1">
    <extent>
      <charseq START="584" END="586">now</charseq>
    </extent>
  </timex2_mention>
</timex2>
<timex2 ID="CNN_LE_20030504.1200.01-T7">
  <timex2_mention ID="CNN_LE_20030504.1200.01-T7-1">
    <extent>
      <charseq START="717" END="728">this morning</charseq>
    </extent>
  </timex2_mention>
</timex2>
<timex2 ID="CNN_LE_20030504.1200.01-T8">
  <timex2_mention ID="CNN_LE_20030504.1200.01-T8-1">
    <extent>
      <charseq START="1040" END="1048">right now</charseq>
    </extent>
  </timex2_mention>
</timex2>
<timex2 ID="CNN_LE_20030504.1200.01-T9">
  <timex2_mention ID="CNN_LE_20030504.1200.01-T9-1">
    <extent>
      <charseq START="1395" END="1404">the future</charseq>
    </extent>
  </timex2_mention>
</timex2>
<timex2 ID="CNN_LE_20030504.1200.01-T10">
  <timex2_mention ID="CNN_LE_20030504.1200.01-T10-1">
    <extent>
      <charseq START="3547" END="3550">1991</charseq>
    </extent>
  </timex2_mention>
</timex2>
<timex2 ID="CNN_LE_20030504.1200.01-T11">
  <timex2_mention ID="CNN_LE_20030504.1200.01-T11-1">
    <extent>
      <charseq START="4153" END="4156">1991</charseq>
    </extent>
  </timex2_mention>
</timex2>
<timex2 ID="CNN_LE_20030504.1200.01-T12">
  <timex2_mention ID="CNN_LE_20030504.1200.01-T12-1">
    <extent>
      <charseq START="4290" END="4293">1991</charseq>
    </extent>
  </timex2_mention>
</timex2>
<timex2 ID="CNN_LE_20030504.1200.01-T13">
  <timex2_mention ID="CNN_LE_20030504.1200.01-T13-1">
    <extent>
      <charseq START="4582" END="4590">the 1990s</charseq>
    </extent>
  </timex2_mention>
</timex2>
<relation ID="CNN_LE_20030504.1200.01-R1" TYPE="ORG-AFF" SUBTYPE="Employment" TENSE="Unspecified" MODALITY="Asserted">
  <relation_argument REFID="CNN_LE_20030504.1200.01-E2" ROLE="Arg-1"/>
  <relation_argument REFID="CNN_LE_20030504.1200.01-E70" ROLE="Arg-2"/>
  <relation_mention ID="CNN_LE_20030504.1200.01-R1-1" LEXICALCONDITION="Preposition">
    <extent>
      <charseq START="591" END="612">the secretary of state</charseq>
    </extent>
    <relation_mention_argument REFID="CNN_LE_20030504.1200.01-E2-164" ROLE="Arg-1">
      <extent>
        <charseq START="591" END="612">the secretary of state</charseq>
      </extent>
    </relation_mention_argument>
    <relation_mention_argument REFID="CNN_LE_20030504.1200.01-E70-165" ROLE="Arg-2">
      <extent>
        <charseq START="608" END="612">state</charseq>
      </extent>
    </relation_mention_argument>
  </relation_mention>
  <relation_mention ID="CNN_LE_20030504.1200.01-R1-2" LEXICALCONDITION="Preposition">
    <extent>
      <charseq START="1535" END="1556">The secretary of state</charseq>
    </extent>
    <relation_mention_argument REFID="CNN_LE_20030504.1200.01-E2-29" ROLE="Arg-1">
      <extent>
        <charseq START="1535" END="1556">The secretary of state</charseq>
      </extent>
    </relation_mention_argument>
    <relation_mention_argument REFID="CNN_LE_20030504.1200.01-E70-30" ROLE="Arg-2">
      <extent>
        <charseq START="1552" END="1556">state</charseq>
      </extent>
    </relation_mention_argument>
  </relation_mention>
</relation>
<relation ID="CNN_LE_20030504.1200.01-R2" TYPE="ORG-AFF" SUBTYPE="Employment" TENSE="Unspecified" MODALITY="Asserted">
  <relation_argument REFID="CNN_LE_20030504.1200.01-E9" ROLE="Arg-2"/>
  <relation_argument REFID="CNN_LE_20030504.1200.01-E62" ROLE="Arg-1"/>
  <relation_mention ID="CNN_LE_20030504.1200.01-R2-1" LEXICALCONDITION="PreMod">
    <extent>
      <charseq START="275" END="309">the United States defense secretary</charseq>
    </extent>
    <relation_mention_argument REFID="CNN_LE_20030504.1200.01-E9-82" ROLE="Arg-2">
      <extent>
        <charseq START="279" END="291">United States</charseq>
      </extent>
    </relation_mention_argument>
    <relation_mention_argument REFID="CNN_LE_20030504.1200.01-E62-156" ROLE="Arg-1">
      <extent>
        <charseq START="275" END="309">the United States defense secretary</charseq>
      </extent>
    </relation_mention_argument>
  </relation_mention>
</relation>
<relation ID="CNN_LE_20030504.1200.01-R4" TYPE="PHYS" SUBTYPE="Located" TENSE="Past" MODALITY="Asserted">
  <relation_argument REFID="CNN_LE_20030504.1200.01-E2" ROLE="Arg-1"/>
  <relation_argument REFID="CNN_LE_20030504.1200.01-E65" ROLE="Arg-2"/>
  <relation_mention ID="CNN_LE_20030504.1200.01-R4-1" LEXICALCONDITION="Verbal">
    <extent>
      <charseq START="1258" END="1404">I know that
Secretary Powell was just there and advised them that it was unhelpful,
and gave them some pointers and some suggestions for the future</charseq>
    </extent>
    <relation_mention_argument REFID="CNN_LE_20030504.1200.01-E2-21" ROLE="Arg-1">
      <extent>
        <charseq START="1270" END="1285">Secretary Powell</charseq>
      </extent>
    </relation_mention_argument>
    <relation_mention_argument REFID="CNN_LE_20030504.1200.01-E65-23" ROLE="Arg-2">
      <extent>
        <charseq START="1296" END="1300">there</charseq>
      </extent>
    </relation_mention_argument>
  </relation_mention>
</relation>
<relation ID="CNN_LE_20030504.1200.01-R5" TYPE="PHYS" SUBTYPE="Located" TENSE="Unspecified" MODALITY="Asserted">
  <relation_argument REFID="CNN_LE_20030504.1200.01-E7" ROLE="Arg-1"/>
  <relation_argument REFID="CNN_LE_20030504.1200.01-E8" ROLE="Arg-2"/>
  <relation_mention ID="CNN_LE_20030504.1200.01-R5-1" LEXICALCONDITION="Participial">
    <extent>
      <charseq START="1682" END="1769">those detained at the U.S. Naval base at Guantanamo Bay in
Cuba, about 600 or so of them</charseq>
    </extent>
    <relation_mention_argument REFID="CNN_LE_20030504.1200.01-E7-33" ROLE="Arg-1">
      <extent>
        <charseq START="1682" END="1744">those detained at the U.S. Naval base at Guantanamo Bay in
Cuba</charseq>
      </extent>
    </relation_mention_argument>
    <relation_mention_argument REFID="CNN_LE_20030504.1200.01-E8-34" ROLE="Arg-2">
      <extent>
        <charseq START="1700" END="1744">the U.S. Naval base at Guantanamo Bay in
Cuba</charseq>
      </extent>
    </relation_mention_argument>
  </relation_mention>
</relation>
<relation ID="CNN_LE_20030504.1200.01-R6" TYPE="ART" SUBTYPE="User-Owner-Inventor-Manufacturer" TENSE="Unspecified" MODALITY="Asserted">
  <relation_argument REFID="CNN_LE_20030504.1200.01-E9" ROLE="Arg-1"/>
  <relation_argument REFID="CNN_LE_20030504.1200.01-E8" ROLE="Arg-2"/>
  <relation_mention ID="CNN_LE_20030504.1200.01-R6-1" LEXICALCONDITION="PreMod">
    <extent>
      <charseq START="1700" END="1744">the U.S. Naval base at Guantanamo Bay in
Cuba</charseq>
    </extent>
    <relation_mention_argument REFID="CNN_LE_20030504.1200.01-E9-153" ROLE="Arg-1">
      <extent>
        <charseq START="1704" END="1706">U.S</charseq>
      </extent>
    </relation_mention_argument>
    <relation_mention_argument REFID="CNN_LE_20030504.1200.01-E8-34" ROLE="Arg-2">
      <extent>
        <charseq START="1700" END="1744">the U.S. Naval base at Guantanamo Bay in
Cuba</charseq>
      </extent>
    </relation_mention_argument>
  </relation_mention>
</relation>
<relation ID="CNN_LE_20030504.1200.01-R7" TYPE="PART-WHOLE" SUBTYPE="Geographical" TENSE="Unspecified" MODALITY="Asserted">
  <relation_argument REFID="CNN_LE_20030504.1200.01-E11" ROLE="Arg-1"/>
  <relation_argument REFID="CNN_LE_20030504.1200.01-E12" ROLE="Arg-2"/>
  <relation_mention ID="CNN_LE_20030504.1200.01-R7-1" LEXICALCONDITION="Formulaic">
    <extent>
      <charseq START="2573" END="2592">Guantanamo Bay, Cuba</charseq>
    </extent>
    <relation_mention_argument REFID="CNN_LE_20030504.1200.01-E11-78" ROLE="Arg-1">
      <extent>
        <charseq START="2573" END="2592">Guantanamo Bay, Cuba</charseq>
      </extent>
    </relation_mention_argument>
    <relation_mention_argument REFID="CNN_LE_20030504.1200.01-E12-79" ROLE="Arg-2">
      <extent>
        <charseq START="2589" END="2592">Cuba</charseq>
      </extent>
    </relation_mention_argument>
  </relation_mention>
  <relation_mention ID="CNN_LE_20030504.1200.01-R7-2" LEXICALCONDITION="Preposition">
    <extent>
      <charseq START="1723" END="1744">Guantanamo Bay in
Cuba</charseq>
    </extent>
    <relation_mention_argument REFID="CNN_LE_20030504.1200.01-E11-38" ROLE="Arg-1">
      <extent>
        <charseq START="1723" END="1744">Guantanamo Bay in
Cuba</charseq>
      </extent>
    </relation_mention_argument>
    <relation_mention_argument REFID="CNN_LE_20030504.1200.01-E12-39" ROLE="Arg-2">
      <extent>
        <charseq START="1741" END="1744">Cuba</charseq>
      </extent>
    </relation_mention_argument>
  </relation_mention>
</relation>
<relation ID="CNN_LE_20030504.1200.01-R8" TYPE="PART-WHOLE" SUBTYPE="Geographical" TENSE="Unspecified" MODALITY="Asserted">
  <relation_argument REFID="CNN_LE_20030504.1200.01-E8" ROLE="Arg-1"/>
  <relation_argument REFID="CNN_LE_20030504.1200.01-E11" ROLE="Arg-2"/>
  <relation_mention ID="CNN_LE_20030504.1200.01-R8-1" LEXICALCONDITION="Preposition">
    <extent>
      <charseq START="1700" END="1744">the U.S. Naval base at Guantanamo Bay in
Cuba</charseq>
    </extent>
    <relation_mention_argument REFID="CNN_LE_20030504.1200.01-E8-34" ROLE="Arg-1">
      <extent>
        <charseq START="1700" END="1744">the U.S. Naval base at Guantanamo Bay in
Cuba</charseq>
      </extent>
    </relation_mention_argument>
    <relation_mention_argument REFID="CNN_LE_20030504.1200.01-E11-38" ROLE="Arg-2">
      <extent>
        <charseq START="1723" END="1744">Guantanamo Bay in
Cuba</charseq>
      </extent>
    </relation_mention_argument>
  </relation_mention>
</relation>
<relation ID="CNN_LE_20030504.1200.01-R10" TYPE="ORG-AFF" SUBTYPE="Membership" TENSE="Unspecified" MODALITY="Asserted">
  <relation_argument REFID="CNN_LE_20030504.1200.01-E17" ROLE="Arg-1"/>
  <relation_argument REFID="CNN_LE_20030504.1200.01-E22" ROLE="Arg-2"/>
  <relation_mention ID="CNN_LE_20030504.1200.01-R10-1" LEXICALCONDITION="PreMod">
    <extent>
      <charseq START="2068" END="2141">all these FBI and Department of Justice and CIA
and DIA, and what have you</charseq>
    </extent>
    <relation_mention_argument REFID="CNN_LE_20030504.1200.01-E17-57" ROLE="Arg-1">
      <extent>
        <charseq START="2068" END="2141">all these FBI and Department of Justice and CIA
and DIA, and what have you</charseq>
      </extent>
    </relation_mention_argument>
    <relation_mention_argument REFID="CNN_LE_20030504.1200.01-E22-63" ROLE="Arg-2">
      <extent>
        <charseq START="2078" END="2080">FBI</charseq>
      </extent>
    </relation_mention_argument>
  </relation_mention>
</relation>
<relation ID="CNN_LE_20030504.1200.01-R11" TYPE="ORG-AFF" SUBTYPE="Membership" TENSE="Unspecified" MODALITY="Asserted">
  <relation_argument REFID="CNN_LE_20030504.1200.01-E18" ROLE="Arg-1"/>
  <relation_argument REFID="CNN_LE_20030504.1200.01-E23" ROLE="Arg-2"/>
  <relation_mention ID="CNN_LE_20030504.1200.01-R11-1" LEXICALCONDITION="PreMod">
    <extent>
      <charseq START="2068" END="2141">all these FBI and Department of Justice and CIA
and DIA, and what have you</charseq>
    </extent>
    <relation_mention_argument REFID="CNN_LE_20030504.1200.01-E18-58" ROLE="Arg-1">
      <extent>
        <charseq START="2068" END="2141">all these FBI and Department of Justice and CIA
and DIA, and what have you</charseq>
      </extent>
    </relation_mention_argument>
    <relation_mention_argument REFID="CNN_LE_20030504.1200.01-E23-64" ROLE="Arg-2">
      <extent>
        <charseq START="2086" END="2106">Department of Justice</charseq>
      </extent>
    </relation_mention_argument>
  </relation_mention>
</relation>
<relation ID="CNN_LE_20030504.1200.01-R12" TYPE="ORG-AFF" SUBTYPE="Membership" TENSE="Unspecified" MODALITY="Asserted">
  <relation_argument REFID="CNN_LE_20030504.1200.01-E19" ROLE="Arg-1"/>
  <relation_argument REFID="CNN_LE_20030504.1200.01-E24" ROLE="Arg-2"/>
  <relation_mention ID="CNN_LE_20030504.1200.01-R12-1" LEXICALCONDITION="PreMod">
    <extent>
      <charseq START="2068" END="2141">all these FBI and Department of Justice and CIA
and DIA, and what have you</charseq>
    </extent>
    <relation_mention_argument REFID="CNN_LE_20030504.1200.01-E19-59" ROLE="Arg-1">
      <extent>
        <charseq START="2068" END="2141">all these FBI and Department of Justice and CIA
and DIA, and what have you</charseq>
      </extent>
    </relation_mention_argument>
    <relation_mention_argument REFID="CNN_LE_20030504.1200.01-E24-65" ROLE="Arg-2">
      <extent>
        <charseq START="2112" END="2114">CIA</charseq>
      </extent>
    </relation_mention_argument>
  </relation_mention>
</relation>
<relation ID="CNN_LE_20030504.1200.01-R13" TYPE="ORG-AFF" SUBTYPE="Membership" TENSE="Unspecified" MODALITY="Asserted">
  <relation_argument REFID="CNN_LE_20030504.1200.01-E21" ROLE="Arg-1"/>
  <relation_argument REFID="CNN_LE_20030504.1200.01-E25" ROLE="Arg-2"/>
  <relation_mention ID="CNN_LE_20030504.1200.01-R13-1" LEXICALCONDITION="PreMod">
    <extent>
      <charseq START="2068" END="2141">all these FBI and Department of Justice and CIA
and DIA, and what have you</charseq>
    </extent>
    <relation_mention_argument REFID="CNN_LE_20030504.1200.01-E21-61" ROLE="Arg-1">
      <extent>
        <charseq START="2068" END="2141">all these FBI and Department of Justice and CIA
and DIA, and what have you</charseq>
      </extent>
    </relation_mention_argument>
    <relation_mention_argument REFID="CNN_LE_20030504.1200.01-E25-66" ROLE="Arg-2">
      <extent>
        <charseq START="2120" END="2122">DIA</charseq>
      </extent>
    </relation_mention_argument>
  </relation_mention>
</relation>
<relation ID="CNN_LE_20030504.1200.01-R14" TYPE="GEN-AFF" SUBTYPE="Citizen-Resident-Religion-Ethnicity" TENSE="Unspecified" MODALITY="Asserted">
  <relation_argument REFID="CNN_LE_20030504.1200.01-E30" ROLE="Arg-1"/>
  <relation_argument REFID="CNN_LE_20030504.1200.01-E27" ROLE="Arg-2"/>
  <relation_mention ID="CNN_LE_20030504.1200.01-R14-1" LEXICALCONDITION="Verbal">
    <extent>
      <charseq START="2415" END="2699">There are a number of countries, and the Department of State has
the responsibility of dealing with those countries, that have foreign
nationals in Gitmo, in Guantanamo Bay, Cuba, being detained, and those
countries, understandably, would like to know when they could have those
people</charseq>
    </extent>
    <relation_mention_argument REFID="CNN_LE_20030504.1200.01-E30-76" ROLE="Arg-1">
      <extent>
        <charseq START="2542" END="2608">foreign
nationals in Gitmo, in Guantanamo Bay, Cuba, being detained</charseq>
      </extent>
    </relation_mention_argument>
    <relation_mention_argument REFID="CNN_LE_20030504.1200.01-E27-75" ROLE="Arg-2">
      <extent>
        <charseq START="2532" END="2535">that</charseq>
      </extent>
    </relation_mention_argument>
  </relation_mention>
</relation>
<relation ID="CNN_LE_20030504.1200.01-R15" TYPE="PHYS" SUBTYPE="Located" TENSE="Unspecified" MODALITY="Asserted">
  <relation_argument REFID="CNN_LE_20030504.1200.01-E30" ROLE="Arg-1"/>
  <relation_argument REFID="CNN_LE_20030504.1200.01-E11" ROLE="Arg-2"/>
  <relation_mention ID="CNN_LE_20030504.1200.01-R15-1" LEXICALCONDITION="Preposition">
    <extent>
      <charseq START="2542" END="2608">foreign
nationals in Gitmo, in Guantanamo Bay, Cuba, being detained</charseq>
    </extent>
    <relation_mention_argument REFID="CNN_LE_20030504.1200.01-E30-76" ROLE="Arg-1">
      <extent>
        <charseq START="2542" END="2608">foreign
nationals in Gitmo, in Guantanamo Bay, Cuba, being detained</charseq>
      </extent>
    </relation_mention_argument>
    <relation_mention_argument REFID="CNN_LE_20030504.1200.01-E11-78" ROLE="Arg-2">
      <extent>
        <charseq START="2573" END="2592">Guantanamo Bay, Cuba</charseq>
      </extent>
    </relation_mention_argument>
  </relation_mention>
</relation>
<relation ID="CNN_LE_20030504.1200.01-R16" TYPE="GEN-AFF" SUBTYPE="Citizen-Resident-Religion-Ethnicity" TENSE="Unspecified" MODALITY="Asserted">
  <relation_argument REFID="CNN_LE_20030504.1200.01-E46" ROLE="Arg-1"/>
  <relation_argument REFID="CNN_LE_20030504.1200.01-E48" ROLE="Arg-2"/>
  <relation_mention ID="CNN_LE_20030504.1200.01-R16-1" LEXICALCONDITION="PreMod">
    <extent>
      <charseq START="3903" END="3967">terrorist states
that exist, that work with those global networks</charseq>
    </extent>
    <relation_mention_argument REFID="CNN_LE_20030504.1200.01-E46-120" ROLE="Arg-1">
      <extent>
        <charseq START="3903" END="3911">terrorist</charseq>
      </extent>
    </relation_mention_argument>
    <relation_mention_argument REFID="CNN_LE_20030504.1200.01-E48-121" ROLE="Arg-2">
      <extent>
        <charseq START="3903" END="3967">terrorist states
that exist, that work with those global networks</charseq>
      </extent>
    </relation_mention_argument>
  </relation_mention>
</relation>
<relation ID="CNN_LE_20030504.1200.01-R17" TYPE="ORG-AFF" SUBTYPE="Ownership" TENSE="Unspecified" MODALITY="Asserted">
  <relation_argument REFID="CNN_LE_20030504.1200.01-E54" ROLE="Arg-1"/>
  <relation_argument REFID="CNN_LE_20030504.1200.01-E53" ROLE="Arg-2"/>
  <relation_mention ID="CNN_LE_20030504.1200.01-R17-1" LEXICALCONDITION="PreMod">
    <extent>
      <charseq START="4596" END="4621">the Clinton administration</charseq>
    </extent>
    <relation_mention_argument REFID="CNN_LE_20030504.1200.01-E54-139" ROLE="Arg-1">
      <extent>
        <charseq START="4600" END="4606">Clinton</charseq>
      </extent>
    </relation_mention_argument>
    <relation_mention_argument REFID="CNN_LE_20030504.1200.01-E53-138" ROLE="Arg-2">
      <extent>
        <charseq START="4596" END="4621">the Clinton administration</charseq>
      </extent>
    </relation_mention_argument>
  </relation_mention>
</relation>
<relation ID="CNN_LE_20030504.1200.01-R18" TYPE="PHYS" SUBTYPE="Located" TENSE="Past" MODALITY="Asserted">
  <relation_argument REFID="CNN_LE_20030504.1200.01-E34" ROLE="Arg-1"/>
  <relation_argument REFID="CNN_LE_20030504.1200.01-E10" ROLE="Arg-2"/>
  <relation_mention ID="CNN_LE_20030504.1200.01-R18-1" LEXICALCONDITION="Other">
    <extent>
      <charseq START="3532" END="3682">In the case of 1991, the
task was to go in and get them out of Kuwait, and they did it, and they
were properly greeted coming back to the United States</charseq>
    </extent>
    <relation_mention_argument REFID="CNN_LE_20030504.1200.01-E34-154" ROLE="Arg-1">
      <extent>
        <charseq START="3583" END="3586">them</charseq>
      </extent>
    </relation_mention_argument>
    <relation_mention_argument REFID="CNN_LE_20030504.1200.01-E10-37" ROLE="Arg-2">
      <extent>
        <charseq START="3595" END="3600">Kuwait</charseq>
      </extent>
    </relation_mention_argument>
  </relation_mention>
</relation>
<relation ID="CNN_LE_20030504.1200.01-R19" TYPE="PHYS" SUBTYPE="Located" TENSE="Unspecified" MODALITY="Asserted">
  <relation_argument REFID="CNN_LE_20030504.1200.01-E9" ROLE="Arg-2"/>
  <relation_argument REFID="CNN_LE_20030504.1200.01-E34" ROLE="Arg-1"/>
  <relation_mention ID="CNN_LE_20030504.1200.01-R19-1" LEXICALCONDITION="Other">
    <extent>
      <charseq START="3532" END="3682">In the case of 1991, the
task was to go in and get them out of Kuwait, and they did it, and they
were properly greeted coming back to the United States</charseq>
    </extent>
    <relation_mention_argument REFID="CNN_LE_20030504.1200.01-E9-116" ROLE="Arg-2">
      <extent>
        <charseq START="3666" END="3682">the United States</charseq>
      </extent>
    </relation_mention_argument>
    <relation_mention_argument REFID="CNN_LE_20030504.1200.01-E34-114" ROLE="Arg-1">
      <extent>
        <charseq START="3624" END="3627">they</charseq>
      </extent>
    </relation_mention_argument>
  </relation_mention>
</relation>
<event ID="CNN_LE_20030504.1200.01-EV1" TYPE="Movement" SUBTYPE="Transport" MODALITY="Asserted" POLARITY="Positive" GENERICITY="Specific" TENSE="Past">
  <event_argument REFID="CNN_LE_20030504.1200.01-E34" ROLE="Person"/>
  <event_argument REFID="CNN_LE_20030504.1200.01-E9" ROLE="Destination"/>
  <event_mention ID="CNN_LE_20030504.1200.01-EV1-1">
    <extent>
      <charseq START="3624" END="3682">they
were properly greeted coming back to the United States</charseq>
    </extent>
    <ldc_scope>
      <charseq START="3532" END="3682">In the case of 1991, the
task was to go in and get them out of Kuwait, and they did it, and they
were properly greeted coming back to the United States</charseq>
    </ldc_scope>
    <anchor>
      <charseq START="3651" END="3661">coming back</charseq>
    </anchor>
    <event_mention_argument REFID="CNN_LE_20030504.1200.01-E34-114" ROLE="Person">
      <extent>
        <charseq START="3624" END="3627">they</charseq>
      </extent>
    </event_mention_argument>
    <event_mention_argument REFID="CNN_LE_20030504.1200.01-E9-116" ROLE="Destination">
      <extent>
        <charseq START="3666" END="3682">the United States</charseq>
      </extent>
    </event_mention_argument>
  </event_mention>
</event>
<event ID="CNN_LE_20030504.1200.01-EV2" TYPE="Conflict" SUBTYPE="Attack" MODALITY="Other" POLARITY="Positive" GENERICITY="Generic" TENSE="Unspecified">
  <event_mention ID="CNN_LE_20030504.1200.01-EV2-1">
    <extent>
      <charseq START="4453" END="4458">strike</charseq>
    </extent>
    <ldc_scope>
      <charseq START="4440" END="4495">a preemptive strike, is that something that is out there</charseq>
    </ldc_scope>
    <anchor>
      <charseq START="4453" END="4458">strike</charseq>
    </anchor>
  </event_mention>
</event>
<event ID="CNN_LE_20030504.1200.01-EV3" TYPE="Personnel" SUBTYPE="End-Position" MODALITY="Asserted" POLARITY="Positive" GENERICITY="Specific" TENSE="Past">
  <event_argument REFID="CNN_LE_20030504.1200.01-E57" ROLE="Person"/>
  <event_argument REFID="CNN_LE_20030504.1200.01-V1" ROLE="Position"/>
  <event_mention ID="CNN_LE_20030504.1200.01-EV3-1">
    <extent>
      <charseq START="4650" END="4682">the
former secretaries of defense</charseq>
    </extent>
    <ldc_scope>
      <charseq START="4562" END="4895">I know that back in
the 1990s, in the Clinton administration, Secretary Perry called in the
former secretaries of defense, and we had a discussion, and they clearly
had teed up a military option that they were considering, and they then
at a certain moment were able to do some things that persuaded them that
that was not appropriate</charseq>
    </ldc_scope>
    <anchor>
      <charseq START="4654" END="4659">former</charseq>
    </anchor>
    <event_mention_argument REFID="CNN_LE_20030504.1200.01-E57-142" ROLE="Person">
      <extent>
        <charseq START="4650" END="4682">the
former secretaries of defense</charseq>
      </extent>
    </event_mention_argument>
    <event_mention_argument REFID="CNN_LE_20030504.1200.01-V1-1" ROLE="Position">
      <extent>
        <charseq START="4650" END="4682">the
former secretaries of defense</charseq>
      </extent>
    </event_mention_argument>
  </event_mention>
</event>
<event ID="CNN_LE_20030504.1200.01-EV4" TYPE="Conflict" SUBTYPE="Attack" MODALITY="Other" POLARITY="Positive" GENERICITY="Generic" TENSE="Unspecified">
  <event_mention ID="CNN_LE_20030504.1200.01-EV4-1">
    <extent>
      <charseq START="1120" END="1128">terrorism</charseq>
    </extent>
    <ldc_scope>
      <charseq START="1036" END="1185">But right now you're open-minded as far as Syria on whether they will
crack down on terrorism, take some of the other steps that you want them
to take</charseq>
    </ldc_scope>
    <anchor>
      <charseq START="1120" END="1128">terrorism</charseq>
    </anchor>
  </event_mention>
  <event_mention ID="CNN_LE_20030504.1200.01-EV4-2">
    <extent>
      <charseq START="3796" END="3804">terrorism</charseq>
    </extent>
    <ldc_scope>
      <charseq START="3733" END="3821">It was to remove that regime, and it's part
of a global war on terrorism that is not over</charseq>
    </ldc_scope>
    <anchor>
      <charseq START="3796" END="3804">terrorism</charseq>
    </anchor>
  </event_mention>
</event>
<event ID="CNN_LE_20030504.1200.01-EV5" TYPE="Conflict" SUBTYPE="Attack" MODALITY="Asserted" POLARITY="Positive" GENERICITY="Specific" TENSE="Unspecified">
  <event_mention ID="CNN_LE_20030504.1200.01-EV5-1">
    <extent>
      <charseq START="4258" END="4260">war</charseq>
    </extent>
    <ldc_scope>
      <charseq START="4243" END="4293">Certainly, our war plan was not
modeled off of 1991</charseq>
    </ldc_scope>
    <anchor>
      <charseq START="4258" END="4260">war</charseq>
    </anchor>
  </event_mention>
  <event_mention ID="CNN_LE_20030504.1200.01-EV5-2">
    <extent>
      <charseq START="377" END="379">war</charseq>
    </extent>
    <ldc_scope>
      <charseq START="359" END="525">I know during the war, before the war, you were very concerned about the
position of the Syrian government, cooperating with Iraqis, having an
open border, if you will</charseq>
    </ldc_scope>
    <anchor>
      <charseq START="377" END="379">war</charseq>
    </anchor>
  </event_mention>
  <event_mention ID="CNN_LE_20030504.1200.01-EV5-3">
    <extent>
      <charseq START="393" END="395">war</charseq>
    </extent>
    <ldc_scope>
      <charseq START="359" END="525">I know during the war, before the war, you were very concerned about the
position of the Syrian government, cooperating with Iraqis, having an
open border, if you will</charseq>
    </ldc_scope>
    <anchor>
      <charseq START="393" END="395">war</charseq>
    </anchor>
  </event_mention>
  <event_mention ID="CNN_LE_20030504.1200.01-EV5-4">
    <extent>
      <charseq START="3789" END="3791">war</charseq>
    </extent>
    <ldc_scope>
      <charseq START="3733" END="3821">It was to remove that regime, and it's part
of a global war on terrorism that is not over</charseq>
    </ldc_scope>
    <anchor>
      <charseq START="3789" END="3791">war</charseq>
    </anchor>
  </event_mention>
</event>
<event ID="CNN_LE_20030504.1200.01-EV6" TYPE="Contact" SUBTYPE="Meet" MODALITY="Asserted" POLARITY="Positive" GENERICITY="Specific" TENSE="Past">
  <event_argument REFID="CNN_LE_20030504.1200.01-E2" ROLE="Entity"/>
  <event_argument REFID="CNN_LE_20030504.1200.01-E1" ROLE="Entity"/>
  <event_mention ID="CNN_LE_20030504.1200.01-EV6-1">
    <extent>
      <charseq START="591" END="642">the secretary of state's meeting with Bashar al-Asad</charseq>
    </extent>
    <ldc_scope>
      <charseq START="528" END="642">Has the situation improved, especially in the
aftermath now of the secretary of state's meeting with Bashar al-Asad</charseq>
    </ldc_scope>
    <anchor>
      <charseq START="616" END="622">meeting</charseq>
    </anchor>
    <event_mention_argument REFID="CNN_LE_20030504.1200.01-E2-164" ROLE="Entity">
      <extent>
        <charseq START="591" END="612">the secretary of state</charseq>
      </extent>
    </event_mention_argument>
    <event_mention_argument REFID="CNN_LE_20030504.1200.01-E1-166" ROLE="Entity">
      <extent>
        <charseq START="629" END="642">Bashar al-Asad</charseq>
      </extent>
    </event_mention_argument>
  </event_mention>
</event>
<event ID="CNN_LE_20030504.1200.01-EV7" TYPE="Contact" SUBTYPE="Phone-Write" MODALITY="Asserted" POLARITY="Positive" GENERICITY="Specific" TENSE="Past">
  <event_argument REFID="CNN_LE_20030504.1200.01-E62" ROLE="Entity"/>
  <event_argument REFID="CNN_LE_20030504.1200.01-E2" ROLE="Entity"/>
  <event_argument REFID="CNN_LE_20030504.1200.01-T7" ROLE="Time-Within"/>
  <event_mention ID="CNN_LE_20030504.1200.01-EV7-1">
    <extent>
      <charseq START="688" END="728">I talked to Secretary Powell this morning</charseq>
    </extent>
    <ldc_scope>
      <charseq START="688" END="810">I talked to Secretary Powell this morning
on the phone a bit, and it's not, I think you need to let the dust settle
on that</charseq>
    </ldc_scope>
    <anchor>
      <charseq START="690" END="695">talked</charseq>
    </anchor>
    <event_mention_argument REFID="CNN_LE_20030504.1200.01-E62-3" ROLE="Entity">
      <extent>
        <charseq START="688" END="688">I</charseq>
      </extent>
    </event_mention_argument>
    <event_mention_argument REFID="CNN_LE_20030504.1200.01-E2-4" ROLE="Entity">
      <extent>
        <charseq START="700" END="715">Secretary Powell</charseq>
      </extent>
    </event_mention_argument>
    <event_mention_argument REFID="CNN_LE_20030504.1200.01-T7-1" ROLE="Time-Within">
      <extent>
        <charseq START="717" END="728">this morning</charseq>
      </extent>
    </event_mention_argument>
  </event_mention>
</event>
<event ID="CNN_LE_20030504.1200.01-EV8" TYPE="Contact" SUBTYPE="Phone-Write" MODALITY="Asserted" POLARITY="Positive" GENERICITY="Specific" TENSE="Past">
  <event_argument REFID="CNN_LE_20030504.1200.01-E2" ROLE="Entity"/>
  <event_argument REFID="CNN_LE_20030504.1200.01-E62" ROLE="Entity"/>
  <event_mention ID="CNN_LE_20030504.1200.01-EV8-1">
    <extent>
      <charseq START="1535" END="1581">The secretary of state has written you a letter</charseq>
    </extent>
    <ldc_scope>
      <charseq START="1535" END="1769">The secretary of state has written you a letter expressing, apparently,
some concern about the length that the prisoners are going to be
spending, those detained at the U.S. Naval base at Guantanamo Bay in
Cuba, about 600 or so of them</charseq>
    </ldc_scope>
    <anchor>
      <charseq START="1576" END="1581">letter</charseq>
    </anchor>
    <event_mention_argument REFID="CNN_LE_20030504.1200.01-E2-29" ROLE="Entity">
      <extent>
        <charseq START="1535" END="1556">The secretary of state</charseq>
      </extent>
    </event_mention_argument>
    <event_mention_argument REFID="CNN_LE_20030504.1200.01-E62-31" ROLE="Entity">
      <extent>
        <charseq START="1570" END="1572">you</charseq>
      </extent>
    </event_mention_argument>
  </event_mention>
  <event_mention ID="CNN_LE_20030504.1200.01-EV8-2">
    <extent>
      <charseq START="1908" END="1918">he wrote me</charseq>
    </extent>
    <ldc_scope>
      <charseq START="1861" END="1924">I don't think that's quite accurate as to what he wrote me about</charseq>
    </ldc_scope>
    <anchor>
      <charseq START="1911" END="1915">wrote</charseq>
    </anchor>
    <event_mention_argument REFID="CNN_LE_20030504.1200.01-E2-46" ROLE="Entity">
      <extent>
        <charseq START="1908" END="1909">he</charseq>
      </extent>
    </event_mention_argument>
    <event_mention_argument REFID="CNN_LE_20030504.1200.01-E62-47" ROLE="Entity">
      <extent>
        <charseq START="1917" END="1918">me</charseq>
      </extent>
    </event_mention_argument>
  </event_mention>
  <event_mention ID="CNN_LE_20030504.1200.01-EV8-3">
    <extent>
      <charseq START="1992" END="2002">he wrote me</charseq>
    </extent>
    <ldc_scope>
      <charseq START="1979" END="2239">I think what he wrote me about was the fact that the inter-agency
process, where we have all these FBI and Department of Justice and CIA
and DIA, and what have you, involved in interrogating these detainees, it
takes time to find out what intelligence they have</charseq>
    </ldc_scope>
    <anchor>
      <charseq START="1995" END="1999">wrote</charseq>
    </anchor>
    <event_mention_argument REFID="CNN_LE_20030504.1200.01-E2-53" ROLE="Entity">
      <extent>
        <charseq START="1992" END="1993">he</charseq>
      </extent>
    </event_mention_argument>
    <event_mention_argument REFID="CNN_LE_20030504.1200.01-E62-52" ROLE="Entity">
      <extent>
        <charseq START="2001" END="2002">me</charseq>
      </extent>
    </event_mention_argument>
  </event_mention>
</event>
<event ID="CNN_LE_20030504.1200.01-EV9" TYPE="Movement" SUBTYPE="Transport" MODALITY="Other" POLARITY="Positive" GENERICITY="Specific" TENSE="Future">
  <event_argument REFID="CNN_LE_20030504.1200.01-E34" ROLE="Person"/>
  <event_mention ID="CNN_LE_20030504.1200.01-EV9-1">
    <extent>
      <charseq START="3075" END="3130">the troops to be honored in that way when they come back</charseq>
    </extent>
    <ldc_scope>
      <charseq START="3063" END="3182">Do you
want the troops to be honored in that way when they come back, to have
parades in New York, Washington, elsewhere</charseq>
    </ldc_scope>
    <anchor>
      <charseq START="3122" END="3130">come back</charseq>
    </anchor>
    <event_mention_argument REFID="CNN_LE_20030504.1200.01-E34-94" ROLE="Person">
      <extent>
        <charseq START="3075" END="3084">the troops</charseq>
      </extent>
    </event_mention_argument>
    <event_mention_argument REFID="CNN_LE_20030504.1200.01-E34-95" ROLE="Person">
      <extent>
        <charseq START="3117" END="3120">they</charseq>
      </extent>
    </event_mention_argument>
  </event_mention>
</event>
<event ID="CNN_LE_20030504.1200.01-EV10" TYPE="Contact" SUBTYPE="Meet" MODALITY="Asserted" POLARITY="Positive" GENERICITY="Specific" TENSE="Past">
  <event_argument REFID="CNN_LE_20030504.1200.01-E58" ROLE="Entity"/>
  <event_mention ID="CNN_LE_20030504.1200.01-EV10-1">
    <extent>
      <charseq START="4689" END="4707">we had a discussion</charseq>
    </extent>
    <ldc_scope>
      <charseq START="4562" END="4895">I know that back in
the 1990s, in the Clinton administration, Secretary Perry called in the
former secretaries of defense, and we had a discussion, and they clearly
had teed up a military option that they were considering, and they then
at a certain moment were able to do some things that persuaded them that
that was not appropriate</charseq>
    </ldc_scope>
    <anchor>
      <charseq START="4698" END="4707">discussion</charseq>
    </anchor>
    <event_mention_argument REFID="CNN_LE_20030504.1200.01-E58-143" ROLE="Entity">
      <extent>
        <charseq START="4689" END="4690">we</charseq>
      </extent>
    </event_mention_argument>
  </event_mention>
</event>
</document>
</source_file>
