<?xml version="1.0"?>
<!DOCTYPE AGSet SYSTEM "ag-1.1.dtd">
<AGSet id="CNN_IP_20030422.1600.05" version="1.0" xmlns="http://www.ldc.upenn.edu/atlas/ag/" xmlns:xlink="http://www.w3.org/1999/xlink" xmlns:dc="http://purl.org/DC/documents/rec-dces-19990702.htm">
<Metadata>
<MetadataElement name="author">LDC</MetadataElement>
<MetadataElement name="encoding">UTF-8</MetadataElement>
<MetadataElement name="source"></MetadataElement>
<MetadataElement name="type">text</MetadataElement>
<MetadataElement name="uri">CNN_IP_20030422.1600.05.sgm</MetadataElement>
<MetadataElement name="version">3.1</MetadataElement>
</Metadata>
<Timeline id="CNN_IP_20030422.1600.05:T1">
<Signal id="CNN_IP_20030422.1600.05:T1:1" mimeClass="text" mimeType="NULL" encoding="unknown" unit="char" xlink:type="simple" xlink:href="URI" track="NULL"></Signal>
</Timeline>
<AG id="CNN_IP_20030422.1600.05:1" timeline="CNN_IP_20030422.1600.05:T1">
<Metadata>
<MetadataElement name="docid">CNN_IP_20030422.1600.05</MetadataElement>
</Metadata>
<Anchor id="CNN_IP_20030422.1600.05:1:1" offset="117.000000"></Anchor>
<Anchor id="CNN_IP_20030422.1600.05:1:2" offset="141.000000"></Anchor>
<Anchor id="CNN_IP_20030422.1600.05:1:4f" offset="332.000000"></Anchor>
<Anchor id="CNN_IP_20030422.1600.05:1:4h" offset="354.000000"></Anchor>
<Anchor id="CNN_IP_20030422.1600.05:1:9" offset="354.000000"></Anchor>
<Anchor id="CNN_IP_20030422.1600.05:1:I" offset="354.000000"></Anchor>
<Anchor id="CNN_IP_20030422.1600.05:1:4i" offset="360.000000"></Anchor>
<Anchor id="CNN_IP_20030422.1600.05:1:4n" offset="362.000000"></Anchor>
<Anchor id="CNN_IP_20030422.1600.05:1:K" offset="362.000000"></Anchor>
<Anchor id="CNN_IP_20030422.1600.05:1:4o" offset="368.000000"></Anchor>
<Anchor id="CNN_IP_20030422.1600.05:1:J" offset="368.000000"></Anchor>
<Anchor id="CNN_IP_20030422.1600.05:1:L" offset="368.000000"></Anchor>
<Anchor id="CNN_IP_20030422.1600.05:1:B" offset="370.000000"></Anchor>
<Anchor id="CNN_IP_20030422.1600.05:1:A" offset="383.000000"></Anchor>
<Anchor id="CNN_IP_20030422.1600.05:1:C" offset="383.000000"></Anchor>
<Anchor id="CNN_IP_20030422.1600.05:1:O" offset="415.000000"></Anchor>
<Anchor id="CNN_IP_20030422.1600.05:1:Q" offset="415.000000"></Anchor>
<Anchor id="CNN_IP_20030422.1600.05:1:P" offset="417.000000"></Anchor>
<Anchor id="CNN_IP_20030422.1600.05:1:R" offset="417.000000"></Anchor>
<Anchor id="CNN_IP_20030422.1600.05:1:S" offset="432.000000"></Anchor>
<Anchor id="CNN_IP_20030422.1600.05:1:V" offset="446.000000"></Anchor>
<Anchor id="CNN_IP_20030422.1600.05:1:4g" offset="450.000000"></Anchor>
<Anchor id="CNN_IP_20030422.1600.05:1:U" offset="450.000000"></Anchor>
<Anchor id="CNN_IP_20030422.1600.05:1:W" offset="450.000000"></Anchor>
<Anchor id="CNN_IP_20030422.1600.05:1:b" offset="456.000000"></Anchor>
<Anchor id="CNN_IP_20030422.1600.05:1:d" offset="456.000000"></Anchor>
<Anchor id="CNN_IP_20030422.1600.05:1:c" offset="459.000000"></Anchor>
<Anchor id="CNN_IP_20030422.1600.05:1:e" offset="459.000000"></Anchor>
<Anchor id="CNN_IP_20030422.1600.05:1:56" offset="467.000000"></Anchor>
<Anchor id="CNN_IP_20030422.1600.05:1:j" offset="467.000000"></Anchor>
<Anchor id="CNN_IP_20030422.1600.05:1:l" offset="467.000000"></Anchor>
<Anchor id="CNN_IP_20030422.1600.05:1:k" offset="474.000000"></Anchor>
<Anchor id="CNN_IP_20030422.1600.05:1:m" offset="474.000000"></Anchor>
<Anchor id="CNN_IP_20030422.1600.05:1:58" offset="478.000000"></Anchor>
<Anchor id="CNN_IP_20030422.1600.05:1:59" offset="483.000000"></Anchor>
<Anchor id="CNN_IP_20030422.1600.05:1:n" offset="494.000000"></Anchor>
<Anchor id="CNN_IP_20030422.1600.05:1:r" offset="494.000000"></Anchor>
<Anchor id="CNN_IP_20030422.1600.05:1:o" offset="507.000000"></Anchor>
<Anchor id="CNN_IP_20030422.1600.05:1:s" offset="507.000000"></Anchor>
<Anchor id="CNN_IP_20030422.1600.05:1:v" offset="509.000000"></Anchor>
<Anchor id="CNN_IP_20030422.1600.05:1:w" offset="518.000000"></Anchor>
<Anchor id="CNN_IP_20030422.1600.05:1:57" offset="537.000000"></Anchor>
<Anchor id="CNN_IP_20030422.1600.05:1:11" offset="540.000000"></Anchor>
<Anchor id="CNN_IP_20030422.1600.05:1:3r" offset="540.000000"></Anchor>
<Anchor id="CNN_IP_20030422.1600.05:1:5J" offset="540.000000"></Anchor>
<Anchor id="CNN_IP_20030422.1600.05:1:z" offset="540.000000"></Anchor>
<Anchor id="CNN_IP_20030422.1600.05:1:10" offset="541.000000"></Anchor>
<Anchor id="CNN_IP_20030422.1600.05:1:12" offset="541.000000"></Anchor>
<Anchor id="CNN_IP_20030422.1600.05:1:5L" offset="546.000000"></Anchor>
<Anchor id="CNN_IP_20030422.1600.05:1:5M" offset="548.000000"></Anchor>
<Anchor id="CNN_IP_20030422.1600.05:1:13" offset="553.000000"></Anchor>
<Anchor id="CNN_IP_20030422.1600.05:1:15" offset="553.000000"></Anchor>
<Anchor id="CNN_IP_20030422.1600.05:1:14" offset="555.000000"></Anchor>
<Anchor id="CNN_IP_20030422.1600.05:1:16" offset="555.000000"></Anchor>
<Anchor id="CNN_IP_20030422.1600.05:1:17" offset="600.000000"></Anchor>
<Anchor id="CNN_IP_20030422.1600.05:1:19" offset="600.000000"></Anchor>
<Anchor id="CNN_IP_20030422.1600.05:1:1L" offset="600.000000"></Anchor>
<Anchor id="CNN_IP_20030422.1600.05:1:3j" offset="600.000000"></Anchor>
<Anchor id="CNN_IP_20030422.1600.05:1:18" offset="602.000000"></Anchor>
<Anchor id="CNN_IP_20030422.1600.05:1:1A" offset="602.000000"></Anchor>
<Anchor id="CNN_IP_20030422.1600.05:1:1U" offset="604.000000"></Anchor>
<Anchor id="CNN_IP_20030422.1600.05:1:1W" offset="604.000000"></Anchor>
<Anchor id="CNN_IP_20030422.1600.05:1:1V" offset="607.000000"></Anchor>
<Anchor id="CNN_IP_20030422.1600.05:1:1X" offset="607.000000"></Anchor>
<Anchor id="CNN_IP_20030422.1600.05:1:1N" offset="609.000000"></Anchor>
<Anchor id="CNN_IP_20030422.1600.05:1:1M" offset="613.000000"></Anchor>
<Anchor id="CNN_IP_20030422.1600.05:1:1O" offset="613.000000"></Anchor>
<Anchor id="CNN_IP_20030422.1600.05:1:3k" offset="613.000000"></Anchor>
<Anchor id="CNN_IP_20030422.1600.05:1:1a" offset="622.000000"></Anchor>
<Anchor id="CNN_IP_20030422.1600.05:1:47" offset="622.000000"></Anchor>
<Anchor id="CNN_IP_20030422.1600.05:1:1c" offset="634.000000"></Anchor>
<Anchor id="CNN_IP_20030422.1600.05:1:1d" offset="636.000000"></Anchor>
<Anchor id="CNN_IP_20030422.1600.05:1:1i" offset="641.000000"></Anchor>
<Anchor id="CNN_IP_20030422.1600.05:1:3z" offset="641.000000"></Anchor>
<Anchor id="CNN_IP_20030422.1600.05:1:1q" offset="643.000000"></Anchor>
<Anchor id="CNN_IP_20030422.1600.05:1:1s" offset="643.000000"></Anchor>
<Anchor id="CNN_IP_20030422.1600.05:1:1r" offset="653.000000"></Anchor>
<Anchor id="CNN_IP_20030422.1600.05:1:1t" offset="653.000000"></Anchor>
<Anchor id="CNN_IP_20030422.1600.05:1:1k" offset="655.000000"></Anchor>
<Anchor id="CNN_IP_20030422.1600.05:1:1b" offset="663.000000"></Anchor>
<Anchor id="CNN_IP_20030422.1600.05:1:1j" offset="663.000000"></Anchor>
<Anchor id="CNN_IP_20030422.1600.05:1:1l" offset="663.000000"></Anchor>
<Anchor id="CNN_IP_20030422.1600.05:1:3s" offset="663.000000"></Anchor>
<Anchor id="CNN_IP_20030422.1600.05:1:40" offset="663.000000"></Anchor>
<Anchor id="CNN_IP_20030422.1600.05:1:48" offset="663.000000"></Anchor>
<Anchor id="CNN_IP_20030422.1600.05:1:5K" offset="663.000000"></Anchor>
<Anchor id="CNN_IP_20030422.1600.05:1:20" offset="666.000000"></Anchor>
<Anchor id="CNN_IP_20030422.1600.05:1:22" offset="666.000000"></Anchor>
<Anchor id="CNN_IP_20030422.1600.05:1:21" offset="676.000000"></Anchor>
<Anchor id="CNN_IP_20030422.1600.05:1:23" offset="676.000000"></Anchor>
<Anchor id="CNN_IP_20030422.1600.05:1:24" offset="681.000000"></Anchor>
<Anchor id="CNN_IP_20030422.1600.05:1:26" offset="683.000000"></Anchor>
<Anchor id="CNN_IP_20030422.1600.05:1:27" offset="690.000000"></Anchor>
<Anchor id="CNN_IP_20030422.1600.05:1:2A" offset="695.000000"></Anchor>
<Anchor id="CNN_IP_20030422.1600.05:1:2J" offset="697.000000"></Anchor>
<Anchor id="CNN_IP_20030422.1600.05:1:2L" offset="697.000000"></Anchor>
<Anchor id="CNN_IP_20030422.1600.05:1:2K" offset="706.000000"></Anchor>
<Anchor id="CNN_IP_20030422.1600.05:1:2M" offset="706.000000"></Anchor>
<Anchor id="CNN_IP_20030422.1600.05:1:2C" offset="708.000000"></Anchor>
<Anchor id="CNN_IP_20030422.1600.05:1:2D" offset="712.000000"></Anchor>
<Anchor id="CNN_IP_20030422.1600.05:1:2X" offset="724.000000"></Anchor>
<Anchor id="CNN_IP_20030422.1600.05:1:2Z" offset="724.000000"></Anchor>
<Anchor id="CNN_IP_20030422.1600.05:1:2b" offset="724.000000"></Anchor>
<Anchor id="CNN_IP_20030422.1600.05:1:4G" offset="724.000000"></Anchor>
<Anchor id="CNN_IP_20030422.1600.05:1:2Y" offset="726.000000"></Anchor>
<Anchor id="CNN_IP_20030422.1600.05:1:2a" offset="726.000000"></Anchor>
<Anchor id="CNN_IP_20030422.1600.05:1:2d" offset="742.000000"></Anchor>
<Anchor id="CNN_IP_20030422.1600.05:1:25" offset="751.000000"></Anchor>
<Anchor id="CNN_IP_20030422.1600.05:1:2B" offset="751.000000"></Anchor>
<Anchor id="CNN_IP_20030422.1600.05:1:2c" offset="751.000000"></Anchor>
<Anchor id="CNN_IP_20030422.1600.05:1:2e" offset="751.000000"></Anchor>
<Anchor id="CNN_IP_20030422.1600.05:1:4H" offset="751.000000"></Anchor>
<Anchor id="CNN_IP_20030422.1600.05:1:2j" offset="758.000000"></Anchor>
<Anchor id="CNN_IP_20030422.1600.05:1:4O" offset="758.000000"></Anchor>
<Anchor id="CNN_IP_20030422.1600.05:1:2r" offset="766.000000"></Anchor>
<Anchor id="CNN_IP_20030422.1600.05:1:2t" offset="766.000000"></Anchor>
<Anchor id="CNN_IP_20030422.1600.05:1:2s" offset="775.000000"></Anchor>
<Anchor id="CNN_IP_20030422.1600.05:1:2u" offset="775.000000"></Anchor>
<Anchor id="CNN_IP_20030422.1600.05:1:2l" offset="777.000000"></Anchor>
<Anchor id="CNN_IP_20030422.1600.05:1:2k" offset="784.000000"></Anchor>
<Anchor id="CNN_IP_20030422.1600.05:1:2m" offset="784.000000"></Anchor>
<Anchor id="CNN_IP_20030422.1600.05:1:4P" offset="784.000000"></Anchor>
<Anchor id="CNN_IP_20030422.1600.05:1:31" offset="812.000000"></Anchor>
<Anchor id="CNN_IP_20030422.1600.05:1:4X" offset="812.000000"></Anchor>
<Anchor id="CNN_IP_20030422.1600.05:1:1D" offset="816.000000"></Anchor>
<Anchor id="CNN_IP_20030422.1600.05:1:t" offset="816.000000"></Anchor>
<Anchor id="CNN_IP_20030422.1600.05:1:1F" offset="822.000000"></Anchor>
<Anchor id="CNN_IP_20030422.1600.05:1:u" offset="822.000000"></Anchor>
<Anchor id="CNN_IP_20030422.1600.05:1:33" offset="824.000000"></Anchor>
<Anchor id="CNN_IP_20030422.1600.05:1:34" offset="828.000000"></Anchor>
<Anchor id="CNN_IP_20030422.1600.05:1:3K" offset="843.000000"></Anchor>
<Anchor id="CNN_IP_20030422.1600.05:1:5" offset="847.000000"></Anchor>
<Anchor id="CNN_IP_20030422.1600.05:1:6" offset="858.000000"></Anchor>
<Anchor id="CNN_IP_20030422.1600.05:1:3M" offset="860.000000"></Anchor>
<Anchor id="CNN_IP_20030422.1600.05:1:32" offset="867.000000"></Anchor>
<Anchor id="CNN_IP_20030422.1600.05:1:3L" offset="867.000000"></Anchor>
<Anchor id="CNN_IP_20030422.1600.05:1:3N" offset="867.000000"></Anchor>
<Anchor id="CNN_IP_20030422.1600.05:1:4Y" offset="867.000000"></Anchor>
<Anchor id="CNN_IP_20030422.1600.05:1:3O" offset="909.000000"></Anchor>
<Anchor id="CNN_IP_20030422.1600.05:1:3P" offset="909.000000"></Anchor>
<Anchor id="CNN_IP_20030422.1600.05:1:3Q" offset="909.000000"></Anchor>
<Anchor id="CNN_IP_20030422.1600.05:1:3R" offset="909.000000"></Anchor>
<Anchor id="CNN_IP_20030422.1600.05:1:3X" offset="913.000000"></Anchor>
<Anchor id="CNN_IP_20030422.1600.05:1:3Z" offset="913.000000"></Anchor>
<Anchor id="CNN_IP_20030422.1600.05:1:3Y" offset="925.000000"></Anchor>
<Anchor id="CNN_IP_20030422.1600.05:1:3a" offset="925.000000"></Anchor>
<Anchor id="CNN_IP_20030422.1600.05:1:3b" offset="947.000000"></Anchor>
<Anchor id="CNN_IP_20030422.1600.05:1:3d" offset="947.000000"></Anchor>
<Anchor id="CNN_IP_20030422.1600.05:1:3c" offset="948.000000"></Anchor>
<Anchor id="CNN_IP_20030422.1600.05:1:3e" offset="948.000000"></Anchor>
<Anchor id="CNN_IP_20030422.1600.05:1:1B"></Anchor>
<Anchor id="CNN_IP_20030422.1600.05:1:1C"></Anchor>
<Anchor id="CNN_IP_20030422.1600.05:1:1G"></Anchor>
<Anchor id="CNN_IP_20030422.1600.05:1:1H"></Anchor>
<Anchor id="CNN_IP_20030422.1600.05:1:1I"></Anchor>
<Anchor id="CNN_IP_20030422.1600.05:1:1J"></Anchor>
<Anchor id="CNN_IP_20030422.1600.05:1:1P"></Anchor>
<Anchor id="CNN_IP_20030422.1600.05:1:1Q"></Anchor>
<Anchor id="CNN_IP_20030422.1600.05:1:1R"></Anchor>
<Anchor id="CNN_IP_20030422.1600.05:1:1S"></Anchor>
<Anchor id="CNN_IP_20030422.1600.05:1:1Y"></Anchor>
<Anchor id="CNN_IP_20030422.1600.05:1:1Z"></Anchor>
<Anchor id="CNN_IP_20030422.1600.05:1:1e"></Anchor>
<Anchor id="CNN_IP_20030422.1600.05:1:1f"></Anchor>
<Anchor id="CNN_IP_20030422.1600.05:1:1g"></Anchor>
<Anchor id="CNN_IP_20030422.1600.05:1:1h"></Anchor>
<Anchor id="CNN_IP_20030422.1600.05:1:1m"></Anchor>
<Anchor id="CNN_IP_20030422.1600.05:1:1n"></Anchor>
<Anchor id="CNN_IP_20030422.1600.05:1:1o"></Anchor>
<Anchor id="CNN_IP_20030422.1600.05:1:1p"></Anchor>
<Anchor id="CNN_IP_20030422.1600.05:1:1u"></Anchor>
<Anchor id="CNN_IP_20030422.1600.05:1:1v"></Anchor>
<Anchor id="CNN_IP_20030422.1600.05:1:1w"></Anchor>
<Anchor id="CNN_IP_20030422.1600.05:1:1x"></Anchor>
<Anchor id="CNN_IP_20030422.1600.05:1:1y"></Anchor>
<Anchor id="CNN_IP_20030422.1600.05:1:1z"></Anchor>
<Anchor id="CNN_IP_20030422.1600.05:1:28"></Anchor>
<Anchor id="CNN_IP_20030422.1600.05:1:29"></Anchor>
<Anchor id="CNN_IP_20030422.1600.05:1:2F"></Anchor>
<Anchor id="CNN_IP_20030422.1600.05:1:2G"></Anchor>
<Anchor id="CNN_IP_20030422.1600.05:1:2H"></Anchor>
<Anchor id="CNN_IP_20030422.1600.05:1:2I"></Anchor>
<Anchor id="CNN_IP_20030422.1600.05:1:2N"></Anchor>
<Anchor id="CNN_IP_20030422.1600.05:1:2O"></Anchor>
<Anchor id="CNN_IP_20030422.1600.05:1:2P"></Anchor>
<Anchor id="CNN_IP_20030422.1600.05:1:2Q"></Anchor>
<Anchor id="CNN_IP_20030422.1600.05:1:2R"></Anchor>
<Anchor id="CNN_IP_20030422.1600.05:1:2S"></Anchor>
<Anchor id="CNN_IP_20030422.1600.05:1:2V"></Anchor>
<Anchor id="CNN_IP_20030422.1600.05:1:2W"></Anchor>
<Anchor id="CNN_IP_20030422.1600.05:1:2f"></Anchor>
<Anchor id="CNN_IP_20030422.1600.05:1:2g"></Anchor>
<Anchor id="CNN_IP_20030422.1600.05:1:2h"></Anchor>
<Anchor id="CNN_IP_20030422.1600.05:1:2i"></Anchor>
<Anchor id="CNN_IP_20030422.1600.05:1:2n"></Anchor>
<Anchor id="CNN_IP_20030422.1600.05:1:2o"></Anchor>
<Anchor id="CNN_IP_20030422.1600.05:1:2p"></Anchor>
<Anchor id="CNN_IP_20030422.1600.05:1:2q"></Anchor>
<Anchor id="CNN_IP_20030422.1600.05:1:2v"></Anchor>
<Anchor id="CNN_IP_20030422.1600.05:1:2w"></Anchor>
<Anchor id="CNN_IP_20030422.1600.05:1:2x"></Anchor>
<Anchor id="CNN_IP_20030422.1600.05:1:2y"></Anchor>
<Anchor id="CNN_IP_20030422.1600.05:1:2z"></Anchor>
<Anchor id="CNN_IP_20030422.1600.05:1:3"></Anchor>
<Anchor id="CNN_IP_20030422.1600.05:1:30"></Anchor>
<Anchor id="CNN_IP_20030422.1600.05:1:35"></Anchor>
<Anchor id="CNN_IP_20030422.1600.05:1:36"></Anchor>
<Anchor id="CNN_IP_20030422.1600.05:1:37"></Anchor>
<Anchor id="CNN_IP_20030422.1600.05:1:38"></Anchor>
<Anchor id="CNN_IP_20030422.1600.05:1:39"></Anchor>
<Anchor id="CNN_IP_20030422.1600.05:1:3A"></Anchor>
<Anchor id="CNN_IP_20030422.1600.05:1:3B"></Anchor>
<Anchor id="CNN_IP_20030422.1600.05:1:3C"></Anchor>
<Anchor id="CNN_IP_20030422.1600.05:1:3D"></Anchor>
<Anchor id="CNN_IP_20030422.1600.05:1:3F"></Anchor>
<Anchor id="CNN_IP_20030422.1600.05:1:3S"></Anchor>
<Anchor id="CNN_IP_20030422.1600.05:1:3U"></Anchor>
<Anchor id="CNN_IP_20030422.1600.05:1:3V"></Anchor>
<Anchor id="CNN_IP_20030422.1600.05:1:3W"></Anchor>
<Anchor id="CNN_IP_20030422.1600.05:1:3f"></Anchor>
<Anchor id="CNN_IP_20030422.1600.05:1:3g"></Anchor>
<Anchor id="CNN_IP_20030422.1600.05:1:3h"></Anchor>
<Anchor id="CNN_IP_20030422.1600.05:1:3i"></Anchor>
<Anchor id="CNN_IP_20030422.1600.05:1:3l"></Anchor>
<Anchor id="CNN_IP_20030422.1600.05:1:3m"></Anchor>
<Anchor id="CNN_IP_20030422.1600.05:1:3n"></Anchor>
<Anchor id="CNN_IP_20030422.1600.05:1:3o"></Anchor>
<Anchor id="CNN_IP_20030422.1600.05:1:3p"></Anchor>
<Anchor id="CNN_IP_20030422.1600.05:1:3q"></Anchor>
<Anchor id="CNN_IP_20030422.1600.05:1:3t"></Anchor>
<Anchor id="CNN_IP_20030422.1600.05:1:3u"></Anchor>
<Anchor id="CNN_IP_20030422.1600.05:1:3v"></Anchor>
<Anchor id="CNN_IP_20030422.1600.05:1:3w"></Anchor>
<Anchor id="CNN_IP_20030422.1600.05:1:3x"></Anchor>
<Anchor id="CNN_IP_20030422.1600.05:1:3y"></Anchor>
<Anchor id="CNN_IP_20030422.1600.05:1:4"></Anchor>
<Anchor id="CNN_IP_20030422.1600.05:1:41"></Anchor>
<Anchor id="CNN_IP_20030422.1600.05:1:42"></Anchor>
<Anchor id="CNN_IP_20030422.1600.05:1:43"></Anchor>
<Anchor id="CNN_IP_20030422.1600.05:1:44"></Anchor>
<Anchor id="CNN_IP_20030422.1600.05:1:45"></Anchor>
<Anchor id="CNN_IP_20030422.1600.05:1:46"></Anchor>
<Anchor id="CNN_IP_20030422.1600.05:1:49"></Anchor>
<Anchor id="CNN_IP_20030422.1600.05:1:4A"></Anchor>
<Anchor id="CNN_IP_20030422.1600.05:1:4B"></Anchor>
<Anchor id="CNN_IP_20030422.1600.05:1:4C"></Anchor>
<Anchor id="CNN_IP_20030422.1600.05:1:4D"></Anchor>
<Anchor id="CNN_IP_20030422.1600.05:1:4F"></Anchor>
<Anchor id="CNN_IP_20030422.1600.05:1:4I"></Anchor>
<Anchor id="CNN_IP_20030422.1600.05:1:4J"></Anchor>
<Anchor id="CNN_IP_20030422.1600.05:1:4K"></Anchor>
<Anchor id="CNN_IP_20030422.1600.05:1:4L"></Anchor>
<Anchor id="CNN_IP_20030422.1600.05:1:4M"></Anchor>
<Anchor id="CNN_IP_20030422.1600.05:1:4N"></Anchor>
<Anchor id="CNN_IP_20030422.1600.05:1:4Q"></Anchor>
<Anchor id="CNN_IP_20030422.1600.05:1:4R"></Anchor>
<Anchor id="CNN_IP_20030422.1600.05:1:4S"></Anchor>
<Anchor id="CNN_IP_20030422.1600.05:1:4U"></Anchor>
<Anchor id="CNN_IP_20030422.1600.05:1:4V"></Anchor>
<Anchor id="CNN_IP_20030422.1600.05:1:4W"></Anchor>
<Anchor id="CNN_IP_20030422.1600.05:1:4Z"></Anchor>
<Anchor id="CNN_IP_20030422.1600.05:1:4a"></Anchor>
<Anchor id="CNN_IP_20030422.1600.05:1:4j"></Anchor>
<Anchor id="CNN_IP_20030422.1600.05:1:4k"></Anchor>
<Anchor id="CNN_IP_20030422.1600.05:1:4p"></Anchor>
<Anchor id="CNN_IP_20030422.1600.05:1:4q"></Anchor>
<Anchor id="CNN_IP_20030422.1600.05:1:4r"></Anchor>
<Anchor id="CNN_IP_20030422.1600.05:1:4s"></Anchor>
<Anchor id="CNN_IP_20030422.1600.05:1:4t"></Anchor>
<Anchor id="CNN_IP_20030422.1600.05:1:4u"></Anchor>
<Anchor id="CNN_IP_20030422.1600.05:1:5A"></Anchor>
<Anchor id="CNN_IP_20030422.1600.05:1:5B"></Anchor>
<Anchor id="CNN_IP_20030422.1600.05:1:5C"></Anchor>
<Anchor id="CNN_IP_20030422.1600.05:1:5D"></Anchor>
<Anchor id="CNN_IP_20030422.1600.05:1:5H"></Anchor>
<Anchor id="CNN_IP_20030422.1600.05:1:5I"></Anchor>
<Anchor id="CNN_IP_20030422.1600.05:1:5N"></Anchor>
<Anchor id="CNN_IP_20030422.1600.05:1:5O"></Anchor>
<Anchor id="CNN_IP_20030422.1600.05:1:7"></Anchor>
<Anchor id="CNN_IP_20030422.1600.05:1:8"></Anchor>
<Anchor id="CNN_IP_20030422.1600.05:1:D"></Anchor>
<Anchor id="CNN_IP_20030422.1600.05:1:F"></Anchor>
<Anchor id="CNN_IP_20030422.1600.05:1:G"></Anchor>
<Anchor id="CNN_IP_20030422.1600.05:1:H"></Anchor>
<Anchor id="CNN_IP_20030422.1600.05:1:M"></Anchor>
<Anchor id="CNN_IP_20030422.1600.05:1:N"></Anchor>
<Anchor id="CNN_IP_20030422.1600.05:1:X"></Anchor>
<Anchor id="CNN_IP_20030422.1600.05:1:Y"></Anchor>
<Anchor id="CNN_IP_20030422.1600.05:1:Z"></Anchor>
<Anchor id="CNN_IP_20030422.1600.05:1:a"></Anchor>
<Anchor id="CNN_IP_20030422.1600.05:1:f"></Anchor>
<Anchor id="CNN_IP_20030422.1600.05:1:g"></Anchor>
<Anchor id="CNN_IP_20030422.1600.05:1:h"></Anchor>
<Anchor id="CNN_IP_20030422.1600.05:1:i"></Anchor>
<Anchor id="CNN_IP_20030422.1600.05:1:p"></Anchor>
<Anchor id="CNN_IP_20030422.1600.05:1:q"></Anchor>
<Anchor id="CNN_IP_20030422.1600.05:1:x"></Anchor>
<Anchor id="CNN_IP_20030422.1600.05:1:y"></Anchor>
<Annotation id="CNN_IP_20030422.1600.05:1:E14" type="entity" start="CNN_IP_20030422.1600.05:1:28" end="CNN_IP_20030422.1600.05:1:29">
<Feature name="class">ATR</Feature>
<Feature name="class_difficultDecision">FALSE</Feature>
<Feature name="composite_entity">CNN_IP_20030422.1600.05:1:Ey</Feature>
<Feature name="id">E14</Feature>
<Feature name="subtype">COM</Feature>
<Feature name="subtype_difficultDecision">FALSE</Feature>
<Feature name="type">ORG</Feature>
<Feature name="type_difficultDecision">FALSE</Feature>
</Annotation>
<Annotation id="CNN_IP_20030422.1600.05:1:E17" type="entity" start="CNN_IP_20030422.1600.05:1:2F" end="CNN_IP_20030422.1600.05:1:2G">
<Feature name="class">SPC</Feature>
<Feature name="class_difficultDecision">FALSE</Feature>
<Feature name="composite_entity">CNN_IP_20030422.1600.05:1:E18</Feature>
<Feature name="id">E15</Feature>
<Feature name="subtype">COM</Feature>
<Feature name="subtype_difficultDecision">FALSE</Feature>
<Feature name="type">ORG</Feature>
<Feature name="type_difficultDecision">FALSE</Feature>
</Annotation>
<Annotation id="CNN_IP_20030422.1600.05:1:E18" type="composite_entity" start="CNN_IP_20030422.1600.05:1:2H" end="CNN_IP_20030422.1600.05:1:2I">
<Feature name="composite_entity_class">SPC</Feature>
<Feature name="id">CE10</Feature>
</Annotation>
<Annotation id="CNN_IP_20030422.1600.05:1:E1B" type="entity" start="CNN_IP_20030422.1600.05:1:2N" end="CNN_IP_20030422.1600.05:1:2O">
<Feature name="class">GEN</Feature>
<Feature name="class_difficultDecision">FALSE</Feature>
<Feature name="composite_entity">CNN_IP_20030422.1600.05:1:E1C</Feature>
<Feature name="id">E16</Feature>
<Feature name="subtype">COM</Feature>
<Feature name="subtype_difficultDecision">FALSE</Feature>
<Feature name="type">ORG</Feature>
<Feature name="type_difficultDecision">FALSE</Feature>
</Annotation>
<Annotation id="CNN_IP_20030422.1600.05:1:E1C" type="composite_entity" start="CNN_IP_20030422.1600.05:1:2P" end="CNN_IP_20030422.1600.05:1:2Q">
<Feature name="composite_entity_class">GEN</Feature>
<Feature name="id">CE1</Feature>
</Annotation>
<Annotation id="CNN_IP_20030422.1600.05:1:E1D" type="entity" start="CNN_IP_20030422.1600.05:1:2R" end="CNN_IP_20030422.1600.05:1:2S">
<Feature name="class">ATR</Feature>
<Feature name="class_difficultDecision">FALSE</Feature>
<Feature name="composite_entity">CNN_IP_20030422.1600.05:1:E1C</Feature>
<Feature name="id">E17</Feature>
<Feature name="subtype">COM</Feature>
<Feature name="subtype_difficultDecision">FALSE</Feature>
<Feature name="type">ORG</Feature>
<Feature name="type_difficultDecision">FALSE</Feature>
</Annotation>
<Annotation id="CNN_IP_20030422.1600.05:1:E1K" type="entity" start="CNN_IP_20030422.1600.05:1:2f" end="CNN_IP_20030422.1600.05:1:2g">
<Feature name="class">GEN</Feature>
<Feature name="class_difficultDecision">FALSE</Feature>
<Feature name="composite_entity">CNN_IP_20030422.1600.05:1:E1L</Feature>
<Feature name="id">E18</Feature>
<Feature name="subtype">Group</Feature>
<Feature name="subtype_difficultDecision">FALSE</Feature>
<Feature name="type">PER</Feature>
<Feature name="type_difficultDecision">FALSE</Feature>
</Annotation>
<Annotation id="CNN_IP_20030422.1600.05:1:E1L" type="composite_entity" start="CNN_IP_20030422.1600.05:1:2h" end="CNN_IP_20030422.1600.05:1:2i">
<Feature name="composite_entity_class">GEN</Feature>
<Feature name="id">CE11</Feature>
</Annotation>
<Annotation id="CNN_IP_20030422.1600.05:1:E1O" type="entity" start="CNN_IP_20030422.1600.05:1:2n" end="CNN_IP_20030422.1600.05:1:2o">
<Feature name="class">SPC</Feature>
<Feature name="class_difficultDecision">FALSE</Feature>
<Feature name="composite_entity">CNN_IP_20030422.1600.05:1:E1P</Feature>
<Feature name="id">E19</Feature>
<Feature name="subtype">Individual</Feature>
<Feature name="subtype_difficultDecision">FALSE</Feature>
<Feature name="type">PER</Feature>
<Feature name="type_difficultDecision">FALSE</Feature>
</Annotation>
<Annotation id="CNN_IP_20030422.1600.05:1:E1P" type="composite_entity" start="CNN_IP_20030422.1600.05:1:2p" end="CNN_IP_20030422.1600.05:1:2q">
<Feature name="composite_entity_class">SPC</Feature>
<Feature name="id">CE12</Feature>
</Annotation>
<Annotation id="CNN_IP_20030422.1600.05:1:E1S" type="entity" start="CNN_IP_20030422.1600.05:1:2v" end="CNN_IP_20030422.1600.05:1:2w">
<Feature name="class">SPC</Feature>
<Feature name="class_difficultDecision">FALSE</Feature>
<Feature name="composite_entity">CNN_IP_20030422.1600.05:1:E1U</Feature>
<Feature name="id">E20</Feature>
<Feature name="subtype">NON</Feature>
<Feature name="subtype_difficultDecision">FALSE</Feature>
<Feature name="type">ORG</Feature>
<Feature name="type_difficultDecision">FALSE</Feature>
</Annotation>
<Annotation id="CNN_IP_20030422.1600.05:1:E1U" type="composite_entity" start="CNN_IP_20030422.1600.05:1:2x" end="CNN_IP_20030422.1600.05:1:2y">
<Feature name="composite_entity_class">SPC</Feature>
<Feature name="id">CE2</Feature>
</Annotation>
<Annotation id="CNN_IP_20030422.1600.05:1:E1V" type="entity" start="CNN_IP_20030422.1600.05:1:2z" end="CNN_IP_20030422.1600.05:1:30">
<Feature name="class">ATR</Feature>
<Feature name="class_difficultDecision">FALSE</Feature>
<Feature name="composite_entity">CNN_IP_20030422.1600.05:1:E1U</Feature>
<Feature name="id">E21</Feature>
<Feature name="subtype">NON</Feature>
<Feature name="subtype_difficultDecision">FALSE</Feature>
<Feature name="type">ORG</Feature>
<Feature name="type_difficultDecision">FALSE</Feature>
</Annotation>
<Annotation id="CNN_IP_20030422.1600.05:1:E1Y" type="entity" start="CNN_IP_20030422.1600.05:1:35" end="CNN_IP_20030422.1600.05:1:36">
<Feature name="class">NEG</Feature>
<Feature name="class_difficultDecision">FALSE</Feature>
<Feature name="composite_entity">CNN_IP_20030422.1600.05:1:E1Z</Feature>
<Feature name="id">E22</Feature>
<Feature name="subtype">Group</Feature>
<Feature name="subtype_difficultDecision">FALSE</Feature>
<Feature name="type">PER</Feature>
<Feature name="type_difficultDecision">FALSE</Feature>
</Annotation>
<Annotation id="CNN_IP_20030422.1600.05:1:E1Z" type="composite_entity" start="CNN_IP_20030422.1600.05:1:37" end="CNN_IP_20030422.1600.05:1:38">
<Feature name="composite_entity_class">NEG</Feature>
<Feature name="id">CE13</Feature>
</Annotation>
<Annotation id="CNN_IP_20030422.1600.05:1:E1a" type="event_mention_participant" start="CNN_IP_20030422.1600.05:1:2V" end="CNN_IP_20030422.1600.05:1:2W">
<Feature name="event_mention">CNN_IP_20030422.1600.05:1:E2e</Feature>
<Feature name="indexing_type">charseq</Feature>
<Feature name="object_mention">CNN_IP_20030422.1600.05:1:En</Feature>
<Feature name="role">Vehicle</Feature>
<Feature name="subrole"></Feature>
</Annotation>
<Annotation id="CNN_IP_20030422.1600.05:1:E1b" type="event_mention_participant" start="CNN_IP_20030422.1600.05:1:39" end="CNN_IP_20030422.1600.05:1:3A">
<Feature name="event_mention">CNN_IP_20030422.1600.05:1:E2e</Feature>
<Feature name="indexing_type">charseq</Feature>
<Feature name="object_mention">CNN_IP_20030422.1600.05:1:EW</Feature>
<Feature name="role">Artifact</Feature>
<Feature name="subrole"></Feature>
</Annotation>
<Annotation id="CNN_IP_20030422.1600.05:1:E1c" type="event_mention_participant" start="CNN_IP_20030422.1600.05:1:3B" end="CNN_IP_20030422.1600.05:1:3C">
<Feature name="event_mention">CNN_IP_20030422.1600.05:1:E2e</Feature>
<Feature name="indexing_type">charseq</Feature>
<Feature name="object_mention">CNN_IP_20030422.1600.05:1:EY</Feature>
<Feature name="role">Artifact</Feature>
<Feature name="subrole"></Feature>
</Annotation>
<Annotation id="CNN_IP_20030422.1600.05:1:E1d" type="event_mention_participant" start="CNN_IP_20030422.1600.05:1:3D" end="CNN_IP_20030422.1600.05:1:3F">
<Feature name="event_mention">CNN_IP_20030422.1600.05:1:E2e</Feature>
<Feature name="indexing_type">charseq</Feature>
<Feature name="object_mention">CNN_IP_20030422.1600.05:1:Ea</Feature>
<Feature name="role">Artifact</Feature>
<Feature name="subrole"></Feature>
</Annotation>
<Annotation id="CNN_IP_20030422.1600.05:1:E1j" type="entity" start="CNN_IP_20030422.1600.05:1:3S" end="CNN_IP_20030422.1600.05:1:3U">
<Feature name="class">SPC</Feature>
<Feature name="class_difficultDecision">FALSE</Feature>
<Feature name="composite_entity">CNN_IP_20030422.1600.05:1:E1k</Feature>
<Feature name="id">E25</Feature>
<Feature name="subtype">Individual</Feature>
<Feature name="subtype_difficultDecision">FALSE</Feature>
<Feature name="type">PER</Feature>
<Feature name="type_difficultDecision">FALSE</Feature>
</Annotation>
<Annotation id="CNN_IP_20030422.1600.05:1:E1k" type="composite_entity" start="CNN_IP_20030422.1600.05:1:3V" end="CNN_IP_20030422.1600.05:1:3W">
<Feature name="composite_entity_class">SPC</Feature>
<Feature name="id">CE14</Feature>
</Annotation>
<Annotation id="CNN_IP_20030422.1600.05:1:E1p" type="entity" start="CNN_IP_20030422.1600.05:1:3f" end="CNN_IP_20030422.1600.05:1:3g">
<Feature name="class">SPC</Feature>
<Feature name="class_difficultDecision">FALSE</Feature>
<Feature name="composite_entity">CNN_IP_20030422.1600.05:1:E1q</Feature>
<Feature name="id">E26</Feature>
<Feature name="subtype">MED</Feature>
<Feature name="subtype_difficultDecision">FALSE</Feature>
<Feature name="type">ORG</Feature>
<Feature name="type_difficultDecision">FALSE</Feature>
</Annotation>
<Annotation id="CNN_IP_20030422.1600.05:1:E1q" type="composite_entity" start="CNN_IP_20030422.1600.05:1:3h" end="CNN_IP_20030422.1600.05:1:3i">
<Feature name="composite_entity_class">SPC</Feature>
<Feature name="id">CE15</Feature>
</Annotation>
<Annotation id="CNN_IP_20030422.1600.05:1:E1s" type="relation" start="CNN_IP_20030422.1600.05:1:3l" end="CNN_IP_20030422.1600.05:1:3m">
<Feature name="id">R2</Feature>
<Feature name="modality">Asserted</Feature>
<Feature name="subtype">CRRE</Feature>
<Feature name="subtype_difficultDecision">FALSE</Feature>
<Feature name="tense">Unspecified</Feature>
<Feature name="type">GEN-AFF</Feature>
<Feature name="type_difficultDecision">FALSE</Feature>
</Annotation>
<Annotation id="CNN_IP_20030422.1600.05:1:E1t" type="relation_mention_argument" start="CNN_IP_20030422.1600.05:1:3n" end="CNN_IP_20030422.1600.05:1:3o">
<Feature name="argnum">1</Feature>
<Feature name="indexing_type">charseq</Feature>
<Feature name="object_mention">CNN_IP_20030422.1600.05:1:Ea</Feature>
<Feature name="relation_mention">CNN_IP_20030422.1600.05:1:E1r</Feature>
<Feature name="subrole"></Feature>
</Annotation>
<Annotation id="CNN_IP_20030422.1600.05:1:E1u" type="relation_mention_argument" start="CNN_IP_20030422.1600.05:1:3p" end="CNN_IP_20030422.1600.05:1:3q">
<Feature name="argnum">2</Feature>
<Feature name="indexing_type">charseq</Feature>
<Feature name="object_mention">CNN_IP_20030422.1600.05:1:Eg</Feature>
<Feature name="relation_mention">CNN_IP_20030422.1600.05:1:E1r</Feature>
<Feature name="subrole"></Feature>
</Annotation>
<Annotation id="CNN_IP_20030422.1600.05:1:E1w" type="relation" start="CNN_IP_20030422.1600.05:1:3t" end="CNN_IP_20030422.1600.05:1:3u">
<Feature name="id">R1</Feature>
<Feature name="modality">Asserted</Feature>
<Feature name="subtype">UOIM</Feature>
<Feature name="subtype_difficultDecision">FALSE</Feature>
<Feature name="tense">Future</Feature>
<Feature name="type">ART</Feature>
<Feature name="type_difficultDecision">FALSE</Feature>
</Annotation>
<Annotation id="CNN_IP_20030422.1600.05:1:E1x" type="relation_mention_argument" start="CNN_IP_20030422.1600.05:1:3v" end="CNN_IP_20030422.1600.05:1:3w">
<Feature name="argnum">1</Feature>
<Feature name="indexing_type">charseq</Feature>
<Feature name="object_mention">CNN_IP_20030422.1600.05:1:EW</Feature>
<Feature name="relation_mention">CNN_IP_20030422.1600.05:1:E1v</Feature>
<Feature name="subrole"></Feature>
</Annotation>
<Annotation id="CNN_IP_20030422.1600.05:1:E1y" type="relation_mention_argument" start="CNN_IP_20030422.1600.05:1:3x" end="CNN_IP_20030422.1600.05:1:3y">
<Feature name="argnum">2</Feature>
<Feature name="indexing_type">charseq</Feature>
<Feature name="object_mention">CNN_IP_20030422.1600.05:1:En</Feature>
<Feature name="relation_mention">CNN_IP_20030422.1600.05:1:E1v</Feature>
<Feature name="subrole"></Feature>
</Annotation>
<Annotation id="CNN_IP_20030422.1600.05:1:E2" type="value" start="CNN_IP_20030422.1600.05:1:3" end="CNN_IP_20030422.1600.05:1:4">
<Feature name="id">Q1</Feature>
<Feature name="subtype"></Feature>
<Feature name="subtype_difficultDecision">FALSE</Feature>
<Feature name="type">TIME</Feature>
<Feature name="type_difficultDecision">FALSE</Feature>
</Annotation>
<Annotation id="CNN_IP_20030422.1600.05:1:E20" type="relation" start="CNN_IP_20030422.1600.05:1:41" end="CNN_IP_20030422.1600.05:1:42">
<Feature name="id">R4</Feature>
<Feature name="modality">Asserted</Feature>
<Feature name="subtype">Employment</Feature>
<Feature name="subtype_difficultDecision">FALSE</Feature>
<Feature name="tense">Unspecified</Feature>
<Feature name="type">ORG-AFF</Feature>
<Feature name="type_difficultDecision">FALSE</Feature>
</Annotation>
<Annotation id="CNN_IP_20030422.1600.05:1:E21" type="relation_mention_argument" start="CNN_IP_20030422.1600.05:1:43" end="CNN_IP_20030422.1600.05:1:44">
<Feature name="argnum">1</Feature>
<Feature name="indexing_type">charseq</Feature>
<Feature name="object_mention">CNN_IP_20030422.1600.05:1:Er</Feature>
<Feature name="relation_mention">CNN_IP_20030422.1600.05:1:E1z</Feature>
<Feature name="subrole"></Feature>
</Annotation>
<Annotation id="CNN_IP_20030422.1600.05:1:E22" type="relation_mention_argument" start="CNN_IP_20030422.1600.05:1:45" end="CNN_IP_20030422.1600.05:1:46">
<Feature name="argnum">2</Feature>
<Feature name="indexing_type">charseq</Feature>
<Feature name="object_mention">CNN_IP_20030422.1600.05:1:Ev</Feature>
<Feature name="relation_mention">CNN_IP_20030422.1600.05:1:E1z</Feature>
<Feature name="subrole"></Feature>
</Annotation>
<Annotation id="CNN_IP_20030422.1600.05:1:E24" type="relation" start="CNN_IP_20030422.1600.05:1:49" end="CNN_IP_20030422.1600.05:1:4A">
<Feature name="id">R3</Feature>
<Feature name="modality">Asserted</Feature>
<Feature name="subtype">UOIM</Feature>
<Feature name="subtype_difficultDecision">FALSE</Feature>
<Feature name="tense">Unspecified</Feature>
<Feature name="type">ART</Feature>
<Feature name="type_difficultDecision">FALSE</Feature>
</Annotation>
<Annotation id="CNN_IP_20030422.1600.05:1:E25" type="relation_mention_argument" start="CNN_IP_20030422.1600.05:1:4B" end="CNN_IP_20030422.1600.05:1:4C">
<Feature name="argnum">1</Feature>
<Feature name="indexing_type">charseq</Feature>
<Feature name="object_mention">CNN_IP_20030422.1600.05:1:Er</Feature>
<Feature name="relation_mention">CNN_IP_20030422.1600.05:1:E23</Feature>
<Feature name="subrole"></Feature>
</Annotation>
<Annotation id="CNN_IP_20030422.1600.05:1:E26" type="relation_mention_argument" start="CNN_IP_20030422.1600.05:1:4D" end="CNN_IP_20030422.1600.05:1:4F">
<Feature name="argnum">2</Feature>
<Feature name="indexing_type">charseq</Feature>
<Feature name="object_mention">CNN_IP_20030422.1600.05:1:En</Feature>
<Feature name="relation_mention">CNN_IP_20030422.1600.05:1:E23</Feature>
<Feature name="subrole"></Feature>
</Annotation>
<Annotation id="CNN_IP_20030422.1600.05:1:E28" type="relation" start="CNN_IP_20030422.1600.05:1:4I" end="CNN_IP_20030422.1600.05:1:4J">
<Feature name="id">R5</Feature>
<Feature name="modality">Asserted</Feature>
<Feature name="subtype">Employment</Feature>
<Feature name="subtype_difficultDecision">FALSE</Feature>
<Feature name="tense">Unspecified</Feature>
<Feature name="type">ORG-AFF</Feature>
<Feature name="type_difficultDecision">FALSE</Feature>
</Annotation>
<Annotation id="CNN_IP_20030422.1600.05:1:E29" type="relation_mention_argument" start="CNN_IP_20030422.1600.05:1:4K" end="CNN_IP_20030422.1600.05:1:4L">
<Feature name="argnum">1</Feature>
<Feature name="indexing_type">charseq</Feature>
<Feature name="object_mention">CNN_IP_20030422.1600.05:1:E1I</Feature>
<Feature name="relation_mention">CNN_IP_20030422.1600.05:1:E27</Feature>
<Feature name="subrole"></Feature>
</Annotation>
<Annotation id="CNN_IP_20030422.1600.05:1:E2A" type="relation_mention_argument" start="CNN_IP_20030422.1600.05:1:4M" end="CNN_IP_20030422.1600.05:1:4N">
<Feature name="argnum">2</Feature>
<Feature name="indexing_type">charseq</Feature>
<Feature name="object_mention">CNN_IP_20030422.1600.05:1:E1G</Feature>
<Feature name="relation_mention">CNN_IP_20030422.1600.05:1:E27</Feature>
<Feature name="subrole"></Feature>
</Annotation>
<Annotation id="CNN_IP_20030422.1600.05:1:E2C" type="relation" start="CNN_IP_20030422.1600.05:1:4Q" end="CNN_IP_20030422.1600.05:1:4R">
<Feature name="id">R6</Feature>
<Feature name="modality">Asserted</Feature>
<Feature name="subtype">Membership</Feature>
<Feature name="subtype_difficultDecision">FALSE</Feature>
<Feature name="tense">Unspecified</Feature>
<Feature name="type">ORG-AFF</Feature>
<Feature name="type_difficultDecision">FALSE</Feature>
</Annotation>
<Annotation id="CNN_IP_20030422.1600.05:1:E2D" type="relation_mention_argument" start="CNN_IP_20030422.1600.05:1:4S" end="CNN_IP_20030422.1600.05:1:4U">
<Feature name="argnum">1</Feature>
<Feature name="indexing_type">charseq</Feature>
<Feature name="object_mention">CNN_IP_20030422.1600.05:1:E1M</Feature>
<Feature name="relation_mention">CNN_IP_20030422.1600.05:1:E2B</Feature>
<Feature name="subrole"></Feature>
</Annotation>
<Annotation id="CNN_IP_20030422.1600.05:1:E2F" type="relation_mention_argument" start="CNN_IP_20030422.1600.05:1:4V" end="CNN_IP_20030422.1600.05:1:4W">
<Feature name="argnum">2</Feature>
<Feature name="indexing_type">charseq</Feature>
<Feature name="object_mention">CNN_IP_20030422.1600.05:1:E1Q</Feature>
<Feature name="relation_mention">CNN_IP_20030422.1600.05:1:E2B</Feature>
<Feature name="subrole"></Feature>
</Annotation>
<Annotation id="CNN_IP_20030422.1600.05:1:E2H" type="relation" start="CNN_IP_20030422.1600.05:1:4Z" end="CNN_IP_20030422.1600.05:1:4a">
<Feature name="id">R7</Feature>
<Feature name="modality">Asserted</Feature>
<Feature name="subtype">Employment</Feature>
<Feature name="subtype_difficultDecision">FALSE</Feature>
<Feature name="tense">Unspecified</Feature>
<Feature name="type">ORG-AFF</Feature>
<Feature name="type_difficultDecision">FALSE</Feature>
</Annotation>
<Annotation id="CNN_IP_20030422.1600.05:1:E2M" type="event" start="CNN_IP_20030422.1600.05:1:4j" end="CNN_IP_20030422.1600.05:1:4k">
<Feature name="genericity">Specific</Feature>
<Feature name="id">V1</Feature>
<Feature name="modality">Asserted</Feature>
<Feature name="polarity">Positive</Feature>
<Feature name="subtype">End-Position</Feature>
<Feature name="subtype_difficultDecision">FALSE</Feature>
<Feature name="tense">Past</Feature>
<Feature name="type">Personnel</Feature>
<Feature name="type_difficultDecision">FALSE</Feature>
</Annotation>
<Annotation id="CNN_IP_20030422.1600.05:1:E2P" type="value" start="CNN_IP_20030422.1600.05:1:4p" end="CNN_IP_20030422.1600.05:1:4q">
<Feature name="id">Q2</Feature>
<Feature name="subtype"></Feature>
<Feature name="subtype_difficultDecision">FALSE</Feature>
<Feature name="type">Job-Title</Feature>
<Feature name="type_difficultDecision">FALSE</Feature>
</Annotation>
<Annotation id="CNN_IP_20030422.1600.05:1:E2Q" type="event_mention_participant" start="CNN_IP_20030422.1600.05:1:4r" end="CNN_IP_20030422.1600.05:1:4s">
<Feature name="event_mention">CNN_IP_20030422.1600.05:1:E2K</Feature>
<Feature name="indexing_type">charseq</Feature>
<Feature name="object_mention">CNN_IP_20030422.1600.05:1:E5</Feature>
<Feature name="role">Person</Feature>
<Feature name="subrole"></Feature>
</Annotation>
<Annotation id="CNN_IP_20030422.1600.05:1:E2R" type="event_mention_participant" start="CNN_IP_20030422.1600.05:1:4t" end="CNN_IP_20030422.1600.05:1:4u">
<Feature name="event_mention">CNN_IP_20030422.1600.05:1:E2K</Feature>
<Feature name="indexing_type">charseq</Feature>
<Feature name="object_mention">CNN_IP_20030422.1600.05:1:E2O</Feature>
<Feature name="role">Position</Feature>
<Feature name="subrole"></Feature>
</Annotation>
<Annotation id="CNN_IP_20030422.1600.05:1:E2a" type="event" start="CNN_IP_20030422.1600.05:1:5A" end="CNN_IP_20030422.1600.05:1:5B">
<Feature name="genericity">Specific</Feature>
<Feature name="id">V2</Feature>
<Feature name="modality">Other</Feature>
<Feature name="polarity">Positive</Feature>
<Feature name="subtype">Transport</Feature>
<Feature name="subtype_difficultDecision">FALSE</Feature>
<Feature name="tense">Future</Feature>
<Feature name="type">Movement</Feature>
<Feature name="type_difficultDecision">FALSE</Feature>
</Annotation>
<Annotation id="CNN_IP_20030422.1600.05:1:E2b" type="event_mention_participant" start="CNN_IP_20030422.1600.05:1:5C" end="CNN_IP_20030422.1600.05:1:5D">
<Feature name="event_mention">CNN_IP_20030422.1600.05:1:E2Y</Feature>
<Feature name="indexing_type">charseq</Feature>
<Feature name="object_mention">CNN_IP_20030422.1600.05:1:EN</Feature>
<Feature name="role">Artifact</Feature>
<Feature name="subrole"></Feature>
</Annotation>
<Annotation id="CNN_IP_20030422.1600.05:1:E2d" type="event_mention_participant" start="CNN_IP_20030422.1600.05:1:5H" end="CNN_IP_20030422.1600.05:1:5I">
<Feature name="event_mention">CNN_IP_20030422.1600.05:1:E2Y</Feature>
<Feature name="indexing_type">charseq</Feature>
<Feature name="object_mention">CNN_IP_20030422.1600.05:1:EU</Feature>
<Feature name="role">Time</Feature>
<Feature name="subrole">Within</Feature>
</Annotation>
<Annotation id="CNN_IP_20030422.1600.05:1:E2g" type="event" start="CNN_IP_20030422.1600.05:1:5N" end="CNN_IP_20030422.1600.05:1:5O">
<Feature name="genericity">Specific</Feature>
<Feature name="id">V3</Feature>
<Feature name="modality">Asserted</Feature>
<Feature name="polarity">Positive</Feature>
<Feature name="subtype">Transport</Feature>
<Feature name="subtype_difficultDecision">FALSE</Feature>
<Feature name="tense">Future</Feature>
<Feature name="type">Movement</Feature>
<Feature name="type_difficultDecision">FALSE</Feature>
</Annotation>
<Annotation id="CNN_IP_20030422.1600.05:1:E4" type="value" start="CNN_IP_20030422.1600.05:1:7" end="CNN_IP_20030422.1600.05:1:8">
<Feature name="id">Q4</Feature>
<Feature name="subtype"></Feature>
<Feature name="subtype_difficultDecision">FALSE</Feature>
<Feature name="type">TIME</Feature>
<Feature name="type_difficultDecision">FALSE</Feature>
</Annotation>
<Annotation id="CNN_IP_20030422.1600.05:1:E7" type="entity" start="CNN_IP_20030422.1600.05:1:D" end="CNN_IP_20030422.1600.05:1:F">
<Feature name="class">SPC</Feature>
<Feature name="class_difficultDecision">FALSE</Feature>
<Feature name="composite_entity">CNN_IP_20030422.1600.05:1:E8</Feature>
<Feature name="id">E1</Feature>
<Feature name="subtype">Individual</Feature>
<Feature name="subtype_difficultDecision">FALSE</Feature>
<Feature name="type">PER</Feature>
<Feature name="type_difficultDecision">FALSE</Feature>
</Annotation>
<Annotation id="CNN_IP_20030422.1600.05:1:E8" type="composite_entity" start="CNN_IP_20030422.1600.05:1:G" end="CNN_IP_20030422.1600.05:1:H">
<Feature name="composite_entity_class">SPC</Feature>
<Feature name="id">CE3</Feature>
</Annotation>
<Annotation id="CNN_IP_20030422.1600.05:1:EB" type="entity" start="CNN_IP_20030422.1600.05:1:M" end="CNN_IP_20030422.1600.05:1:N">
<Feature name="class">ATR</Feature>
<Feature name="class_difficultDecision">FALSE</Feature>
<Feature name="composite_entity">CNN_IP_20030422.1600.05:1:E8</Feature>
<Feature name="id">E2</Feature>
<Feature name="subtype">Individual</Feature>
<Feature name="subtype_difficultDecision">FALSE</Feature>
<Feature name="type">PER</Feature>
<Feature name="type_difficultDecision">FALSE</Feature>
</Annotation>
<Annotation id="CNN_IP_20030422.1600.05:1:EH" type="entity" start="CNN_IP_20030422.1600.05:1:X" end="CNN_IP_20030422.1600.05:1:Y">
<Feature name="class">GEN</Feature>
<Feature name="class_difficultDecision">FALSE</Feature>
<Feature name="composite_entity">CNN_IP_20030422.1600.05:1:EI</Feature>
<Feature name="id">E3</Feature>
<Feature name="subtype">Group</Feature>
<Feature name="subtype_difficultDecision">FALSE</Feature>
<Feature name="type">PER</Feature>
<Feature name="type_difficultDecision">FALSE</Feature>
</Annotation>
<Annotation id="CNN_IP_20030422.1600.05:1:EI" type="composite_entity" start="CNN_IP_20030422.1600.05:1:Z" end="CNN_IP_20030422.1600.05:1:a">
<Feature name="composite_entity_class">GEN</Feature>
<Feature name="id">CE4</Feature>
</Annotation>
<Annotation id="CNN_IP_20030422.1600.05:1:EL" type="entity" start="CNN_IP_20030422.1600.05:1:f" end="CNN_IP_20030422.1600.05:1:g">
<Feature name="class">USP</Feature>
<Feature name="class_difficultDecision">FALSE</Feature>
<Feature name="composite_entity">CNN_IP_20030422.1600.05:1:EM</Feature>
<Feature name="id">E4</Feature>
<Feature name="subtype">Indeterminate</Feature>
<Feature name="subtype_difficultDecision">FALSE</Feature>
<Feature name="type">PER</Feature>
<Feature name="type_difficultDecision">FALSE</Feature>
</Annotation>
<Annotation id="CNN_IP_20030422.1600.05:1:EM" type="composite_entity" start="CNN_IP_20030422.1600.05:1:h" end="CNN_IP_20030422.1600.05:1:i">
<Feature name="composite_entity_class">USP</Feature>
<Feature name="id">CE5</Feature>
</Annotation>
<Annotation id="CNN_IP_20030422.1600.05:1:EQ" type="event_mention_participant" start="CNN_IP_20030422.1600.05:1:p" end="CNN_IP_20030422.1600.05:1:q">
<Feature name="event_mention">CNN_IP_20030422.1600.05:1:E2Y</Feature>
<Feature name="indexing_type">charseq</Feature>
<Feature name="object_mention">CNN_IP_20030422.1600.05:1:EP</Feature>
<Feature name="role">Origin</Feature>
<Feature name="subrole"></Feature>
</Annotation>
<Annotation id="CNN_IP_20030422.1600.05:1:EV" type="value" start="CNN_IP_20030422.1600.05:1:x" end="CNN_IP_20030422.1600.05:1:y">
<Feature name="id">Q3</Feature>
<Feature name="subtype"></Feature>
<Feature name="subtype_difficultDecision">FALSE</Feature>
<Feature name="type">TIME</Feature>
<Feature name="type_difficultDecision">FALSE</Feature>
</Annotation>
<Annotation id="CNN_IP_20030422.1600.05:1:Ec" type="relation_mention_argument" start="CNN_IP_20030422.1600.05:1:1B" end="CNN_IP_20030422.1600.05:1:1C">
<Feature name="argnum">1</Feature>
<Feature name="indexing_type">charseq</Feature>
<Feature name="object_mention">CNN_IP_20030422.1600.05:1:E1W</Feature>
<Feature name="relation_mention">CNN_IP_20030422.1600.05:1:E2G</Feature>
<Feature name="subrole"></Feature>
</Annotation>
<Annotation id="CNN_IP_20030422.1600.05:1:Ee" type="entity" start="CNN_IP_20030422.1600.05:1:1G" end="CNN_IP_20030422.1600.05:1:1H">
<Feature name="class">ATR</Feature>
<Feature name="class_difficultDecision">FALSE</Feature>
<Feature name="composite_entity">CNN_IP_20030422.1600.05:1:E18</Feature>
<Feature name="id">E27</Feature>
<Feature name="subtype">COM</Feature>
<Feature name="subtype_difficultDecision">FALSE</Feature>
<Feature name="type">ORG</Feature>
<Feature name="type_difficultDecision">FALSE</Feature>
</Annotation>
<Annotation id="CNN_IP_20030422.1600.05:1:Ef" type="relation_mention_argument" start="CNN_IP_20030422.1600.05:1:1I" end="CNN_IP_20030422.1600.05:1:1J">
<Feature name="argnum">2</Feature>
<Feature name="indexing_type">charseq</Feature>
<Feature name="object_mention">CNN_IP_20030422.1600.05:1:ES</Feature>
<Feature name="relation_mention">CNN_IP_20030422.1600.05:1:E2G</Feature>
<Feature name="subrole"></Feature>
</Annotation>
<Annotation id="CNN_IP_20030422.1600.05:1:Ei" type="entity" start="CNN_IP_20030422.1600.05:1:1P" end="CNN_IP_20030422.1600.05:1:1Q">
<Feature name="class">SPC</Feature>
<Feature name="class_difficultDecision">FALSE</Feature>
<Feature name="composite_entity">CNN_IP_20030422.1600.05:1:Ej</Feature>
<Feature name="id">E8</Feature>
<Feature name="subtype">State-or-Province</Feature>
<Feature name="subtype_difficultDecision">FALSE</Feature>
<Feature name="type">GPE</Feature>
<Feature name="type_difficultDecision">FALSE</Feature>
</Annotation>
<Annotation id="CNN_IP_20030422.1600.05:1:Ej" type="composite_entity" start="CNN_IP_20030422.1600.05:1:1R" end="CNN_IP_20030422.1600.05:1:1S">
<Feature name="composite_entity_class">SPC</Feature>
<Feature name="id">CE6</Feature>
</Annotation>
<Annotation id="CNN_IP_20030422.1600.05:1:Em" type="entity" start="CNN_IP_20030422.1600.05:1:1Y" end="CNN_IP_20030422.1600.05:1:1Z">
<Feature name="class">ATR</Feature>
<Feature name="class_difficultDecision">FALSE</Feature>
<Feature name="composite_entity">CNN_IP_20030422.1600.05:1:Ej</Feature>
<Feature name="id">E9</Feature>
<Feature name="subtype">State-or-Province</Feature>
<Feature name="subtype_difficultDecision">FALSE</Feature>
<Feature name="type">GPE</Feature>
<Feature name="type_difficultDecision">FALSE</Feature>
</Annotation>
<Annotation id="CNN_IP_20030422.1600.05:1:Ep" type="entity" start="CNN_IP_20030422.1600.05:1:1e" end="CNN_IP_20030422.1600.05:1:1f">
<Feature name="class">SPC</Feature>
<Feature name="class_difficultDecision">FALSE</Feature>
<Feature name="composite_entity">CNN_IP_20030422.1600.05:1:Eq</Feature>
<Feature name="id">E10</Feature>
<Feature name="subtype">Air</Feature>
<Feature name="subtype_difficultDecision">FALSE</Feature>
<Feature name="type">VEH</Feature>
<Feature name="type_difficultDecision">FALSE</Feature>
</Annotation>
<Annotation id="CNN_IP_20030422.1600.05:1:Eq" type="composite_entity" start="CNN_IP_20030422.1600.05:1:1g" end="CNN_IP_20030422.1600.05:1:1h">
<Feature name="composite_entity_class">SPC</Feature>
<Feature name="id">CE7</Feature>
</Annotation>
<Annotation id="CNN_IP_20030422.1600.05:1:Et" type="entity" start="CNN_IP_20030422.1600.05:1:1m" end="CNN_IP_20030422.1600.05:1:1n">
<Feature name="class">SPC</Feature>
<Feature name="class_difficultDecision">FALSE</Feature>
<Feature name="composite_entity">CNN_IP_20030422.1600.05:1:Eu</Feature>
<Feature name="id">E11</Feature>
<Feature name="subtype">Individual</Feature>
<Feature name="subtype_difficultDecision">FALSE</Feature>
<Feature name="type">PER</Feature>
<Feature name="type_difficultDecision">FALSE</Feature>
</Annotation>
<Annotation id="CNN_IP_20030422.1600.05:1:Eu" type="composite_entity" start="CNN_IP_20030422.1600.05:1:1o" end="CNN_IP_20030422.1600.05:1:1p">
<Feature name="composite_entity_class">SPC</Feature>
<Feature name="id">CE8</Feature>
</Annotation>
<Annotation id="CNN_IP_20030422.1600.05:1:Ex" type="entity" start="CNN_IP_20030422.1600.05:1:1u" end="CNN_IP_20030422.1600.05:1:1v">
<Feature name="class">SPC</Feature>
<Feature name="class_difficultDecision">FALSE</Feature>
<Feature name="composite_entity">CNN_IP_20030422.1600.05:1:Ey</Feature>
<Feature name="id">E12</Feature>
<Feature name="subtype">COM</Feature>
<Feature name="subtype_difficultDecision">FALSE</Feature>
<Feature name="type">ORG</Feature>
<Feature name="type_difficultDecision">FALSE</Feature>
</Annotation>
<Annotation id="CNN_IP_20030422.1600.05:1:Ey" type="composite_entity" start="CNN_IP_20030422.1600.05:1:1w" end="CNN_IP_20030422.1600.05:1:1x">
<Feature name="composite_entity_class">SPC</Feature>
<Feature name="id">CE9</Feature>
</Annotation>
<Annotation id="CNN_IP_20030422.1600.05:1:Ez" type="entity" start="CNN_IP_20030422.1600.05:1:1y" end="CNN_IP_20030422.1600.05:1:1z">
<Feature name="class">ATR</Feature>
<Feature name="class_difficultDecision">FALSE</Feature>
<Feature name="composite_entity">CNN_IP_20030422.1600.05:1:Ey</Feature>
<Feature name="id">E13</Feature>
<Feature name="subtype">COM</Feature>
<Feature name="subtype_difficultDecision">FALSE</Feature>
<Feature name="type">ORG</Feature>
<Feature name="type_difficultDecision">FALSE</Feature>
</Annotation>
<Annotation id="CNN_IP_20030422.1600.05:1:E1" type="value_mention" start="CNN_IP_20030422.1600.05:1:1" end="CNN_IP_20030422.1600.05:1:2">
<Feature name="id">QM1</Feature>
<Feature name="indexing_type">charseq</Feature>
<Feature name="value">CNN_IP_20030422.1600.05:1:E2</Feature>
</Annotation>
<Annotation id="CNN_IP_20030422.1600.05:1:E2K" type="event_mention" start="CNN_IP_20030422.1600.05:1:4f" end="CNN_IP_20030422.1600.05:1:4g">
<Feature name="anchor">CNN_IP_20030422.1600.05:1:E2L</Feature>
<Feature name="event">CNN_IP_20030422.1600.05:1:E2M</Feature>
<Feature name="event_difficultDecision">FALSE</Feature>
<Feature name="id">VM1</Feature>
<Feature name="indexing_type">charseq</Feature>
</Annotation>
<Annotation id="CNN_IP_20030422.1600.05:1:E2L" type="event_mention_anchor" start="CNN_IP_20030422.1600.05:1:4h" end="CNN_IP_20030422.1600.05:1:4i">
<Feature name="indexing_type">charseq</Feature>
</Annotation>
<Annotation id="CNN_IP_20030422.1600.05:1:E9" type="entity_mention" start="CNN_IP_20030422.1600.05:1:I" end="CNN_IP_20030422.1600.05:1:J">
<Feature name="entity">CNN_IP_20030422.1600.05:1:EB</Feature>
<Feature name="entity_difficultDecision">FALSE</Feature>
<Feature name="head">CNN_IP_20030422.1600.05:1:EA</Feature>
<Feature name="id">EM2</Feature>
<Feature name="indexing_type">charseq</Feature>
<Feature name="role"></Feature>
<Feature name="role_difficultDecision">FALSE</Feature>
<Feature name="type">NOMPRE</Feature>
<Feature name="type_difficultDecision">FALSE</Feature>
</Annotation>
<Annotation id="CNN_IP_20030422.1600.05:1:E5" type="entity_mention" start="CNN_IP_20030422.1600.05:1:9" end="CNN_IP_20030422.1600.05:1:A">
<Feature name="entity">CNN_IP_20030422.1600.05:1:E7</Feature>
<Feature name="entity_difficultDecision">FALSE</Feature>
<Feature name="head">CNN_IP_20030422.1600.05:1:E6</Feature>
<Feature name="id">EM1</Feature>
<Feature name="indexing_type">charseq</Feature>
<Feature name="role"></Feature>
<Feature name="role_difficultDecision">FALSE</Feature>
<Feature name="type">NAM</Feature>
<Feature name="type_difficultDecision">FALSE</Feature>
</Annotation>
<Annotation id="CNN_IP_20030422.1600.05:1:E2O" type="value_mention" start="CNN_IP_20030422.1600.05:1:4n" end="CNN_IP_20030422.1600.05:1:4o">
<Feature name="id">QM2</Feature>
<Feature name="indexing_type">charseq</Feature>
<Feature name="value">CNN_IP_20030422.1600.05:1:E2P</Feature>
</Annotation>
<Annotation id="CNN_IP_20030422.1600.05:1:EA" type="entity_mention_head" start="CNN_IP_20030422.1600.05:1:K" end="CNN_IP_20030422.1600.05:1:L">
<Feature name="indexing_type">charseq</Feature>
</Annotation>
<Annotation id="CNN_IP_20030422.1600.05:1:E6" type="entity_mention_head" start="CNN_IP_20030422.1600.05:1:B" end="CNN_IP_20030422.1600.05:1:C">
<Feature name="indexing_type">charseq</Feature>
</Annotation>
<Annotation id="CNN_IP_20030422.1600.05:1:EC" type="entity_mention" start="CNN_IP_20030422.1600.05:1:O" end="CNN_IP_20030422.1600.05:1:P">
<Feature name="entity">CNN_IP_20030422.1600.05:1:E7</Feature>
<Feature name="entity_difficultDecision">FALSE</Feature>
<Feature name="head">CNN_IP_20030422.1600.05:1:ED</Feature>
<Feature name="id">EM3</Feature>
<Feature name="indexing_type">charseq</Feature>
<Feature name="role"></Feature>
<Feature name="role_difficultDecision">FALSE</Feature>
<Feature name="type">PRO</Feature>
<Feature name="type_difficultDecision">FALSE</Feature>
</Annotation>
<Annotation id="CNN_IP_20030422.1600.05:1:ED" type="entity_mention_head" start="CNN_IP_20030422.1600.05:1:Q" end="CNN_IP_20030422.1600.05:1:R">
<Feature name="indexing_type">charseq</Feature>
</Annotation>
<Annotation id="CNN_IP_20030422.1600.05:1:EF" type="entity_mention" start="CNN_IP_20030422.1600.05:1:S" end="CNN_IP_20030422.1600.05:1:U">
<Feature name="entity">CNN_IP_20030422.1600.05:1:EH</Feature>
<Feature name="entity_difficultDecision">FALSE</Feature>
<Feature name="head">CNN_IP_20030422.1600.05:1:EG</Feature>
<Feature name="id">EM4</Feature>
<Feature name="indexing_type">charseq</Feature>
<Feature name="role"></Feature>
<Feature name="role_difficultDecision">FALSE</Feature>
<Feature name="type">BAR</Feature>
<Feature name="type_difficultDecision">FALSE</Feature>
</Annotation>
<Annotation id="CNN_IP_20030422.1600.05:1:EG" type="entity_mention_head" start="CNN_IP_20030422.1600.05:1:V" end="CNN_IP_20030422.1600.05:1:W">
<Feature name="indexing_type">charseq</Feature>
</Annotation>
<Annotation id="CNN_IP_20030422.1600.05:1:EJ" type="entity_mention" start="CNN_IP_20030422.1600.05:1:b" end="CNN_IP_20030422.1600.05:1:c">
<Feature name="entity">CNN_IP_20030422.1600.05:1:EL</Feature>
<Feature name="entity_difficultDecision">FALSE</Feature>
<Feature name="head">CNN_IP_20030422.1600.05:1:EK</Feature>
<Feature name="id">EM5</Feature>
<Feature name="indexing_type">charseq</Feature>
<Feature name="role"></Feature>
<Feature name="role_difficultDecision">FALSE</Feature>
<Feature name="type">PRO</Feature>
<Feature name="type_difficultDecision">FALSE</Feature>
</Annotation>
<Annotation id="CNN_IP_20030422.1600.05:1:EK" type="entity_mention_head" start="CNN_IP_20030422.1600.05:1:d" end="CNN_IP_20030422.1600.05:1:e">
<Feature name="indexing_type">charseq</Feature>
</Annotation>
<Annotation id="CNN_IP_20030422.1600.05:1:EN" type="entity_mention" start="CNN_IP_20030422.1600.05:1:j" end="CNN_IP_20030422.1600.05:1:k">
<Feature name="entity">CNN_IP_20030422.1600.05:1:E7</Feature>
<Feature name="entity_difficultDecision">FALSE</Feature>
<Feature name="head">CNN_IP_20030422.1600.05:1:EO</Feature>
<Feature name="id">EM6</Feature>
<Feature name="indexing_type">charseq</Feature>
<Feature name="role"></Feature>
<Feature name="role_difficultDecision">FALSE</Feature>
<Feature name="type">NAM</Feature>
<Feature name="type_difficultDecision">FALSE</Feature>
</Annotation>
<Annotation id="CNN_IP_20030422.1600.05:1:EO" type="entity_mention_head" start="CNN_IP_20030422.1600.05:1:l" end="CNN_IP_20030422.1600.05:1:m">
<Feature name="indexing_type">charseq</Feature>
</Annotation>
<Annotation id="CNN_IP_20030422.1600.05:1:E2Y" type="event_mention" start="CNN_IP_20030422.1600.05:1:56" end="CNN_IP_20030422.1600.05:1:57">
<Feature name="anchor">CNN_IP_20030422.1600.05:1:E2Z</Feature>
<Feature name="event">CNN_IP_20030422.1600.05:1:E2a</Feature>
<Feature name="event_difficultDecision">FALSE</Feature>
<Feature name="id">VM2</Feature>
<Feature name="indexing_type">charseq</Feature>
</Annotation>
<Annotation id="CNN_IP_20030422.1600.05:1:E2Z" type="event_mention_anchor" start="CNN_IP_20030422.1600.05:1:58" end="CNN_IP_20030422.1600.05:1:59">
<Feature name="indexing_type">charseq</Feature>
</Annotation>
<Annotation id="CNN_IP_20030422.1600.05:1:EP" type="entity_mention" start="CNN_IP_20030422.1600.05:1:n" end="CNN_IP_20030422.1600.05:1:o">
<Feature name="entity">CNN_IP_20030422.1600.05:1:Ei</Feature>
<Feature name="entity_difficultDecision">FALSE</Feature>
<Feature name="head">CNN_IP_20030422.1600.05:1:ER</Feature>
<Feature name="id">EM7</Feature>
<Feature name="indexing_type">charseq</Feature>
<Feature name="role">LOC</Feature>
<Feature name="role_difficultDecision">TRUE</Feature>
<Feature name="type">NAM</Feature>
<Feature name="type_difficultDecision">TRUE</Feature>
</Annotation>
<Annotation id="CNN_IP_20030422.1600.05:1:ER" type="entity_mention_head" start="CNN_IP_20030422.1600.05:1:r" end="CNN_IP_20030422.1600.05:1:s">
<Feature name="indexing_type">charseq</Feature>
</Annotation>
<Annotation id="CNN_IP_20030422.1600.05:1:EU" type="value_mention" start="CNN_IP_20030422.1600.05:1:v" end="CNN_IP_20030422.1600.05:1:w">
<Feature name="id">QM3</Feature>
<Feature name="indexing_type">charseq</Feature>
<Feature name="value">CNN_IP_20030422.1600.05:1:EV</Feature>
</Annotation>
<Annotation id="CNN_IP_20030422.1600.05:1:EW" type="entity_mention" start="CNN_IP_20030422.1600.05:1:z" end="CNN_IP_20030422.1600.05:1:10">
<Feature name="entity">CNN_IP_20030422.1600.05:1:E7</Feature>
<Feature name="entity_difficultDecision">FALSE</Feature>
<Feature name="head">CNN_IP_20030422.1600.05:1:EX</Feature>
<Feature name="id">EM8</Feature>
<Feature name="indexing_type">charseq</Feature>
<Feature name="role"></Feature>
<Feature name="role_difficultDecision">FALSE</Feature>
<Feature name="type">PRO</Feature>
<Feature name="type_difficultDecision">FALSE</Feature>
</Annotation>
<Annotation id="CNN_IP_20030422.1600.05:1:EX" type="entity_mention_head" start="CNN_IP_20030422.1600.05:1:11" end="CNN_IP_20030422.1600.05:1:12">
<Feature name="indexing_type">charseq</Feature>
</Annotation>
<Annotation id="CNN_IP_20030422.1600.05:1:E1v" type="relation_mention" start="CNN_IP_20030422.1600.05:1:3r" end="CNN_IP_20030422.1600.05:1:3s">
<Feature name="id">RM1</Feature>
<Feature name="indexing_type">charseq</Feature>
<Feature name="lexical_condition">Verbal</Feature>
<Feature name="lexical_condition_difficultDecision">FALSE</Feature>
<Feature name="relation">CNN_IP_20030422.1600.05:1:E1w</Feature>
<Feature name="relation_difficultDecision">FALSE</Feature>
</Annotation>
<Annotation id="CNN_IP_20030422.1600.05:1:E2e" type="event_mention" start="CNN_IP_20030422.1600.05:1:5J" end="CNN_IP_20030422.1600.05:1:5K">
<Feature name="anchor">CNN_IP_20030422.1600.05:1:E2f</Feature>
<Feature name="event">CNN_IP_20030422.1600.05:1:E2g</Feature>
<Feature name="event_difficultDecision">FALSE</Feature>
<Feature name="id">VM3</Feature>
<Feature name="indexing_type">charseq</Feature>
</Annotation>
<Annotation id="CNN_IP_20030422.1600.05:1:E2f" type="event_mention_anchor" start="CNN_IP_20030422.1600.05:1:5L" end="CNN_IP_20030422.1600.05:1:5M">
<Feature name="indexing_type">charseq</Feature>
</Annotation>
<Annotation id="CNN_IP_20030422.1600.05:1:EY" type="entity_mention" start="CNN_IP_20030422.1600.05:1:13" end="CNN_IP_20030422.1600.05:1:14">
<Feature name="entity">CNN_IP_20030422.1600.05:1:E7</Feature>
<Feature name="entity_difficultDecision">FALSE</Feature>
<Feature name="head">CNN_IP_20030422.1600.05:1:EZ</Feature>
<Feature name="id">EM9</Feature>
<Feature name="indexing_type">charseq</Feature>
<Feature name="role"></Feature>
<Feature name="role_difficultDecision">FALSE</Feature>
<Feature name="type">PRO</Feature>
<Feature name="type_difficultDecision">FALSE</Feature>
</Annotation>
<Annotation id="CNN_IP_20030422.1600.05:1:EZ" type="entity_mention_head" start="CNN_IP_20030422.1600.05:1:15" end="CNN_IP_20030422.1600.05:1:16">
<Feature name="indexing_type">charseq</Feature>
</Annotation>
<Annotation id="CNN_IP_20030422.1600.05:1:Ea" type="entity_mention" start="CNN_IP_20030422.1600.05:1:17" end="CNN_IP_20030422.1600.05:1:18">
<Feature name="entity">CNN_IP_20030422.1600.05:1:E7</Feature>
<Feature name="entity_difficultDecision">FALSE</Feature>
<Feature name="head">CNN_IP_20030422.1600.05:1:Eb</Feature>
<Feature name="id">EM10</Feature>
<Feature name="indexing_type">charseq</Feature>
<Feature name="role"></Feature>
<Feature name="role_difficultDecision">FALSE</Feature>
<Feature name="type">PRO</Feature>
<Feature name="type_difficultDecision">FALSE</Feature>
</Annotation>
<Annotation id="CNN_IP_20030422.1600.05:1:Eb" type="entity_mention_head" start="CNN_IP_20030422.1600.05:1:19" end="CNN_IP_20030422.1600.05:1:1A">
<Feature name="indexing_type">charseq</Feature>
</Annotation>
<Annotation id="CNN_IP_20030422.1600.05:1:E1r" type="relation_mention" start="CNN_IP_20030422.1600.05:1:3j" end="CNN_IP_20030422.1600.05:1:3k">
<Feature name="id">RM2</Feature>
<Feature name="indexing_type">charseq</Feature>
<Feature name="lexical_condition">Possessive</Feature>
<Feature name="lexical_condition_difficultDecision">FALSE</Feature>
<Feature name="relation">CNN_IP_20030422.1600.05:1:E1s</Feature>
<Feature name="relation_difficultDecision">FALSE</Feature>
</Annotation>
<Annotation id="CNN_IP_20030422.1600.05:1:Eg" type="entity_mention" start="CNN_IP_20030422.1600.05:1:1L" end="CNN_IP_20030422.1600.05:1:1M">
<Feature name="entity">CNN_IP_20030422.1600.05:1:Ei</Feature>
<Feature name="entity_difficultDecision">FALSE</Feature>
<Feature name="head">CNN_IP_20030422.1600.05:1:Eh</Feature>
<Feature name="id">EM11</Feature>
<Feature name="indexing_type">charseq</Feature>
<Feature name="role">LOC</Feature>
<Feature name="role_difficultDecision">FALSE</Feature>
<Feature name="type">NOM</Feature>
<Feature name="type_difficultDecision">FALSE</Feature>
</Annotation>
<Annotation id="CNN_IP_20030422.1600.05:1:Ek" type="entity_mention" start="CNN_IP_20030422.1600.05:1:1U" end="CNN_IP_20030422.1600.05:1:1V">
<Feature name="entity">CNN_IP_20030422.1600.05:1:Em</Feature>
<Feature name="entity_difficultDecision">FALSE</Feature>
<Feature name="head">CNN_IP_20030422.1600.05:1:El</Feature>
<Feature name="id">EM12</Feature>
<Feature name="indexing_type">charseq</Feature>
<Feature name="role">GPE</Feature>
<Feature name="role_difficultDecision">FALSE</Feature>
<Feature name="type">NOMPRE</Feature>
<Feature name="type_difficultDecision">FALSE</Feature>
</Annotation>
<Annotation id="CNN_IP_20030422.1600.05:1:El" type="entity_mention_head" start="CNN_IP_20030422.1600.05:1:1W" end="CNN_IP_20030422.1600.05:1:1X">
<Feature name="indexing_type">charseq</Feature>
</Annotation>
<Annotation id="CNN_IP_20030422.1600.05:1:Eh" type="entity_mention_head" start="CNN_IP_20030422.1600.05:1:1N" end="CNN_IP_20030422.1600.05:1:1O">
<Feature name="indexing_type">charseq</Feature>
</Annotation>
<Annotation id="CNN_IP_20030422.1600.05:1:E23" type="relation_mention" start="CNN_IP_20030422.1600.05:1:47" end="CNN_IP_20030422.1600.05:1:48">
<Feature name="id">RM3</Feature>
<Feature name="indexing_type">charseq</Feature>
<Feature name="lexical_condition">Preposition</Feature>
<Feature name="lexical_condition_difficultDecision">FALSE</Feature>
<Feature name="relation">CNN_IP_20030422.1600.05:1:E24</Feature>
<Feature name="relation_difficultDecision">FALSE</Feature>
</Annotation>
<Annotation id="CNN_IP_20030422.1600.05:1:En" type="entity_mention" start="CNN_IP_20030422.1600.05:1:1a" end="CNN_IP_20030422.1600.05:1:1b">
<Feature name="entity">CNN_IP_20030422.1600.05:1:Ep</Feature>
<Feature name="entity_difficultDecision">FALSE</Feature>
<Feature name="head">CNN_IP_20030422.1600.05:1:Eo</Feature>
<Feature name="id">EM13</Feature>
<Feature name="indexing_type">charseq</Feature>
<Feature name="role"></Feature>
<Feature name="role_difficultDecision">FALSE</Feature>
<Feature name="type">NOM</Feature>
<Feature name="type_difficultDecision">FALSE</Feature>
</Annotation>
<Annotation id="CNN_IP_20030422.1600.05:1:Eo" type="entity_mention_head" start="CNN_IP_20030422.1600.05:1:1c" end="CNN_IP_20030422.1600.05:1:1d">
<Feature name="indexing_type">charseq</Feature>
</Annotation>
<Annotation id="CNN_IP_20030422.1600.05:1:E1z" type="relation_mention" start="CNN_IP_20030422.1600.05:1:3z" end="CNN_IP_20030422.1600.05:1:40">
<Feature name="id">RM4</Feature>
<Feature name="indexing_type">charseq</Feature>
<Feature name="lexical_condition">PreMod</Feature>
<Feature name="lexical_condition_difficultDecision">FALSE</Feature>
<Feature name="relation">CNN_IP_20030422.1600.05:1:E20</Feature>
<Feature name="relation_difficultDecision">FALSE</Feature>
</Annotation>
<Annotation id="CNN_IP_20030422.1600.05:1:Er" type="entity_mention" start="CNN_IP_20030422.1600.05:1:1i" end="CNN_IP_20030422.1600.05:1:1j">
<Feature name="entity">CNN_IP_20030422.1600.05:1:Et</Feature>
<Feature name="entity_difficultDecision">FALSE</Feature>
<Feature name="head">CNN_IP_20030422.1600.05:1:Es</Feature>
<Feature name="id">EM14</Feature>
<Feature name="indexing_type">charseq</Feature>
<Feature name="role"></Feature>
<Feature name="role_difficultDecision">FALSE</Feature>
<Feature name="type">NOM</Feature>
<Feature name="type_difficultDecision">FALSE</Feature>
</Annotation>
<Annotation id="CNN_IP_20030422.1600.05:1:Ev" type="entity_mention" start="CNN_IP_20030422.1600.05:1:1q" end="CNN_IP_20030422.1600.05:1:1r">
<Feature name="entity">CNN_IP_20030422.1600.05:1:Ez</Feature>
<Feature name="entity_difficultDecision">FALSE</Feature>
<Feature name="head">CNN_IP_20030422.1600.05:1:Ew</Feature>
<Feature name="id">EM15</Feature>
<Feature name="indexing_type">charseq</Feature>
<Feature name="role"></Feature>
<Feature name="role_difficultDecision">FALSE</Feature>
<Feature name="type">NAMPRE</Feature>
<Feature name="type_difficultDecision">FALSE</Feature>
</Annotation>
<Annotation id="CNN_IP_20030422.1600.05:1:Ew" type="entity_mention_head" start="CNN_IP_20030422.1600.05:1:1s" end="CNN_IP_20030422.1600.05:1:1t">
<Feature name="indexing_type">charseq</Feature>
</Annotation>
<Annotation id="CNN_IP_20030422.1600.05:1:Es" type="entity_mention_head" start="CNN_IP_20030422.1600.05:1:1k" end="CNN_IP_20030422.1600.05:1:1l">
<Feature name="indexing_type">charseq</Feature>
</Annotation>
<Annotation id="CNN_IP_20030422.1600.05:1:E10" type="entity_mention" start="CNN_IP_20030422.1600.05:1:20" end="CNN_IP_20030422.1600.05:1:21">
<Feature name="entity">CNN_IP_20030422.1600.05:1:Ex</Feature>
<Feature name="entity_difficultDecision">FALSE</Feature>
<Feature name="head">CNN_IP_20030422.1600.05:1:E11</Feature>
<Feature name="id">EM16</Feature>
<Feature name="indexing_type">charseq</Feature>
<Feature name="role"></Feature>
<Feature name="role_difficultDecision">FALSE</Feature>
<Feature name="type">NAM</Feature>
<Feature name="type_difficultDecision">FALSE</Feature>
</Annotation>
<Annotation id="CNN_IP_20030422.1600.05:1:E11" type="entity_mention_head" start="CNN_IP_20030422.1600.05:1:22" end="CNN_IP_20030422.1600.05:1:23">
<Feature name="indexing_type">charseq</Feature>
</Annotation>
<Annotation id="CNN_IP_20030422.1600.05:1:E12" type="entity_mention" start="CNN_IP_20030422.1600.05:1:24" end="CNN_IP_20030422.1600.05:1:25">
<Feature name="entity">CNN_IP_20030422.1600.05:1:E14</Feature>
<Feature name="entity_difficultDecision">FALSE</Feature>
<Feature name="head">CNN_IP_20030422.1600.05:1:E13</Feature>
<Feature name="id">EM17</Feature>
<Feature name="indexing_type">charseq</Feature>
<Feature name="role"></Feature>
<Feature name="role_difficultDecision">FALSE</Feature>
<Feature name="type">NOM</Feature>
<Feature name="type_difficultDecision">FALSE</Feature>
</Annotation>
<Annotation id="CNN_IP_20030422.1600.05:1:E13" type="entity_mention_head" start="CNN_IP_20030422.1600.05:1:26" end="CNN_IP_20030422.1600.05:1:27">
<Feature name="indexing_type">charseq</Feature>
</Annotation>
<Annotation id="CNN_IP_20030422.1600.05:1:E15" type="entity_mention" start="CNN_IP_20030422.1600.05:1:2A" end="CNN_IP_20030422.1600.05:1:2B">
<Feature name="entity">CNN_IP_20030422.1600.05:1:E17</Feature>
<Feature name="entity_difficultDecision">FALSE</Feature>
<Feature name="head">CNN_IP_20030422.1600.05:1:E16</Feature>
<Feature name="id">EM18</Feature>
<Feature name="indexing_type">charseq</Feature>
<Feature name="role"></Feature>
<Feature name="role_difficultDecision">FALSE</Feature>
<Feature name="type">NOM</Feature>
<Feature name="type_difficultDecision">FALSE</Feature>
</Annotation>
<Annotation id="CNN_IP_20030422.1600.05:1:E19" type="entity_mention" start="CNN_IP_20030422.1600.05:1:2J" end="CNN_IP_20030422.1600.05:1:2K">
<Feature name="entity">CNN_IP_20030422.1600.05:1:E1D</Feature>
<Feature name="entity_difficultDecision">FALSE</Feature>
<Feature name="head">CNN_IP_20030422.1600.05:1:E1A</Feature>
<Feature name="id">EM19</Feature>
<Feature name="indexing_type">charseq</Feature>
<Feature name="role"></Feature>
<Feature name="role_difficultDecision">FALSE</Feature>
<Feature name="type">NOMPRE</Feature>
<Feature name="type_difficultDecision">FALSE</Feature>
</Annotation>
<Annotation id="CNN_IP_20030422.1600.05:1:E1A" type="entity_mention_head" start="CNN_IP_20030422.1600.05:1:2L" end="CNN_IP_20030422.1600.05:1:2M">
<Feature name="indexing_type">charseq</Feature>
</Annotation>
<Annotation id="CNN_IP_20030422.1600.05:1:E16" type="entity_mention_head" start="CNN_IP_20030422.1600.05:1:2C" end="CNN_IP_20030422.1600.05:1:2D">
<Feature name="indexing_type">charseq</Feature>
</Annotation>
<Annotation id="CNN_IP_20030422.1600.05:1:E1G" type="entity_mention" start="CNN_IP_20030422.1600.05:1:2X" end="CNN_IP_20030422.1600.05:1:2Y">
<Feature name="entity">CNN_IP_20030422.1600.05:1:E17</Feature>
<Feature name="entity_difficultDecision">FALSE</Feature>
<Feature name="head">CNN_IP_20030422.1600.05:1:E1H</Feature>
<Feature name="id">EM20</Feature>
<Feature name="indexing_type">charseq</Feature>
<Feature name="role"></Feature>
<Feature name="role_difficultDecision">FALSE</Feature>
<Feature name="type">PRO</Feature>
<Feature name="type_difficultDecision">FALSE</Feature>
</Annotation>
<Annotation id="CNN_IP_20030422.1600.05:1:E1H" type="entity_mention_head" start="CNN_IP_20030422.1600.05:1:2Z" end="CNN_IP_20030422.1600.05:1:2a">
<Feature name="indexing_type">charseq</Feature>
</Annotation>
<Annotation id="CNN_IP_20030422.1600.05:1:E1I" type="entity_mention" start="CNN_IP_20030422.1600.05:1:2b" end="CNN_IP_20030422.1600.05:1:2c">
<Feature name="entity">CNN_IP_20030422.1600.05:1:E1K</Feature>
<Feature name="entity_difficultDecision">FALSE</Feature>
<Feature name="head">CNN_IP_20030422.1600.05:1:E1J</Feature>
<Feature name="id">EM21</Feature>
<Feature name="indexing_type">charseq</Feature>
<Feature name="role"></Feature>
<Feature name="role_difficultDecision">FALSE</Feature>
<Feature name="type">NOM</Feature>
<Feature name="type_difficultDecision">FALSE</Feature>
</Annotation>
<Annotation id="CNN_IP_20030422.1600.05:1:E27" type="relation_mention" start="CNN_IP_20030422.1600.05:1:4G" end="CNN_IP_20030422.1600.05:1:4H">
<Feature name="id">RM5</Feature>
<Feature name="indexing_type">charseq</Feature>
<Feature name="lexical_condition">Possessive</Feature>
<Feature name="lexical_condition_difficultDecision">FALSE</Feature>
<Feature name="relation">CNN_IP_20030422.1600.05:1:E28</Feature>
<Feature name="relation_difficultDecision">FALSE</Feature>
</Annotation>
<Annotation id="CNN_IP_20030422.1600.05:1:E1J" type="entity_mention_head" start="CNN_IP_20030422.1600.05:1:2d" end="CNN_IP_20030422.1600.05:1:2e">
<Feature name="indexing_type">charseq</Feature>
</Annotation>
<Annotation id="CNN_IP_20030422.1600.05:1:E1M" type="entity_mention" start="CNN_IP_20030422.1600.05:1:2j" end="CNN_IP_20030422.1600.05:1:2k">
<Feature name="entity">CNN_IP_20030422.1600.05:1:E1O</Feature>
<Feature name="entity_difficultDecision">FALSE</Feature>
<Feature name="head">CNN_IP_20030422.1600.05:1:E1N</Feature>
<Feature name="id">EM22</Feature>
<Feature name="indexing_type">charseq</Feature>
<Feature name="role"></Feature>
<Feature name="role_difficultDecision">FALSE</Feature>
<Feature name="type">NOM</Feature>
<Feature name="type_difficultDecision">FALSE</Feature>
</Annotation>
<Annotation id="CNN_IP_20030422.1600.05:1:E2B" type="relation_mention" start="CNN_IP_20030422.1600.05:1:4O" end="CNN_IP_20030422.1600.05:1:4P">
<Feature name="id">RM6</Feature>
<Feature name="indexing_type">charseq</Feature>
<Feature name="lexical_condition">PreMod</Feature>
<Feature name="lexical_condition_difficultDecision">FALSE</Feature>
<Feature name="relation">CNN_IP_20030422.1600.05:1:E2C</Feature>
<Feature name="relation_difficultDecision">FALSE</Feature>
</Annotation>
<Annotation id="CNN_IP_20030422.1600.05:1:E1Q" type="entity_mention" start="CNN_IP_20030422.1600.05:1:2r" end="CNN_IP_20030422.1600.05:1:2s">
<Feature name="entity">CNN_IP_20030422.1600.05:1:E1V</Feature>
<Feature name="entity_difficultDecision">FALSE</Feature>
<Feature name="head">CNN_IP_20030422.1600.05:1:E1R</Feature>
<Feature name="id">EM23</Feature>
<Feature name="indexing_type">charseq</Feature>
<Feature name="role"></Feature>
<Feature name="role_difficultDecision">FALSE</Feature>
<Feature name="type">NAMPRE</Feature>
<Feature name="type_difficultDecision">FALSE</Feature>
</Annotation>
<Annotation id="CNN_IP_20030422.1600.05:1:E1R" type="entity_mention_head" start="CNN_IP_20030422.1600.05:1:2t" end="CNN_IP_20030422.1600.05:1:2u">
<Feature name="indexing_type">charseq</Feature>
</Annotation>
<Annotation id="CNN_IP_20030422.1600.05:1:E1N" type="entity_mention_head" start="CNN_IP_20030422.1600.05:1:2l" end="CNN_IP_20030422.1600.05:1:2m">
<Feature name="indexing_type">charseq</Feature>
</Annotation>
<Annotation id="CNN_IP_20030422.1600.05:1:E1W" type="entity_mention" start="CNN_IP_20030422.1600.05:1:31" end="CNN_IP_20030422.1600.05:1:32">
<Feature name="entity">CNN_IP_20030422.1600.05:1:E1Y</Feature>
<Feature name="entity_difficultDecision">FALSE</Feature>
<Feature name="head">CNN_IP_20030422.1600.05:1:E1X</Feature>
<Feature name="id">EM24</Feature>
<Feature name="indexing_type">charseq</Feature>
<Feature name="role"></Feature>
<Feature name="role_difficultDecision">FALSE</Feature>
<Feature name="type">NOM</Feature>
<Feature name="type_difficultDecision">FALSE</Feature>
</Annotation>
<Annotation id="CNN_IP_20030422.1600.05:1:E2G" type="relation_mention" start="CNN_IP_20030422.1600.05:1:4X" end="CNN_IP_20030422.1600.05:1:4Y">
<Feature name="id">RM7</Feature>
<Feature name="indexing_type">charseq</Feature>
<Feature name="lexical_condition">PreMod</Feature>
<Feature name="lexical_condition_difficultDecision">FALSE</Feature>
<Feature name="relation">CNN_IP_20030422.1600.05:1:E2H</Feature>
<Feature name="relation_difficultDecision">FALSE</Feature>
</Annotation>
<Annotation id="CNN_IP_20030422.1600.05:1:ES" type="entity_mention" start="CNN_IP_20030422.1600.05:1:t" end="CNN_IP_20030422.1600.05:1:u">
<Feature name="entity">CNN_IP_20030422.1600.05:1:Ee</Feature>
<Feature name="entity_difficultDecision">FALSE</Feature>
<Feature name="head">CNN_IP_20030422.1600.05:1:Ed</Feature>
<Feature name="id">EM25</Feature>
<Feature name="indexing_type">charseq</Feature>
<Feature name="role"></Feature>
<Feature name="role_difficultDecision">TRUE</Feature>
<Feature name="type">NAMPRE</Feature>
<Feature name="type_difficultDecision">TRUE</Feature>
</Annotation>
<Annotation id="CNN_IP_20030422.1600.05:1:Ed" type="entity_mention_head" start="CNN_IP_20030422.1600.05:1:1D" end="CNN_IP_20030422.1600.05:1:1F">
<Feature name="indexing_type">charseq</Feature>
</Annotation>
<Annotation id="CNN_IP_20030422.1600.05:1:E1X" type="entity_mention_head" start="CNN_IP_20030422.1600.05:1:33" end="CNN_IP_20030422.1600.05:1:34">
<Feature name="indexing_type">charseq</Feature>
</Annotation>
<Annotation id="CNN_IP_20030422.1600.05:1:E1f" type="entity_mention" start="CNN_IP_20030422.1600.05:1:3K" end="CNN_IP_20030422.1600.05:1:3L">
<Feature name="entity">CNN_IP_20030422.1600.05:1:E7</Feature>
<Feature name="entity_difficultDecision">FALSE</Feature>
<Feature name="head">CNN_IP_20030422.1600.05:1:E1g</Feature>
<Feature name="id">EM26</Feature>
<Feature name="indexing_type">charseq</Feature>
<Feature name="role"></Feature>
<Feature name="role_difficultDecision">FALSE</Feature>
<Feature name="type">NAM</Feature>
<Feature name="type_difficultDecision">FALSE</Feature>
</Annotation>
<Annotation id="CNN_IP_20030422.1600.05:1:E3" type="value_mention" start="CNN_IP_20030422.1600.05:1:5" end="CNN_IP_20030422.1600.05:1:6">
<Feature name="id">QM4</Feature>
<Feature name="indexing_type">charseq</Feature>
<Feature name="value">CNN_IP_20030422.1600.05:1:E4</Feature>
</Annotation>
<Annotation id="CNN_IP_20030422.1600.05:1:E1g" type="entity_mention_head" start="CNN_IP_20030422.1600.05:1:3M" end="CNN_IP_20030422.1600.05:1:3N">
<Feature name="indexing_type">charseq</Feature>
</Annotation>
<Annotation id="CNN_IP_20030422.1600.05:1:E1h" type="entity_mention" start="CNN_IP_20030422.1600.05:1:3O" end="CNN_IP_20030422.1600.05:1:3P">
<Feature name="entity">CNN_IP_20030422.1600.05:1:E1j</Feature>
<Feature name="entity_difficultDecision">FALSE</Feature>
<Feature name="head">CNN_IP_20030422.1600.05:1:E1i</Feature>
<Feature name="id">EM27</Feature>
<Feature name="indexing_type">charseq</Feature>
<Feature name="role"></Feature>
<Feature name="role_difficultDecision">FALSE</Feature>
<Feature name="type">PRO</Feature>
<Feature name="type_difficultDecision">FALSE</Feature>
</Annotation>
<Annotation id="CNN_IP_20030422.1600.05:1:E1i" type="entity_mention_head" start="CNN_IP_20030422.1600.05:1:3Q" end="CNN_IP_20030422.1600.05:1:3R">
<Feature name="indexing_type">charseq</Feature>
</Annotation>
<Annotation id="CNN_IP_20030422.1600.05:1:E1l" type="entity_mention" start="CNN_IP_20030422.1600.05:1:3X" end="CNN_IP_20030422.1600.05:1:3Y">
<Feature name="entity">CNN_IP_20030422.1600.05:1:E1j</Feature>
<Feature name="entity_difficultDecision">FALSE</Feature>
<Feature name="head">CNN_IP_20030422.1600.05:1:E1m</Feature>
<Feature name="id">EM28</Feature>
<Feature name="indexing_type">charseq</Feature>
<Feature name="role"></Feature>
<Feature name="role_difficultDecision">FALSE</Feature>
<Feature name="type">NAM</Feature>
<Feature name="type_difficultDecision">FALSE</Feature>
</Annotation>
<Annotation id="CNN_IP_20030422.1600.05:1:E1m" type="entity_mention_head" start="CNN_IP_20030422.1600.05:1:3Z" end="CNN_IP_20030422.1600.05:1:3a">
<Feature name="indexing_type">charseq</Feature>
</Annotation>
<Annotation id="CNN_IP_20030422.1600.05:1:E1n" type="entity_mention" start="CNN_IP_20030422.1600.05:1:3b" end="CNN_IP_20030422.1600.05:1:3c">
<Feature name="entity">CNN_IP_20030422.1600.05:1:E1p</Feature>
<Feature name="entity_difficultDecision">FALSE</Feature>
<Feature name="head">CNN_IP_20030422.1600.05:1:E1o</Feature>
<Feature name="id">EM29</Feature>
<Feature name="indexing_type">charseq</Feature>
<Feature name="role"></Feature>
<Feature name="role_difficultDecision">FALSE</Feature>
<Feature name="type">PRO</Feature>
<Feature name="type_difficultDecision">FALSE</Feature>
</Annotation>
<Annotation id="CNN_IP_20030422.1600.05:1:E1o" type="entity_mention_head" start="CNN_IP_20030422.1600.05:1:3d" end="CNN_IP_20030422.1600.05:1:3e">
<Feature name="indexing_type">charseq</Feature>
</Annotation>
</AG>
</AGSet>
