<?xml version="1.0"?>
<!DOCTYPE source_file SYSTEM "apf.v5.1.1.dtd">
<source_file URI="CNN_IP_20030406.1600.03.sgm" SOURCE="broadcast conversation" TYPE="text" AUTHOR="LDC" ENCODING="UTF-8">
<document DOCID="CNN_IP_20030406.1600.03">
<entity ID="CNN_IP_20030406.1600.03-E1" TYPE="PER" SUBTYPE="Group" CLASS="SPC">
  <entity_mention ID="CNN_IP_20030406.1600.03-E1-2" TYPE="NOM" LDCTYPE="BAR">
    <extent>
      <charseq START="573" END="690">high officials of the Kurdish Peshmerga
forces, which have been fighting alongside the Americans on the northern
front</charseq>
    </extent>
    <head>
      <charseq START="578" END="586">officials</charseq>
    </head>
  </entity_mention>
</entity>
<entity ID="CNN_IP_20030406.1600.03-E2" TYPE="PER" SUBTYPE="Group" CLASS="SPC">
  <entity_mention ID="CNN_IP_20030406.1600.03-E2-3" TYPE="NOM" LDCTYPE="NOM">
    <extent>
      <charseq START="591" END="690">the Kurdish Peshmerga
forces, which have been fighting alongside the Americans on the northern
front</charseq>
    </extent>
    <head>
      <charseq START="613" END="618">forces</charseq>
    </head>
  </entity_mention>
  <entity_mention ID="CNN_IP_20030406.1600.03-E2-5" TYPE="PRO" LDCTYPE="WHQ">
    <extent>
      <charseq START="621" END="625">which</charseq>
    </extent>
    <head>
      <charseq START="621" END="625">which</charseq>
    </head>
  </entity_mention>
  <entity_mention ID="CNN_IP_20030406.1600.03-E2-89" TYPE="NOM" LDCTYPE="NOM">
    <extent>
      <charseq START="1039" END="1083">the
poorly armed Kurdish Peshmerga guerrillas</charseq>
    </extent>
    <head>
      <charseq START="1074" END="1083">guerrillas</charseq>
    </head>
  </entity_mention>
</entity>
<entity ID="CNN_IP_20030406.1600.03-E3" TYPE="PER" SUBTYPE="Group" CLASS="SPC">
  <entity_mention ID="CNN_IP_20030406.1600.03-E3-4" TYPE="NAM" LDCTYPE="NAMPRE" LDCATR="TRUE">
    <extent>
      <charseq START="595" END="611">Kurdish Peshmerga</charseq>
    </extent>
    <head>
      <charseq START="595" END="611">Kurdish Peshmerga</charseq>
    </head>
  </entity_mention>
  <entity_mention ID="CNN_IP_20030406.1600.03-E3-25" TYPE="NAM" LDCTYPE="NAMPRE" LDCATR="TRUE">
    <extent>
      <charseq START="1056" END="1072">Kurdish Peshmerga</charseq>
    </extent>
    <head>
      <charseq START="1056" END="1072">Kurdish Peshmerga</charseq>
    </head>
  </entity_mention>
  <entity_attributes>
    <name NAME="Kurdish Peshmerga">
      <charseq START="595" END="611">Kurdish Peshmerga</charseq>
    </name>
    <name NAME="Kurdish Peshmerga">
      <charseq START="1056" END="1072">Kurdish Peshmerga</charseq>
    </name>
  </entity_attributes>
</entity>
<entity ID="CNN_IP_20030406.1600.03-E4" TYPE="PER" SUBTYPE="Group" CLASS="SPC">
  <entity_mention ID="CNN_IP_20030406.1600.03-E4-6" TYPE="NOM" LDCTYPE="NOM">
    <extent>
      <charseq START="656" END="668">the Americans</charseq>
    </extent>
    <head>
      <charseq START="660" END="668">Americans</charseq>
    </head>
  </entity_mention>
</entity>
<entity ID="CNN_IP_20030406.1600.03-E5" TYPE="PER" SUBTYPE="Group" CLASS="SPC">
  <entity_mention ID="CNN_IP_20030406.1600.03-E5-7" TYPE="NOM" LDCTYPE="NOM">
    <extent>
      <charseq START="693" END="722">At least 17 Kurdish commanders</charseq>
    </extent>
    <head>
      <charseq START="713" END="722">commanders</charseq>
    </head>
  </entity_mention>
  <entity_mention ID="CNN_IP_20030406.1600.03-E5-10" TYPE="PRO" LDCTYPE="PRO">
    <extent>
      <charseq START="728" END="732">their</charseq>
    </extent>
    <head>
      <charseq START="728" END="732">their</charseq>
    </head>
  </entity_mention>
</entity>
<entity ID="CNN_IP_20030406.1600.03-E6" TYPE="PER" SUBTYPE="Group" CLASS="SPC">
  <entity_mention ID="CNN_IP_20030406.1600.03-E6-8" TYPE="NAM" LDCTYPE="NAMPRE" LDCATR="TRUE">
    <extent>
      <charseq START="705" END="711">Kurdish</charseq>
    </extent>
    <head>
      <charseq START="705" END="711">Kurdish</charseq>
    </head>
  </entity_mention>
  <entity_mention ID="CNN_IP_20030406.1600.03-E6-17" TYPE="NAM" LDCTYPE="NAMPRE" LDCATR="TRUE">
    <extent>
      <charseq START="854" END="860">Kurdish</charseq>
    </extent>
    <head>
      <charseq START="854" END="860">Kurdish</charseq>
    </head>
  </entity_mention>
  <entity_mention ID="CNN_IP_20030406.1600.03-E6-37" TYPE="NAM" LDCTYPE="NAMPRE" LDCATR="TRUE">
    <extent>
      <charseq START="1468" END="1474">Kurdish</charseq>
    </extent>
    <head>
      <charseq START="1468" END="1474">Kurdish</charseq>
    </head>
  </entity_mention>
  <entity_mention ID="CNN_IP_20030406.1600.03-E6-76" TYPE="NAM" LDCTYPE="NAMPRE" LDCATR="TRUE">
    <extent>
      <charseq START="172" END="178">Kurdish</charseq>
    </extent>
    <head>
      <charseq START="172" END="178">Kurdish</charseq>
    </head>
  </entity_mention>
  <entity_mention ID="CNN_IP_20030406.1600.03-E6-95" TYPE="NAM" LDCTYPE="NAMPRE" LDCATR="TRUE">
    <extent>
      <charseq START="332" END="338">Kurdish</charseq>
    </extent>
    <head>
      <charseq START="332" END="338">Kurdish</charseq>
    </head>
  </entity_mention>
  <entity_attributes>
    <name NAME="Kurdish">
      <charseq START="705" END="711">Kurdish</charseq>
    </name>
    <name NAME="Kurdish">
      <charseq START="854" END="860">Kurdish</charseq>
    </name>
    <name NAME="Kurdish">
      <charseq START="1468" END="1474">Kurdish</charseq>
    </name>
    <name NAME="Kurdish">
      <charseq START="172" END="178">Kurdish</charseq>
    </name>
    <name NAME="Kurdish">
      <charseq START="332" END="338">Kurdish</charseq>
    </name>
  </entity_attributes>
</entity>
<entity ID="CNN_IP_20030406.1600.03-E7" TYPE="PER" SUBTYPE="Group" CLASS="SPC">
  <entity_mention ID="CNN_IP_20030406.1600.03-E7-9" TYPE="NOM" LDCTYPE="NOM">
    <extent>
      <charseq START="728" END="739">their guards</charseq>
    </extent>
    <head>
      <charseq START="734" END="739">guards</charseq>
    </head>
  </entity_mention>
</entity>
<entity ID="CNN_IP_20030406.1600.03-E8" TYPE="PER" SUBTYPE="Individual" CLASS="SPC">
  <entity_mention ID="CNN_IP_20030406.1600.03-E8-11" TYPE="NOM" LDCTYPE="NOM">
    <extent>
      <charseq START="765" END="798">an interpreter working for the BBC</charseq>
    </extent>
    <head>
      <charseq START="768" END="778">interpreter</charseq>
    </head>
  </entity_mention>
</entity>
<entity ID="CNN_IP_20030406.1600.03-E9" TYPE="ORG" SUBTYPE="Media" CLASS="SPC">
  <entity_mention ID="CNN_IP_20030406.1600.03-E9-12" TYPE="NAM" LDCTYPE="NAM">
    <extent>
      <charseq START="792" END="798">the BBC</charseq>
    </extent>
    <head>
      <charseq START="796" END="798">BBC</charseq>
    </head>
  </entity_mention>
  <entity_attributes>
    <name NAME="BBC">
      <charseq START="796" END="798">BBC</charseq>
    </name>
  </entity_attributes>
</entity>
<entity ID="CNN_IP_20030406.1600.03-E10" TYPE="PER" SUBTYPE="Group" CLASS="USP">
  <entity_mention ID="CNN_IP_20030406.1600.03-E10-13" TYPE="PRO" LDCTYPE="HLS">
    <extent>
      <charseq START="801" END="812">More than 40</charseq>
    </extent>
    <head>
      <charseq START="811" END="812">40</charseq>
    </head>
  </entity_mention>
</entity>
<entity ID="CNN_IP_20030406.1600.03-E11" TYPE="ORG" SUBTYPE="Government" CLASS="SPC">
  <entity_mention ID="CNN_IP_20030406.1600.03-E11-16" TYPE="NAM" LDCTYPE="NAM">
    <extent>
      <charseq START="850" END="864">the Kurdish KDP</charseq>
    </extent>
    <head>
      <charseq START="862" END="864">KDP</charseq>
    </head>
  </entity_mention>
  <entity_mention ID="CNN_IP_20030406.1600.03-E11-21" TYPE="PRO" LDCTYPE="PRO">
    <extent>
      <charseq START="882" END="886">their</charseq>
    </extent>
    <head>
      <charseq START="882" END="886">their</charseq>
    </head>
  </entity_mention>
  <entity_attributes>
    <name NAME="KDP">
      <charseq START="862" END="864">KDP</charseq>
    </name>
  </entity_attributes>
</entity>
<entity ID="CNN_IP_20030406.1600.03-E13" TYPE="PER" SUBTYPE="Individual" CLASS="SPC">
  <entity_mention ID="CNN_IP_20030406.1600.03-E13-15" TYPE="NOM" LDCTYPE="NOM" LDCATR="FALSE">
    <extent>
      <charseq START="828" END="864">The
military chief of the Kurdish KDP</charseq>
    </extent>
    <head>
      <charseq START="841" END="845">chief</charseq>
    </head>
  </entity_mention>
  <entity_mention ID="CNN_IP_20030406.1600.03-E13-18" TYPE="NOM" LDCTYPE="NOM" LDCATR="TRUE">
    <extent>
      <charseq START="867" END="893">the brother of their leader</charseq>
    </extent>
    <head>
      <charseq START="871" END="877">brother</charseq>
    </head>
  </entity_mention>
  <entity_mention ID="CNN_IP_20030406.1600.03-E13-92" TYPE="NOM" LDCTYPE="NOM" LDCATR="FALSE">
    <extent>
      <charseq START="305" END="355">the
brother and a son of a Kurdish political leader</charseq>
    </extent>
    <head>
      <charseq START="309" END="315">brother</charseq>
    </head>
  </entity_mention>
</entity>
<entity ID="CNN_IP_20030406.1600.03-E14" TYPE="PER" SUBTYPE="Individual" CLASS="SPC">
  <entity_mention ID="CNN_IP_20030406.1600.03-E14-19" TYPE="NOM" LDCTYPE="NOM" LDCATR="FALSE">
    <extent>
      <charseq START="882" END="893">their leader</charseq>
    </extent>
    <head>
      <charseq START="888" END="893">leader</charseq>
    </head>
  </entity_mention>
  <entity_mention ID="CNN_IP_20030406.1600.03-E14-20" TYPE="NAM" LDCTYPE="NAM" LDCATR="TRUE">
    <extent>
      <charseq START="896" END="909">Massud
Barzani</charseq>
    </extent>
    <head>
      <charseq START="896" END="909">Massud
Barzani</charseq>
    </head>
  </entity_mention>
  <entity_mention ID="CNN_IP_20030406.1600.03-E14-94" TYPE="NOM" LDCTYPE="NOM" LDCATR="FALSE">
    <extent>
      <charseq START="330" END="355">a Kurdish political leader</charseq>
    </extent>
    <head>
      <charseq START="350" END="355">leader</charseq>
    </head>
  </entity_mention>
  <entity_attributes>
    <name NAME="Massud Barzani">
      <charseq START="896" END="909">Massud
Barzani</charseq>
    </name>
  </entity_attributes>
</entity>
<entity ID="CNN_IP_20030406.1600.03-E15" TYPE="PER" SUBTYPE="Group" CLASS="USP">
  <entity_mention ID="CNN_IP_20030406.1600.03-E15-22" TYPE="NOM" LDCTYPE="NOM">
    <extent>
      <charseq START="994" END="1033">a few hundred U.S. Special Forces troops</charseq>
    </extent>
    <head>
      <charseq START="1028" END="1033">troops</charseq>
    </head>
  </entity_mention>
</entity>
<entity ID="CNN_IP_20030406.1600.03-E16" TYPE="ORG" SUBTYPE="Government" CLASS="SPC">
  <entity_mention ID="CNN_IP_20030406.1600.03-E16-23" TYPE="NAM" LDCTYPE="NAMPRE" LDCATR="TRUE">
    <extent>
      <charseq START="1008" END="1026">U.S. Special Forces</charseq>
    </extent>
    <head>
      <charseq START="1013" END="1026">Special Forces</charseq>
    </head>
  </entity_mention>
  <entity_mention ID="CNN_IP_20030406.1600.03-E16-35" TYPE="NAM" LDCTYPE="NAMPRE" LDCATR="TRUE">
    <extent>
      <charseq START="1437" END="1455">U.S. Special Forces</charseq>
    </extent>
    <head>
      <charseq START="1442" END="1455">Special Forces</charseq>
    </head>
  </entity_mention>
  <entity_attributes>
    <name NAME="Special Forces">
      <charseq START="1013" END="1026">Special Forces</charseq>
    </name>
    <name NAME="Special Forces">
      <charseq START="1442" END="1455">Special Forces</charseq>
    </name>
  </entity_attributes>
</entity>
<entity ID="CNN_IP_20030406.1600.03-E17" TYPE="GPE" SUBTYPE="Nation" CLASS="SPC">
  <entity_mention ID="CNN_IP_20030406.1600.03-E17-24" TYPE="NAM" LDCTYPE="NAMPRE" ROLE="GPE" LDCATR="TRUE">
    <extent>
      <charseq START="1008" END="1010">U.S</charseq>
    </extent>
    <head>
      <charseq START="1008" END="1010">U.S</charseq>
    </head>
  </entity_mention>
  <entity_mention ID="CNN_IP_20030406.1600.03-E17-26" TYPE="NAM" LDCTYPE="NAMPRE" ROLE="GPE" LDCATR="TRUE">
    <extent>
      <charseq START="1180" END="1187">American</charseq>
    </extent>
    <head>
      <charseq START="1180" END="1187">American</charseq>
    </head>
  </entity_mention>
  <entity_mention ID="CNN_IP_20030406.1600.03-E17-36" TYPE="NAM" LDCTYPE="NAMPRE" ROLE="GPE" LDCATR="TRUE">
    <extent>
      <charseq START="1437" END="1439">U.S</charseq>
    </extent>
    <head>
      <charseq START="1437" END="1439">U.S</charseq>
    </head>
  </entity_mention>
  <entity_mention ID="CNN_IP_20030406.1600.03-E17-42" TYPE="NAM" LDCTYPE="NAMPRE" ROLE="GPE" LDCATR="TRUE">
    <extent>
      <charseq START="1582" END="1589">American</charseq>
    </extent>
    <head>
      <charseq START="1582" END="1589">American</charseq>
    </head>
  </entity_mention>
  <entity_mention ID="CNN_IP_20030406.1600.03-E17-63" TYPE="NAM" LDCTYPE="NAMPRE" ROLE="GPE" LDCATR="TRUE">
    <extent>
      <charseq START="2133" END="2140">American</charseq>
    </extent>
    <head>
      <charseq START="2133" END="2140">American</charseq>
    </head>
  </entity_mention>
  <entity_mention ID="CNN_IP_20030406.1600.03-E17-73" TYPE="NAM" LDCTYPE="NAMPRE" ROLE="GPE" LDCATR="TRUE">
    <extent>
      <charseq START="1306" END="1308">U.S</charseq>
    </extent>
    <head>
      <charseq START="1306" END="1308">U.S</charseq>
    </head>
  </entity_mention>
  <entity_mention ID="CNN_IP_20030406.1600.03-E17-100" TYPE="NAM" LDCTYPE="NAMPRE" ROLE="GPE" LDCATR="TRUE">
    <extent>
      <charseq START="531" END="538">American</charseq>
    </extent>
    <head>
      <charseq START="531" END="538">American</charseq>
    </head>
  </entity_mention>
  <entity_attributes>
    <name NAME="U.S">
      <charseq START="1008" END="1010">U.S</charseq>
    </name>
    <name NAME="American">
      <charseq START="1180" END="1187">American</charseq>
    </name>
    <name NAME="U.S">
      <charseq START="1437" END="1439">U.S</charseq>
    </name>
    <name NAME="American">
      <charseq START="1582" END="1589">American</charseq>
    </name>
    <name NAME="American">
      <charseq START="2133" END="2140">American</charseq>
    </name>
    <name NAME="U.S">
      <charseq START="1306" END="1308">U.S</charseq>
    </name>
    <name NAME="American">
      <charseq START="531" END="538">American</charseq>
    </name>
  </entity_attributes>
</entity>
<entity ID="CNN_IP_20030406.1600.03-E20" TYPE="GPE" SUBTYPE="Nation" CLASS="SPC">
  <entity_mention ID="CNN_IP_20030406.1600.03-E20-27" TYPE="NAM" LDCTYPE="NAMPRE" ROLE="GPE" LDCATR="TRUE">
    <extent>
      <charseq START="1200" END="1204">Iraqi</charseq>
    </extent>
    <head>
      <charseq START="1200" END="1204">Iraqi</charseq>
    </head>
  </entity_mention>
  <entity_mention ID="CNN_IP_20030406.1600.03-E20-40" TYPE="NAM" LDCTYPE="NAMPRE" ROLE="GPE" LDCATR="TRUE">
    <extent>
      <charseq START="1546" END="1550">Iraqi</charseq>
    </extent>
    <head>
      <charseq START="1546" END="1550">Iraqi</charseq>
    </head>
  </entity_mention>
  <entity_mention ID="CNN_IP_20030406.1600.03-E20-47" TYPE="NAM" LDCTYPE="NAMPRE" ROLE="GPE" LDCATR="TRUE">
    <extent>
      <charseq START="1739" END="1743">Iraqi</charseq>
    </extent>
    <head>
      <charseq START="1739" END="1743">Iraqi</charseq>
    </head>
  </entity_mention>
  <entity_mention ID="CNN_IP_20030406.1600.03-E20-53" TYPE="NAM" LDCTYPE="NAMPRE" ROLE="GPE" LDCATR="TRUE">
    <extent>
      <charseq START="1890" END="1894">Iraqi</charseq>
    </extent>
    <head>
      <charseq START="1890" END="1894">Iraqi</charseq>
    </head>
  </entity_mention>
  <entity_mention ID="CNN_IP_20030406.1600.03-E20-62" TYPE="NAM" LDCTYPE="NAMPRE" ROLE="GPE" LDCATR="TRUE">
    <extent>
      <charseq START="2086" END="2090">Iraqi</charseq>
    </extent>
    <head>
      <charseq START="2086" END="2090">Iraqi</charseq>
    </head>
  </entity_mention>
  <entity_attributes>
    <name NAME="Iraqi">
      <charseq START="1200" END="1204">Iraqi</charseq>
    </name>
    <name NAME="Iraqi">
      <charseq START="1546" END="1550">Iraqi</charseq>
    </name>
    <name NAME="Iraqi">
      <charseq START="1739" END="1743">Iraqi</charseq>
    </name>
    <name NAME="Iraqi">
      <charseq START="1890" END="1894">Iraqi</charseq>
    </name>
    <name NAME="Iraqi">
      <charseq START="2086" END="2090">Iraqi</charseq>
    </name>
  </entity_attributes>
</entity>
<entity ID="CNN_IP_20030406.1600.03-E21" TYPE="PER" SUBTYPE="Group" CLASS="USP">
  <entity_mention ID="CNN_IP_20030406.1600.03-E21-28" TYPE="PRO" LDCTYPE="PRO">
    <extent>
      <charseq START="1282" END="1283">we</charseq>
    </extent>
    <head>
      <charseq START="1282" END="1283">we</charseq>
    </head>
  </entity_mention>
  <entity_mention ID="CNN_IP_20030406.1600.03-E21-32" TYPE="PRO" LDCTYPE="PRO">
    <extent>
      <charseq START="1405" END="1406">we</charseq>
    </extent>
    <head>
      <charseq START="1405" END="1406">we</charseq>
    </head>
  </entity_mention>
  <entity_mention ID="CNN_IP_20030406.1600.03-E21-45" TYPE="PRO" LDCTYPE="PRO">
    <extent>
      <charseq START="1713" END="1714">we</charseq>
    </extent>
    <head>
      <charseq START="1713" END="1714">we</charseq>
    </head>
  </entity_mention>
  <entity_mention ID="CNN_IP_20030406.1600.03-E21-49" TYPE="PRO" LDCTYPE="PRO">
    <extent>
      <charseq START="1771" END="1773">our</charseq>
    </extent>
    <head>
      <charseq START="1771" END="1773">our</charseq>
    </head>
  </entity_mention>
  <entity_mention ID="CNN_IP_20030406.1600.03-E21-54" TYPE="PRO" LDCTYPE="PRO">
    <extent>
      <charseq START="1918" END="1920">our</charseq>
    </extent>
    <head>
      <charseq START="1918" END="1920">our</charseq>
    </head>
  </entity_mention>
  <entity_mention ID="CNN_IP_20030406.1600.03-E21-55" TYPE="PRO" LDCTYPE="PRO">
    <extent>
      <charseq START="1933" END="1934">we</charseq>
    </extent>
    <head>
      <charseq START="1933" END="1934">we</charseq>
    </head>
  </entity_mention>
  <entity_mention ID="CNN_IP_20030406.1600.03-E21-57" TYPE="PRO" LDCTYPE="PRO">
    <extent>
      <charseq START="2029" END="2030">We</charseq>
    </extent>
    <head>
      <charseq START="2029" END="2030">We</charseq>
    </head>
  </entity_mention>
</entity>
<entity ID="CNN_IP_20030406.1600.03-E22" TYPE="VEH" SUBTYPE="Air" CLASS="SPC">
  <entity_mention ID="CNN_IP_20030406.1600.03-E22-29" TYPE="NOM" LDCTYPE="BAR">
    <extent>
      <charseq START="1306" END="1314">U.S. jets</charseq>
    </extent>
    <head>
      <charseq START="1311" END="1314">jets</charseq>
    </head>
  </entity_mention>
  <entity_mention ID="CNN_IP_20030406.1600.03-E22-31" TYPE="PRO" LDCTYPE="PRO">
    <extent>
      <charseq START="1336" END="1340">their</charseq>
    </extent>
    <head>
      <charseq START="1336" END="1340">their</charseq>
    </head>
  </entity_mention>
</entity>
<entity ID="CNN_IP_20030406.1600.03-E23" TYPE="WEA" SUBTYPE="Exploding" CLASS="SPC">
  <entity_mention ID="CNN_IP_20030406.1600.03-E23-30" TYPE="NOM" LDCTYPE="NOM">
    <extent>
      <charseq START="1336" END="1346">their bombs</charseq>
    </extent>
    <head>
      <charseq START="1342" END="1346">bombs</charseq>
    </head>
  </entity_mention>
</entity>
<entity ID="CNN_IP_20030406.1600.03-E24" TYPE="LOC" SUBTYPE="Region-General" CLASS="SPC">
  <entity_mention ID="CNN_IP_20030406.1600.03-E24-1" TYPE="NOM" LDCTYPE="NOM">
    <extent>
      <charseq START="130" END="142">northern Iraq</charseq>
    </extent>
    <head>
      <charseq START="139" END="142">Iraq</charseq>
    </head>
  </entity_mention>
  <entity_mention ID="CNN_IP_20030406.1600.03-E24-59" TYPE="NOM" LDCTYPE="NOM">
    <extent>
      <charseq START="2075" END="2083">the north</charseq>
    </extent>
    <head>
      <charseq START="2079" END="2083">north</charseq>
    </head>
  </entity_mention>
  <entity_mention ID="CNN_IP_20030406.1600.03-E24-87" TYPE="PRO" LDCTYPE="PRO">
    <extent>
      <charseq START="2067" END="2083">Here in the north</charseq>
    </extent>
    <head>
      <charseq START="2067" END="2070">Here</charseq>
    </head>
  </entity_mention>
  <entity_mention ID="CNN_IP_20030406.1600.03-E24-98" TYPE="NOM" LDCTYPE="NOM">
    <extent>
      <charseq START="393" END="405">Northern Iraq</charseq>
    </extent>
    <head>
      <charseq START="402" END="405">Iraq</charseq>
    </head>
  </entity_mention>
</entity>
<entity ID="CNN_IP_20030406.1600.03-E25" TYPE="VEH" SUBTYPE="Underspecified" CLASS="SPC">
  <entity_mention ID="CNN_IP_20030406.1600.03-E25-33" TYPE="NOM" LDCTYPE="NOM">
    <extent>
      <charseq START="1419" END="1483">another convoy of U.S. Special Forces troops and
Kurdish fighters</charseq>
    </extent>
    <head>
      <charseq START="1427" END="1432">convoy</charseq>
    </head>
  </entity_mention>
</entity>
<entity ID="CNN_IP_20030406.1600.03-E26" TYPE="PER" SUBTYPE="Group" CLASS="SPC">
  <entity_mention ID="CNN_IP_20030406.1600.03-E26-34" TYPE="NOM" LDCTYPE="BAR">
    <extent>
      <charseq START="1437" END="1462">U.S. Special Forces troops</charseq>
    </extent>
    <head>
      <charseq START="1457" END="1462">troops</charseq>
    </head>
  </entity_mention>
</entity>
<entity ID="CNN_IP_20030406.1600.03-E30" TYPE="VEH" SUBTYPE="Underspecified" CLASS="SPC">
  <entity_mention ID="CNN_IP_20030406.1600.03-E30-38" TYPE="NOM" LDCTYPE="NOM">
    <extent>
      <charseq START="555" END="690">a convoy carrying high officials of the Kurdish Peshmerga
forces, which have been fighting alongside the Americans on the northern
front</charseq>
    </extent>
    <head>
      <charseq START="557" END="562">convoy</charseq>
    </head>
  </entity_mention>
</entity>
<entity ID="CNN_IP_20030406.1600.03-E31" TYPE="ORG" SUBTYPE="Government" CLASS="SPC">
  <entity_mention ID="CNN_IP_20030406.1600.03-E31-39" TYPE="NOM" LDCTYPE="NOM">
    <extent>
      <charseq START="1542" END="1555">the Iraqi army</charseq>
    </extent>
    <head>
      <charseq START="1552" END="1555">army</charseq>
    </head>
  </entity_mention>
</entity>
<entity ID="CNN_IP_20030406.1600.03-E33" TYPE="PER" SUBTYPE="Group" CLASS="SPC">
  <entity_mention ID="CNN_IP_20030406.1600.03-E33-41" TYPE="NOM" LDCTYPE="BAR">
    <extent>
      <charseq START="1582" END="1596">American troops</charseq>
    </extent>
    <head>
      <charseq START="1591" END="1596">troops</charseq>
    </head>
  </entity_mention>
</entity>
<entity ID="CNN_IP_20030406.1600.03-E35" TYPE="PER" SUBTYPE="Group" CLASS="USP">
  <entity_mention ID="CNN_IP_20030406.1600.03-E35-43" TYPE="NOM" LDCTYPE="NOM">
    <extent>
      <charseq START="1648" END="1656">the Kurds</charseq>
    </extent>
    <head>
      <charseq START="1652" END="1656">Kurds</charseq>
    </head>
  </entity_mention>
  <entity_mention ID="CNN_IP_20030406.1600.03-E35-50" TYPE="NOM" LDCTYPE="NOM">
    <extent>
      <charseq START="1799" END="1807">the Kurds</charseq>
    </extent>
    <head>
      <charseq START="1803" END="1807">Kurds</charseq>
    </head>
  </entity_mention>
  <entity_mention ID="CNN_IP_20030406.1600.03-E35-85" TYPE="NOM" LDCTYPE="BAR">
    <extent>
      <charseq START="1468" END="1483">Kurdish fighters</charseq>
    </extent>
    <head>
      <charseq START="1476" END="1483">fighters</charseq>
    </head>
  </entity_mention>
  <entity_mention ID="CNN_IP_20030406.1600.03-E35-86" TYPE="PRO" LDCTYPE="PRO">
    <extent>
      <charseq START="1488" END="1491">they</charseq>
    </extent>
    <head>
      <charseq START="1488" END="1491">they</charseq>
    </head>
  </entity_mention>
</entity>
<entity ID="CNN_IP_20030406.1600.03-E36" TYPE="PER" SUBTYPE="Group" CLASS="SPC">
  <entity_mention ID="CNN_IP_20030406.1600.03-E36-44" TYPE="NOM" LDCTYPE="NOM">
    <extent>
      <charseq START="1674" END="1683">the Iraqis</charseq>
    </extent>
    <head>
      <charseq START="1678" END="1683">Iraqis</charseq>
    </head>
  </entity_mention>
</entity>
<entity ID="CNN_IP_20030406.1600.03-E37" TYPE="WEA" SUBTYPE="Shooting" CLASS="SPC">
  <entity_mention ID="CNN_IP_20030406.1600.03-E37-46" TYPE="NOM" LDCTYPE="BAR">
    <extent>
      <charseq START="1739" END="1748">Iraqi guns</charseq>
    </extent>
    <head>
      <charseq START="1745" END="1748">guns</charseq>
    </head>
  </entity_mention>
  <entity_mention ID="CNN_IP_20030406.1600.03-E37-48" TYPE="PRO" LDCTYPE="PRO">
    <extent>
      <charseq START="1753" END="1756">they</charseq>
    </extent>
    <head>
      <charseq START="1753" END="1756">they</charseq>
    </head>
  </entity_mention>
</entity>
<entity ID="CNN_IP_20030406.1600.03-E39" TYPE="WEA" SUBTYPE="Exploding" CLASS="SPC">
  <entity_mention ID="CNN_IP_20030406.1600.03-E39-51" TYPE="NOM" LDCTYPE="NOM">
    <extent>
      <charseq START="1851" END="1859">the shell</charseq>
    </extent>
    <head>
      <charseq START="1855" END="1859">shell</charseq>
    </head>
  </entity_mention>
</entity>
<entity ID="CNN_IP_20030406.1600.03-E40" TYPE="PER" SUBTYPE="Group" CLASS="SPC">
  <entity_mention ID="CNN_IP_20030406.1600.03-E40-52" TYPE="NOM" LDCTYPE="NOM">
    <extent>
      <charseq START="1886" END="1902">The Iraqi
gunners</charseq>
    </extent>
    <head>
      <charseq START="1896" END="1902">gunners</charseq>
    </head>
  </entity_mention>
</entity>
<entity ID="CNN_IP_20030406.1600.03-E42" TYPE="FAC" SUBTYPE="Building-Grounds" CLASS="SPC">
  <entity_mention ID="CNN_IP_20030406.1600.03-E42-56" TYPE="NOM" LDCTYPE="NOM">
    <extent>
      <charseq START="1951" END="1973">an abandoned farm
house</charseq>
    </extent>
    <head>
      <charseq START="1969" END="1973">house</charseq>
    </head>
  </entity_mention>
</entity>
<entity ID="CNN_IP_20030406.1600.03-E43" TYPE="VEH" SUBTYPE="Land" CLASS="SPC">
  <entity_mention ID="CNN_IP_20030406.1600.03-E43-58" TYPE="NOM" LDCTYPE="BAR">
    <extent>
      <charseq START="2062" END="2064">car</charseq>
    </extent>
    <head>
      <charseq START="2062" END="2064">car</charseq>
    </head>
  </entity_mention>
</entity>
<entity ID="CNN_IP_20030406.1600.03-E44" TYPE="VEH" SUBTYPE="Land" CLASS="SPC">
  <entity_mention ID="CNN_IP_20030406.1600.03-E44-60" TYPE="NOM" LDCTYPE="BAR">
    <extent>
      <charseq START="2086" END="2105">Iraqi tanks and
guns</charseq>
    </extent>
    <head>
      <charseq START="2092" END="2096">tanks</charseq>
    </head>
  </entity_mention>
</entity>
<entity ID="CNN_IP_20030406.1600.03-E45" TYPE="WEA" SUBTYPE="Shooting" CLASS="SPC">
  <entity_mention ID="CNN_IP_20030406.1600.03-E45-61" TYPE="NOM" LDCTYPE="BAR">
    <extent>
      <charseq START="2086" END="2105">Iraqi tanks and
guns</charseq>
    </extent>
    <head>
      <charseq START="2102" END="2105">guns</charseq>
    </head>
  </entity_mention>
</entity>
<entity ID="CNN_IP_20030406.1600.03-E48" TYPE="ORG" SUBTYPE="Media" CLASS="SPC">
  <entity_mention ID="CNN_IP_20030406.1600.03-E48-65" TYPE="NAM" LDCTYPE="NAM">
    <extent>
      <charseq START="2192" END="2199">ITV News</charseq>
    </extent>
    <head>
      <charseq START="2192" END="2199">ITV News</charseq>
    </head>
  </entity_mention>
  <entity_attributes>
    <name NAME="ITV News">
      <charseq START="2192" END="2199">ITV News</charseq>
    </name>
  </entity_attributes>
</entity>
<entity ID="CNN_IP_20030406.1600.03-E49" TYPE="PER" SUBTYPE="Group" CLASS="USP">
  <entity_mention ID="CNN_IP_20030406.1600.03-E49-67" TYPE="PRO" LDCTYPE="PRO">
    <extent>
      <charseq START="2304" END="2305">we</charseq>
    </extent>
    <head>
      <charseq START="2304" END="2305">we</charseq>
    </head>
  </entity_mention>
  <entity_mention ID="CNN_IP_20030406.1600.03-E49-70" TYPE="PRO" LDCTYPE="PRO">
    <extent>
      <charseq START="2354" END="2355">We</charseq>
    </extent>
    <head>
      <charseq START="2354" END="2355">We</charseq>
    </head>
  </entity_mention>
  <entity_mention ID="CNN_IP_20030406.1600.03-E49-71" TYPE="PRO" LDCTYPE="PRO">
    <extent>
      <charseq START="2382" END="2384">our</charseq>
    </extent>
    <head>
      <charseq START="2382" END="2384">our</charseq>
    </head>
  </entity_mention>
  <entity_mention ID="CNN_IP_20030406.1600.03-E49-88" TYPE="PRO" LDCTYPE="PRO">
    <extent>
      <charseq START="193" END="194">we</charseq>
    </extent>
    <head>
      <charseq START="193" END="194">we</charseq>
    </head>
  </entity_mention>
</entity>
<entity ID="CNN_IP_20030406.1600.03-E50" TYPE="GPE" SUBTYPE="Population-Center" CLASS="SPC">
  <entity_mention ID="CNN_IP_20030406.1600.03-E50-69" TYPE="NAM" LDCTYPE="NAM" ROLE="LOC">
    <extent>
      <charseq START="2336" END="2342">Baghdad</charseq>
    </extent>
    <head>
      <charseq START="2336" END="2342">Baghdad</charseq>
    </head>
  </entity_mention>
  <entity_attributes>
    <name NAME="Baghdad">
      <charseq START="2336" END="2342">Baghdad</charseq>
    </name>
  </entity_attributes>
</entity>
<entity ID="CNN_IP_20030406.1600.03-E51" TYPE="PER" SUBTYPE="Individual" CLASS="SPC">
  <entity_mention ID="CNN_IP_20030406.1600.03-E51-72" TYPE="NAM" LDCTYPE="NAM">
    <extent>
      <charseq START="82" END="89">WOODRUFF</charseq>
    </extent>
    <head>
      <charseq START="82" END="89">WOODRUFF</charseq>
    </head>
  </entity_mention>
  <entity_mention ID="CNN_IP_20030406.1600.03-E51-79" TYPE="NAM" LDCTYPE="NAM">
    <extent>
      <charseq START="2244" END="2251">WOODRUFF</charseq>
    </extent>
    <head>
      <charseq START="2244" END="2251">WOODRUFF</charseq>
    </head>
  </entity_mention>
  <entity_attributes>
    <name NAME="WOODRUFF">
      <charseq START="82" END="89">WOODRUFF</charseq>
    </name>
    <name NAME="WOODRUFF">
      <charseq START="2244" END="2251">WOODRUFF</charseq>
    </name>
  </entity_attributes>
</entity>
<entity ID="CNN_IP_20030406.1600.03-E53" TYPE="PER" SUBTYPE="Group" CLASS="USP">
  <entity_mention ID="CNN_IP_20030406.1600.03-E53-68" TYPE="NOM" LDCTYPE="BAR">
    <extent>
      <charseq START="172" END="186">Kurdish leaders</charseq>
    </extent>
    <head>
      <charseq START="180" END="186">leaders</charseq>
    </head>
  </entity_mention>
</entity>
<entity ID="CNN_IP_20030406.1600.03-E54" TYPE="LOC" SUBTYPE="Region-General" CLASS="USP">
  <entity_mention ID="CNN_IP_20030406.1600.03-E54-74" TYPE="NOM" LDCTYPE="NOM">
    <extent>
      <charseq START="1521" END="1555">country abandoned by
the Iraqi army</charseq>
    </extent>
    <head>
      <charseq START="1521" END="1527">country</charseq>
    </head>
  </entity_mention>
</entity>
<entity ID="CNN_IP_20030406.1600.03-E55" TYPE="PER" SUBTYPE="Individual" CLASS="SPC">
  <entity_mention ID="CNN_IP_20030406.1600.03-E55-75" TYPE="NOM" LDCTYPE="NOM">
    <extent>
      <charseq START="1979" END="1995">UNIDENTIFIED MALE</charseq>
    </extent>
    <head>
      <charseq START="1992" END="1995">MALE</charseq>
    </head>
  </entity_mention>
</entity>
<entity ID="CNN_IP_20030406.1600.03-E56" TYPE="FAC" SUBTYPE="Path" CLASS="SPC">
  <entity_mention ID="CNN_IP_20030406.1600.03-E56-78" TYPE="NOM" LDCTYPE="NOM">
    <extent>
      <charseq START="1386" END="1393">the road</charseq>
    </extent>
    <head>
      <charseq START="1390" END="1393">road</charseq>
    </head>
  </entity_mention>
</entity>
<entity ID="CNN_IP_20030406.1600.03-E57" TYPE="PER" SUBTYPE="Individual" CLASS="SPC">
  <entity_mention ID="CNN_IP_20030406.1600.03-E57-64" TYPE="NAM" LDCTYPE="NAM" LDCATR="FALSE">
    <extent>
      <charseq START="2177" END="2189">Julian Manyon</charseq>
    </extent>
    <head>
      <charseq START="2177" END="2189">Julian Manyon</charseq>
    </head>
  </entity_mention>
  <entity_mention ID="CNN_IP_20030406.1600.03-E57-66" TYPE="NAM" LDCTYPE="NAM" LDCATR="FALSE">
    <extent>
      <charseq START="2254" END="2266">Julian Manyon</charseq>
    </extent>
    <head>
      <charseq START="2254" END="2266">Julian Manyon</charseq>
    </head>
  </entity_mention>
  <entity_mention ID="CNN_IP_20030406.1600.03-E57-80" TYPE="NAM" LDCTYPE="NAM" LDCATR="FALSE">
    <extent>
      <charseq START="429" END="441">JULIAN MANYON</charseq>
    </extent>
    <head>
      <charseq START="429" END="441">JULIAN MANYON</charseq>
    </head>
  </entity_mention>
  <entity_mention ID="CNN_IP_20030406.1600.03-E57-81" TYPE="NOM" LDCTYPE="NOM" LDCATR="TRUE">
    <extent>
      <charseq START="444" END="460">ITN CORRESPONDENT</charseq>
    </extent>
    <head>
      <charseq START="448" END="460">CORRESPONDENT</charseq>
    </head>
  </entity_mention>
  <entity_mention ID="CNN_IP_20030406.1600.03-E57-82" TYPE="NAM" LDCTYPE="NAM" LDCATR="FALSE">
    <extent>
      <charseq START="2021" END="2026">MANYON</charseq>
    </extent>
    <head>
      <charseq START="2021" END="2026">MANYON</charseq>
    </head>
  </entity_mention>
  <entity_mention ID="CNN_IP_20030406.1600.03-E57-96" TYPE="NAM" LDCTYPE="NAM" LDCATR="FALSE">
    <extent>
      <charseq START="358" END="377">Julian Manyon of ITN</charseq>
    </extent>
    <head>
      <charseq START="358" END="370">Julian Manyon</charseq>
    </head>
  </entity_mention>
  <entity_attributes>
    <name NAME="Julian Manyon">
      <charseq START="2177" END="2189">Julian Manyon</charseq>
    </name>
    <name NAME="Julian Manyon">
      <charseq START="2254" END="2266">Julian Manyon</charseq>
    </name>
    <name NAME="JULIAN MANYON">
      <charseq START="429" END="441">JULIAN MANYON</charseq>
    </name>
    <name NAME="MANYON">
      <charseq START="2021" END="2026">MANYON</charseq>
    </name>
    <name NAME="Julian Manyon">
      <charseq START="358" END="370">Julian Manyon</charseq>
    </name>
  </entity_attributes>
</entity>
<entity ID="CNN_IP_20030406.1600.03-E58" TYPE="ORG" SUBTYPE="Media" CLASS="SPC">
  <entity_mention ID="CNN_IP_20030406.1600.03-E58-83" TYPE="NAM" LDCTYPE="NAMPRE" LDCATR="TRUE">
    <extent>
      <charseq START="444" END="446">ITN</charseq>
    </extent>
    <head>
      <charseq START="444" END="446">ITN</charseq>
    </head>
  </entity_mention>
  <entity_mention ID="CNN_IP_20030406.1600.03-E58-97" TYPE="NAM" LDCTYPE="NAM" LDCATR="FALSE">
    <extent>
      <charseq START="375" END="377">ITN</charseq>
    </extent>
    <head>
      <charseq START="375" END="377">ITN</charseq>
    </head>
  </entity_mention>
  <entity_attributes>
    <name NAME="ITN">
      <charseq START="444" END="446">ITN</charseq>
    </name>
    <name NAME="ITN">
      <charseq START="375" END="377">ITN</charseq>
    </name>
  </entity_attributes>
</entity>
<entity ID="CNN_IP_20030406.1600.03-E59" TYPE="ORG" SUBTYPE="Government" CLASS="USP">
  <entity_mention ID="CNN_IP_20030406.1600.03-E59-84" TYPE="NOM" LDCTYPE="NOMPRE">
    <extent>
      <charseq START="832" END="839">military</charseq>
    </extent>
    <head>
      <charseq START="832" END="839">military</charseq>
    </head>
  </entity_mention>
</entity>
<entity ID="CNN_IP_20030406.1600.03-E61" TYPE="PER" SUBTYPE="Group" CLASS="SPC">
  <entity_mention ID="CNN_IP_20030406.1600.03-E61-90" TYPE="NOM" LDCTYPE="NOM">
    <extent>
      <charseq START="211" END="225">Eighteen people</charseq>
    </extent>
    <head>
      <charseq START="220" END="225">people</charseq>
    </head>
  </entity_mention>
</entity>
<entity ID="CNN_IP_20030406.1600.03-E62" TYPE="PER" SUBTYPE="Group" CLASS="SPC">
  <entity_mention ID="CNN_IP_20030406.1600.03-E62-91" TYPE="PRO" LDCTYPE="HLS">
    <extent>
      <charseq START="282" END="295">the 45 wounded</charseq>
    </extent>
    <head>
      <charseq START="289" END="295">wounded</charseq>
    </head>
  </entity_mention>
</entity>
<entity ID="CNN_IP_20030406.1600.03-E64" TYPE="PER" SUBTYPE="Individual" CLASS="SPC">
  <entity_mention ID="CNN_IP_20030406.1600.03-E64-93" TYPE="NOM" LDCTYPE="NOM">
    <extent>
      <charseq START="305" END="355">the
brother and a son of a Kurdish political leader</charseq>
    </extent>
    <head>
      <charseq START="323" END="325">son</charseq>
    </head>
  </entity_mention>
</entity>
<entity ID="CNN_IP_20030406.1600.03-E69" TYPE="WEA" SUBTYPE="Exploding" CLASS="SPC">
  <entity_mention ID="CNN_IP_20030406.1600.03-E69-99" TYPE="NOM" LDCTYPE="NOM">
    <extent>
      <charseq START="528" END="543">an American bomb</charseq>
    </extent>
    <head>
      <charseq START="540" END="543">bomb</charseq>
    </head>
  </entity_mention>
</entity>
<timex2 ID="CNN_IP_20030406.1600.03-T1">
  <timex2_mention ID="CNN_IP_20030406.1600.03-T1-1">
    <extent>
      <charseq START="514" END="525">This morning</charseq>
    </extent>
  </timex2_mention>
</timex2>
<timex2 ID="CNN_IP_20030406.1600.03-T2">
  <timex2_mention ID="CNN_IP_20030406.1600.03-T2-1">
    <extent>
      <charseq START="1221" END="1225">today</charseq>
    </extent>
  </timex2_mention>
</timex2>
<timex2 ID="CNN_IP_20030406.1600.03-T3">
  <timex2_mention ID="CNN_IP_20030406.1600.03-T3-1">
    <extent>
      <charseq START="1709" END="1711">Now</charseq>
    </extent>
  </timex2_mention>
</timex2>
<timex2 ID="CNN_IP_20030406.1600.03-T4">
  <timex2_mention ID="CNN_IP_20030406.1600.03-T4-1">
    <extent>
      <charseq START="1786" END="1796">All morning</charseq>
    </extent>
  </timex2_mention>
</timex2>
<timex2 ID="CNN_IP_20030406.1600.03-T5">
  <timex2_mention ID="CNN_IP_20030406.1600.03-T5-1">
    <extent>
      <charseq START="231" END="233">now</charseq>
    </extent>
  </timex2_mention>
</timex2>
<timex2 ID="CNN_IP_20030406.1600.03-T6">
  <timex2_mention ID="CNN_IP_20030406.1600.03-T6-1">
    <extent>
      <charseq START="36" END="60">2003-04-06T16:00:00-05:00</charseq>
    </extent>
  </timex2_mention>
</timex2>
<relation ID="CNN_IP_20030406.1600.03-R1" TYPE="GEN-AFF" SUBTYPE="Citizen-Resident-Religion-Ethnicity" TENSE="Unspecified" MODALITY="Asserted">
  <relation_argument REFID="CNN_IP_20030406.1600.03-E53" ROLE="Arg-1"/>
  <relation_argument REFID="CNN_IP_20030406.1600.03-E6" ROLE="Arg-2"/>
  <relation_mention ID="CNN_IP_20030406.1600.03-R1-1" LEXICALCONDITION="PreMod">
    <extent>
      <charseq START="172" END="186">Kurdish leaders</charseq>
    </extent>
    <relation_mention_argument REFID="CNN_IP_20030406.1600.03-E53-68" ROLE="Arg-1">
      <extent>
        <charseq START="172" END="186">Kurdish leaders</charseq>
      </extent>
    </relation_mention_argument>
    <relation_mention_argument REFID="CNN_IP_20030406.1600.03-E6-76" ROLE="Arg-2">
      <extent>
        <charseq START="172" END="178">Kurdish</charseq>
      </extent>
    </relation_mention_argument>
  </relation_mention>
</relation>
<relation ID="CNN_IP_20030406.1600.03-R2" TYPE="PER-SOC" SUBTYPE="Family" TENSE="Unspecified" MODALITY="Asserted">
  <relation_argument REFID="CNN_IP_20030406.1600.03-E13" ROLE="Arg-1"/>
  <relation_argument REFID="CNN_IP_20030406.1600.03-E14" ROLE="Arg-2"/>
  <relation_mention ID="CNN_IP_20030406.1600.03-R2-1" LEXICALCONDITION="Preposition">
    <extent>
      <charseq START="305" END="355">the
brother and a son of a Kurdish political leader</charseq>
    </extent>
    <relation_mention_argument REFID="CNN_IP_20030406.1600.03-E13-92" ROLE="Arg-1">
      <extent>
        <charseq START="305" END="355">the
brother and a son of a Kurdish political leader</charseq>
      </extent>
    </relation_mention_argument>
    <relation_mention_argument REFID="CNN_IP_20030406.1600.03-E14-94" ROLE="Arg-2">
      <extent>
        <charseq START="330" END="355">a Kurdish political leader</charseq>
      </extent>
    </relation_mention_argument>
  </relation_mention>
  <relation_mention ID="CNN_IP_20030406.1600.03-R2-2" LEXICALCONDITION="Preposition">
    <extent>
      <charseq START="867" END="893">the brother of their leader</charseq>
    </extent>
    <relation_mention_argument REFID="CNN_IP_20030406.1600.03-E13-18" ROLE="Arg-1">
      <extent>
        <charseq START="867" END="893">the brother of their leader</charseq>
      </extent>
    </relation_mention_argument>
    <relation_mention_argument REFID="CNN_IP_20030406.1600.03-E14-19" ROLE="Arg-2">
      <extent>
        <charseq START="882" END="893">their leader</charseq>
      </extent>
    </relation_mention_argument>
  </relation_mention>
</relation>
<relation ID="CNN_IP_20030406.1600.03-R3" TYPE="PER-SOC" SUBTYPE="Family" TENSE="Unspecified" MODALITY="Asserted">
  <relation_argument REFID="CNN_IP_20030406.1600.03-E64" ROLE="Arg-1"/>
  <relation_argument REFID="CNN_IP_20030406.1600.03-E14" ROLE="Arg-2"/>
  <relation_mention ID="CNN_IP_20030406.1600.03-R3-1" LEXICALCONDITION="Preposition">
    <extent>
      <charseq START="305" END="355">the
brother and a son of a Kurdish political leader</charseq>
    </extent>
    <relation_mention_argument REFID="CNN_IP_20030406.1600.03-E64-93" ROLE="Arg-1">
      <extent>
        <charseq START="305" END="355">the
brother and a son of a Kurdish political leader</charseq>
      </extent>
    </relation_mention_argument>
    <relation_mention_argument REFID="CNN_IP_20030406.1600.03-E14-94" ROLE="Arg-2">
      <extent>
        <charseq START="330" END="355">a Kurdish political leader</charseq>
      </extent>
    </relation_mention_argument>
  </relation_mention>
</relation>
<relation ID="CNN_IP_20030406.1600.03-R4" TYPE="GEN-AFF" SUBTYPE="Citizen-Resident-Religion-Ethnicity" TENSE="Unspecified" MODALITY="Asserted">
  <relation_argument REFID="CNN_IP_20030406.1600.03-E14" ROLE="Arg-1"/>
  <relation_argument REFID="CNN_IP_20030406.1600.03-E6" ROLE="Arg-2"/>
  <relation_mention ID="CNN_IP_20030406.1600.03-R4-1" LEXICALCONDITION="PreMod">
    <extent>
      <charseq START="330" END="355">a Kurdish political leader</charseq>
    </extent>
    <relation_mention_argument REFID="CNN_IP_20030406.1600.03-E14-94" ROLE="Arg-1">
      <extent>
        <charseq START="330" END="355">a Kurdish political leader</charseq>
      </extent>
    </relation_mention_argument>
    <relation_mention_argument REFID="CNN_IP_20030406.1600.03-E6-95" ROLE="Arg-2">
      <extent>
        <charseq START="332" END="338">Kurdish</charseq>
      </extent>
    </relation_mention_argument>
  </relation_mention>
</relation>
<relation ID="CNN_IP_20030406.1600.03-R5" TYPE="ORG-AFF" SUBTYPE="Employment" TENSE="Unspecified" MODALITY="Asserted">
  <relation_argument REFID="CNN_IP_20030406.1600.03-E57" ROLE="Arg-1"/>
  <relation_argument REFID="CNN_IP_20030406.1600.03-E58" ROLE="Arg-2"/>
  <relation_mention ID="CNN_IP_20030406.1600.03-R5-1" LEXICALCONDITION="Preposition">
    <extent>
      <charseq START="358" END="377">Julian Manyon of ITN</charseq>
    </extent>
    <relation_mention_argument REFID="CNN_IP_20030406.1600.03-E57-96" ROLE="Arg-1">
      <extent>
        <charseq START="358" END="377">Julian Manyon of ITN</charseq>
      </extent>
    </relation_mention_argument>
    <relation_mention_argument REFID="CNN_IP_20030406.1600.03-E58-97" ROLE="Arg-2">
      <extent>
        <charseq START="375" END="377">ITN</charseq>
      </extent>
    </relation_mention_argument>
  </relation_mention>
  <relation_mention ID="CNN_IP_20030406.1600.03-R5-2" LEXICALCONDITION="PreMod">
    <extent>
      <charseq START="444" END="460">ITN CORRESPONDENT</charseq>
    </extent>
    <relation_mention_argument REFID="CNN_IP_20030406.1600.03-E57-81" ROLE="Arg-1">
      <extent>
        <charseq START="444" END="460">ITN CORRESPONDENT</charseq>
      </extent>
    </relation_mention_argument>
    <relation_mention_argument REFID="CNN_IP_20030406.1600.03-E58-83" ROLE="Arg-2">
      <extent>
        <charseq START="444" END="446">ITN</charseq>
      </extent>
    </relation_mention_argument>
  </relation_mention>
</relation>
<relation ID="CNN_IP_20030406.1600.03-R6" TYPE="PHYS" SUBTYPE="Located" TENSE="Unspecified" MODALITY="Asserted">
  <relation_argument REFID="CNN_IP_20030406.1600.03-E57" ROLE="Arg-1"/>
  <relation_argument REFID="CNN_IP_20030406.1600.03-E24" ROLE="Arg-2"/>
  <relation_mention ID="CNN_IP_20030406.1600.03-R6-1" LEXICALCONDITION="Other">
    <extent>
      <charseq START="358" END="405">Julian Manyon of ITN has
more from Northern Iraq</charseq>
    </extent>
    <relation_mention_argument REFID="CNN_IP_20030406.1600.03-E57-96" ROLE="Arg-1">
      <extent>
        <charseq START="358" END="377">Julian Manyon of ITN</charseq>
      </extent>
    </relation_mention_argument>
    <relation_mention_argument REFID="CNN_IP_20030406.1600.03-E24-98" ROLE="Arg-2">
      <extent>
        <charseq START="393" END="405">Northern Iraq</charseq>
      </extent>
    </relation_mention_argument>
  </relation_mention>
</relation>
<relation ID="CNN_IP_20030406.1600.03-R7" TYPE="ART" SUBTYPE="User-Owner-Inventor-Manufacturer" TENSE="Unspecified" MODALITY="Asserted">
  <relation_argument REFID="CNN_IP_20030406.1600.03-E17" ROLE="Arg-1"/>
  <relation_argument REFID="CNN_IP_20030406.1600.03-E69" ROLE="Arg-2"/>
  <relation_mention ID="CNN_IP_20030406.1600.03-R7-1" LEXICALCONDITION="PreMod">
    <extent>
      <charseq START="528" END="543">an American bomb</charseq>
    </extent>
    <relation_mention_argument REFID="CNN_IP_20030406.1600.03-E17-100" ROLE="Arg-1">
      <extent>
        <charseq START="531" END="538">American</charseq>
      </extent>
    </relation_mention_argument>
    <relation_mention_argument REFID="CNN_IP_20030406.1600.03-E69-99" ROLE="Arg-2">
      <extent>
        <charseq START="528" END="543">an American bomb</charseq>
      </extent>
    </relation_mention_argument>
  </relation_mention>
</relation>
<relation ID="CNN_IP_20030406.1600.03-R8" TYPE="ORG-AFF" SUBTYPE="Employment" TENSE="Unspecified" MODALITY="Asserted">
  <relation_argument REFID="CNN_IP_20030406.1600.03-E1" ROLE="Arg-1"/>
  <relation_argument REFID="CNN_IP_20030406.1600.03-E3" ROLE="Arg-2"/>
  <relation_mention ID="CNN_IP_20030406.1600.03-R8-1" LEXICALCONDITION="Preposition">
    <extent>
      <charseq START="573" END="690">high officials of the Kurdish Peshmerga
forces, which have been fighting alongside the Americans on the northern
front</charseq>
    </extent>
    <relation_mention_argument REFID="CNN_IP_20030406.1600.03-E1-2" ROLE="Arg-1">
      <extent>
        <charseq START="573" END="690">high officials of the Kurdish Peshmerga
forces, which have been fighting alongside the Americans on the northern
front</charseq>
      </extent>
    </relation_mention_argument>
    <relation_mention_argument REFID="CNN_IP_20030406.1600.03-E3-4" ROLE="Arg-2">
      <extent>
        <charseq START="595" END="611">Kurdish Peshmerga</charseq>
      </extent>
    </relation_mention_argument>
  </relation_mention>
</relation>
<relation ID="CNN_IP_20030406.1600.03-R9" TYPE="GEN-AFF" SUBTYPE="Citizen-Resident-Religion-Ethnicity" TENSE="Unspecified" MODALITY="Asserted">
  <relation_argument REFID="CNN_IP_20030406.1600.03-E5" ROLE="Arg-1"/>
  <relation_argument REFID="CNN_IP_20030406.1600.03-E6" ROLE="Arg-2"/>
  <relation_mention ID="CNN_IP_20030406.1600.03-R9-1" LEXICALCONDITION="PreMod">
    <extent>
      <charseq START="693" END="722">At least 17 Kurdish commanders</charseq>
    </extent>
    <relation_mention_argument REFID="CNN_IP_20030406.1600.03-E5-7" ROLE="Arg-1">
      <extent>
        <charseq START="693" END="722">At least 17 Kurdish commanders</charseq>
      </extent>
    </relation_mention_argument>
    <relation_mention_argument REFID="CNN_IP_20030406.1600.03-E6-8" ROLE="Arg-2">
      <extent>
        <charseq START="705" END="711">Kurdish</charseq>
      </extent>
    </relation_mention_argument>
  </relation_mention>
</relation>
<relation ID="CNN_IP_20030406.1600.03-R10" TYPE="PER-SOC" SUBTYPE="Business" TENSE="Unspecified" MODALITY="Asserted">
  <relation_argument REFID="CNN_IP_20030406.1600.03-E5" ROLE="Arg-1"/>
  <relation_argument REFID="CNN_IP_20030406.1600.03-E7" ROLE="Arg-2"/>
  <relation_mention ID="CNN_IP_20030406.1600.03-R10-1" LEXICALCONDITION="Possessive">
    <extent>
      <charseq START="728" END="739">their guards</charseq>
    </extent>
    <relation_mention_argument REFID="CNN_IP_20030406.1600.03-E5-10" ROLE="Arg-1">
      <extent>
        <charseq START="728" END="732">their</charseq>
      </extent>
    </relation_mention_argument>
    <relation_mention_argument REFID="CNN_IP_20030406.1600.03-E7-9" ROLE="Arg-2">
      <extent>
        <charseq START="728" END="739">their guards</charseq>
      </extent>
    </relation_mention_argument>
  </relation_mention>
</relation>
<relation ID="CNN_IP_20030406.1600.03-R11" TYPE="ORG-AFF" SUBTYPE="Employment" TENSE="Unspecified" MODALITY="Asserted">
  <relation_argument REFID="CNN_IP_20030406.1600.03-E8" ROLE="Arg-1"/>
  <relation_argument REFID="CNN_IP_20030406.1600.03-E9" ROLE="Arg-2"/>
  <relation_mention ID="CNN_IP_20030406.1600.03-R11-1" LEXICALCONDITION="Verbal">
    <extent>
      <charseq START="765" END="798">an interpreter working for the BBC</charseq>
    </extent>
    <relation_mention_argument REFID="CNN_IP_20030406.1600.03-E8-11" ROLE="Arg-1">
      <extent>
        <charseq START="765" END="798">an interpreter working for the BBC</charseq>
      </extent>
    </relation_mention_argument>
    <relation_mention_argument REFID="CNN_IP_20030406.1600.03-E9-12" ROLE="Arg-2">
      <extent>
        <charseq START="792" END="798">the BBC</charseq>
      </extent>
    </relation_mention_argument>
  </relation_mention>
</relation>
<relation ID="CNN_IP_20030406.1600.03-R12" TYPE="ORG-AFF" SUBTYPE="Employment" TENSE="Unspecified" MODALITY="Asserted">
  <relation_argument REFID="CNN_IP_20030406.1600.03-E13" ROLE="Arg-1"/>
  <relation_argument REFID="CNN_IP_20030406.1600.03-E11" ROLE="Arg-2"/>
  <relation_mention ID="CNN_IP_20030406.1600.03-R12-1" LEXICALCONDITION="Preposition">
    <extent>
      <charseq START="828" END="864">The
military chief of the Kurdish KDP</charseq>
    </extent>
    <relation_mention_argument REFID="CNN_IP_20030406.1600.03-E13-15" ROLE="Arg-1">
      <extent>
        <charseq START="828" END="864">The
military chief of the Kurdish KDP</charseq>
      </extent>
    </relation_mention_argument>
    <relation_mention_argument REFID="CNN_IP_20030406.1600.03-E11-16" ROLE="Arg-2">
      <extent>
        <charseq START="850" END="864">the Kurdish KDP</charseq>
      </extent>
    </relation_mention_argument>
  </relation_mention>
</relation>
<relation ID="CNN_IP_20030406.1600.03-R13" TYPE="ORG-AFF" SUBTYPE="Employment" TENSE="Unspecified" MODALITY="Asserted">
  <relation_argument REFID="CNN_IP_20030406.1600.03-E6" ROLE="Arg-1"/>
  <relation_argument REFID="CNN_IP_20030406.1600.03-E11" ROLE="Arg-2"/>
  <relation_mention ID="CNN_IP_20030406.1600.03-R13-1" LEXICALCONDITION="PreMod">
    <extent>
      <charseq START="850" END="864">the Kurdish KDP</charseq>
    </extent>
    <relation_mention_argument REFID="CNN_IP_20030406.1600.03-E6-17" ROLE="Arg-1">
      <extent>
        <charseq START="854" END="860">Kurdish</charseq>
      </extent>
    </relation_mention_argument>
    <relation_mention_argument REFID="CNN_IP_20030406.1600.03-E11-16" ROLE="Arg-2">
      <extent>
        <charseq START="850" END="864">the Kurdish KDP</charseq>
      </extent>
    </relation_mention_argument>
  </relation_mention>
</relation>
<relation ID="CNN_IP_20030406.1600.03-R15" TYPE="ORG-AFF" SUBTYPE="Employment" TENSE="Unspecified" MODALITY="Asserted">
  <relation_argument REFID="CNN_IP_20030406.1600.03-E14" ROLE="Arg-1"/>
  <relation_argument REFID="CNN_IP_20030406.1600.03-E11" ROLE="Arg-2"/>
  <relation_mention ID="CNN_IP_20030406.1600.03-R15-1" LEXICALCONDITION="Possessive">
    <extent>
      <charseq START="882" END="893">their leader</charseq>
    </extent>
    <relation_mention_argument REFID="CNN_IP_20030406.1600.03-E14-19" ROLE="Arg-1">
      <extent>
        <charseq START="882" END="893">their leader</charseq>
      </extent>
    </relation_mention_argument>
    <relation_mention_argument REFID="CNN_IP_20030406.1600.03-E11-21" ROLE="Arg-2">
      <extent>
        <charseq START="882" END="886">their</charseq>
      </extent>
    </relation_mention_argument>
  </relation_mention>
</relation>
<relation ID="CNN_IP_20030406.1600.03-R16" TYPE="PART-WHOLE" SUBTYPE="Subsidiary" TENSE="Unspecified" MODALITY="Asserted">
  <relation_argument REFID="CNN_IP_20030406.1600.03-E16" ROLE="Arg-1"/>
  <relation_argument REFID="CNN_IP_20030406.1600.03-E17" ROLE="Arg-2"/>
  <relation_mention ID="CNN_IP_20030406.1600.03-R16-1" LEXICALCONDITION="PreMod">
    <extent>
      <charseq START="1008" END="1026">U.S. Special Forces</charseq>
    </extent>
    <relation_mention_argument REFID="CNN_IP_20030406.1600.03-E16-23" ROLE="Arg-1">
      <extent>
        <charseq START="1008" END="1026">U.S. Special Forces</charseq>
      </extent>
    </relation_mention_argument>
    <relation_mention_argument REFID="CNN_IP_20030406.1600.03-E17-24" ROLE="Arg-2">
      <extent>
        <charseq START="1008" END="1010">U.S</charseq>
      </extent>
    </relation_mention_argument>
  </relation_mention>
  <relation_mention ID="CNN_IP_20030406.1600.03-R16-2" LEXICALCONDITION="PreMod">
    <extent>
      <charseq START="1437" END="1455">U.S. Special Forces</charseq>
    </extent>
    <relation_mention_argument REFID="CNN_IP_20030406.1600.03-E16-35" ROLE="Arg-1">
      <extent>
        <charseq START="1437" END="1455">U.S. Special Forces</charseq>
      </extent>
    </relation_mention_argument>
    <relation_mention_argument REFID="CNN_IP_20030406.1600.03-E17-36" ROLE="Arg-2">
      <extent>
        <charseq START="1437" END="1439">U.S</charseq>
      </extent>
    </relation_mention_argument>
  </relation_mention>
</relation>
<relation ID="CNN_IP_20030406.1600.03-R17" TYPE="ORG-AFF" SUBTYPE="Employment" TENSE="Unspecified" MODALITY="Asserted">
  <relation_argument REFID="CNN_IP_20030406.1600.03-E15" ROLE="Arg-1"/>
  <relation_argument REFID="CNN_IP_20030406.1600.03-E16" ROLE="Arg-2"/>
  <relation_mention ID="CNN_IP_20030406.1600.03-R17-1" LEXICALCONDITION="PreMod">
    <extent>
      <charseq START="994" END="1033">a few hundred U.S. Special Forces troops</charseq>
    </extent>
    <relation_mention_argument REFID="CNN_IP_20030406.1600.03-E15-22" ROLE="Arg-1">
      <extent>
        <charseq START="994" END="1033">a few hundred U.S. Special Forces troops</charseq>
      </extent>
    </relation_mention_argument>
    <relation_mention_argument REFID="CNN_IP_20030406.1600.03-E16-23" ROLE="Arg-2">
      <extent>
        <charseq START="1008" END="1026">U.S. Special Forces</charseq>
      </extent>
    </relation_mention_argument>
  </relation_mention>
</relation>
<relation ID="CNN_IP_20030406.1600.03-R18" TYPE="ORG-AFF" SUBTYPE="Employment" TENSE="Unspecified" MODALITY="Asserted">
  <relation_argument REFID="CNN_IP_20030406.1600.03-E3" ROLE="Arg-2"/>
  <relation_argument REFID="CNN_IP_20030406.1600.03-E2" ROLE="Arg-1"/>
  <relation_mention ID="CNN_IP_20030406.1600.03-R18-1" LEXICALCONDITION="PreMod">
    <extent>
      <charseq START="1039" END="1083">the
poorly armed Kurdish Peshmerga guerrillas</charseq>
    </extent>
    <relation_mention_argument REFID="CNN_IP_20030406.1600.03-E3-25" ROLE="Arg-2">
      <extent>
        <charseq START="1056" END="1072">Kurdish Peshmerga</charseq>
      </extent>
    </relation_mention_argument>
    <relation_mention_argument REFID="CNN_IP_20030406.1600.03-E2-89" ROLE="Arg-1">
      <extent>
        <charseq START="1039" END="1083">the
poorly armed Kurdish Peshmerga guerrillas</charseq>
      </extent>
    </relation_mention_argument>
  </relation_mention>
</relation>
<relation ID="CNN_IP_20030406.1600.03-R19" TYPE="ART" SUBTYPE="User-Owner-Inventor-Manufacturer" TENSE="Unspecified" MODALITY="Asserted">
  <relation_argument REFID="CNN_IP_20030406.1600.03-E17" ROLE="Arg-1"/>
  <relation_argument REFID="CNN_IP_20030406.1600.03-E22" ROLE="Arg-2"/>
  <relation_mention ID="CNN_IP_20030406.1600.03-R19-1" LEXICALCONDITION="PreMod">
    <extent>
      <charseq START="1306" END="1314">U.S. jets</charseq>
    </extent>
    <relation_mention_argument REFID="CNN_IP_20030406.1600.03-E17-73" ROLE="Arg-1">
      <extent>
        <charseq START="1306" END="1308">U.S</charseq>
      </extent>
    </relation_mention_argument>
    <relation_mention_argument REFID="CNN_IP_20030406.1600.03-E22-29" ROLE="Arg-2">
      <extent>
        <charseq START="1306" END="1314">U.S. jets</charseq>
      </extent>
    </relation_mention_argument>
  </relation_mention>
</relation>
<relation ID="CNN_IP_20030406.1600.03-R20" TYPE="ORG-AFF" SUBTYPE="Employment" TENSE="Unspecified" MODALITY="Asserted">
  <relation_argument REFID="CNN_IP_20030406.1600.03-E26" ROLE="Arg-1"/>
  <relation_argument REFID="CNN_IP_20030406.1600.03-E16" ROLE="Arg-2"/>
  <relation_mention ID="CNN_IP_20030406.1600.03-R20-1" LEXICALCONDITION="PreMod">
    <extent>
      <charseq START="1437" END="1462">U.S. Special Forces troops</charseq>
    </extent>
    <relation_mention_argument REFID="CNN_IP_20030406.1600.03-E26-34" ROLE="Arg-1">
      <extent>
        <charseq START="1437" END="1462">U.S. Special Forces troops</charseq>
      </extent>
    </relation_mention_argument>
    <relation_mention_argument REFID="CNN_IP_20030406.1600.03-E16-35" ROLE="Arg-2">
      <extent>
        <charseq START="1437" END="1455">U.S. Special Forces</charseq>
      </extent>
    </relation_mention_argument>
  </relation_mention>
</relation>
<relation ID="CNN_IP_20030406.1600.03-R22" TYPE="GEN-AFF" SUBTYPE="Citizen-Resident-Religion-Ethnicity" TENSE="Unspecified" MODALITY="Asserted">
  <relation_argument REFID="CNN_IP_20030406.1600.03-E35" ROLE="Arg-1"/>
  <relation_argument REFID="CNN_IP_20030406.1600.03-E6" ROLE="Arg-2"/>
  <relation_mention ID="CNN_IP_20030406.1600.03-R22-1" LEXICALCONDITION="PreMod">
    <extent>
      <charseq START="1468" END="1483">Kurdish fighters</charseq>
    </extent>
    <relation_mention_argument REFID="CNN_IP_20030406.1600.03-E35-85" ROLE="Arg-1">
      <extent>
        <charseq START="1468" END="1483">Kurdish fighters</charseq>
      </extent>
    </relation_mention_argument>
    <relation_mention_argument REFID="CNN_IP_20030406.1600.03-E6-37" ROLE="Arg-2">
      <extent>
        <charseq START="1468" END="1474">Kurdish</charseq>
      </extent>
    </relation_mention_argument>
  </relation_mention>
</relation>
<relation ID="CNN_IP_20030406.1600.03-R23" TYPE="PART-WHOLE" SUBTYPE="Subsidiary" TENSE="Unspecified" MODALITY="Asserted">
  <relation_argument REFID="CNN_IP_20030406.1600.03-E31" ROLE="Arg-1"/>
  <relation_argument REFID="CNN_IP_20030406.1600.03-E20" ROLE="Arg-2"/>
  <relation_mention ID="CNN_IP_20030406.1600.03-R23-1" LEXICALCONDITION="PreMod">
    <extent>
      <charseq START="1542" END="1555">the Iraqi army</charseq>
    </extent>
    <relation_mention_argument REFID="CNN_IP_20030406.1600.03-E31-39" ROLE="Arg-1">
      <extent>
        <charseq START="1542" END="1555">the Iraqi army</charseq>
      </extent>
    </relation_mention_argument>
    <relation_mention_argument REFID="CNN_IP_20030406.1600.03-E20-40" ROLE="Arg-2">
      <extent>
        <charseq START="1546" END="1550">Iraqi</charseq>
      </extent>
    </relation_mention_argument>
  </relation_mention>
</relation>
<relation ID="CNN_IP_20030406.1600.03-R24" TYPE="ORG-AFF" SUBTYPE="Employment" TENSE="Unspecified" MODALITY="Asserted">
  <relation_argument REFID="CNN_IP_20030406.1600.03-E33" ROLE="Arg-1"/>
  <relation_argument REFID="CNN_IP_20030406.1600.03-E17" ROLE="Arg-2"/>
  <relation_mention ID="CNN_IP_20030406.1600.03-R24-1" LEXICALCONDITION="PreMod">
    <extent>
      <charseq START="1582" END="1596">American troops</charseq>
    </extent>
    <relation_mention_argument REFID="CNN_IP_20030406.1600.03-E33-41" ROLE="Arg-1">
      <extent>
        <charseq START="1582" END="1596">American troops</charseq>
      </extent>
    </relation_mention_argument>
    <relation_mention_argument REFID="CNN_IP_20030406.1600.03-E17-42" ROLE="Arg-2">
      <extent>
        <charseq START="1582" END="1589">American</charseq>
      </extent>
    </relation_mention_argument>
  </relation_mention>
</relation>
<relation ID="CNN_IP_20030406.1600.03-R25" TYPE="ART" SUBTYPE="User-Owner-Inventor-Manufacturer" TENSE="Unspecified" MODALITY="Asserted">
  <relation_argument REFID="CNN_IP_20030406.1600.03-E20" ROLE="Arg-1"/>
  <relation_argument REFID="CNN_IP_20030406.1600.03-E37" ROLE="Arg-2"/>
  <relation_mention ID="CNN_IP_20030406.1600.03-R25-1" LEXICALCONDITION="PreMod">
    <extent>
      <charseq START="1739" END="1748">Iraqi guns</charseq>
    </extent>
    <relation_mention_argument REFID="CNN_IP_20030406.1600.03-E20-47" ROLE="Arg-1">
      <extent>
        <charseq START="1739" END="1743">Iraqi</charseq>
      </extent>
    </relation_mention_argument>
    <relation_mention_argument REFID="CNN_IP_20030406.1600.03-E37-46" ROLE="Arg-2">
      <extent>
        <charseq START="1739" END="1748">Iraqi guns</charseq>
      </extent>
    </relation_mention_argument>
  </relation_mention>
</relation>
<relation ID="CNN_IP_20030406.1600.03-R26" TYPE="ORG-AFF" SUBTYPE="Employment" TENSE="Unspecified" MODALITY="Asserted">
  <relation_argument REFID="CNN_IP_20030406.1600.03-E40" ROLE="Arg-1"/>
  <relation_argument REFID="CNN_IP_20030406.1600.03-E20" ROLE="Arg-2"/>
  <relation_mention ID="CNN_IP_20030406.1600.03-R26-1" LEXICALCONDITION="PreMod">
    <extent>
      <charseq START="1886" END="1902">The Iraqi
gunners</charseq>
    </extent>
    <relation_mention_argument REFID="CNN_IP_20030406.1600.03-E40-52" ROLE="Arg-1">
      <extent>
        <charseq START="1886" END="1902">The Iraqi
gunners</charseq>
      </extent>
    </relation_mention_argument>
    <relation_mention_argument REFID="CNN_IP_20030406.1600.03-E20-53" ROLE="Arg-2">
      <extent>
        <charseq START="1890" END="1894">Iraqi</charseq>
      </extent>
    </relation_mention_argument>
  </relation_mention>
</relation>
<relation ID="CNN_IP_20030406.1600.03-R27" TYPE="PHYS" SUBTYPE="Located" TENSE="Past" MODALITY="Asserted">
  <relation_argument REFID="CNN_IP_20030406.1600.03-E21" ROLE="Arg-1"/>
  <relation_argument REFID="CNN_IP_20030406.1600.03-E42" ROLE="Arg-2"/>
  <relation_mention ID="CNN_IP_20030406.1600.03-R27-1" LEXICALCONDITION="Other">
    <extent>
      <charseq START="1886" END="1973">The Iraqi
gunners rapidly found our range, and we took refuge in an abandoned farm
house</charseq>
    </extent>
    <relation_mention_argument REFID="CNN_IP_20030406.1600.03-E21-55" ROLE="Arg-1">
      <extent>
        <charseq START="1933" END="1934">we</charseq>
      </extent>
    </relation_mention_argument>
    <relation_mention_argument REFID="CNN_IP_20030406.1600.03-E42-56" ROLE="Arg-2">
      <extent>
        <charseq START="1951" END="1973">an abandoned farm
house</charseq>
      </extent>
    </relation_mention_argument>
  </relation_mention>
</relation>
<relation ID="CNN_IP_20030406.1600.03-R28" TYPE="ART" SUBTYPE="User-Owner-Inventor-Manufacturer" TENSE="Unspecified" MODALITY="Asserted">
  <relation_argument REFID="CNN_IP_20030406.1600.03-E20" ROLE="Arg-1"/>
  <relation_argument REFID="CNN_IP_20030406.1600.03-E44" ROLE="Arg-2"/>
  <relation_mention ID="CNN_IP_20030406.1600.03-R28-1" LEXICALCONDITION="PreMod">
    <extent>
      <charseq START="2086" END="2105">Iraqi tanks and
guns</charseq>
    </extent>
    <relation_mention_argument REFID="CNN_IP_20030406.1600.03-E20-62" ROLE="Arg-1">
      <extent>
        <charseq START="2086" END="2090">Iraqi</charseq>
      </extent>
    </relation_mention_argument>
    <relation_mention_argument REFID="CNN_IP_20030406.1600.03-E44-60" ROLE="Arg-2">
      <extent>
        <charseq START="2086" END="2105">Iraqi tanks and
guns</charseq>
      </extent>
    </relation_mention_argument>
  </relation_mention>
</relation>
<relation ID="CNN_IP_20030406.1600.03-R29" TYPE="ART" SUBTYPE="User-Owner-Inventor-Manufacturer" TENSE="Unspecified" MODALITY="Asserted">
  <relation_argument REFID="CNN_IP_20030406.1600.03-E20" ROLE="Arg-1"/>
  <relation_argument REFID="CNN_IP_20030406.1600.03-E45" ROLE="Arg-2"/>
  <relation_mention ID="CNN_IP_20030406.1600.03-R29-1" LEXICALCONDITION="PreMod">
    <extent>
      <charseq START="2086" END="2105">Iraqi tanks and
guns</charseq>
    </extent>
    <relation_mention_argument REFID="CNN_IP_20030406.1600.03-E20-62" ROLE="Arg-1">
      <extent>
        <charseq START="2086" END="2090">Iraqi</charseq>
      </extent>
    </relation_mention_argument>
    <relation_mention_argument REFID="CNN_IP_20030406.1600.03-E45-61" ROLE="Arg-2">
      <extent>
        <charseq START="2086" END="2105">Iraqi tanks and
guns</charseq>
      </extent>
    </relation_mention_argument>
  </relation_mention>
</relation>
<relation ID="CNN_IP_20030406.1600.03-R30" TYPE="ORG-AFF" SUBTYPE="Employment" TENSE="Unspecified" MODALITY="Asserted">
  <relation_argument REFID="CNN_IP_20030406.1600.03-E57" ROLE="Arg-1"/>
  <relation_argument REFID="CNN_IP_20030406.1600.03-E48" ROLE="Arg-2"/>
  <relation_mention ID="CNN_IP_20030406.1600.03-R30-1" LEXICALCONDITION="Formulaic">
    <extent>
      <charseq START="2177" END="2199">Julian Manyon, ITV News</charseq>
    </extent>
    <relation_mention_argument REFID="CNN_IP_20030406.1600.03-E57-64" ROLE="Arg-1">
      <extent>
        <charseq START="2177" END="2189">Julian Manyon</charseq>
      </extent>
    </relation_mention_argument>
    <relation_mention_argument REFID="CNN_IP_20030406.1600.03-E48-65" ROLE="Arg-2">
      <extent>
        <charseq START="2192" END="2199">ITV News</charseq>
      </extent>
    </relation_mention_argument>
  </relation_mention>
</relation>
<relation ID="CNN_IP_20030406.1600.03-R32" TYPE="ART" SUBTYPE="User-Owner-Inventor-Manufacturer" TENSE="Unspecified" MODALITY="Asserted">
  <relation_argument REFID="CNN_IP_20030406.1600.03-E26" ROLE="Arg-1"/>
  <relation_argument REFID="CNN_IP_20030406.1600.03-E25" ROLE="Arg-2"/>
  <relation_mention ID="CNN_IP_20030406.1600.03-R32-1" LEXICALCONDITION="Preposition">
    <extent>
      <charseq START="1419" END="1483">another convoy of U.S. Special Forces troops and
Kurdish fighters</charseq>
    </extent>
    <relation_mention_argument REFID="CNN_IP_20030406.1600.03-E26-34" ROLE="Arg-1">
      <extent>
        <charseq START="1437" END="1462">U.S. Special Forces troops</charseq>
      </extent>
    </relation_mention_argument>
    <relation_mention_argument REFID="CNN_IP_20030406.1600.03-E25-33" ROLE="Arg-2">
      <extent>
        <charseq START="1419" END="1483">another convoy of U.S. Special Forces troops and
Kurdish fighters</charseq>
      </extent>
    </relation_mention_argument>
  </relation_mention>
</relation>
<relation ID="CNN_IP_20030406.1600.03-R33" TYPE="ART" SUBTYPE="User-Owner-Inventor-Manufacturer" TENSE="Unspecified" MODALITY="Asserted">
  <relation_argument REFID="CNN_IP_20030406.1600.03-E35" ROLE="Arg-1"/>
  <relation_argument REFID="CNN_IP_20030406.1600.03-E25" ROLE="Arg-2"/>
  <relation_mention ID="CNN_IP_20030406.1600.03-R33-1" LEXICALCONDITION="Preposition">
    <extent>
      <charseq START="1419" END="1483">another convoy of U.S. Special Forces troops and
Kurdish fighters</charseq>
    </extent>
    <relation_mention_argument REFID="CNN_IP_20030406.1600.03-E35-85" ROLE="Arg-1">
      <extent>
        <charseq START="1468" END="1483">Kurdish fighters</charseq>
      </extent>
    </relation_mention_argument>
    <relation_mention_argument REFID="CNN_IP_20030406.1600.03-E25-33" ROLE="Arg-2">
      <extent>
        <charseq START="1419" END="1483">another convoy of U.S. Special Forces troops and
Kurdish fighters</charseq>
      </extent>
    </relation_mention_argument>
  </relation_mention>
</relation>
<relation ID="CNN_IP_20030406.1600.03-R34" TYPE="ART" SUBTYPE="User-Owner-Inventor-Manufacturer" TENSE="Past" MODALITY="Asserted">
  <relation_argument REFID="CNN_IP_20030406.1600.03-E21" ROLE="Arg-1"/>
  <relation_argument REFID="CNN_IP_20030406.1600.03-E43" ROLE="Arg-2"/>
  <relation_mention ID="CNN_IP_20030406.1600.03-R34-1" LEXICALCONDITION="Verbal">
    <extent>
      <charseq START="2029" END="2064">We finally managed to get out by car</charseq>
    </extent>
    <relation_mention_argument REFID="CNN_IP_20030406.1600.03-E21-57" ROLE="Arg-1">
      <extent>
        <charseq START="2029" END="2030">We</charseq>
      </extent>
    </relation_mention_argument>
    <relation_mention_argument REFID="CNN_IP_20030406.1600.03-E43-58" ROLE="Arg-2">
      <extent>
        <charseq START="2062" END="2064">car</charseq>
      </extent>
    </relation_mention_argument>
  </relation_mention>
</relation>
<relation ID="CNN_IP_20030406.1600.03-R35" TYPE="ART" SUBTYPE="User-Owner-Inventor-Manufacturer" TENSE="Past" MODALITY="Asserted">
  <relation_argument REFID="CNN_IP_20030406.1600.03-E1" ROLE="Arg-1"/>
  <relation_argument REFID="CNN_IP_20030406.1600.03-E30" ROLE="Arg-2"/>
  <relation_mention ID="CNN_IP_20030406.1600.03-R35-1" LEXICALCONDITION="Participial">
    <extent>
      <charseq START="555" END="690">a convoy carrying high officials of the Kurdish Peshmerga
forces, which have been fighting alongside the Americans on the northern
front</charseq>
    </extent>
    <relation_mention_argument REFID="CNN_IP_20030406.1600.03-E1-2" ROLE="Arg-1">
      <extent>
        <charseq START="573" END="690">high officials of the Kurdish Peshmerga
forces, which have been fighting alongside the Americans on the northern
front</charseq>
      </extent>
    </relation_mention_argument>
    <relation_mention_argument REFID="CNN_IP_20030406.1600.03-E30-38" ROLE="Arg-2">
      <extent>
        <charseq START="555" END="690">a convoy carrying high officials of the Kurdish Peshmerga
forces, which have been fighting alongside the Americans on the northern
front</charseq>
      </extent>
    </relation_mention_argument>
  </relation_mention>
</relation>
<event ID="CNN_IP_20030406.1600.03-EV1" TYPE="Conflict" SUBTYPE="Attack" MODALITY="Asserted" POLARITY="Positive" GENERICITY="Specific" TENSE="Past">
  <event_argument REFID="CNN_IP_20030406.1600.03-E24" ROLE="Place"/>
  <event_argument REFID="CNN_IP_20030406.1600.03-E53" ROLE="Target"/>
  <event_mention ID="CNN_IP_20030406.1600.03-EV1-1">
    <extent>
      <charseq START="113" END="186">fire incident in northern Iraq is taking more of a
toll on Kurdish leaders</charseq>
    </extent>
    <ldc_scope>
      <charseq START="92" END="208">An apparent friendly fire incident in northern Iraq is taking more of a
toll on Kurdish leaders than we knew at first</charseq>
    </ldc_scope>
    <anchor>
      <charseq START="113" END="116">fire</charseq>
    </anchor>
    <event_mention_argument REFID="CNN_IP_20030406.1600.03-E24-1" ROLE="Place">
      <extent>
        <charseq START="130" END="142">northern Iraq</charseq>
      </extent>
    </event_mention_argument>
    <event_mention_argument REFID="CNN_IP_20030406.1600.03-E53-68" ROLE="Target">
      <extent>
        <charseq START="172" END="186">Kurdish leaders</charseq>
      </extent>
    </event_mention_argument>
  </event_mention>
</event>
<event ID="CNN_IP_20030406.1600.03-EV2" TYPE="Life" SUBTYPE="Die" MODALITY="Asserted" POLARITY="Positive" GENERICITY="Specific" TENSE="Past">
  <event_argument REFID="CNN_IP_20030406.1600.03-E61" ROLE="Victim"/>
  <event_mention ID="CNN_IP_20030406.1600.03-EV2-1">
    <extent>
      <charseq START="211" END="247">Eighteen people are now
reported dead</charseq>
    </extent>
    <ldc_scope>
      <charseq START="211" END="247">Eighteen people are now
reported dead</charseq>
    </ldc_scope>
    <anchor>
      <charseq START="244" END="247">dead</charseq>
    </anchor>
    <event_mention_argument REFID="CNN_IP_20030406.1600.03-E61-90" ROLE="Victim">
      <extent>
        <charseq START="211" END="225">Eighteen people</charseq>
      </extent>
    </event_mention_argument>
  </event_mention>
</event>
<event ID="CNN_IP_20030406.1600.03-EV3" TYPE="Conflict" SUBTYPE="Attack" MODALITY="Asserted" POLARITY="Positive" GENERICITY="Specific" TENSE="Past">
  <event_mention ID="CNN_IP_20030406.1600.03-EV3-1">
    <extent>
      <charseq START="499" END="502">fire</charseq>
    </extent>
    <ldc_scope>
      <charseq START="476" END="511">It is another friendly fire disaster</charseq>
    </ldc_scope>
    <anchor>
      <charseq START="499" END="502">fire</charseq>
    </anchor>
  </event_mention>
</event>
<event ID="CNN_IP_20030406.1600.03-EV4" TYPE="Conflict" SUBTYPE="Attack" MODALITY="Asserted" POLARITY="Positive" GENERICITY="Specific" TENSE="Past">
  <event_argument REFID="CNN_IP_20030406.1600.03-E30" ROLE="Target"/>
  <event_argument REFID="CNN_IP_20030406.1600.03-E69" ROLE="Instrument"/>
  <event_argument REFID="CNN_IP_20030406.1600.03-T1" ROLE="Time-Within"/>
  <event_mention ID="CNN_IP_20030406.1600.03-EV4-1">
    <extent>
      <charseq START="514" END="690">This morning, an American bomb
destroyed a convoy carrying high officials of the Kurdish Peshmerga
forces, which have been fighting alongside the Americans on the northern
front</charseq>
    </extent>
    <ldc_scope>
      <charseq START="514" END="690">This morning, an American bomb
destroyed a convoy carrying high officials of the Kurdish Peshmerga
forces, which have been fighting alongside the Americans on the northern
front</charseq>
    </ldc_scope>
    <anchor>
      <charseq START="545" END="553">destroyed</charseq>
    </anchor>
    <event_mention_argument REFID="CNN_IP_20030406.1600.03-E30-38" ROLE="Target">
      <extent>
        <charseq START="555" END="690">a convoy carrying high officials of the Kurdish Peshmerga
forces, which have been fighting alongside the Americans on the northern
front</charseq>
      </extent>
    </event_mention_argument>
    <event_mention_argument REFID="CNN_IP_20030406.1600.03-E69-99" ROLE="Instrument">
      <extent>
        <charseq START="528" END="543">an American bomb</charseq>
      </extent>
    </event_mention_argument>
    <event_mention_argument REFID="CNN_IP_20030406.1600.03-T1-1" ROLE="Time-Within">
      <extent>
        <charseq START="514" END="525">This morning</charseq>
      </extent>
    </event_mention_argument>
  </event_mention>
</event>
<event ID="CNN_IP_20030406.1600.03-EV5" TYPE="Conflict" SUBTYPE="Attack" MODALITY="Asserted" POLARITY="Positive" GENERICITY="Specific" TENSE="Unspecified">
  <event_argument REFID="CNN_IP_20030406.1600.03-E2" ROLE="Attacker"/>
  <event_argument REFID="CNN_IP_20030406.1600.03-E4" ROLE="Attacker"/>
  <event_mention ID="CNN_IP_20030406.1600.03-EV5-1">
    <extent>
      <charseq START="621" END="668">which have been fighting alongside the Americans</charseq>
    </extent>
    <ldc_scope>
      <charseq START="514" END="690">This morning, an American bomb
destroyed a convoy carrying high officials of the Kurdish Peshmerga
forces, which have been fighting alongside the Americans on the northern
front</charseq>
    </ldc_scope>
    <anchor>
      <charseq START="637" END="644">fighting</charseq>
    </anchor>
    <event_mention_argument REFID="CNN_IP_20030406.1600.03-E2-5" ROLE="Attacker">
      <extent>
        <charseq START="621" END="625">which</charseq>
      </extent>
    </event_mention_argument>
    <event_mention_argument REFID="CNN_IP_20030406.1600.03-E4-6" ROLE="Attacker">
      <extent>
        <charseq START="656" END="668">the Americans</charseq>
      </extent>
    </event_mention_argument>
  </event_mention>
</event>
<event ID="CNN_IP_20030406.1600.03-EV6" TYPE="Life" SUBTYPE="Die" MODALITY="Asserted" POLARITY="Positive" GENERICITY="Specific" TENSE="Past">
  <event_argument REFID="CNN_IP_20030406.1600.03-E5" ROLE="Victim"/>
  <event_argument REFID="CNN_IP_20030406.1600.03-E7" ROLE="Victim"/>
  <event_argument REFID="CNN_IP_20030406.1600.03-E8" ROLE="Victim"/>
  <event_mention ID="CNN_IP_20030406.1600.03-EV6-1">
    <extent>
      <charseq START="693" END="798">At least 17 Kurdish commanders and their guards were killed, along
with an interpreter working for the BBC</charseq>
    </extent>
    <ldc_scope>
      <charseq START="693" END="798">At least 17 Kurdish commanders and their guards were killed, along
with an interpreter working for the BBC</charseq>
    </ldc_scope>
    <anchor>
      <charseq START="746" END="751">killed</charseq>
    </anchor>
    <event_mention_argument REFID="CNN_IP_20030406.1600.03-E5-7" ROLE="Victim">
      <extent>
        <charseq START="693" END="722">At least 17 Kurdish commanders</charseq>
      </extent>
    </event_mention_argument>
    <event_mention_argument REFID="CNN_IP_20030406.1600.03-E7-9" ROLE="Victim">
      <extent>
        <charseq START="728" END="739">their guards</charseq>
      </extent>
    </event_mention_argument>
    <event_mention_argument REFID="CNN_IP_20030406.1600.03-E8-11" ROLE="Victim">
      <extent>
        <charseq START="765" END="798">an interpreter working for the BBC</charseq>
      </extent>
    </event_mention_argument>
  </event_mention>
</event>
<event ID="CNN_IP_20030406.1600.03-EV7" TYPE="Life" SUBTYPE="Injure" MODALITY="Asserted" POLARITY="Positive" GENERICITY="Specific" TENSE="Past">
  <event_argument REFID="CNN_IP_20030406.1600.03-E10" ROLE="Victim"/>
  <event_mention ID="CNN_IP_20030406.1600.03-EV7-1">
    <extent>
      <charseq START="801" END="825">More than 40 were injured</charseq>
    </extent>
    <ldc_scope>
      <charseq START="801" END="825">More than 40 were injured</charseq>
    </ldc_scope>
    <anchor>
      <charseq START="819" END="825">injured</charseq>
    </anchor>
    <event_mention_argument REFID="CNN_IP_20030406.1600.03-E10-13" ROLE="Victim">
      <extent>
        <charseq START="801" END="812">More than 40</charseq>
      </extent>
    </event_mention_argument>
  </event_mention>
</event>
<event ID="CNN_IP_20030406.1600.03-EV8" TYPE="Life" SUBTYPE="Injure" MODALITY="Asserted" POLARITY="Positive" GENERICITY="Specific" TENSE="Past">
  <event_argument REFID="CNN_IP_20030406.1600.03-E13" ROLE="Victim"/>
  <event_mention ID="CNN_IP_20030406.1600.03-EV8-1">
    <extent>
      <charseq START="828" END="932">The
military chief of the Kurdish KDP, the brother of their leader, Massud
Barzani (ph), was gravely hurt</charseq>
    </extent>
    <ldc_scope>
      <charseq START="828" END="932">The
military chief of the Kurdish KDP, the brother of their leader, Massud
Barzani (ph), was gravely hurt</charseq>
    </ldc_scope>
    <anchor>
      <charseq START="929" END="932">hurt</charseq>
    </anchor>
    <event_mention_argument REFID="CNN_IP_20030406.1600.03-E13-15" ROLE="Victim">
      <extent>
        <charseq START="828" END="864">The
military chief of the Kurdish KDP</charseq>
      </extent>
    </event_mention_argument>
  </event_mention>
</event>
<event ID="CNN_IP_20030406.1600.03-EV9" TYPE="Conflict" SUBTYPE="Attack" MODALITY="Other" POLARITY="Positive" GENERICITY="Specific" TENSE="Unspecified">
  <event_argument REFID="CNN_IP_20030406.1600.03-E17" ROLE="Attacker"/>
  <event_argument REFID="CNN_IP_20030406.1600.03-E20" ROLE="Target"/>
  <event_mention ID="CNN_IP_20030406.1600.03-EV9-1">
    <extent>
      <charseq START="1180" END="1204">American bombing of Iraqi</charseq>
    </extent>
    <ldc_scope>
      <charseq START="1130" END="1214">The idea was to open the way with heavy sustained
American bombing of Iraqi positions</charseq>
    </ldc_scope>
    <anchor>
      <charseq START="1189" END="1195">bombing</charseq>
    </anchor>
    <event_mention_argument REFID="CNN_IP_20030406.1600.03-E17-26" ROLE="Attacker">
      <extent>
        <charseq START="1180" END="1187">American</charseq>
      </extent>
    </event_mention_argument>
    <event_mention_argument REFID="CNN_IP_20030406.1600.03-E20-27" ROLE="Target">
      <extent>
        <charseq START="1200" END="1204">Iraqi</charseq>
      </extent>
    </event_mention_argument>
  </event_mention>
</event>
<event ID="CNN_IP_20030406.1600.03-EV10" TYPE="Conflict" SUBTYPE="Attack" MODALITY="Asserted" POLARITY="Positive" GENERICITY="Specific" TENSE="Past">
  <event_argument REFID="CNN_IP_20030406.1600.03-E22" ROLE="Instrument"/>
  <event_argument REFID="CNN_IP_20030406.1600.03-E23" ROLE="Instrument"/>
  <event_mention ID="CNN_IP_20030406.1600.03-EV10-1">
    <extent>
      <charseq START="1306" END="1346">U.S. jets were still
dropping their bombs</charseq>
    </extent>
    <ldc_scope>
      <charseq START="1274" END="1353">Even as we filmed the wreckage, U.S. jets were still
dropping their bombs nearby</charseq>
    </ldc_scope>
    <anchor>
      <charseq START="1327" END="1334">dropping</charseq>
    </anchor>
    <event_mention_argument REFID="CNN_IP_20030406.1600.03-E22-29" ROLE="Instrument">
      <extent>
        <charseq START="1306" END="1314">U.S. jets</charseq>
      </extent>
    </event_mention_argument>
    <event_mention_argument REFID="CNN_IP_20030406.1600.03-E23-30" ROLE="Instrument">
      <extent>
        <charseq START="1336" END="1346">their bombs</charseq>
      </extent>
    </event_mention_argument>
  </event_mention>
</event>
<event ID="CNN_IP_20030406.1600.03-EV11" TYPE="Conflict" SUBTYPE="Attack" MODALITY="Asserted" POLARITY="Positive" GENERICITY="Specific" TENSE="Past">
  <event_mention ID="CNN_IP_20030406.1600.03-EV11-1">
    <extent>
      <charseq START="1362" END="1371">explosions</charseq>
    </extent>
    <ldc_scope>
      <charseq START="1356" END="1393">Giant explosions erupted down the road</charseq>
    </ldc_scope>
    <anchor>
      <charseq START="1362" END="1371">explosions</charseq>
    </anchor>
  </event_mention>
</event>
<event ID="CNN_IP_20030406.1600.03-EV12" TYPE="Conflict" SUBTYPE="Attack" MODALITY="Asserted" POLARITY="Positive" GENERICITY="Specific" TENSE="Past">
  <event_argument REFID="CNN_IP_20030406.1600.03-E36" ROLE="Attacker"/>
  <event_mention ID="CNN_IP_20030406.1600.03-EV12-1">
    <extent>
      <charseq START="1674" END="1693">the Iraqis
opened up</charseq>
    </extent>
    <ldc_scope>
      <charseq START="1639" END="1693">Then, as the Kurds advanced again, the Iraqis
opened up</charseq>
    </ldc_scope>
    <anchor>
      <charseq START="1685" END="1693">opened up</charseq>
    </anchor>
    <event_mention_argument REFID="CNN_IP_20030406.1600.03-E36-44" ROLE="Attacker">
      <extent>
        <charseq START="1674" END="1683">the Iraqis</charseq>
      </extent>
    </event_mention_argument>
  </event_mention>
</event>
<event ID="CNN_IP_20030406.1600.03-EV13" TYPE="Conflict" SUBTYPE="Attack" MODALITY="Asserted" POLARITY="Positive" GENERICITY="Specific" TENSE="Present">
  <event_argument REFID="CNN_IP_20030406.1600.03-E20" ROLE="Attacker"/>
  <event_argument REFID="CNN_IP_20030406.1600.03-E21" ROLE="Target"/>
  <event_argument REFID="CNN_IP_20030406.1600.03-E37" ROLE="Instrument"/>
  <event_argument REFID="CNN_IP_20030406.1600.03-T3" ROLE="Time-Within"/>
  <event_mention ID="CNN_IP_20030406.1600.03-EV13-1">
    <extent>
      <charseq START="1709" END="1773">Now we're hearing the boom of Iraqi guns as they
fire towards our</charseq>
    </extent>
    <ldc_scope>
      <charseq START="1709" END="1783">Now we're hearing the boom of Iraqi guns as they
fire towards our positions</charseq>
    </ldc_scope>
    <anchor>
      <charseq START="1758" END="1761">fire</charseq>
    </anchor>
    <event_mention_argument REFID="CNN_IP_20030406.1600.03-E20-47" ROLE="Attacker">
      <extent>
        <charseq START="1739" END="1743">Iraqi</charseq>
      </extent>
    </event_mention_argument>
    <event_mention_argument REFID="CNN_IP_20030406.1600.03-E21-49" ROLE="Target">
      <extent>
        <charseq START="1771" END="1773">our</charseq>
      </extent>
    </event_mention_argument>
    <event_mention_argument REFID="CNN_IP_20030406.1600.03-E37-46" ROLE="Instrument">
      <extent>
        <charseq START="1739" END="1748">Iraqi guns</charseq>
      </extent>
    </event_mention_argument>
    <event_mention_argument REFID="CNN_IP_20030406.1600.03-T3-1" ROLE="Time-Within">
      <extent>
        <charseq START="1709" END="1711">Now</charseq>
      </extent>
    </event_mention_argument>
  </event_mention>
</event>
<event ID="CNN_IP_20030406.1600.03-EV14" TYPE="Conflict" SUBTYPE="Attack" MODALITY="Asserted" POLARITY="Positive" GENERICITY="Specific" TENSE="Present">
  <event_argument REFID="CNN_IP_20030406.1600.03-E39" ROLE="Instrument"/>
  <event_mention ID="CNN_IP_20030406.1600.03-EV14-1">
    <extent>
      <charseq START="1851" END="1869">the shell going off</charseq>
    </extent>
    <ldc_scope>
      <charseq START="1786" END="1869">All morning, the Kurds have been trying to
advance, and that was the shell going off</charseq>
    </ldc_scope>
    <anchor>
      <charseq START="1861" END="1869">going off</charseq>
    </anchor>
    <event_mention_argument REFID="CNN_IP_20030406.1600.03-E39-51" ROLE="Instrument">
      <extent>
        <charseq START="1851" END="1859">the shell</charseq>
      </extent>
    </event_mention_argument>
  </event_mention>
</event>
<event ID="CNN_IP_20030406.1600.03-EV15" TYPE="Conflict" SUBTYPE="Attack" MODALITY="Asserted" POLARITY="Positive" GENERICITY="Specific" TENSE="Present">
  <event_argument REFID="CNN_IP_20030406.1600.03-E20" ROLE="Attacker"/>
  <event_argument REFID="CNN_IP_20030406.1600.03-E24" ROLE="Place"/>
  <event_argument REFID="CNN_IP_20030406.1600.03-E44" ROLE="Instrument"/>
  <event_argument REFID="CNN_IP_20030406.1600.03-E45" ROLE="Instrument"/>
  <event_mention ID="CNN_IP_20030406.1600.03-EV15-1">
    <extent>
      <charseq START="2067" END="2122">Here in the north, Iraqi tanks and
guns are still firing</charseq>
    </extent>
    <ldc_scope>
      <charseq START="2067" END="2174">Here in the north, Iraqi tanks and
guns are still firing, and the American effort is looking a little
ragged</charseq>
    </ldc_scope>
    <anchor>
      <charseq START="2117" END="2122">firing</charseq>
    </anchor>
    <event_mention_argument REFID="CNN_IP_20030406.1600.03-E20-62" ROLE="Attacker">
      <extent>
        <charseq START="2086" END="2090">Iraqi</charseq>
      </extent>
    </event_mention_argument>
    <event_mention_argument REFID="CNN_IP_20030406.1600.03-E24-87" ROLE="Place">
      <extent>
        <charseq START="2067" END="2083">Here in the north</charseq>
      </extent>
    </event_mention_argument>
    <event_mention_argument REFID="CNN_IP_20030406.1600.03-E44-60" ROLE="Instrument">
      <extent>
        <charseq START="2086" END="2105">Iraqi tanks and
guns</charseq>
      </extent>
    </event_mention_argument>
    <event_mention_argument REFID="CNN_IP_20030406.1600.03-E45-61" ROLE="Instrument">
      <extent>
        <charseq START="2086" END="2105">Iraqi tanks and
guns</charseq>
      </extent>
    </event_mention_argument>
  </event_mention>
</event>
<event ID="CNN_IP_20030406.1600.03-EV16" TYPE="Conflict" SUBTYPE="Attack" MODALITY="Asserted" POLARITY="Positive" GENERICITY="Specific" TENSE="Past">
  <event_argument REFID="CNN_IP_20030406.1600.03-E17" ROLE="Attacker"/>
  <event_argument REFID="CNN_IP_20030406.1600.03-E23" ROLE="Instrument"/>
  <event_mention ID="CNN_IP_20030406.1600.03-EV16-1">
    <extent>
      <charseq START="1306" END="1346">U.S. jets were still
dropping their bombs</charseq>
    </extent>
    <ldc_scope>
      <charseq START="1274" END="1353">Even as we filmed the wreckage, U.S. jets were still
dropping their bombs nearby</charseq>
    </ldc_scope>
    <anchor>
      <charseq START="1327" END="1334">dropping</charseq>
    </anchor>
    <event_mention_argument REFID="CNN_IP_20030406.1600.03-E17-73" ROLE="Attacker">
      <extent>
        <charseq START="1306" END="1308">U.S</charseq>
      </extent>
    </event_mention_argument>
    <event_mention_argument REFID="CNN_IP_20030406.1600.03-E23-30" ROLE="Instrument">
      <extent>
        <charseq START="1336" END="1346">their bombs</charseq>
      </extent>
    </event_mention_argument>
  </event_mention>
</event>
</document>
</source_file>
