<?xml version="1.0"?>
<!DOCTYPE source_file SYSTEM "apf.v5.1.1.dtd">
<source_file URI="CNN_CF_20030303.1900.06-2.sgm" SOURCE="broadcast conversation" TYPE="text" AUTHOR="LDC" ENCODING="UTF-8">
<document DOCID="CNN_CF_20030303.1900.06-2">
<entity ID="CNN_CF_20030303.1900.06-2-E1" TYPE="PER" SUBTYPE="Group" CLASS="GEN">
  <entity_mention ID="CNN_CF_20030303.1900.06-2-E1-48" TYPE="NOM" LDCTYPE="NOM">
    <extent>
      <charseq START="629" END="638">these guys</charseq>
    </extent>
    <head>
      <charseq START="635" END="638">guys</charseq>
    </head>
  </entity_mention>
</entity>
<entity ID="CNN_CF_20030303.1900.06-2-E2" TYPE="GPE" SUBTYPE="Nation" CLASS="SPC">
  <entity_mention ID="CNN_CF_20030303.1900.06-2-E2-9" TYPE="NAM" LDCTYPE="NAM" ROLE="LOC">
    <extent>
      <charseq START="760" END="767">Pakistan</charseq>
    </extent>
    <head>
      <charseq START="760" END="767">Pakistan</charseq>
    </head>
  </entity_mention>
  <entity_mention ID="CNN_CF_20030303.1900.06-2-E2-11" TYPE="NAM" LDCTYPE="NAM" ROLE="ORG">
    <extent>
      <charseq START="660" END="673">the
Pakistanis</charseq>
    </extent>
    <head>
      <charseq START="664" END="673">Pakistanis</charseq>
    </head>
  </entity_mention>
  <entity_mention ID="CNN_CF_20030303.1900.06-2-E2-13" TYPE="NOM" LDCTYPE="NOM" ROLE="ORG">
    <extent>
      <charseq START="800" END="813">the
government</charseq>
    </extent>
    <head>
      <charseq START="804" END="813">government</charseq>
    </head>
  </entity_mention>
  <entity_attributes>
    <name NAME="Pakistan">
      <charseq START="760" END="767">Pakistan</charseq>
    </name>
    <name NAME="Pakistanis">
      <charseq START="664" END="673">Pakistanis</charseq>
    </name>
  </entity_attributes>
</entity>
<entity ID="CNN_CF_20030303.1900.06-2-E3" TYPE="PER" SUBTYPE="Group" CLASS="USP">
  <entity_mention ID="CNN_CF_20030303.1900.06-2-E3-10" TYPE="NOM" LDCTYPE="NOM">
    <extent>
      <charseq START="725" END="738">200,000
people</charseq>
    </extent>
    <head>
      <charseq START="733" END="738">people</charseq>
    </head>
  </entity_mention>
  <entity_mention ID="CNN_CF_20030303.1900.06-2-E3-12" TYPE="PRO" LDCTYPE="PRO">
    <extent>
      <charseq START="770" END="773">they</charseq>
    </extent>
    <head>
      <charseq START="770" END="773">they</charseq>
    </head>
  </entity_mention>
</entity>
<entity ID="CNN_CF_20030303.1900.06-2-E4" TYPE="GPE" SUBTYPE="Nation" CLASS="SPC">
  <entity_mention ID="CNN_CF_20030303.1900.06-2-E4-14" TYPE="NOM" LDCTYPE="NOM" ROLE="ORG">
    <extent>
      <charseq START="842" END="858">those governments</charseq>
    </extent>
    <head>
      <charseq START="848" END="858">governments</charseq>
    </head>
  </entity_mention>
  <entity_mention ID="CNN_CF_20030303.1900.06-2-E4-18" TYPE="PRO" LDCTYPE="PRO" ROLE="ORG">
    <extent>
      <charseq START="886" END="889">they</charseq>
    </extent>
    <head>
      <charseq START="886" END="889">they</charseq>
    </head>
  </entity_mention>
</entity>
<entity ID="CNN_CF_20030303.1900.06-2-E5" TYPE="PER" SUBTYPE="Indeterminate" CLASS="USP">
  <entity_mention ID="CNN_CF_20030303.1900.06-2-E5-20" TYPE="PRO" LDCTYPE="PRO">
    <extent>
      <charseq START="984" END="986">You</charseq>
    </extent>
    <head>
      <charseq START="984" END="986">You</charseq>
    </head>
  </entity_mention>
</entity>
<entity ID="CNN_CF_20030303.1900.06-2-E6" TYPE="ORG" SUBTYPE="Non-Governmental" CLASS="SPC">
  <entity_mention ID="CNN_CF_20030303.1900.06-2-E6-21" TYPE="NAM" LDCTYPE="NAM">
    <extent>
      <charseq START="1007" END="1019">the Democrats</charseq>
    </extent>
    <head>
      <charseq START="1011" END="1019">Democrats</charseq>
    </head>
  </entity_mention>
  <entity_mention ID="CNN_CF_20030303.1900.06-2-E6-22" TYPE="PRO" LDCTYPE="PRO">
    <extent>
      <charseq START="1068" END="1070">you</charseq>
    </extent>
    <head>
      <charseq START="1068" END="1070">you</charseq>
    </head>
  </entity_mention>
  <entity_attributes>
    <name NAME="Democrats">
      <charseq START="1011" END="1019">Democrats</charseq>
    </name>
  </entity_attributes>
</entity>
<entity ID="CNN_CF_20030303.1900.06-2-E7" TYPE="PER" SUBTYPE="Individual" CLASS="SPC">
  <entity_mention ID="CNN_CF_20030303.1900.06-2-E7-24" TYPE="NOM" LDCTYPE="NOM">
    <extent>
      <charseq START="1124" END="1185">a president who is going to screw up our war
against terrorism</charseq>
    </extent>
    <head>
      <charseq START="1126" END="1134">president</charseq>
    </head>
  </entity_mention>
  <entity_mention ID="CNN_CF_20030303.1900.06-2-E7-25" TYPE="PRO" LDCTYPE="WHQ">
    <extent>
      <charseq START="1136" END="1138">who</charseq>
    </extent>
    <head>
      <charseq START="1136" END="1138">who</charseq>
    </head>
  </entity_mention>
  <entity_mention ID="CNN_CF_20030303.1900.06-2-E7-30" TYPE="PRO" LDCTYPE="PRO">
    <extent>
      <charseq START="1211" END="1213">his</charseq>
    </extent>
    <head>
      <charseq START="1211" END="1213">his</charseq>
    </head>
  </entity_mention>
</entity>
<entity ID="CNN_CF_20030303.1900.06-2-E8" TYPE="PER" SUBTYPE="Individual" CLASS="SPC">
  <entity_mention ID="CNN_CF_20030303.1900.06-2-E8-31" TYPE="PRO" LDCTYPE="PRO">
    <extent>
      <charseq START="1304" END="1304">I</charseq>
    </extent>
    <head>
      <charseq START="1304" END="1304">I</charseq>
    </head>
  </entity_mention>
  <entity_mention ID="CNN_CF_20030303.1900.06-2-E8-32" TYPE="NAM" LDCTYPE="NAM">
    <extent>
      <charseq START="1308" END="1319">Robert Novak</charseq>
    </extent>
    <head>
      <charseq START="1308" END="1319">Robert Novak</charseq>
    </head>
  </entity_mention>
  <entity_attributes>
    <name NAME="Robert Novak">
      <charseq START="1308" END="1319">Robert Novak</charseq>
    </name>
  </entity_attributes>
</entity>
<entity ID="CNN_CF_20030303.1900.06-2-E9" TYPE="PER" SUBTYPE="Group" CLASS="SPC">
  <entity_mention ID="CNN_CF_20030303.1900.06-2-E9-33" TYPE="PRO" LDCTYPE="PRO">
    <extent>
      <charseq START="1327" END="1328">us</charseq>
    </extent>
    <head>
      <charseq START="1327" END="1328">us</charseq>
    </head>
  </entity_mention>
</entity>
<entity ID="CNN_CF_20030303.1900.06-2-E10" TYPE="PER" SUBTYPE="Group" CLASS="SPC">
  <entity_mention ID="CNN_CF_20030303.1900.06-2-E10-1" TYPE="NOM" LDCTYPE="NOM">
    <extent>
      <charseq START="168" END="179">the audience</charseq>
    </extent>
    <head>
      <charseq START="172" END="179">audience</charseq>
    </head>
  </entity_mention>
</entity>
<entity ID="CNN_CF_20030303.1900.06-2-E11" TYPE="PER" SUBTYPE="Individual" CLASS="SPC">
  <entity_mention ID="CNN_CF_20030303.1900.06-2-E11-34" TYPE="NAM" LDCTYPE="NAM">
    <extent>
      <charseq START="212" END="247">Paul Avalar (ph) from Tempe, Arizona</charseq>
    </extent>
    <head>
      <charseq START="212" END="222">Paul Avalar</charseq>
    </head>
  </entity_mention>
  <entity_mention ID="CNN_CF_20030303.1900.06-2-E11-35" TYPE="PRO" LDCTYPE="PRO">
    <extent>
      <charseq START="208" END="208">I</charseq>
    </extent>
    <head>
      <charseq START="208" END="208">I</charseq>
    </head>
  </entity_mention>
  <entity_mention ID="CNN_CF_20030303.1900.06-2-E11-38" TYPE="PRO" LDCTYPE="PRO">
    <extent>
      <charseq START="250" END="250">I</charseq>
    </extent>
    <head>
      <charseq START="250" END="250">I</charseq>
    </head>
  </entity_mention>
  <entity_attributes>
    <name NAME="Paul Avalar">
      <charseq START="212" END="222">Paul Avalar</charseq>
    </name>
  </entity_attributes>
</entity>
<entity ID="CNN_CF_20030303.1900.06-2-E12" TYPE="GPE" SUBTYPE="Population-Center" CLASS="SPC">
  <entity_mention ID="CNN_CF_20030303.1900.06-2-E12-36" TYPE="NAM" LDCTYPE="NAM" ROLE="LOC">
    <extent>
      <charseq START="234" END="247">Tempe, Arizona</charseq>
    </extent>
    <head>
      <charseq START="234" END="238">Tempe</charseq>
    </head>
  </entity_mention>
  <entity_attributes>
    <name NAME="Tempe">
      <charseq START="234" END="238">Tempe</charseq>
    </name>
  </entity_attributes>
</entity>
<entity ID="CNN_CF_20030303.1900.06-2-E13" TYPE="GPE" SUBTYPE="State-or-Province" CLASS="SPC">
  <entity_mention ID="CNN_CF_20030303.1900.06-2-E13-37" TYPE="NAM" LDCTYPE="NAM" ROLE="LOC">
    <extent>
      <charseq START="241" END="247">Arizona</charseq>
    </extent>
    <head>
      <charseq START="241" END="247">Arizona</charseq>
    </head>
  </entity_mention>
  <entity_attributes>
    <name NAME="Arizona">
      <charseq START="241" END="247">Arizona</charseq>
    </name>
  </entity_attributes>
</entity>
<entity ID="CNN_CF_20030303.1900.06-2-E14" TYPE="PER" SUBTYPE="Individual" CLASS="SPC">
  <entity_mention ID="CNN_CF_20030303.1900.06-2-E14-3" TYPE="PRO" LDCTYPE="PRO">
    <extent>
      <charseq START="648" END="650">him</charseq>
    </extent>
    <head>
      <charseq START="648" END="650">him</charseq>
    </head>
  </entity_mention>
  <entity_mention ID="CNN_CF_20030303.1900.06-2-E14-4" TYPE="PRO" LDCTYPE="PRO">
    <extent>
      <charseq START="679" END="681">him</charseq>
    </extent>
    <head>
      <charseq START="679" END="681">him</charseq>
    </head>
  </entity_mention>
  <entity_mention ID="CNN_CF_20030303.1900.06-2-E14-5" TYPE="PRO" LDCTYPE="PRO">
    <extent>
      <charseq START="698" END="700">him</charseq>
    </extent>
    <head>
      <charseq START="698" END="700">him</charseq>
    </head>
  </entity_mention>
  <entity_mention ID="CNN_CF_20030303.1900.06-2-E14-39" TYPE="NAM" LDCTYPE="NAM">
    <extent>
      <charseq START="278" END="299">Khalid Shaikh Mohammed</charseq>
    </extent>
    <head>
      <charseq START="278" END="299">Khalid Shaikh Mohammed</charseq>
    </head>
  </entity_mention>
  <entity_attributes>
    <name NAME="Khalid Shaikh Mohammed">
      <charseq START="278" END="299">Khalid Shaikh Mohammed</charseq>
    </name>
  </entity_attributes>
</entity>
<entity ID="CNN_CF_20030303.1900.06-2-E15" TYPE="PER" SUBTYPE="Group" CLASS="USP">
  <entity_mention ID="CNN_CF_20030303.1900.06-2-E15-40" TYPE="NOM" LDCTYPE="BAR">
    <extent>
      <charseq START="318" END="323">people</charseq>
    </extent>
    <head>
      <charseq START="318" END="323">people</charseq>
    </head>
  </entity_mention>
</entity>
<entity ID="CNN_CF_20030303.1900.06-2-E16" TYPE="GPE" SUBTYPE="Nation" CLASS="SPC">
  <entity_mention ID="CNN_CF_20030303.1900.06-2-E16-2" TYPE="PRO" LDCTYPE="PRO" ROLE="ORG">
    <extent>
      <charseq START="641" END="642">We</charseq>
    </extent>
    <head>
      <charseq START="641" END="642">We</charseq>
    </head>
  </entity_mention>
  <entity_mention ID="CNN_CF_20030303.1900.06-2-E16-6" TYPE="PRO" LDCTYPE="PRO" ROLE="ORG">
    <extent>
      <charseq START="684" END="685">We</charseq>
    </extent>
    <head>
      <charseq START="684" END="685">We</charseq>
    </head>
  </entity_mention>
  <entity_mention ID="CNN_CF_20030303.1900.06-2-E16-7" TYPE="PRO" LDCTYPE="PRO" ROLE="ORG">
    <extent>
      <charseq START="703" END="704">We</charseq>
    </extent>
    <head>
      <charseq START="703" END="704">We</charseq>
    </head>
  </entity_mention>
  <entity_mention ID="CNN_CF_20030303.1900.06-2-E16-15" TYPE="PRO" LDCTYPE="PRO" ROLE="ORG">
    <extent>
      <charseq START="878" END="879">us</charseq>
    </extent>
    <head>
      <charseq START="878" END="879">us</charseq>
    </head>
  </entity_mention>
  <entity_mention ID="CNN_CF_20030303.1900.06-2-E16-16" TYPE="PRO" LDCTYPE="PRO" ROLE="ORG">
    <extent>
      <charseq START="911" END="912">We</charseq>
    </extent>
    <head>
      <charseq START="911" END="912">We</charseq>
    </head>
  </entity_mention>
  <entity_mention ID="CNN_CF_20030303.1900.06-2-E16-17" TYPE="PRO" LDCTYPE="PRO" ROLE="ORG">
    <extent>
      <charseq START="961" END="962">we</charseq>
    </extent>
    <head>
      <charseq START="961" END="962">we</charseq>
    </head>
  </entity_mention>
  <entity_mention ID="CNN_CF_20030303.1900.06-2-E16-26" TYPE="PRO" LDCTYPE="PRO" ROLE="GPE">
    <extent>
      <charseq START="1161" END="1163">our</charseq>
    </extent>
    <head>
      <charseq START="1161" END="1163">our</charseq>
    </head>
  </entity_mention>
  <entity_mention ID="CNN_CF_20030303.1900.06-2-E16-41" TYPE="NAM" LDCTYPE="NAM" ROLE="GPE">
    <extent>
      <charseq START="345" END="351">the
U.S</charseq>
    </extent>
    <head>
      <charseq START="349" END="351">U.S</charseq>
    </head>
  </entity_mention>
  <entity_mention ID="CNN_CF_20030303.1900.06-2-E16-46" TYPE="PRO" LDCTYPE="PRO" ROLE="GPE">
    <extent>
      <charseq START="605" END="606">we</charseq>
    </extent>
    <head>
      <charseq START="605" END="606">we</charseq>
    </head>
  </entity_mention>
  <entity_attributes>
    <name NAME="U.S">
      <charseq START="349" END="351">U.S</charseq>
    </name>
  </entity_attributes>
</entity>
<entity ID="CNN_CF_20030303.1900.06-2-E17" TYPE="GPE" SUBTYPE="Nation" CLASS="SPC">
  <entity_mention ID="CNN_CF_20030303.1900.06-2-E17-8" TYPE="NAM" LDCTYPE="NAM" ROLE="LOC">
    <extent>
      <charseq START="719" END="722">Iraq</charseq>
    </extent>
    <head>
      <charseq START="719" END="722">Iraq</charseq>
    </head>
  </entity_mention>
  <entity_mention ID="CNN_CF_20030303.1900.06-2-E17-19" TYPE="NAM" LDCTYPE="NAM" ROLE="LOC">
    <extent>
      <charseq START="927" END="930">Iraq</charseq>
    </extent>
    <head>
      <charseq START="927" END="930">Iraq</charseq>
    </head>
  </entity_mention>
  <entity_mention ID="CNN_CF_20030303.1900.06-2-E17-42" TYPE="NAM" LDCTYPE="NAM" ROLE="GPE">
    <extent>
      <charseq START="390" END="393">Iraq</charseq>
    </extent>
    <head>
      <charseq START="390" END="393">Iraq</charseq>
    </head>
  </entity_mention>
  <entity_attributes>
    <name NAME="Iraq">
      <charseq START="719" END="722">Iraq</charseq>
    </name>
    <name NAME="Iraq">
      <charseq START="927" END="930">Iraq</charseq>
    </name>
    <name NAME="Iraq">
      <charseq START="390" END="393">Iraq</charseq>
    </name>
  </entity_attributes>
</entity>
<entity ID="CNN_CF_20030303.1900.06-2-E18" TYPE="ORG" SUBTYPE="Non-Governmental" CLASS="SPC">
  <entity_mention ID="CNN_CF_20030303.1900.06-2-E18-43" TYPE="NAM" LDCTYPE="NAM">
    <extent>
      <charseq START="434" END="441">al Qaeda</charseq>
    </extent>
    <head>
      <charseq START="434" END="441">al Qaeda</charseq>
    </head>
  </entity_mention>
  <entity_attributes>
    <name NAME="al Qaeda">
      <charseq START="434" END="441">al Qaeda</charseq>
    </name>
  </entity_attributes>
</entity>
<entity ID="CNN_CF_20030303.1900.06-2-E19" TYPE="PER" SUBTYPE="Individual" CLASS="SPC">
  <entity_mention ID="CNN_CF_20030303.1900.06-2-E19-23" TYPE="PRO" LDCTYPE="PRO">
    <extent>
      <charseq START="1107" END="1107">I</charseq>
    </extent>
    <head>
      <charseq START="1107" END="1107">I</charseq>
    </head>
  </entity_mention>
  <entity_mention ID="CNN_CF_20030303.1900.06-2-E19-27" TYPE="PRO" LDCTYPE="PRO">
    <extent>
      <charseq START="1192" END="1192">I</charseq>
    </extent>
    <head>
      <charseq START="1192" END="1192">I</charseq>
    </head>
  </entity_mention>
  <entity_mention ID="CNN_CF_20030303.1900.06-2-E19-28" TYPE="PRO" LDCTYPE="PRO">
    <extent>
      <charseq START="1235" END="1235">I</charseq>
    </extent>
    <head>
      <charseq START="1235" END="1235">I</charseq>
    </head>
  </entity_mention>
  <entity_mention ID="CNN_CF_20030303.1900.06-2-E19-29" TYPE="NAM" LDCTYPE="NAM">
    <extent>
      <charseq START="1239" END="1249">Paul Begala</charseq>
    </extent>
    <head>
      <charseq START="1239" END="1249">Paul Begala</charseq>
    </head>
  </entity_mention>
  <entity_mention ID="CNN_CF_20030303.1900.06-2-E19-44" TYPE="PRO" LDCTYPE="PRO">
    <extent>
      <charseq START="507" END="508">He</charseq>
    </extent>
    <head>
      <charseq START="507" END="508">He</charseq>
    </head>
  </entity_mention>
  <entity_attributes>
    <name NAME="Paul Begala">
      <charseq START="1239" END="1249">Paul Begala</charseq>
    </name>
  </entity_attributes>
</entity>
<entity ID="CNN_CF_20030303.1900.06-2-E20" TYPE="PER" SUBTYPE="Individual" CLASS="SPC">
  <entity_mention ID="CNN_CF_20030303.1900.06-2-E20-45" TYPE="NAM" LDCTYPE="NAM">
    <extent>
      <charseq START="545" END="555">Tom Andrews</charseq>
    </extent>
    <head>
      <charseq START="545" END="555">Tom Andrews</charseq>
    </head>
  </entity_mention>
  <entity_attributes>
    <name NAME="Tom Andrews">
      <charseq START="545" END="555">Tom Andrews</charseq>
    </name>
  </entity_attributes>
</entity>
<entity ID="CNN_CF_20030303.1900.06-2-E21" TYPE="GPE" SUBTYPE="Nation" CLASS="USP">
  <entity_mention ID="CNN_CF_20030303.1900.06-2-E21-47" TYPE="NOM" LDCTYPE="BAR" ROLE="GPE">
    <extent>
      <charseq START="613" END="618">allies</charseq>
    </extent>
    <head>
      <charseq START="613" END="618">allies</charseq>
    </head>
  </entity_mention>
</entity>
<timex2 ID="CNN_CF_20030303.1900.06-2-T1">
  <timex2_mention ID="CNN_CF_20030303.1900.06-2-T1-1">
    <extent>
      <charseq START="38" END="62">2003-03-03T19:00:00-05:00</charseq>
    </extent>
  </timex2_mention>
</timex2>
<relation ID="CNN_CF_20030303.1900.06-2-R1" TYPE="GEN-AFF" SUBTYPE="Citizen-Resident-Religion-Ethnicity" TENSE="Unspecified" MODALITY="Asserted">
  <relation_argument REFID="CNN_CF_20030303.1900.06-2-E11" ROLE="Arg-1"/>
  <relation_argument REFID="CNN_CF_20030303.1900.06-2-E12" ROLE="Arg-2"/>
  <relation_mention ID="CNN_CF_20030303.1900.06-2-R1-1" LEXICALCONDITION="Preposition">
    <extent>
      <charseq START="212" END="247">Paul Avalar (ph) from Tempe, Arizona</charseq>
    </extent>
    <relation_mention_argument REFID="CNN_CF_20030303.1900.06-2-E11-34" ROLE="Arg-1">
      <extent>
        <charseq START="212" END="247">Paul Avalar (ph) from Tempe, Arizona</charseq>
      </extent>
    </relation_mention_argument>
    <relation_mention_argument REFID="CNN_CF_20030303.1900.06-2-E12-36" ROLE="Arg-2">
      <extent>
        <charseq START="234" END="247">Tempe, Arizona</charseq>
      </extent>
    </relation_mention_argument>
  </relation_mention>
</relation>
<relation ID="CNN_CF_20030303.1900.06-2-R2" TYPE="PART-WHOLE" SUBTYPE="Geographical" TENSE="Unspecified" MODALITY="Asserted">
  <relation_argument REFID="CNN_CF_20030303.1900.06-2-E12" ROLE="Arg-1"/>
  <relation_argument REFID="CNN_CF_20030303.1900.06-2-E13" ROLE="Arg-2"/>
  <relation_mention ID="CNN_CF_20030303.1900.06-2-R2-1" LEXICALCONDITION="Formulaic">
    <extent>
      <charseq START="234" END="247">Tempe, Arizona</charseq>
    </extent>
    <relation_mention_argument REFID="CNN_CF_20030303.1900.06-2-E12-36" ROLE="Arg-1">
      <extent>
        <charseq START="234" END="247">Tempe, Arizona</charseq>
      </extent>
    </relation_mention_argument>
    <relation_mention_argument REFID="CNN_CF_20030303.1900.06-2-E13-37" ROLE="Arg-2">
      <extent>
        <charseq START="241" END="247">Arizona</charseq>
      </extent>
    </relation_mention_argument>
  </relation_mention>
</relation>
<event ID="CNN_CF_20030303.1900.06-2-EV1" TYPE="Conflict" SUBTYPE="Attack" MODALITY="Other" POLARITY="Positive" GENERICITY="Specific" TENSE="Unspecified">
  <event_argument REFID="CNN_CF_20030303.1900.06-2-E16" ROLE="Attacker"/>
  <event_argument REFID="CNN_CF_20030303.1900.06-2-E17" ROLE="Target"/>
  <event_argument REFID="CNN_CF_20030303.1900.06-2-E17" ROLE="Place"/>
  <event_mention ID="CNN_CF_20030303.1900.06-2-EV1-1">
    <extent>
      <charseq START="345" END="393">the
U.S. can no longer both fight a war with Iraq</charseq>
    </extent>
    <ldc_scope>
      <charseq START="302" END="441">And now how are people going to argue that the
U.S. can no longer both fight a war with Iraq and also fight terrorism,
specifically al Qaeda</charseq>
    </ldc_scope>
    <anchor>
      <charseq START="381" END="383">war</charseq>
    </anchor>
    <event_mention_argument REFID="CNN_CF_20030303.1900.06-2-E16-41" ROLE="Attacker">
      <extent>
        <charseq START="345" END="351">the
U.S</charseq>
      </extent>
    </event_mention_argument>
    <event_mention_argument REFID="CNN_CF_20030303.1900.06-2-E17-42" ROLE="Target">
      <extent>
        <charseq START="390" END="393">Iraq</charseq>
      </extent>
    </event_mention_argument>
  </event_mention>
  <event_mention ID="CNN_CF_20030303.1900.06-2-EV1-2">
    <extent>
      <charseq START="703" END="722">We go to war in Iraq</charseq>
    </extent>
    <ldc_scope>
      <charseq START="703" END="813">We go to war in Iraq, 200,000
people start protesting in Pakistan, they put too much pressure on the
government</charseq>
    </ldc_scope>
    <anchor>
      <charseq START="712" END="714">war</charseq>
    </anchor>
    <event_mention_argument REFID="CNN_CF_20030303.1900.06-2-E16-7" ROLE="Attacker">
      <extent>
        <charseq START="703" END="704">We</charseq>
      </extent>
    </event_mention_argument>
    <event_mention_argument REFID="CNN_CF_20030303.1900.06-2-E17-8" ROLE="Place">
      <extent>
        <charseq START="719" END="722">Iraq</charseq>
      </extent>
    </event_mention_argument>
  </event_mention>
  <event_mention ID="CNN_CF_20030303.1900.06-2-EV1-3">
    <extent>
      <charseq START="911" END="930">We go to war in Iraq</charseq>
    </extent>
    <ldc_scope>
      <charseq START="911" END="969">We go to war in Iraq, it would be the
worst thing we can do</charseq>
    </ldc_scope>
    <anchor>
      <charseq START="920" END="922">war</charseq>
    </anchor>
    <event_mention_argument REFID="CNN_CF_20030303.1900.06-2-E16-16" ROLE="Attacker">
      <extent>
        <charseq START="911" END="912">We</charseq>
      </extent>
    </event_mention_argument>
    <event_mention_argument REFID="CNN_CF_20030303.1900.06-2-E17-19" ROLE="Place">
      <extent>
        <charseq START="927" END="930">Iraq</charseq>
      </extent>
    </event_mention_argument>
  </event_mention>
</event>
<event ID="CNN_CF_20030303.1900.06-2-EV2" TYPE="Conflict" SUBTYPE="Attack" MODALITY="Asserted" POLARITY="Positive" GENERICITY="Generic" TENSE="Unspecified">
  <event_mention ID="CNN_CF_20030303.1900.06-2-EV2-1">
    <extent>
      <charseq START="410" END="418">terrorism</charseq>
    </extent>
    <ldc_scope>
      <charseq START="302" END="441">And now how are people going to argue that the
U.S. can no longer both fight a war with Iraq and also fight terrorism,
specifically al Qaeda</charseq>
    </ldc_scope>
    <anchor>
      <charseq START="410" END="418">terrorism</charseq>
    </anchor>
  </event_mention>
  <event_mention ID="CNN_CF_20030303.1900.06-2-EV2-2">
    <extent>
      <charseq START="1177" END="1185">terrorism</charseq>
    </extent>
    <ldc_scope>
      <charseq START="1102" END="1217">What I can't stand is a president who is going to screw up our war
against terrorism when I thought that was his job</charseq>
    </ldc_scope>
    <anchor>
      <charseq START="1177" END="1185">terrorism</charseq>
    </anchor>
  </event_mention>
</event>
<event ID="CNN_CF_20030303.1900.06-2-EV3" TYPE="Conflict" SUBTYPE="Demonstrate" MODALITY="Other" POLARITY="Positive" GENERICITY="Generic" TENSE="Unspecified">
  <event_argument REFID="CNN_CF_20030303.1900.06-2-E2" ROLE="Place"/>
  <event_argument REFID="CNN_CF_20030303.1900.06-2-E3" ROLE="Entity"/>
  <event_mention ID="CNN_CF_20030303.1900.06-2-EV3-1">
    <extent>
      <charseq START="725" END="767">200,000
people start protesting in Pakistan</charseq>
    </extent>
    <ldc_scope>
      <charseq START="703" END="813">We go to war in Iraq, 200,000
people start protesting in Pakistan, they put too much pressure on the
government</charseq>
    </ldc_scope>
    <anchor>
      <charseq START="746" END="755">protesting</charseq>
    </anchor>
    <event_mention_argument REFID="CNN_CF_20030303.1900.06-2-E2-9" ROLE="Place">
      <extent>
        <charseq START="760" END="767">Pakistan</charseq>
      </extent>
    </event_mention_argument>
    <event_mention_argument REFID="CNN_CF_20030303.1900.06-2-E3-10" ROLE="Entity">
      <extent>
        <charseq START="725" END="738">200,000
people</charseq>
      </extent>
    </event_mention_argument>
  </event_mention>
</event>
</document>
</source_file>
