<?xml version="1.0"?>
<!DOCTYPE source_file SYSTEM "apf.v5.1.1.dtd">
<source_file URI="CNN_IP_20030330.1600.05-2.sgm" SOURCE="broadcast conversation" TYPE="text" AUTHOR="LDC" ENCODING="UTF-8">
<document DOCID="CNN_IP_20030330.1600.05-2">
<entity ID="CNN_IP_20030330.1600.05-2-E1" TYPE="PER" SUBTYPE="Group" CLASS="SPC">
  <entity_mention ID="CNN_IP_20030330.1600.05-2-E1-2" TYPE="NOM" LDCTYPE="NOM" LDCATR="TRUE">
    <extent>
      <charseq START="758" END="769">a crack unit</charseq>
    </extent>
    <head>
      <charseq START="766" END="769">unit</charseq>
    </head>
  </entity_mention>
  <entity_mention ID="CNN_IP_20030330.1600.05-2-E1-3" TYPE="PRO" LDCTYPE="PRO" LDCATR="FALSE">
    <extent>
      <charseq START="772" END="773">It</charseq>
    </extent>
    <head>
      <charseq START="772" END="773">It</charseq>
    </head>
  </entity_mention>
  <entity_mention ID="CNN_IP_20030330.1600.05-2-E1-4" TYPE="NOM" LDCTYPE="NOM" LDCATR="TRUE">
    <extent>
      <charseq START="777" END="807">the tip of the tip of the spear</charseq>
    </extent>
    <head>
      <charseq START="781" END="783">tip</charseq>
    </head>
  </entity_mention>
  <entity_mention ID="CNN_IP_20030330.1600.05-2-E1-90" TYPE="NOM" LDCTYPE="NOM" LDCATR="FALSE">
    <extent>
      <charseq START="3388" END="3414">The U.S.
Army's 7th Cavalry</charseq>
    </extent>
    <head>
      <charseq START="3408" END="3414">Cavalry</charseq>
    </head>
  </entity_mention>
  <entity_mention ID="CNN_IP_20030330.1600.05-2-E1-95" TYPE="PRO" LDCTYPE="PRO" LDCATR="FALSE">
    <extent>
      <charseq START="3471" END="3474">they</charseq>
    </extent>
    <head>
      <charseq START="3471" END="3474">they</charseq>
    </head>
  </entity_mention>
  <entity_mention ID="CNN_IP_20030330.1600.05-2-E1-122" TYPE="NOM" LDCTYPE="NOM" LDCATR="FALSE">
    <extent>
      <charseq START="4411" END="4425">the 7th Cavalry</charseq>
    </extent>
    <head>
      <charseq START="4419" END="4425">Cavalry</charseq>
    </head>
  </entity_mention>
  <entity_mention ID="CNN_IP_20030330.1600.05-2-E1-123" TYPE="NAM" LDCTYPE="NAM" LDCATR="FALSE">
    <extent>
      <charseq START="4634" END="4638">3-7th</charseq>
    </extent>
    <head>
      <charseq START="4634" END="4638">3-7th</charseq>
    </head>
  </entity_mention>
  <entity_mention ID="CNN_IP_20030330.1600.05-2-E1-144" TYPE="NOM" LDCTYPE="NOM" LDCATR="FALSE">
    <extent>
      <charseq START="282" END="322">the U.S. Army's 3rd Squadron,
7th Cavalry</charseq>
    </extent>
    <head>
      <charseq START="316" END="322">Cavalry</charseq>
    </head>
  </entity_mention>
  <entity_mention ID="CNN_IP_20030330.1600.05-2-E1-148" TYPE="NOM" LDCTYPE="NOM" LDCATR="FALSE">
    <extent>
      <charseq START="362" END="402">The U.S. Army's 3rd
Squadron, 7th Cavalry</charseq>
    </extent>
    <head>
      <charseq START="396" END="402">Cavalry</charseq>
    </head>
  </entity_mention>
  <entity_mention ID="CNN_IP_20030330.1600.05-2-E1-157" TYPE="NOM" LDCTYPE="NOM" LDCATR="FALSE">
    <extent>
      <charseq START="617" END="645">the 3rd Squadron, 7th Cavalry</charseq>
    </extent>
    <head>
      <charseq START="639" END="645">Cavalry</charseq>
    </head>
  </entity_mention>
  <entity_mention ID="CNN_IP_20030330.1600.05-2-E1-158" TYPE="PRO" LDCTYPE="HLS" LDCATR="FALSE">
    <extent>
      <charseq START="750" END="753">this</charseq>
    </extent>
    <head>
      <charseq START="750" END="753">this</charseq>
    </head>
  </entity_mention>
  <entity_attributes>
    <name NAME="3-7th">
      <charseq START="4634" END="4638">3-7th</charseq>
    </name>
  </entity_attributes>
</entity>
<entity ID="CNN_IP_20030330.1600.05-2-E3" TYPE="PER" SUBTYPE="Group" CLASS="USP">
  <entity_mention ID="CNN_IP_20030330.1600.05-2-E3-5" TYPE="PRO" LDCTYPE="PRO">
    <extent>
      <charseq START="810" END="811">We</charseq>
    </extent>
    <head>
      <charseq START="810" END="811">We</charseq>
    </head>
  </entity_mention>
</entity>
<entity ID="CNN_IP_20030330.1600.05-2-E4" TYPE="PER" SUBTYPE="Group" CLASS="USP">
  <entity_mention ID="CNN_IP_20030330.1600.05-2-E4-7" TYPE="PRO" LDCTYPE="PRO">
    <extent>
      <charseq START="1002" END="1003">We</charseq>
    </extent>
    <head>
      <charseq START="1002" END="1003">We</charseq>
    </head>
  </entity_mention>
  <entity_mention ID="CNN_IP_20030330.1600.05-2-E4-15" TYPE="PRO" LDCTYPE="PRO">
    <extent>
      <charseq START="1362" END="1363">We</charseq>
    </extent>
    <head>
      <charseq START="1362" END="1363">We</charseq>
    </head>
  </entity_mention>
  <entity_mention ID="CNN_IP_20030330.1600.05-2-E4-16" TYPE="PRO" LDCTYPE="PRO">
    <extent>
      <charseq START="1386" END="1387">We</charseq>
    </extent>
    <head>
      <charseq START="1386" END="1387">We</charseq>
    </head>
  </entity_mention>
  <entity_mention ID="CNN_IP_20030330.1600.05-2-E4-17" TYPE="PRO" LDCTYPE="PRO">
    <extent>
      <charseq START="1413" END="1414">We</charseq>
    </extent>
    <head>
      <charseq START="1413" END="1414">We</charseq>
    </head>
  </entity_mention>
  <entity_mention ID="CNN_IP_20030330.1600.05-2-E4-20" TYPE="PRO" LDCTYPE="PRO">
    <extent>
      <charseq START="1542" END="1543">We</charseq>
    </extent>
    <head>
      <charseq START="1542" END="1543">We</charseq>
    </head>
  </entity_mention>
  <entity_mention ID="CNN_IP_20030330.1600.05-2-E4-21" TYPE="PRO" LDCTYPE="PRO">
    <extent>
      <charseq START="1562" END="1563">we</charseq>
    </extent>
    <head>
      <charseq START="1562" END="1563">we</charseq>
    </head>
  </entity_mention>
  <entity_mention ID="CNN_IP_20030330.1600.05-2-E4-22" TYPE="PRO" LDCTYPE="PRO">
    <extent>
      <charseq START="1588" END="1589">We</charseq>
    </extent>
    <head>
      <charseq START="1588" END="1589">We</charseq>
    </head>
  </entity_mention>
  <entity_mention ID="CNN_IP_20030330.1600.05-2-E4-23" TYPE="PRO" LDCTYPE="PRO">
    <extent>
      <charseq START="1620" END="1621">we</charseq>
    </extent>
    <head>
      <charseq START="1620" END="1621">we</charseq>
    </head>
  </entity_mention>
  <entity_mention ID="CNN_IP_20030330.1600.05-2-E4-24" TYPE="PRO" LDCTYPE="PRO">
    <extent>
      <charseq START="1644" END="1645">We</charseq>
    </extent>
    <head>
      <charseq START="1644" END="1645">We</charseq>
    </head>
  </entity_mention>
  <entity_mention ID="CNN_IP_20030330.1600.05-2-E4-30" TYPE="PRO" LDCTYPE="PRO">
    <extent>
      <charseq START="948" END="949">us</charseq>
    </extent>
    <head>
      <charseq START="948" END="949">us</charseq>
    </head>
  </entity_mention>
</entity>
<entity ID="CNN_IP_20030330.1600.05-2-E5" TYPE="PER" SUBTYPE="Individual" CLASS="SPC">
  <entity_mention ID="CNN_IP_20030330.1600.05-2-E5-8" TYPE="PRO" LDCTYPE="PRO">
    <extent>
      <charseq START="1076" END="1076">I</charseq>
    </extent>
    <head>
      <charseq START="1076" END="1076">I</charseq>
    </head>
  </entity_mention>
</entity>
<entity ID="CNN_IP_20030330.1600.05-2-E6" TYPE="PER" SUBTYPE="Individual" CLASS="SPC">
  <entity_mention ID="CNN_IP_20030330.1600.05-2-E6-9" TYPE="NAM" LDCTYPE="NAM">
    <extent>
      <charseq START="1120" END="1136">Winston Churchill</charseq>
    </extent>
    <head>
      <charseq START="1120" END="1136">Winston Churchill</charseq>
    </head>
  </entity_mention>
  <entity_attributes>
    <name NAME="Winston Churchill">
      <charseq START="1120" END="1136">Winston Churchill</charseq>
    </name>
  </entity_attributes>
</entity>
<entity ID="CNN_IP_20030330.1600.05-2-E7" TYPE="PER" SUBTYPE="Indeterminate" CLASS="USP">
  <entity_mention ID="CNN_IP_20030330.1600.05-2-E7-10" TYPE="PRO" LDCTYPE="PRO">
    <extent>
      <charseq START="1219" END="1221">you</charseq>
    </extent>
    <head>
      <charseq START="1219" END="1221">you</charseq>
    </head>
  </entity_mention>
  <entity_mention ID="CNN_IP_20030330.1600.05-2-E7-11" TYPE="PRO" LDCTYPE="PRO">
    <extent>
      <charseq START="1259" END="1262">your</charseq>
    </extent>
    <head>
      <charseq START="1259" END="1262">your</charseq>
    </head>
  </entity_mention>
</entity>
<entity ID="CNN_IP_20030330.1600.05-2-E8" TYPE="PER" SUBTYPE="Indeterminate" CLASS="GEN">
  <entity_mention ID="CNN_IP_20030330.1600.05-2-E8-12" TYPE="PRO" LDCTYPE="PRO">
    <extent>
      <charseq START="1294" END="1296">you</charseq>
    </extent>
    <head>
      <charseq START="1294" END="1296">you</charseq>
    </head>
  </entity_mention>
</entity>
<entity ID="CNN_IP_20030330.1600.05-2-E9" TYPE="PER" SUBTYPE="Individual" CLASS="GEN">
  <entity_mention ID="CNN_IP_20030330.1600.05-2-E9-13" TYPE="NOM" LDCTYPE="NOM">
    <extent>
      <charseq START="1316" END="1324">a soldier</charseq>
    </extent>
    <head>
      <charseq START="1318" END="1324">soldier</charseq>
    </head>
  </entity_mention>
</entity>
<entity ID="CNN_IP_20030330.1600.05-2-E10" TYPE="PER" SUBTYPE="Individual" CLASS="GEN">
  <entity_mention ID="CNN_IP_20030330.1600.05-2-E10-14" TYPE="NOM" LDCTYPE="NOM">
    <extent>
      <charseq START="1332" END="1350">a war correspondent</charseq>
    </extent>
    <head>
      <charseq START="1338" END="1350">correspondent</charseq>
    </head>
  </entity_mention>
</entity>
<entity ID="CNN_IP_20030330.1600.05-2-E11" TYPE="PER" SUBTYPE="Group" CLASS="USP">
  <entity_mention ID="CNN_IP_20030330.1600.05-2-E11-18" TYPE="PRO" LDCTYPE="PRO">
    <extent>
      <charseq START="1443" END="1444">We</charseq>
    </extent>
    <head>
      <charseq START="1443" END="1444">We</charseq>
    </head>
  </entity_mention>
</entity>
<entity ID="CNN_IP_20030330.1600.05-2-E12" TYPE="PER" SUBTYPE="Group" CLASS="USP">
  <entity_mention ID="CNN_IP_20030330.1600.05-2-E12-19" TYPE="PRO" LDCTYPE="PRO">
    <extent>
      <charseq START="1482" END="1483">we</charseq>
    </extent>
    <head>
      <charseq START="1482" END="1483">we</charseq>
    </head>
  </entity_mention>
</entity>
<entity ID="CNN_IP_20030330.1600.05-2-E13" TYPE="PER" SUBTYPE="Indeterminate" CLASS="USP">
  <entity_mention ID="CNN_IP_20030330.1600.05-2-E13-25" TYPE="PRO" LDCTYPE="PRO">
    <extent>
      <charseq START="1634" END="1636">you</charseq>
    </extent>
    <head>
      <charseq START="1634" END="1636">you</charseq>
    </head>
  </entity_mention>
</entity>
<entity ID="CNN_IP_20030330.1600.05-2-E14" TYPE="PER" SUBTYPE="Group" CLASS="SPC">
  <entity_mention ID="CNN_IP_20030330.1600.05-2-E14-26" TYPE="NOM" LDCTYPE="NOM">
    <extent>
      <charseq START="1754" END="1763">the Iraqis</charseq>
    </extent>
    <head>
      <charseq START="1758" END="1763">Iraqis</charseq>
    </head>
  </entity_mention>
</entity>
<entity ID="CNN_IP_20030330.1600.05-2-E15" TYPE="FAC" SUBTYPE="Path" CLASS="SPC">
  <entity_mention ID="CNN_IP_20030330.1600.05-2-E15-27" TYPE="NOM" LDCTYPE="NOM">
    <extent>
      <charseq START="1787" END="1794">the road</charseq>
    </extent>
    <head>
      <charseq START="1791" END="1794">road</charseq>
    </head>
  </entity_mention>
</entity>
<entity ID="CNN_IP_20030330.1600.05-2-E16" TYPE="PER" SUBTYPE="Individual" CLASS="SPC">
  <entity_mention ID="CNN_IP_20030330.1600.05-2-E16-28" TYPE="PRO" LDCTYPE="PRO">
    <extent>
      <charseq START="1804" END="1804">I</charseq>
    </extent>
    <head>
      <charseq START="1804" END="1804">I</charseq>
    </head>
  </entity_mention>
  <entity_mention ID="CNN_IP_20030330.1600.05-2-E16-55" TYPE="PRO" LDCTYPE="PRO">
    <extent>
      <charseq START="2283" END="2284">my</charseq>
    </extent>
    <head>
      <charseq START="2283" END="2284">my</charseq>
    </head>
  </entity_mention>
  <entity_mention ID="CNN_IP_20030330.1600.05-2-E16-56" TYPE="PRO" LDCTYPE="PRO">
    <extent>
      <charseq START="2414" END="2414">I</charseq>
    </extent>
    <head>
      <charseq START="2414" END="2414">I</charseq>
    </head>
  </entity_mention>
  <entity_mention ID="CNN_IP_20030330.1600.05-2-E16-87" TYPE="PRO" LDCTYPE="PRO">
    <extent>
      <charseq START="3283" END="3284">me</charseq>
    </extent>
    <head>
      <charseq START="3283" END="3284">me</charseq>
    </head>
  </entity_mention>
  <entity_mention ID="CNN_IP_20030330.1600.05-2-E16-99" TYPE="PRO" LDCTYPE="PRO">
    <extent>
      <charseq START="3771" END="3771">I</charseq>
    </extent>
    <head>
      <charseq START="3771" END="3771">I</charseq>
    </head>
  </entity_mention>
  <entity_mention ID="CNN_IP_20030330.1600.05-2-E16-106" TYPE="PRO" LDCTYPE="PRO">
    <extent>
      <charseq START="4083" END="4084">me</charseq>
    </extent>
    <head>
      <charseq START="4083" END="4084">me</charseq>
    </head>
  </entity_mention>
  <entity_mention ID="CNN_IP_20030330.1600.05-2-E16-107" TYPE="PRO" LDCTYPE="PRO">
    <extent>
      <charseq START="4115" END="4116">my</charseq>
    </extent>
    <head>
      <charseq START="4115" END="4116">my</charseq>
    </head>
  </entity_mention>
  <entity_mention ID="CNN_IP_20030330.1600.05-2-E16-114" TYPE="PRO" LDCTYPE="PRO">
    <extent>
      <charseq START="4211" END="4212">my</charseq>
    </extent>
    <head>
      <charseq START="4211" END="4212">my</charseq>
    </head>
  </entity_mention>
  <entity_mention ID="CNN_IP_20030330.1600.05-2-E16-127" TYPE="NAM" LDCTYPE="NAM">
    <extent>
      <charseq START="4610" END="4623">Walter Rodgers</charseq>
    </extent>
    <head>
      <charseq START="4610" END="4623">Walter Rodgers</charseq>
    </head>
  </entity_mention>
  <entity_mention ID="CNN_IP_20030330.1600.05-2-E16-141" TYPE="PRO" LDCTYPE="PRO">
    <extent>
      <charseq START="611" END="612">me</charseq>
    </extent>
    <head>
      <charseq START="611" END="612">me</charseq>
    </head>
  </entity_mention>
  <entity_attributes>
    <name NAME="Walter Rodgers">
      <charseq START="4610" END="4623">Walter Rodgers</charseq>
    </name>
  </entity_attributes>
</entity>
<entity ID="CNN_IP_20030330.1600.05-2-E17" TYPE="PER" SUBTYPE="Group" CLASS="USP">
  <entity_mention ID="CNN_IP_20030330.1600.05-2-E17-29" TYPE="PRO" LDCTYPE="PRO">
    <extent>
      <charseq START="1843" END="1844">we</charseq>
    </extent>
    <head>
      <charseq START="1843" END="1844">we</charseq>
    </head>
  </entity_mention>
</entity>
<entity ID="CNN_IP_20030330.1600.05-2-E18" TYPE="PER" SUBTYPE="Group" CLASS="USP">
  <entity_mention ID="CNN_IP_20030330.1600.05-2-E18-31" TYPE="PRO" LDCTYPE="PRO">
    <extent>
      <charseq START="325" END="326">we</charseq>
    </extent>
    <head>
      <charseq START="325" END="326">we</charseq>
    </head>
  </entity_mention>
  <entity_mention ID="CNN_IP_20030330.1600.05-2-E18-35" TYPE="PRO" LDCTYPE="PRO">
    <extent>
      <charseq START="1906" END="1907">We</charseq>
    </extent>
    <head>
      <charseq START="1906" END="1907">We</charseq>
    </head>
  </entity_mention>
  <entity_mention ID="CNN_IP_20030330.1600.05-2-E18-36" TYPE="PRO" LDCTYPE="PRO">
    <extent>
      <charseq START="1937" END="1938">we</charseq>
    </extent>
    <head>
      <charseq START="1937" END="1938">we</charseq>
    </head>
  </entity_mention>
  <entity_mention ID="CNN_IP_20030330.1600.05-2-E18-42" TYPE="PRO" LDCTYPE="PRO">
    <extent>
      <charseq START="2005" END="2006">we</charseq>
    </extent>
    <head>
      <charseq START="2005" END="2006">we</charseq>
    </head>
  </entity_mention>
  <entity_mention ID="CNN_IP_20030330.1600.05-2-E18-45" TYPE="PRO" LDCTYPE="PRO">
    <extent>
      <charseq START="2104" END="2106">our</charseq>
    </extent>
    <head>
      <charseq START="2104" END="2106">our</charseq>
    </head>
  </entity_mention>
  <entity_mention ID="CNN_IP_20030330.1600.05-2-E18-49" TYPE="PRO" LDCTYPE="PRO">
    <extent>
      <charseq START="2152" END="2153">we</charseq>
    </extent>
    <head>
      <charseq START="2152" END="2153">we</charseq>
    </head>
  </entity_mention>
  <entity_mention ID="CNN_IP_20030330.1600.05-2-E18-52" TYPE="PRO" LDCTYPE="PRO">
    <extent>
      <charseq START="2210" END="2211">we</charseq>
    </extent>
    <head>
      <charseq START="2210" END="2211">we</charseq>
    </head>
  </entity_mention>
  <entity_mention ID="CNN_IP_20030330.1600.05-2-E18-53" TYPE="PRO" LDCTYPE="PRO">
    <extent>
      <charseq START="2226" END="2227">we</charseq>
    </extent>
    <head>
      <charseq START="2226" END="2227">we</charseq>
    </head>
  </entity_mention>
  <entity_mention ID="CNN_IP_20030330.1600.05-2-E18-54" TYPE="PRO" LDCTYPE="PRO">
    <extent>
      <charseq START="2256" END="2257">we</charseq>
    </extent>
    <head>
      <charseq START="2256" END="2257">we</charseq>
    </head>
  </entity_mention>
  <entity_mention ID="CNN_IP_20030330.1600.05-2-E18-60" TYPE="PRO" LDCTYPE="PRO">
    <extent>
      <charseq START="2378" END="2379">we</charseq>
    </extent>
    <head>
      <charseq START="2378" END="2379">we</charseq>
    </head>
  </entity_mention>
  <entity_mention ID="CNN_IP_20030330.1600.05-2-E18-77" TYPE="PRO" LDCTYPE="PRO">
    <extent>
      <charseq START="2923" END="2924">We</charseq>
    </extent>
    <head>
      <charseq START="2923" END="2924">We</charseq>
    </head>
  </entity_mention>
  <entity_mention ID="CNN_IP_20030330.1600.05-2-E18-78" TYPE="PRO" LDCTYPE="PRO">
    <extent>
      <charseq START="2976" END="2977">we</charseq>
    </extent>
    <head>
      <charseq START="2976" END="2977">we</charseq>
    </head>
  </entity_mention>
  <entity_mention ID="CNN_IP_20030330.1600.05-2-E18-89" TYPE="PRO" LDCTYPE="PRO">
    <extent>
      <charseq START="3343" END="3344">We</charseq>
    </extent>
    <head>
      <charseq START="3343" END="3344">We</charseq>
    </head>
  </entity_mention>
  <entity_mention ID="CNN_IP_20030330.1600.05-2-E18-97" TYPE="PRO" LDCTYPE="PRO">
    <extent>
      <charseq START="3711" END="3712">we</charseq>
    </extent>
    <head>
      <charseq START="3711" END="3712">we</charseq>
    </head>
  </entity_mention>
</entity>
<entity ID="CNN_IP_20030330.1600.05-2-E19" TYPE="VEH" SUBTYPE="Land" CLASS="SPC">
  <entity_mention ID="CNN_IP_20030330.1600.05-2-E19-32" TYPE="NOM" LDCTYPE="NOM">
    <extent>
      <charseq START="1852" END="1872">the soft skin vehicle</charseq>
    </extent>
    <head>
      <charseq START="1866" END="1872">vehicle</charseq>
    </head>
  </entity_mention>
</entity>
<entity ID="CNN_IP_20030330.1600.05-2-E20" TYPE="PER" SUBTYPE="Group" CLASS="USP">
  <entity_mention ID="CNN_IP_20030330.1600.05-2-E20-33" TYPE="PRO" LDCTYPE="PRO">
    <extent>
      <charseq START="1878" END="1891">everybody else</charseq>
    </extent>
    <head>
      <charseq START="1878" END="1886">everybody</charseq>
    </head>
  </entity_mention>
</entity>
<entity ID="CNN_IP_20030330.1600.05-2-E21" TYPE="VEH" SUBTYPE="Land" CLASS="USP">
  <entity_mention ID="CNN_IP_20030330.1600.05-2-E21-34" TYPE="PRO" LDCTYPE="HLS">
    <extent>
      <charseq START="1899" END="1903">armor</charseq>
    </extent>
    <head>
      <charseq START="1899" END="1903">armor</charseq>
    </head>
  </entity_mention>
</entity>
<entity ID="CNN_IP_20030330.1600.05-2-E22" TYPE="PER" SUBTYPE="Group" CLASS="GEN">
  <entity_mention ID="CNN_IP_20030330.1600.05-2-E22-37" TYPE="PRO" LDCTYPE="PRO">
    <extent>
      <charseq START="1928" END="1930">you</charseq>
    </extent>
    <head>
      <charseq START="1928" END="1930">you</charseq>
    </head>
  </entity_mention>
  <entity_mention ID="CNN_IP_20030330.1600.05-2-E22-44" TYPE="PRO" LDCTYPE="PRO">
    <extent>
      <charseq START="2092" END="2094">You</charseq>
    </extent>
    <head>
      <charseq START="2092" END="2094">You</charseq>
    </head>
  </entity_mention>
</entity>
<entity ID="CNN_IP_20030330.1600.05-2-E23" TYPE="LOC" SUBTYPE="Region-General" CLASS="SPC">
  <entity_mention ID="CNN_IP_20030330.1600.05-2-E23-1" TYPE="PRO" LDCTYPE="PRO">
    <extent>
      <charseq START="182" END="185">here</charseq>
    </extent>
    <head>
      <charseq START="182" END="185">here</charseq>
    </head>
  </entity_mention>
</entity>
<entity ID="CNN_IP_20030330.1600.05-2-E24" TYPE="VEH" SUBTYPE="Land" CLASS="SPC">
  <entity_mention ID="CNN_IP_20030330.1600.05-2-E24-38" TYPE="NAM" LDCTYPE="NAM" LDCATR="FALSE">
    <extent>
      <charseq START="1945" END="1953">Old Betsy</charseq>
    </extent>
    <head>
      <charseq START="1945" END="1953">Old Betsy</charseq>
    </head>
  </entity_mention>
  <entity_mention ID="CNN_IP_20030330.1600.05-2-E24-39" TYPE="NOM" LDCTYPE="NOM" LDCATR="FALSE">
    <extent>
      <charseq START="1961" END="2029">a re-used,
secondhand U.S. Army Humvee that we've been traveling with</charseq>
    </extent>
    <head>
      <charseq START="1993" END="1998">Humvee</charseq>
    </head>
  </entity_mention>
  <entity_mention ID="CNN_IP_20030330.1600.05-2-E24-43" TYPE="PRO" LDCTYPE="PRO" LDCATR="FALSE">
    <extent>
      <charseq START="2061" END="2062">it</charseq>
    </extent>
    <head>
      <charseq START="2061" END="2062">it</charseq>
    </head>
  </entity_mention>
  <entity_mention ID="CNN_IP_20030330.1600.05-2-E24-47" TYPE="PRO" LDCTYPE="HLS" LDCATR="FALSE">
    <extent>
      <charseq START="2139" END="2142">This</charseq>
    </extent>
    <head>
      <charseq START="2139" END="2142">This</charseq>
    </head>
  </entity_mention>
  <entity_mention ID="CNN_IP_20030330.1600.05-2-E24-48" TYPE="PRO" LDCTYPE="WHQ" LDCATR="TRUE">
    <extent>
      <charseq START="2147" END="2181">what we've literally been living in</charseq>
    </extent>
    <head>
      <charseq START="2147" END="2150">what</charseq>
    </head>
  </entity_mention>
  <entity_mention ID="CNN_IP_20030330.1600.05-2-E24-80" TYPE="NOM" LDCTYPE="NOM" LDCATR="FALSE">
    <extent>
      <charseq START="3111" END="3118">a Humvee</charseq>
    </extent>
    <head>
      <charseq START="3113" END="3118">Humvee</charseq>
    </head>
  </entity_mention>
  <entity_mention ID="CNN_IP_20030330.1600.05-2-E24-139" TYPE="PRO" LDCTYPE="WHQ" LDCATR="FALSE">
    <extent>
      <charseq START="2000" END="2003">that</charseq>
    </extent>
    <head>
      <charseq START="2000" END="2003">that</charseq>
    </head>
  </entity_mention>
  <entity_attributes>
    <name NAME="Old Betsy">
      <charseq START="1945" END="1953">Old Betsy</charseq>
    </name>
  </entity_attributes>
</entity>
<entity ID="CNN_IP_20030330.1600.05-2-E25" TYPE="GPE" SUBTYPE="Nation" CLASS="SPC">
  <entity_mention ID="CNN_IP_20030330.1600.05-2-E25-40" TYPE="NAM" LDCTYPE="NAMPRE" ROLE="GPE" LDCATR="TRUE">
    <extent>
      <charseq START="1983" END="1985">U.S</charseq>
    </extent>
    <head>
      <charseq START="1983" END="1985">U.S</charseq>
    </head>
  </entity_mention>
  <entity_mention ID="CNN_IP_20030330.1600.05-2-E25-92" TYPE="NAM" LDCTYPE="NAMPRE" ROLE="GPE" LDCATR="TRUE">
    <extent>
      <charseq START="3392" END="3394">U.S</charseq>
    </extent>
    <head>
      <charseq START="3392" END="3394">U.S</charseq>
    </head>
  </entity_mention>
  <entity_mention ID="CNN_IP_20030330.1600.05-2-E25-146" TYPE="NAM" LDCTYPE="NAMPRE" ROLE="GPE" LDCATR="TRUE">
    <extent>
      <charseq START="286" END="288">U.S</charseq>
    </extent>
    <head>
      <charseq START="286" END="288">U.S</charseq>
    </head>
  </entity_mention>
  <entity_mention ID="CNN_IP_20030330.1600.05-2-E25-150" TYPE="NAM" LDCTYPE="NAMPRE" ROLE="GPE" LDCATR="TRUE">
    <extent>
      <charseq START="366" END="368">U.S</charseq>
    </extent>
    <head>
      <charseq START="366" END="368">U.S</charseq>
    </head>
  </entity_mention>
  <entity_attributes>
    <name NAME="U.S">
      <charseq START="1983" END="1985">U.S</charseq>
    </name>
    <name NAME="U.S">
      <charseq START="3392" END="3394">U.S</charseq>
    </name>
    <name NAME="U.S">
      <charseq START="286" END="288">U.S</charseq>
    </name>
    <name NAME="U.S">
      <charseq START="366" END="368">U.S</charseq>
    </name>
  </entity_attributes>
</entity>
<entity ID="CNN_IP_20030330.1600.05-2-E26" TYPE="ORG" SUBTYPE="Government" CLASS="SPC">
  <entity_mention ID="CNN_IP_20030330.1600.05-2-E26-41" TYPE="NAM" LDCTYPE="NAMPRE" LDCATR="TRUE">
    <extent>
      <charseq START="1983" END="1991">U.S. Army</charseq>
    </extent>
    <head>
      <charseq START="1988" END="1991">Army</charseq>
    </head>
  </entity_mention>
  <entity_mention ID="CNN_IP_20030330.1600.05-2-E26-91" TYPE="NAM" LDCTYPE="NAM" LDCATR="FALSE">
    <extent>
      <charseq START="3388" END="3400">The U.S.
Army</charseq>
    </extent>
    <head>
      <charseq START="3397" END="3400">Army</charseq>
    </head>
  </entity_mention>
  <entity_mention ID="CNN_IP_20030330.1600.05-2-E26-98" TYPE="NAM" LDCTYPE="NAM" LDCATR="FALSE">
    <extent>
      <charseq START="3726" END="3733">the Army</charseq>
    </extent>
    <head>
      <charseq START="3730" END="3733">Army</charseq>
    </head>
  </entity_mention>
  <entity_mention ID="CNN_IP_20030330.1600.05-2-E26-101" TYPE="NAM" LDCTYPE="NAM" LDCATR="FALSE">
    <extent>
      <charseq START="3928" END="3935">The Army</charseq>
    </extent>
    <head>
      <charseq START="3932" END="3935">Army</charseq>
    </head>
  </entity_mention>
  <entity_mention ID="CNN_IP_20030330.1600.05-2-E26-145" TYPE="NAM" LDCTYPE="NAM" LDCATR="FALSE">
    <extent>
      <charseq START="282" END="294">the U.S. Army</charseq>
    </extent>
    <head>
      <charseq START="291" END="294">Army</charseq>
    </head>
  </entity_mention>
  <entity_mention ID="CNN_IP_20030330.1600.05-2-E26-149" TYPE="NAM" LDCTYPE="NAM" LDCATR="FALSE">
    <extent>
      <charseq START="362" END="374">The U.S. Army</charseq>
    </extent>
    <head>
      <charseq START="371" END="374">Army</charseq>
    </head>
  </entity_mention>
  <entity_mention ID="CNN_IP_20030330.1600.05-2-E26-155" TYPE="NAM" LDCTYPE="NAM" LDCATR="FALSE">
    <extent>
      <charseq START="587" END="594">the Army</charseq>
    </extent>
    <head>
      <charseq START="591" END="594">Army</charseq>
    </head>
  </entity_mention>
  <entity_attributes>
    <name NAME="Army">
      <charseq START="1988" END="1991">Army</charseq>
    </name>
    <name NAME="Army">
      <charseq START="3397" END="3400">Army</charseq>
    </name>
    <name NAME="Army">
      <charseq START="3730" END="3733">Army</charseq>
    </name>
    <name NAME="Army">
      <charseq START="3932" END="3935">Army</charseq>
    </name>
    <name NAME="Army">
      <charseq START="291" END="294">Army</charseq>
    </name>
    <name NAME="Army">
      <charseq START="371" END="374">Army</charseq>
    </name>
    <name NAME="Army">
      <charseq START="591" END="594">Army</charseq>
    </name>
  </entity_attributes>
</entity>
<entity ID="CNN_IP_20030330.1600.05-2-E27" TYPE="VEH" SUBTYPE="Subarea-Vehicle" CLASS="SPC">
  <entity_mention ID="CNN_IP_20030330.1600.05-2-E27-46" TYPE="NOM" LDCTYPE="NOM">
    <extent>
      <charseq START="2129" END="2136">the door</charseq>
    </extent>
    <head>
      <charseq START="2133" END="2136">door</charseq>
    </head>
  </entity_mention>
</entity>
<entity ID="CNN_IP_20030330.1600.05-2-E29" TYPE="VEH" SUBTYPE="Subarea-Vehicle" CLASS="SPC">
  <entity_mention ID="CNN_IP_20030330.1600.05-2-E29-50" TYPE="PRO" LDCTYPE="HLS">
    <extent>
      <charseq START="2184" END="2187">This</charseq>
    </extent>
    <head>
      <charseq START="2184" END="2187">This</charseq>
    </head>
  </entity_mention>
  <entity_mention ID="CNN_IP_20030330.1600.05-2-E29-51" TYPE="NOM" LDCTYPE="NOM">
    <extent>
      <charseq START="2192" END="2202">the kitchen</charseq>
    </extent>
    <head>
      <charseq START="2196" END="2202">kitchen</charseq>
    </head>
  </entity_mention>
</entity>
<entity ID="CNN_IP_20030330.1600.05-2-E30" TYPE="VEH" SUBTYPE="Subarea-Vehicle" CLASS="SPC">
  <entity_mention ID="CNN_IP_20030330.1600.05-2-E30-57" TYPE="NOM" LDCTYPE="NOM" LDCATR="FALSE">
    <extent>
      <charseq START="2283" END="2295">my cubby hole</charseq>
    </extent>
    <head>
      <charseq START="2292" END="2295">hole</charseq>
    </head>
  </entity_mention>
  <entity_mention ID="CNN_IP_20030330.1600.05-2-E30-58" TYPE="PRO" LDCTYPE="PRO" LDCATR="FALSE">
    <extent>
      <charseq START="2298" END="2299">It</charseq>
    </extent>
    <head>
      <charseq START="2298" END="2299">It</charseq>
    </head>
  </entity_mention>
  <entity_mention ID="CNN_IP_20030330.1600.05-2-E30-62" TYPE="PRO" LDCTYPE="HLS" LDCATR="FALSE">
    <extent>
      <charseq START="2393" END="2396">That</charseq>
    </extent>
    <head>
      <charseq START="2393" END="2396">That</charseq>
    </head>
  </entity_mention>
  <entity_mention ID="CNN_IP_20030330.1600.05-2-E30-63" TYPE="NOM" LDCTYPE="NOM" LDCATR="TRUE">
    <extent>
      <charseq START="2400" END="2439">all the space I have to eat and sleep in</charseq>
    </extent>
    <head>
      <charseq START="2408" END="2412">space</charseq>
    </head>
  </entity_mention>
</entity>
<entity ID="CNN_IP_20030330.1600.05-2-E31" TYPE="VEH" SUBTYPE="Subarea-Vehicle" CLASS="SPC">
  <entity_mention ID="CNN_IP_20030330.1600.05-2-E31-59" TYPE="NOM" LDCTYPE="NOM">
    <extent>
      <charseq START="2359" END="2367">the floor</charseq>
    </extent>
    <head>
      <charseq START="2363" END="2367">floor</charseq>
    </head>
  </entity_mention>
</entity>
<entity ID="CNN_IP_20030330.1600.05-2-E32" TYPE="WEA" SUBTYPE="Exploding" CLASS="USP">
  <entity_mention ID="CNN_IP_20030330.1600.05-2-E32-61" TYPE="NOM" LDCTYPE="NOM">
    <extent>
      <charseq START="2385" END="2390">a mine</charseq>
    </extent>
    <head>
      <charseq START="2387" END="2390">mine</charseq>
    </head>
  </entity_mention>
</entity>
<entity ID="CNN_IP_20030330.1600.05-2-E34" TYPE="PER" SUBTYPE="Individual" CLASS="GEN">
  <entity_mention ID="CNN_IP_20030330.1600.05-2-E34-64" TYPE="PRO" LDCTYPE="PRO">
    <extent>
      <charseq START="2442" END="2444">You</charseq>
    </extent>
    <head>
      <charseq START="2442" END="2444">You</charseq>
    </head>
  </entity_mention>
  <entity_mention ID="CNN_IP_20030330.1600.05-2-E34-65" TYPE="PRO" LDCTYPE="PRO">
    <extent>
      <charseq START="2459" END="2461">You</charseq>
    </extent>
    <head>
      <charseq START="2459" END="2461">You</charseq>
    </head>
  </entity_mention>
  <entity_mention ID="CNN_IP_20030330.1600.05-2-E34-66" TYPE="PRO" LDCTYPE="PRO">
    <extent>
      <charseq START="2503" END="2505">you</charseq>
    </extent>
    <head>
      <charseq START="2503" END="2505">you</charseq>
    </head>
  </entity_mention>
  <entity_mention ID="CNN_IP_20030330.1600.05-2-E34-67" TYPE="PRO" LDCTYPE="PRO">
    <extent>
      <charseq START="2563" END="2565">you</charseq>
    </extent>
    <head>
      <charseq START="2563" END="2565">you</charseq>
    </head>
  </entity_mention>
  <entity_mention ID="CNN_IP_20030330.1600.05-2-E34-68" TYPE="PRO" LDCTYPE="PRO">
    <extent>
      <charseq START="2577" END="2579">you</charseq>
    </extent>
    <head>
      <charseq START="2577" END="2579">you</charseq>
    </head>
  </entity_mention>
  <entity_mention ID="CNN_IP_20030330.1600.05-2-E34-73" TYPE="PRO" LDCTYPE="PRO">
    <extent>
      <charseq START="2773" END="2775">you</charseq>
    </extent>
    <head>
      <charseq START="2773" END="2775">you</charseq>
    </head>
  </entity_mention>
</entity>
<entity ID="CNN_IP_20030330.1600.05-2-E35" TYPE="PER" SUBTYPE="Group" CLASS="GEN">
  <entity_mention ID="CNN_IP_20030330.1600.05-2-E35-69" TYPE="PRO" LDCTYPE="PRO">
    <extent>
      <charseq START="2652" END="2654">You</charseq>
    </extent>
    <head>
      <charseq START="2652" END="2654">You</charseq>
    </head>
  </entity_mention>
  <entity_mention ID="CNN_IP_20030330.1600.05-2-E35-79" TYPE="PRO" LDCTYPE="PRO">
    <extent>
      <charseq START="2938" END="2940">you</charseq>
    </extent>
    <head>
      <charseq START="2938" END="2940">you</charseq>
    </head>
  </entity_mention>
  <entity_mention ID="CNN_IP_20030330.1600.05-2-E35-88" TYPE="PRO" LDCTYPE="PRO">
    <extent>
      <charseq START="3291" END="3293">you</charseq>
    </extent>
    <head>
      <charseq START="3291" END="3293">you</charseq>
    </head>
  </entity_mention>
  <entity_mention ID="CNN_IP_20030330.1600.05-2-E35-108" TYPE="PRO" LDCTYPE="PRO">
    <extent>
      <charseq START="4111" END="4113">you</charseq>
    </extent>
    <head>
      <charseq START="4111" END="4113">you</charseq>
    </head>
  </entity_mention>
  <entity_mention ID="CNN_IP_20030330.1600.05-2-E35-120" TYPE="PRO" LDCTYPE="PRO">
    <extent>
      <charseq START="4310" END="4312">you</charseq>
    </extent>
    <head>
      <charseq START="4310" END="4312">you</charseq>
    </head>
  </entity_mention>
  <entity_mention ID="CNN_IP_20030330.1600.05-2-E35-121" TYPE="PRO" LDCTYPE="PRO">
    <extent>
      <charseq START="4343" END="4345">you</charseq>
    </extent>
    <head>
      <charseq START="4343" END="4345">you</charseq>
    </head>
  </entity_mention>
  <entity_mention ID="CNN_IP_20030330.1600.05-2-E35-125" TYPE="PRO" LDCTYPE="PRO">
    <extent>
      <charseq START="4453" END="4455">You</charseq>
    </extent>
    <head>
      <charseq START="4453" END="4455">You</charseq>
    </head>
  </entity_mention>
  <entity_mention ID="CNN_IP_20030330.1600.05-2-E35-126" TYPE="PRO" LDCTYPE="PRO">
    <extent>
      <charseq START="4516" END="4518">you</charseq>
    </extent>
    <head>
      <charseq START="4516" END="4518">you</charseq>
    </head>
  </entity_mention>
</entity>
<entity ID="CNN_IP_20030330.1600.05-2-E36" TYPE="LOC" SUBTYPE="Land-Region-Natural" CLASS="SPC">
  <entity_mention ID="CNN_IP_20030330.1600.05-2-E36-70" TYPE="NOM" LDCTYPE="NOM">
    <extent>
      <charseq START="2551" END="2560">the desert</charseq>
    </extent>
    <head>
      <charseq START="2555" END="2560">desert</charseq>
    </head>
  </entity_mention>
  <entity_mention ID="CNN_IP_20030330.1600.05-2-E36-124" TYPE="NOM" LDCTYPE="NOM">
    <extent>
      <charseq START="4441" END="4450">the desert</charseq>
    </extent>
    <head>
      <charseq START="4445" END="4450">desert</charseq>
    </head>
  </entity_mention>
  <entity_mention ID="CNN_IP_20030330.1600.05-2-E36-133" TYPE="PRO" LDCTYPE="PRO">
    <extent>
      <charseq START="2482" END="2489">out here</charseq>
    </extent>
    <head>
      <charseq START="2486" END="2489">here</charseq>
    </head>
  </entity_mention>
</entity>
<entity ID="CNN_IP_20030330.1600.05-2-E37" TYPE="PER" SUBTYPE="Group" CLASS="USP">
  <entity_mention ID="CNN_IP_20030330.1600.05-2-E37-71" TYPE="PRO" LDCTYPE="PRO">
    <extent>
      <charseq START="2673" END="2676">they</charseq>
    </extent>
    <head>
      <charseq START="2673" END="2676">they</charseq>
    </head>
  </entity_mention>
</entity>
<entity ID="CNN_IP_20030330.1600.05-2-E38" TYPE="VEH" SUBTYPE="Land" CLASS="SPC">
  <entity_mention ID="CNN_IP_20030330.1600.05-2-E38-72" TYPE="NOM" LDCTYPE="NOM">
    <extent>
      <charseq START="2718" END="2728">these tanks</charseq>
    </extent>
    <head>
      <charseq START="2724" END="2728">tanks</charseq>
    </head>
  </entity_mention>
  <entity_mention ID="CNN_IP_20030330.1600.05-2-E38-75" TYPE="PRO" LDCTYPE="PRO">
    <extent>
      <charseq START="2845" END="2848">They</charseq>
    </extent>
    <head>
      <charseq START="2845" END="2848">They</charseq>
    </head>
  </entity_mention>
  <entity_mention ID="CNN_IP_20030330.1600.05-2-E38-76" TYPE="PRO" LDCTYPE="PRO">
    <extent>
      <charseq START="2856" END="2859">they</charseq>
    </extent>
    <head>
      <charseq START="2856" END="2859">they</charseq>
    </head>
  </entity_mention>
</entity>
<entity ID="CNN_IP_20030330.1600.05-2-E39" TYPE="VEH" SUBTYPE="Land" CLASS="USP">
  <entity_mention ID="CNN_IP_20030330.1600.05-2-E39-74" TYPE="NOM" LDCTYPE="NOM">
    <extent>
      <charseq START="2789" END="2797">that tank</charseq>
    </extent>
    <head>
      <charseq START="2794" END="2797">tank</charseq>
    </head>
  </entity_mention>
</entity>
<entity ID="CNN_IP_20030330.1600.05-2-E40" TYPE="PER" SUBTYPE="Individual" CLASS="USP">
  <entity_mention ID="CNN_IP_20030330.1600.05-2-E40-81" TYPE="PRO" LDCTYPE="PRO">
    <extent>
      <charseq START="3140" END="3143">your</charseq>
    </extent>
    <head>
      <charseq START="3140" END="3143">your</charseq>
    </head>
  </entity_mention>
  <entity_mention ID="CNN_IP_20030330.1600.05-2-E40-83" TYPE="PRO" LDCTYPE="PRO">
    <extent>
      <charseq START="3151" END="3154">your</charseq>
    </extent>
    <head>
      <charseq START="3151" END="3154">your</charseq>
    </head>
  </entity_mention>
</entity>
<entity ID="CNN_IP_20030330.1600.05-2-E41" TYPE="PER" SUBTYPE="Group" CLASS="GEN">
  <entity_mention ID="CNN_IP_20030330.1600.05-2-E41-84" TYPE="PRO" LDCTYPE="PRO">
    <extent>
      <charseq START="3232" END="3234">you</charseq>
    </extent>
    <head>
      <charseq START="3232" END="3234">you</charseq>
    </head>
  </entity_mention>
</entity>
<entity ID="CNN_IP_20030330.1600.05-2-E42" TYPE="PER" SUBTYPE="Group" CLASS="SPC">
  <entity_mention ID="CNN_IP_20030330.1600.05-2-E42-85" TYPE="PRO" LDCTYPE="PRO">
    <extent>
      <charseq START="3250" END="3276">anybody but a contortionist</charseq>
    </extent>
    <head>
      <charseq START="3250" END="3256">anybody</charseq>
    </head>
  </entity_mention>
</entity>
<entity ID="CNN_IP_20030330.1600.05-2-E43" TYPE="PER" SUBTYPE="Individual" CLASS="GEN">
  <entity_mention ID="CNN_IP_20030330.1600.05-2-E43-86" TYPE="NOM" LDCTYPE="NOM">
    <extent>
      <charseq START="3262" END="3276">a contortionist</charseq>
    </extent>
    <head>
      <charseq START="3264" END="3276">contortionist</charseq>
    </head>
  </entity_mention>
</entity>
<entity ID="CNN_IP_20030330.1600.05-2-E45" TYPE="PER" SUBTYPE="Group" CLASS="SPC">
  <entity_mention ID="CNN_IP_20030330.1600.05-2-E45-93" TYPE="NOM" LDCTYPE="NOM">
    <extent>
      <charseq START="3431" END="3458">three Iraqi prisoners of war</charseq>
    </extent>
    <head>
      <charseq START="3443" END="3451">prisoners</charseq>
    </head>
  </entity_mention>
</entity>
<entity ID="CNN_IP_20030330.1600.05-2-E46" TYPE="GPE" SUBTYPE="Nation" CLASS="SPC">
  <entity_mention ID="CNN_IP_20030330.1600.05-2-E46-94" TYPE="NAM" LDCTYPE="NAMPRE" ROLE="GPE">
    <extent>
      <charseq START="3437" END="3441">Iraqi</charseq>
    </extent>
    <head>
      <charseq START="3437" END="3441">Iraqi</charseq>
    </head>
  </entity_mention>
  <entity_attributes>
    <name NAME="Iraqi">
      <charseq START="3437" END="3441">Iraqi</charseq>
    </name>
  </entity_attributes>
</entity>
<entity ID="CNN_IP_20030330.1600.05-2-E47" TYPE="PER" SUBTYPE="Indeterminate" CLASS="USP">
  <entity_mention ID="CNN_IP_20030330.1600.05-2-E47-96" TYPE="PRO" LDCTYPE="PRO">
    <extent>
      <charseq START="3578" END="3580">you</charseq>
    </extent>
    <head>
      <charseq START="3578" END="3580">you</charseq>
    </head>
  </entity_mention>
</entity>
<entity ID="CNN_IP_20030330.1600.05-2-E48" TYPE="PER" SUBTYPE="Group" CLASS="GEN">
  <entity_mention ID="CNN_IP_20030330.1600.05-2-E48-100" TYPE="PRO" LDCTYPE="PRO">
    <extent>
      <charseq START="3824" END="3832">everybody</charseq>
    </extent>
    <head>
      <charseq START="3824" END="3832">everybody</charseq>
    </head>
  </entity_mention>
</entity>
<entity ID="CNN_IP_20030330.1600.05-2-E49" TYPE="PER" SUBTYPE="Group" CLASS="GEN">
  <entity_mention ID="CNN_IP_20030330.1600.05-2-E49-102" TYPE="NOM" LDCTYPE="NOM">
    <extent>
      <charseq START="3970" END="4003">the grandfathers of these soldiers</charseq>
    </extent>
    <head>
      <charseq START="3974" END="3985">grandfathers</charseq>
    </head>
  </entity_mention>
</entity>
<entity ID="CNN_IP_20030330.1600.05-2-E50" TYPE="PER" SUBTYPE="Group" CLASS="SPC">
  <entity_mention ID="CNN_IP_20030330.1600.05-2-E50-103" TYPE="NOM" LDCTYPE="NOM">
    <extent>
      <charseq START="3990" END="4003">these soldiers</charseq>
    </extent>
    <head>
      <charseq START="3996" END="4003">soldiers</charseq>
    </head>
  </entity_mention>
  <entity_mention ID="CNN_IP_20030330.1600.05-2-E50-105" TYPE="NOM" LDCTYPE="NOM">
    <extent>
      <charseq START="4039" END="4052">these soldiers</charseq>
    </extent>
    <head>
      <charseq START="4045" END="4052">soldiers</charseq>
    </head>
  </entity_mention>
</entity>
<entity ID="CNN_IP_20030330.1600.05-2-E51" TYPE="PER" SUBTYPE="Group" CLASS="GEN">
  <entity_mention ID="CNN_IP_20030330.1600.05-2-E51-104" TYPE="NOM" LDCTYPE="NOM">
    <extent>
      <charseq START="4013" END="4076">the great grandfathers of
these soldiers in the Second World War</charseq>
    </extent>
    <head>
      <charseq START="4017" END="4034">great grandfathers</charseq>
    </head>
  </entity_mention>
</entity>
<entity ID="CNN_IP_20030330.1600.05-2-E52" TYPE="PER" SUBTYPE="Group" CLASS="SPC">
  <entity_mention ID="CNN_IP_20030330.1600.05-2-E52-109" TYPE="NOM" LDCTYPE="NOM">
    <extent>
      <charseq START="4115" END="4121">my crew</charseq>
    </extent>
    <head>
      <charseq START="4118" END="4121">crew</charseq>
    </head>
  </entity_mention>
  <entity_mention ID="CNN_IP_20030330.1600.05-2-E52-113" TYPE="PRO" LDCTYPE="PRO">
    <extent>
      <charseq START="4173" END="4175">our</charseq>
    </extent>
    <head>
      <charseq START="4173" END="4175">our</charseq>
    </head>
  </entity_mention>
  <entity_mention ID="CNN_IP_20030330.1600.05-2-E52-117" TYPE="PRO" LDCTYPE="HLS">
    <extent>
      <charseq START="4274" END="4277">That</charseq>
    </extent>
    <head>
      <charseq START="4274" END="4277">That</charseq>
    </head>
  </entity_mention>
  <entity_mention ID="CNN_IP_20030330.1600.05-2-E52-118" TYPE="NOM" LDCTYPE="NOM">
    <extent>
      <charseq START="4281" END="4327">the crew which really brings you these
pictures</charseq>
    </extent>
    <head>
      <charseq START="4285" END="4288">crew</charseq>
    </head>
  </entity_mention>
  <entity_mention ID="CNN_IP_20030330.1600.05-2-E52-119" TYPE="PRO" LDCTYPE="WHQ">
    <extent>
      <charseq START="4290" END="4294">which</charseq>
    </extent>
    <head>
      <charseq START="4290" END="4294">which</charseq>
    </head>
  </entity_mention>
</entity>
<entity ID="CNN_IP_20030330.1600.05-2-E53" TYPE="PER" SUBTYPE="Individual" CLASS="SPC">
  <entity_mention ID="CNN_IP_20030330.1600.05-2-E53-110" TYPE="NAM" LDCTYPE="NAM" LDCATR="FALSE">
    <extent>
      <charseq START="4142" END="4155">Charlie Miller</charseq>
    </extent>
    <head>
      <charseq START="4142" END="4155">Charlie Miller</charseq>
    </head>
  </entity_mention>
  <entity_mention ID="CNN_IP_20030330.1600.05-2-E53-111" TYPE="PRO" LDCTYPE="PRO" LDCATR="FALSE">
    <extent>
      <charseq START="4163" END="4164">he</charseq>
    </extent>
    <head>
      <charseq START="4163" END="4164">he</charseq>
    </head>
  </entity_mention>
  <entity_mention ID="CNN_IP_20030330.1600.05-2-E53-112" TYPE="NOM" LDCTYPE="NOM" LDCATR="TRUE">
    <extent>
      <charseq START="4173" END="4205">our superb
and intrepid cameraman</charseq>
    </extent>
    <head>
      <charseq START="4197" END="4205">cameraman</charseq>
    </head>
  </entity_mention>
  <entity_attributes>
    <name NAME="Charlie Miller">
      <charseq START="4142" END="4155">Charlie Miller</charseq>
    </name>
  </entity_attributes>
</entity>
<entity ID="CNN_IP_20030330.1600.05-2-E55" TYPE="PER" SUBTYPE="Individual" CLASS="SPC">
  <entity_mention ID="CNN_IP_20030330.1600.05-2-E55-115" TYPE="NAM" LDCTYPE="NAM" LDCATR="FALSE">
    <extent>
      <charseq START="4223" END="4234">Jeff Barweis</charseq>
    </extent>
    <head>
      <charseq START="4223" END="4234">Jeff Barweis</charseq>
    </head>
  </entity_mention>
  <entity_mention ID="CNN_IP_20030330.1600.05-2-E55-116" TYPE="NOM" LDCTYPE="NOM" LDCATR="TRUE">
    <extent>
      <charseq START="4242" END="4271">a brilliant
satellite engineer</charseq>
    </extent>
    <head>
      <charseq START="4264" END="4271">engineer</charseq>
    </head>
  </entity_mention>
  <entity_attributes>
    <name NAME="Jeff Barweis">
      <charseq START="4223" END="4234">Jeff Barweis</charseq>
    </name>
  </entity_attributes>
</entity>
<entity ID="CNN_IP_20030330.1600.05-2-E57" TYPE="LOC" SUBTYPE="Region-General" CLASS="SPC">
  <entity_mention ID="CNN_IP_20030330.1600.05-2-E57-82" TYPE="NOM" LDCTYPE="NOM">
    <extent>
      <charseq START="247" END="257">the horizon</charseq>
    </extent>
    <head>
      <charseq START="251" END="257">horizon</charseq>
    </head>
  </entity_mention>
</entity>
<entity ID="CNN_IP_20030330.1600.05-2-E58" TYPE="ORG" SUBTYPE="Media" CLASS="SPC">
  <entity_mention ID="CNN_IP_20030330.1600.05-2-E58-128" TYPE="PRO" LDCTYPE="PRO">
    <extent>
      <charseq START="4652" END="4653">we</charseq>
    </extent>
    <head>
      <charseq START="4652" END="4653">we</charseq>
    </head>
  </entity_mention>
  <entity_mention ID="CNN_IP_20030330.1600.05-2-E58-129" TYPE="PRO" LDCTYPE="PRO">
    <extent>
      <charseq START="4751" END="4752">we</charseq>
    </extent>
    <head>
      <charseq START="4751" END="4752">we</charseq>
    </head>
  </entity_mention>
  <entity_mention ID="CNN_IP_20030330.1600.05-2-E58-131" TYPE="NAM" LDCTYPE="NAM">
    <extent>
      <charseq START="4726" END="4728">CNN</charseq>
    </extent>
    <head>
      <charseq START="4726" END="4728">CNN</charseq>
    </head>
  </entity_mention>
  <entity_attributes>
    <name NAME="CNN">
      <charseq START="4726" END="4728">CNN</charseq>
    </name>
  </entity_attributes>
</entity>
<entity ID="CNN_IP_20030330.1600.05-2-E59" TYPE="GPE" SUBTYPE="Nation" CLASS="SPC">
  <entity_mention ID="CNN_IP_20030330.1600.05-2-E59-130" TYPE="NAM" LDCTYPE="NAM" ROLE="LOC">
    <extent>
      <charseq START="4704" END="4709">Israel</charseq>
    </extent>
    <head>
      <charseq START="4704" END="4709">Israel</charseq>
    </head>
  </entity_mention>
  <entity_attributes>
    <name NAME="Israel">
      <charseq START="4704" END="4709">Israel</charseq>
    </name>
  </entity_attributes>
</entity>
<entity ID="CNN_IP_20030330.1600.05-2-E60" TYPE="PER" SUBTYPE="Individual" CLASS="SPC">
  <entity_mention ID="CNN_IP_20030330.1600.05-2-E60-132" TYPE="NAM" LDCTYPE="NAM">
    <extent>
      <charseq START="4726" END="4744">CNN's Kelly Wallace</charseq>
    </extent>
    <head>
      <charseq START="4732" END="4744">Kelly Wallace</charseq>
    </head>
  </entity_mention>
  <entity_attributes>
    <name NAME="Kelly Wallace">
      <charseq START="4732" END="4744">Kelly Wallace</charseq>
    </name>
  </entity_attributes>
</entity>
<entity ID="CNN_IP_20030330.1600.05-2-E61" TYPE="VEH" SUBTYPE="Land" CLASS="USP">
  <entity_mention ID="CNN_IP_20030330.1600.05-2-E61-134" TYPE="NOM" LDCTYPE="BAR">
    <extent>
      <charseq START="1610" END="1617">vehicles</charseq>
    </extent>
    <head>
      <charseq START="1610" END="1617">vehicles</charseq>
    </head>
  </entity_mention>
</entity>
<entity ID="CNN_IP_20030330.1600.05-2-E62" TYPE="LOC" SUBTYPE="Celestial" CLASS="SPC">
  <entity_mention ID="CNN_IP_20030330.1600.05-2-E62-135" TYPE="NOM" LDCTYPE="NOM">
    <extent>
      <charseq START="1434" END="1440">the sky</charseq>
    </extent>
    <head>
      <charseq START="1438" END="1440">sky</charseq>
    </head>
  </entity_mention>
  <entity_mention ID="CNN_IP_20030330.1600.05-2-E62-136" TYPE="PRO" LDCTYPE="PRO">
    <extent>
      <charseq START="1569" END="1576">up there</charseq>
    </extent>
    <head>
      <charseq START="1572" END="1576">there</charseq>
    </head>
  </entity_mention>
</entity>
<entity ID="CNN_IP_20030330.1600.05-2-E63" TYPE="FAC" SUBTYPE="Path" CLASS="SPC">
  <entity_mention ID="CNN_IP_20030330.1600.05-2-E63-137" TYPE="NOM" LDCTYPE="NOM">
    <extent>
      <charseq START="970" END="977">the road</charseq>
    </extent>
    <head>
      <charseq START="974" END="977">road</charseq>
    </head>
  </entity_mention>
</entity>
<entity ID="CNN_IP_20030330.1600.05-2-E64" TYPE="FAC" SUBTYPE="Subarea-Facility" CLASS="SPC">
  <entity_mention ID="CNN_IP_20030330.1600.05-2-E64-138" TYPE="NOM" LDCTYPE="NOM">
    <extent>
      <charseq START="956" END="977">both
sides of the road</charseq>
    </extent>
    <head>
      <charseq START="961" END="965">sides</charseq>
    </head>
  </entity_mention>
</entity>
<entity ID="CNN_IP_20030330.1600.05-2-E65" TYPE="WEA" SUBTYPE="Shooting" CLASS="GEN">
  <entity_mention ID="CNN_IP_20030330.1600.05-2-E65-142" TYPE="NOM" LDCTYPE="NOMPRE">
    <extent>
      <charseq START="1706" END="1715">small arms</charseq>
    </extent>
    <head>
      <charseq START="1712" END="1715">arms</charseq>
    </head>
  </entity_mention>
</entity>
<entity ID="CNN_IP_20030330.1600.05-2-E66" TYPE="ORG" SUBTYPE="Government" CLASS="GEN">
  <entity_mention ID="CNN_IP_20030330.1600.05-2-E66-143" TYPE="NOM" LDCTYPE="NOMPRE">
    <extent>
      <charseq START="2635" END="2642">military</charseq>
    </extent>
    <head>
      <charseq START="2635" END="2642">military</charseq>
    </head>
  </entity_mention>
</entity>
<entity ID="CNN_IP_20030330.1600.05-2-E67" TYPE="ORG" SUBTYPE="Government" CLASS="SPC">
  <entity_mention ID="CNN_IP_20030330.1600.05-2-E67-140" TYPE="NOM" LDCTYPE="NOM" LDCATR="FALSE">
    <extent>
      <charseq START="282" END="322">the U.S. Army's 3rd Squadron,
7th Cavalry</charseq>
    </extent>
    <head>
      <charseq START="302" END="309">Squadron</charseq>
    </head>
  </entity_mention>
  <entity_mention ID="CNN_IP_20030330.1600.05-2-E67-147" TYPE="NOM" LDCTYPE="NOM" LDCATR="FALSE">
    <extent>
      <charseq START="362" END="402">The U.S. Army's 3rd
Squadron, 7th Cavalry</charseq>
    </extent>
    <head>
      <charseq START="382" END="389">Squadron</charseq>
    </head>
  </entity_mention>
  <entity_mention ID="CNN_IP_20030330.1600.05-2-E67-151" TYPE="PRO" LDCTYPE="PRO" LDCATR="FALSE">
    <extent>
      <charseq START="473" END="474">It</charseq>
    </extent>
    <head>
      <charseq START="473" END="474">It</charseq>
    </head>
  </entity_mention>
  <entity_mention ID="CNN_IP_20030330.1600.05-2-E67-152" TYPE="NOM" LDCTYPE="NOM" LDCATR="TRUE">
    <extent>
      <charseq START="480" END="493">the first unit</charseq>
    </extent>
    <head>
      <charseq START="490" END="493">unit</charseq>
    </head>
  </entity_mention>
  <entity_mention ID="CNN_IP_20030330.1600.05-2-E67-156" TYPE="NAM" LDCTYPE="NAM" LDCATR="FALSE">
    <extent>
      <charseq START="617" END="645">the 3rd Squadron, 7th Cavalry</charseq>
    </extent>
    <head>
      <charseq START="625" END="632">Squadron</charseq>
    </head>
  </entity_mention>
  <entity_attributes>
    <name NAME="Squadron">
      <charseq START="625" END="632">Squadron</charseq>
    </name>
  </entity_attributes>
</entity>
<entity ID="CNN_IP_20030330.1600.05-2-E73" TYPE="LOC" SUBTYPE="Water-Body" CLASS="SPC">
  <entity_mention ID="CNN_IP_20030330.1600.05-2-E73-153" TYPE="NAM" LDCTYPE="NAM">
    <extent>
      <charseq START="504" END="522">the Euphrates River</charseq>
    </extent>
    <head>
      <charseq START="508" END="522">Euphrates River</charseq>
    </head>
  </entity_mention>
  <entity_attributes>
    <name NAME="Euphrates River">
      <charseq START="508" END="522">Euphrates River</charseq>
    </name>
  </entity_attributes>
</entity>
<entity ID="CNN_IP_20030330.1600.05-2-E74" TYPE="GPE" SUBTYPE="Population-Center" CLASS="SPC">
  <entity_mention ID="CNN_IP_20030330.1600.05-2-E74-6" TYPE="NAM" LDCTYPE="NAM" ROLE="LOC">
    <extent>
      <charseq START="879" END="885">Baghdad</charseq>
    </extent>
    <head>
      <charseq START="879" END="885">Baghdad</charseq>
    </head>
  </entity_mention>
  <entity_mention ID="CNN_IP_20030330.1600.05-2-E74-154" TYPE="NAM" LDCTYPE="NAM" ROLE="LOC">
    <extent>
      <charseq START="571" END="577">Baghdad</charseq>
    </extent>
    <head>
      <charseq START="571" END="577">Baghdad</charseq>
    </head>
  </entity_mention>
  <entity_attributes>
    <name NAME="Baghdad">
      <charseq START="879" END="885">Baghdad</charseq>
    </name>
    <name NAME="Baghdad">
      <charseq START="571" END="577">Baghdad</charseq>
    </name>
  </entity_attributes>
</entity>
<timex2 ID="CNN_IP_20030330.1600.05-2-T1">
  <timex2_mention ID="CNN_IP_20030330.1600.05-2-T1-1">
    <extent>
      <charseq START="38" END="62">2003-03-30T16:00:00-05:00</charseq>
    </extent>
  </timex2_mention>
</timex2>
<timex2 ID="CNN_IP_20030330.1600.05-2-T2">
  <timex2_mention ID="CNN_IP_20030330.1600.05-2-T2-1">
    <extent>
      <charseq START="221" END="237">A few moments ago</charseq>
    </extent>
  </timex2_mention>
</timex2>
<timex2 ID="CNN_IP_20030330.1600.05-2-T3">
  <timex2_mention ID="CNN_IP_20030330.1600.05-2-T3-1">
    <extent>
      <charseq START="450" END="470">the
past several days</charseq>
    </extent>
  </timex2_mention>
</timex2>
<timex2 ID="CNN_IP_20030330.1600.05-2-T4">
  <timex2_mention ID="CNN_IP_20030330.1600.05-2-T4-1">
    <extent>
      <charseq START="888" END="904">Seventy-two hours</charseq>
    </extent>
  </timex2_mention>
</timex2>
<timex2 ID="CNN_IP_20030330.1600.05-2-T5">
  <timex2_mention ID="CNN_IP_20030330.1600.05-2-T5-1">
    <extent>
      <charseq START="2743" END="2763">six or more
hours now</charseq>
    </extent>
  </timex2_mention>
</timex2>
<timex2 ID="CNN_IP_20030330.1600.05-2-T6">
  <timex2_mention ID="CNN_IP_20030330.1600.05-2-T6-1">
    <extent>
      <charseq START="3364" END="3367">days</charseq>
    </extent>
  </timex2_mention>
</timex2>
<timex2 ID="CNN_IP_20030330.1600.05-2-T7">
  <timex2_mention ID="CNN_IP_20030330.1600.05-2-T7-1">
    <extent>
      <charseq START="4677" END="4681">today</charseq>
    </extent>
  </timex2_mention>
</timex2>
<relation ID="CNN_IP_20030330.1600.05-2-R7" TYPE="ORG-AFF" SUBTYPE="Membership" TENSE="Unspecified" MODALITY="Asserted">
  <relation_argument REFID="CNN_IP_20030330.1600.05-2-E1" ROLE="Arg-1"/>
  <relation_argument REFID="CNN_IP_20030330.1600.05-2-E67" ROLE="Arg-2"/>
  <relation_mention ID="CNN_IP_20030330.1600.05-2-R7-1" LEXICALCONDITION="Formulaic">
    <extent>
      <charseq START="282" END="322">the U.S. Army's 3rd Squadron,
7th Cavalry</charseq>
    </extent>
    <relation_mention_argument REFID="CNN_IP_20030330.1600.05-2-E1-144" ROLE="Arg-1">
      <extent>
        <charseq START="282" END="322">the U.S. Army's 3rd Squadron,
7th Cavalry</charseq>
      </extent>
    </relation_mention_argument>
    <relation_mention_argument REFID="CNN_IP_20030330.1600.05-2-E67-140" ROLE="Arg-2">
      <extent>
        <charseq START="282" END="322">the U.S. Army's 3rd Squadron,
7th Cavalry</charseq>
      </extent>
    </relation_mention_argument>
  </relation_mention>
  <relation_mention ID="CNN_IP_20030330.1600.05-2-R7-2" LEXICALCONDITION="Formulaic">
    <extent>
      <charseq START="362" END="402">The U.S. Army's 3rd
Squadron, 7th Cavalry</charseq>
    </extent>
    <relation_mention_argument REFID="CNN_IP_20030330.1600.05-2-E1-148" ROLE="Arg-1">
      <extent>
        <charseq START="362" END="402">The U.S. Army's 3rd
Squadron, 7th Cavalry</charseq>
      </extent>
    </relation_mention_argument>
    <relation_mention_argument REFID="CNN_IP_20030330.1600.05-2-E67-147" ROLE="Arg-2">
      <extent>
        <charseq START="362" END="402">The U.S. Army's 3rd
Squadron, 7th Cavalry</charseq>
      </extent>
    </relation_mention_argument>
  </relation_mention>
  <relation_mention ID="CNN_IP_20030330.1600.05-2-R7-3" LEXICALCONDITION="Formulaic">
    <extent>
      <charseq START="617" END="645">the 3rd Squadron, 7th Cavalry</charseq>
    </extent>
    <relation_mention_argument REFID="CNN_IP_20030330.1600.05-2-E1-157" ROLE="Arg-1">
      <extent>
        <charseq START="617" END="645">the 3rd Squadron, 7th Cavalry</charseq>
      </extent>
    </relation_mention_argument>
    <relation_mention_argument REFID="CNN_IP_20030330.1600.05-2-E67-156" ROLE="Arg-2">
      <extent>
        <charseq START="617" END="645">the 3rd Squadron, 7th Cavalry</charseq>
      </extent>
    </relation_mention_argument>
  </relation_mention>
</relation>
<relation ID="CNN_IP_20030330.1600.05-2-R8" TYPE="PART-WHOLE" SUBTYPE="Subsidiary" TENSE="Unspecified" MODALITY="Asserted">
  <relation_argument REFID="CNN_IP_20030330.1600.05-2-E67" ROLE="Arg-1"/>
  <relation_argument REFID="CNN_IP_20030330.1600.05-2-E26" ROLE="Arg-2"/>
  <relation_mention ID="CNN_IP_20030330.1600.05-2-R8-1" LEXICALCONDITION="Possessive">
    <extent>
      <charseq START="282" END="322">the U.S. Army's 3rd Squadron,
7th Cavalry</charseq>
    </extent>
    <relation_mention_argument REFID="CNN_IP_20030330.1600.05-2-E67-140" ROLE="Arg-1">
      <extent>
        <charseq START="282" END="322">the U.S. Army's 3rd Squadron,
7th Cavalry</charseq>
      </extent>
    </relation_mention_argument>
    <relation_mention_argument REFID="CNN_IP_20030330.1600.05-2-E26-145" ROLE="Arg-2">
      <extent>
        <charseq START="282" END="294">the U.S. Army</charseq>
      </extent>
    </relation_mention_argument>
  </relation_mention>
  <relation_mention ID="CNN_IP_20030330.1600.05-2-R8-2" LEXICALCONDITION="Possessive">
    <extent>
      <charseq START="362" END="402">The U.S. Army's 3rd
Squadron, 7th Cavalry</charseq>
    </extent>
    <relation_mention_argument REFID="CNN_IP_20030330.1600.05-2-E67-147" ROLE="Arg-1">
      <extent>
        <charseq START="362" END="402">The U.S. Army's 3rd
Squadron, 7th Cavalry</charseq>
      </extent>
    </relation_mention_argument>
    <relation_mention_argument REFID="CNN_IP_20030330.1600.05-2-E26-149" ROLE="Arg-2">
      <extent>
        <charseq START="362" END="374">The U.S. Army</charseq>
      </extent>
    </relation_mention_argument>
  </relation_mention>
</relation>
<relation ID="CNN_IP_20030330.1600.05-2-R9" TYPE="PART-WHOLE" SUBTYPE="Subsidiary" TENSE="Unspecified" MODALITY="Asserted">
  <relation_argument REFID="CNN_IP_20030330.1600.05-2-E26" ROLE="Arg-1"/>
  <relation_argument REFID="CNN_IP_20030330.1600.05-2-E25" ROLE="Arg-2"/>
  <relation_mention ID="CNN_IP_20030330.1600.05-2-R9-1" LEXICALCONDITION="PreMod">
    <extent>
      <charseq START="282" END="294">the U.S. Army</charseq>
    </extent>
    <relation_mention_argument REFID="CNN_IP_20030330.1600.05-2-E26-145" ROLE="Arg-1">
      <extent>
        <charseq START="282" END="294">the U.S. Army</charseq>
      </extent>
    </relation_mention_argument>
    <relation_mention_argument REFID="CNN_IP_20030330.1600.05-2-E25-146" ROLE="Arg-2">
      <extent>
        <charseq START="286" END="288">U.S</charseq>
      </extent>
    </relation_mention_argument>
  </relation_mention>
  <relation_mention ID="CNN_IP_20030330.1600.05-2-R9-2" LEXICALCONDITION="PreMod">
    <extent>
      <charseq START="362" END="374">The U.S. Army</charseq>
    </extent>
    <relation_mention_argument REFID="CNN_IP_20030330.1600.05-2-E26-149" ROLE="Arg-1">
      <extent>
        <charseq START="362" END="374">The U.S. Army</charseq>
      </extent>
    </relation_mention_argument>
    <relation_mention_argument REFID="CNN_IP_20030330.1600.05-2-E25-150" ROLE="Arg-2">
      <extent>
        <charseq START="366" END="368">U.S</charseq>
      </extent>
    </relation_mention_argument>
  </relation_mention>
  <relation_mention ID="CNN_IP_20030330.1600.05-2-R9-3" LEXICALCONDITION="PreMod">
    <extent>
      <charseq START="1983" END="1991">U.S. Army</charseq>
    </extent>
    <relation_mention_argument REFID="CNN_IP_20030330.1600.05-2-E26-41" ROLE="Arg-1">
      <extent>
        <charseq START="1983" END="1991">U.S. Army</charseq>
      </extent>
    </relation_mention_argument>
    <relation_mention_argument REFID="CNN_IP_20030330.1600.05-2-E25-40" ROLE="Arg-2">
      <extent>
        <charseq START="1983" END="1985">U.S</charseq>
      </extent>
    </relation_mention_argument>
  </relation_mention>
  <relation_mention ID="CNN_IP_20030330.1600.05-2-R9-4" LEXICALCONDITION="PreMod">
    <extent>
      <charseq START="3388" END="3400">The U.S.
Army</charseq>
    </extent>
    <relation_mention_argument REFID="CNN_IP_20030330.1600.05-2-E26-91" ROLE="Arg-1">
      <extent>
        <charseq START="3388" END="3400">The U.S.
Army</charseq>
      </extent>
    </relation_mention_argument>
    <relation_mention_argument REFID="CNN_IP_20030330.1600.05-2-E25-92" ROLE="Arg-2">
      <extent>
        <charseq START="3392" END="3394">U.S</charseq>
      </extent>
    </relation_mention_argument>
  </relation_mention>
</relation>
<relation ID="CNN_IP_20030330.1600.05-2-R10" TYPE="PART-WHOLE" SUBTYPE="Geographical" TENSE="Unspecified" MODALITY="Asserted">
  <relation_argument REFID="CNN_IP_20030330.1600.05-2-E64" ROLE="Arg-1"/>
  <relation_argument REFID="CNN_IP_20030330.1600.05-2-E63" ROLE="Arg-2"/>
  <relation_mention ID="CNN_IP_20030330.1600.05-2-R10-1" LEXICALCONDITION="Preposition">
    <extent>
      <charseq START="956" END="977">both
sides of the road</charseq>
    </extent>
    <relation_mention_argument REFID="CNN_IP_20030330.1600.05-2-E64-138" ROLE="Arg-1">
      <extent>
        <charseq START="956" END="977">both
sides of the road</charseq>
      </extent>
    </relation_mention_argument>
    <relation_mention_argument REFID="CNN_IP_20030330.1600.05-2-E63-137" ROLE="Arg-2">
      <extent>
        <charseq START="970" END="977">the road</charseq>
      </extent>
    </relation_mention_argument>
  </relation_mention>
</relation>
<relation ID="CNN_IP_20030330.1600.05-2-R11" TYPE="PHYS" SUBTYPE="Near" TENSE="Unspecified" MODALITY="Asserted">
  <relation_argument REFID="CNN_IP_20030330.1600.05-2-E14" ROLE="Arg-1"/>
  <relation_argument REFID="CNN_IP_20030330.1600.05-2-E15" ROLE="Arg-2"/>
  <relation_mention ID="CNN_IP_20030330.1600.05-2-R11-1" LEXICALCONDITION="Verbal">
    <extent>
      <charseq START="1699" END="1903">Mostly small arms fire, but the sand storm has enabled the Iraqis
to come very close to the road, and if I sound a little nervous, it's
because we're in the soft skin vehicle and everybody else is in armor</charseq>
    </extent>
    <relation_mention_argument REFID="CNN_IP_20030330.1600.05-2-E14-26" ROLE="Arg-1">
      <extent>
        <charseq START="1754" END="1763">the Iraqis</charseq>
      </extent>
    </relation_mention_argument>
    <relation_mention_argument REFID="CNN_IP_20030330.1600.05-2-E15-27" ROLE="Arg-2">
      <extent>
        <charseq START="1787" END="1794">the road</charseq>
      </extent>
    </relation_mention_argument>
  </relation_mention>
</relation>
<relation ID="CNN_IP_20030330.1600.05-2-R12" TYPE="ART" SUBTYPE="User-Owner-Inventor-Manufacturer" TENSE="Present" MODALITY="Asserted">
  <relation_argument REFID="CNN_IP_20030330.1600.05-2-E17" ROLE="Arg-1"/>
  <relation_argument REFID="CNN_IP_20030330.1600.05-2-E19" ROLE="Arg-2"/>
  <relation_mention ID="CNN_IP_20030330.1600.05-2-R12-1" LEXICALCONDITION="Verbal">
    <extent>
      <charseq START="1699" END="1903">Mostly small arms fire, but the sand storm has enabled the Iraqis
to come very close to the road, and if I sound a little nervous, it's
because we're in the soft skin vehicle and everybody else is in armor</charseq>
    </extent>
    <relation_mention_argument REFID="CNN_IP_20030330.1600.05-2-E17-29" ROLE="Arg-1">
      <extent>
        <charseq START="1843" END="1844">we</charseq>
      </extent>
    </relation_mention_argument>
    <relation_mention_argument REFID="CNN_IP_20030330.1600.05-2-E19-32" ROLE="Arg-2">
      <extent>
        <charseq START="1852" END="1872">the soft skin vehicle</charseq>
      </extent>
    </relation_mention_argument>
  </relation_mention>
</relation>
<relation ID="CNN_IP_20030330.1600.05-2-R13" TYPE="ART" SUBTYPE="User-Owner-Inventor-Manufacturer" TENSE="Present" MODALITY="Asserted">
  <relation_argument REFID="CNN_IP_20030330.1600.05-2-E20" ROLE="Arg-1"/>
  <relation_argument REFID="CNN_IP_20030330.1600.05-2-E21" ROLE="Arg-2"/>
  <relation_mention ID="CNN_IP_20030330.1600.05-2-R13-1" LEXICALCONDITION="Verbal">
    <extent>
      <charseq START="1699" END="1903">Mostly small arms fire, but the sand storm has enabled the Iraqis
to come very close to the road, and if I sound a little nervous, it's
because we're in the soft skin vehicle and everybody else is in armor</charseq>
    </extent>
    <relation_mention_argument REFID="CNN_IP_20030330.1600.05-2-E20-33" ROLE="Arg-1">
      <extent>
        <charseq START="1878" END="1891">everybody else</charseq>
      </extent>
    </relation_mention_argument>
    <relation_mention_argument REFID="CNN_IP_20030330.1600.05-2-E21-34" ROLE="Arg-2">
      <extent>
        <charseq START="1899" END="1903">armor</charseq>
      </extent>
    </relation_mention_argument>
  </relation_mention>
</relation>
<relation ID="CNN_IP_20030330.1600.05-2-R14" TYPE="ART" SUBTYPE="User-Owner-Inventor-Manufacturer" TENSE="Unspecified" MODALITY="Asserted">
  <relation_argument REFID="CNN_IP_20030330.1600.05-2-E26" ROLE="Arg-1"/>
  <relation_argument REFID="CNN_IP_20030330.1600.05-2-E24" ROLE="Arg-2"/>
  <relation_mention ID="CNN_IP_20030330.1600.05-2-R14-1" LEXICALCONDITION="PreMod">
    <extent>
      <charseq START="1961" END="2029">a re-used,
secondhand U.S. Army Humvee that we've been traveling with</charseq>
    </extent>
    <relation_mention_argument REFID="CNN_IP_20030330.1600.05-2-E26-41" ROLE="Arg-1">
      <extent>
        <charseq START="1983" END="1991">U.S. Army</charseq>
      </extent>
    </relation_mention_argument>
    <relation_mention_argument REFID="CNN_IP_20030330.1600.05-2-E24-39" ROLE="Arg-2">
      <extent>
        <charseq START="1961" END="2029">a re-used,
secondhand U.S. Army Humvee that we've been traveling with</charseq>
      </extent>
    </relation_mention_argument>
  </relation_mention>
</relation>
<relation ID="CNN_IP_20030330.1600.05-2-R15" TYPE="ART" SUBTYPE="User-Owner-Inventor-Manufacturer" TENSE="Unspecified" MODALITY="Asserted">
  <relation_argument REFID="CNN_IP_20030330.1600.05-2-E18" ROLE="Arg-1"/>
  <relation_argument REFID="CNN_IP_20030330.1600.05-2-E24" ROLE="Arg-2"/>
  <relation_mention ID="CNN_IP_20030330.1600.05-2-R15-1" LEXICALCONDITION="Verbal">
    <extent>
      <charseq START="2139" END="2181">This is what we've literally been living in</charseq>
    </extent>
    <relation_mention_argument REFID="CNN_IP_20030330.1600.05-2-E18-49" ROLE="Arg-1">
      <extent>
        <charseq START="2152" END="2153">we</charseq>
      </extent>
    </relation_mention_argument>
    <relation_mention_argument REFID="CNN_IP_20030330.1600.05-2-E24-48" ROLE="Arg-2">
      <extent>
        <charseq START="2147" END="2181">what we've literally been living in</charseq>
      </extent>
    </relation_mention_argument>
  </relation_mention>
</relation>
<relation ID="CNN_IP_20030330.1600.05-2-R16" TYPE="PHYS" SUBTYPE="Located" TENSE="Unspecified" MODALITY="Asserted">
  <relation_argument REFID="CNN_IP_20030330.1600.05-2-E34" ROLE="Arg-1"/>
  <relation_argument REFID="CNN_IP_20030330.1600.05-2-E36" ROLE="Arg-2"/>
  <relation_mention ID="CNN_IP_20030330.1600.05-2-R16-1" LEXICALCONDITION="Other">
    <extent>
      <charseq START="2459" END="2489">You really
don't sleep out here</charseq>
    </extent>
    <relation_mention_argument REFID="CNN_IP_20030330.1600.05-2-E34-65" ROLE="Arg-1">
      <extent>
        <charseq START="2459" END="2461">You</charseq>
      </extent>
    </relation_mention_argument>
    <relation_mention_argument REFID="CNN_IP_20030330.1600.05-2-E36-133" ROLE="Arg-2">
      <extent>
        <charseq START="2482" END="2489">out here</charseq>
      </extent>
    </relation_mention_argument>
  </relation_mention>
</relation>
<relation ID="CNN_IP_20030330.1600.05-2-R17" TYPE="ART" SUBTYPE="User-Owner-Inventor-Manufacturer" TENSE="Unspecified" MODALITY="Asserted">
  <relation_argument REFID="CNN_IP_20030330.1600.05-2-E37" ROLE="Arg-1"/>
  <relation_argument REFID="CNN_IP_20030330.1600.05-2-E38" ROLE="Arg-2"/>
  <relation_argument REFID="CNN_IP_20030330.1600.05-2-T5" ROLE="Time-Holds"/>
  <relation_mention ID="CNN_IP_20030330.1600.05-2-R17-1" LEXICALCONDITION="Verbal">
    <extent>
      <charseq START="2652" END="2763">You have to realize, they've been
riding along, bouncing along in these tanks for probably six or more
hours now</charseq>
    </extent>
    <relation_mention_argument REFID="CNN_IP_20030330.1600.05-2-E37-71" ROLE="Arg-1">
      <extent>
        <charseq START="2673" END="2676">they</charseq>
      </extent>
    </relation_mention_argument>
    <relation_mention_argument REFID="CNN_IP_20030330.1600.05-2-E38-72" ROLE="Arg-2">
      <extent>
        <charseq START="2718" END="2728">these tanks</charseq>
      </extent>
    </relation_mention_argument>
    <relation_mention_argument REFID="CNN_IP_20030330.1600.05-2-T5-1" ROLE="Time-Holds">
      <extent>
        <charseq START="2743" END="2763">six or more
hours now</charseq>
      </extent>
    </relation_mention_argument>
  </relation_mention>
</relation>
<relation ID="CNN_IP_20030330.1600.05-2-R18" TYPE="ART" SUBTYPE="User-Owner-Inventor-Manufacturer" TENSE="Unspecified" MODALITY="Other">
  <relation_argument REFID="CNN_IP_20030330.1600.05-2-E34" ROLE="Arg-1"/>
  <relation_argument REFID="CNN_IP_20030330.1600.05-2-E39" ROLE="Arg-2"/>
  <relation_mention ID="CNN_IP_20030330.1600.05-2-R18-1" LEXICALCONDITION="Verbal">
    <extent>
      <charseq START="2766" END="2842">And if you ride inside that tank, it is like riding in the
bowels of a dragon</charseq>
    </extent>
    <relation_mention_argument REFID="CNN_IP_20030330.1600.05-2-E34-73" ROLE="Arg-1">
      <extent>
        <charseq START="2773" END="2775">you</charseq>
      </extent>
    </relation_mention_argument>
    <relation_mention_argument REFID="CNN_IP_20030330.1600.05-2-E39-74" ROLE="Arg-2">
      <extent>
        <charseq START="2789" END="2797">that tank</charseq>
      </extent>
    </relation_mention_argument>
  </relation_mention>
</relation>
<relation ID="CNN_IP_20030330.1600.05-2-R19" TYPE="ORG-AFF" SUBTYPE="Employment" TENSE="Unspecified" MODALITY="Asserted">
  <relation_argument REFID="CNN_IP_20030330.1600.05-2-E1" ROLE="Arg-1"/>
  <relation_argument REFID="CNN_IP_20030330.1600.05-2-E26" ROLE="Arg-2"/>
  <relation_mention ID="CNN_IP_20030330.1600.05-2-R19-1" LEXICALCONDITION="Possessive">
    <extent>
      <charseq START="3388" END="3414">The U.S.
Army's 7th Cavalry</charseq>
    </extent>
    <relation_mention_argument REFID="CNN_IP_20030330.1600.05-2-E1-90" ROLE="Arg-1">
      <extent>
        <charseq START="3388" END="3414">The U.S.
Army's 7th Cavalry</charseq>
      </extent>
    </relation_mention_argument>
    <relation_mention_argument REFID="CNN_IP_20030330.1600.05-2-E26-91" ROLE="Arg-2">
      <extent>
        <charseq START="3388" END="3400">The U.S.
Army</charseq>
      </extent>
    </relation_mention_argument>
  </relation_mention>
</relation>
<relation ID="CNN_IP_20030330.1600.05-2-R20" TYPE="GEN-AFF" SUBTYPE="Citizen-Resident-Religion-Ethnicity" TENSE="Unspecified" MODALITY="Asserted">
  <relation_argument REFID="CNN_IP_20030330.1600.05-2-E45" ROLE="Arg-1"/>
  <relation_argument REFID="CNN_IP_20030330.1600.05-2-E46" ROLE="Arg-2"/>
  <relation_mention ID="CNN_IP_20030330.1600.05-2-R20-1" LEXICALCONDITION="PreMod">
    <extent>
      <charseq START="3431" END="3458">three Iraqi prisoners of war</charseq>
    </extent>
    <relation_mention_argument REFID="CNN_IP_20030330.1600.05-2-E45-93" ROLE="Arg-1">
      <extent>
        <charseq START="3431" END="3458">three Iraqi prisoners of war</charseq>
      </extent>
    </relation_mention_argument>
    <relation_mention_argument REFID="CNN_IP_20030330.1600.05-2-E46-94" ROLE="Arg-2">
      <extent>
        <charseq START="3437" END="3441">Iraqi</charseq>
      </extent>
    </relation_mention_argument>
  </relation_mention>
</relation>
<relation ID="CNN_IP_20030330.1600.05-2-R21" TYPE="PER-SOC" SUBTYPE="Business" TENSE="Unspecified" MODALITY="Asserted">
  <relation_argument REFID="CNN_IP_20030330.1600.05-2-E16" ROLE="Arg-1"/>
  <relation_argument REFID="CNN_IP_20030330.1600.05-2-E52" ROLE="Arg-2"/>
  <relation_mention ID="CNN_IP_20030330.1600.05-2-R21-1" LEXICALCONDITION="Possessive">
    <extent>
      <charseq START="4115" END="4121">my crew</charseq>
    </extent>
    <relation_mention_argument REFID="CNN_IP_20030330.1600.05-2-E16-107" ROLE="Arg-1">
      <extent>
        <charseq START="4115" END="4116">my</charseq>
      </extent>
    </relation_mention_argument>
    <relation_mention_argument REFID="CNN_IP_20030330.1600.05-2-E52-109" ROLE="Arg-2">
      <extent>
        <charseq START="4115" END="4121">my crew</charseq>
      </extent>
    </relation_mention_argument>
  </relation_mention>
</relation>
<relation ID="CNN_IP_20030330.1600.05-2-R22" TYPE="PER-SOC" SUBTYPE="Business" TENSE="Unspecified" MODALITY="Asserted">
  <relation_argument REFID="CNN_IP_20030330.1600.05-2-E52" ROLE="Arg-1"/>
  <relation_argument REFID="CNN_IP_20030330.1600.05-2-E53" ROLE="Arg-2"/>
  <relation_mention ID="CNN_IP_20030330.1600.05-2-R22-1" LEXICALCONDITION="Possessive">
    <extent>
      <charseq START="4173" END="4205">our superb
and intrepid cameraman</charseq>
    </extent>
    <relation_mention_argument REFID="CNN_IP_20030330.1600.05-2-E52-113" ROLE="Arg-1">
      <extent>
        <charseq START="4173" END="4175">our</charseq>
      </extent>
    </relation_mention_argument>
    <relation_mention_argument REFID="CNN_IP_20030330.1600.05-2-E53-112" ROLE="Arg-2">
      <extent>
        <charseq START="4173" END="4205">our superb
and intrepid cameraman</charseq>
      </extent>
    </relation_mention_argument>
  </relation_mention>
</relation>
<relation ID="CNN_IP_20030330.1600.05-2-R23" TYPE="PHYS" SUBTYPE="Located" TENSE="Unspecified" MODALITY="Asserted">
  <relation_argument REFID="CNN_IP_20030330.1600.05-2-E1" ROLE="Arg-1"/>
  <relation_argument REFID="CNN_IP_20030330.1600.05-2-E36" ROLE="Arg-2"/>
  <relation_mention ID="CNN_IP_20030330.1600.05-2-R23-1" LEXICALCONDITION="Verbal">
    <extent>
      <charseq START="4384" END="4450">These are
live pictures of the 7th Cavalry racing across the desert</charseq>
    </extent>
    <relation_mention_argument REFID="CNN_IP_20030330.1600.05-2-E1-122" ROLE="Arg-1">
      <extent>
        <charseq START="4411" END="4425">the 7th Cavalry</charseq>
      </extent>
    </relation_mention_argument>
    <relation_mention_argument REFID="CNN_IP_20030330.1600.05-2-E36-124" ROLE="Arg-2">
      <extent>
        <charseq START="4441" END="4450">the desert</charseq>
      </extent>
    </relation_mention_argument>
  </relation_mention>
</relation>
<relation ID="CNN_IP_20030330.1600.05-2-R24" TYPE="ORG-AFF" SUBTYPE="Employment" TENSE="Unspecified" MODALITY="Asserted">
  <relation_argument REFID="CNN_IP_20030330.1600.05-2-E60" ROLE="Arg-1"/>
  <relation_argument REFID="CNN_IP_20030330.1600.05-2-E58" ROLE="Arg-2"/>
  <relation_mention ID="CNN_IP_20030330.1600.05-2-R24-1" LEXICALCONDITION="Possessive">
    <extent>
      <charseq START="4726" END="4744">CNN's Kelly Wallace</charseq>
    </extent>
    <relation_mention_argument REFID="CNN_IP_20030330.1600.05-2-E60-132" ROLE="Arg-1">
      <extent>
        <charseq START="4726" END="4744">CNN's Kelly Wallace</charseq>
      </extent>
    </relation_mention_argument>
    <relation_mention_argument REFID="CNN_IP_20030330.1600.05-2-E58-131" ROLE="Arg-2">
      <extent>
        <charseq START="4726" END="4728">CNN</charseq>
      </extent>
    </relation_mention_argument>
  </relation_mention>
</relation>
<event ID="CNN_IP_20030330.1600.05-2-EV1" TYPE="Conflict" SUBTYPE="Attack" MODALITY="Asserted" POLARITY="Positive" GENERICITY="Generic" TENSE="Past">
  <event_argument REFID="CNN_IP_20030330.1600.05-2-E63" ROLE="Place"/>
  <event_argument REFID="CNN_IP_20030330.1600.05-2-E4" ROLE="Target"/>
  <event_argument REFID="CNN_IP_20030330.1600.05-2-T4" ROLE="Time-Holds"/>
  <event_mention ID="CNN_IP_20030330.1600.05-2-EV1-1">
    <extent>
      <charseq START="888" END="977">Seventy-two hours of that was under constant fire coming at us from both
sides of the road</charseq>
    </extent>
    <ldc_scope>
      <charseq START="888" END="977">Seventy-two hours of that was under constant fire coming at us from both
sides of the road</charseq>
    </ldc_scope>
    <anchor>
      <charseq START="933" END="936">fire</charseq>
    </anchor>
    <event_mention_argument REFID="CNN_IP_20030330.1600.05-2-E63-137" ROLE="Place">
      <extent>
        <charseq START="970" END="977">the road</charseq>
      </extent>
    </event_mention_argument>
    <event_mention_argument REFID="CNN_IP_20030330.1600.05-2-E4-30" ROLE="Target">
      <extent>
        <charseq START="948" END="949">us</charseq>
      </extent>
    </event_mention_argument>
    <event_mention_argument REFID="CNN_IP_20030330.1600.05-2-T4-1" ROLE="Time-Holds">
      <extent>
        <charseq START="888" END="904">Seventy-two hours</charseq>
      </extent>
    </event_mention_argument>
  </event_mention>
</event>
<event ID="CNN_IP_20030330.1600.05-2-EV2" TYPE="Conflict" SUBTYPE="Attack" MODALITY="Other" POLARITY="Positive" GENERICITY="Generic" TENSE="Unspecified">
  <event_mention ID="CNN_IP_20030330.1600.05-2-EV2-1">
    <extent>
      <charseq START="1193" END="1199">shot at</charseq>
    </extent>
    <ldc_scope>
      <charseq START="1113" END="1210">Recall Winston Churchill's old quote, "There's nothing so exhilarating as
being shot at and missed</charseq>
    </ldc_scope>
    <anchor>
      <charseq START="1193" END="1199">shot at</charseq>
    </anchor>
  </event_mention>
</event>
<event ID="CNN_IP_20030330.1600.05-2-EV3" TYPE="Conflict" SUBTYPE="Attack" MODALITY="Asserted" POLARITY="Positive" GENERICITY="Generic" TENSE="Past">
  <event_argument REFID="CNN_IP_20030330.1600.05-2-E4" ROLE="Target"/>
  <event_mention ID="CNN_IP_20030330.1600.05-2-EV3-1">
    <extent>
      <charseq START="1644" END="1667">We have under heavy fire</charseq>
    </extent>
    <ldc_scope>
      <charseq START="1644" END="1696">We have under heavy fire for the past couple of
miles</charseq>
    </ldc_scope>
    <anchor>
      <charseq START="1664" END="1667">fire</charseq>
    </anchor>
    <event_mention_argument REFID="CNN_IP_20030330.1600.05-2-E4-24" ROLE="Target">
      <extent>
        <charseq START="1644" END="1645">We</charseq>
      </extent>
    </event_mention_argument>
  </event_mention>
</event>
<event ID="CNN_IP_20030330.1600.05-2-EV4" TYPE="Conflict" SUBTYPE="Attack" MODALITY="Asserted" POLARITY="Positive" GENERICITY="Generic" TENSE="Unspecified">
  <event_argument REFID="CNN_IP_20030330.1600.05-2-E65" ROLE="Instrument"/>
  <event_mention ID="CNN_IP_20030330.1600.05-2-EV4-1">
    <extent>
      <charseq START="1706" END="1720">small arms fire</charseq>
    </extent>
    <ldc_scope>
      <charseq START="1699" END="1903">Mostly small arms fire, but the sand storm has enabled the Iraqis
to come very close to the road, and if I sound a little nervous, it's
because we're in the soft skin vehicle and everybody else is in armor</charseq>
    </ldc_scope>
    <anchor>
      <charseq START="1717" END="1720">fire</charseq>
    </anchor>
    <event_mention_argument REFID="CNN_IP_20030330.1600.05-2-E65-142" ROLE="Instrument">
      <extent>
        <charseq START="1706" END="1715">small arms</charseq>
      </extent>
    </event_mention_argument>
  </event_mention>
</event>
<event ID="CNN_IP_20030330.1600.05-2-EV5" TYPE="Conflict" SUBTYPE="Attack" MODALITY="Other" POLARITY="Positive" GENERICITY="Specific" TENSE="Unspecified">
  <event_mention ID="CNN_IP_20030330.1600.05-2-EV5-1">
    <extent>
      <charseq START="2644" END="2649">battle</charseq>
    </extent>
    <ldc_scope>
      <charseq START="2492" END="2649">Of course, you're on an adrenaline high, but racing
across the desert, you know that you're traveling toward the jaws of what
could be a major military battle</charseq>
    </ldc_scope>
    <anchor>
      <charseq START="2644" END="2649">battle</charseq>
    </anchor>
  </event_mention>
</event>
<event ID="CNN_IP_20030330.1600.05-2-EV6" TYPE="Justice" SUBTYPE="Arrest-Jail" MODALITY="Asserted" POLARITY="Positive" GENERICITY="Specific" TENSE="Past">
  <event_argument REFID="CNN_IP_20030330.1600.05-2-E45" ROLE="Person"/>
  <event_argument REFID="CNN_IP_20030330.1600.05-2-E1" ROLE="Agent"/>
  <event_mention ID="CNN_IP_20030330.1600.05-2-EV6-1">
    <extent>
      <charseq START="3388" END="3458">The U.S.
Army's 7th Cavalry has just taken three Iraqi prisoners of war</charseq>
    </extent>
    <ldc_scope>
      <charseq START="3388" END="3458">The U.S.
Army's 7th Cavalry has just taken three Iraqi prisoners of war</charseq>
    </ldc_scope>
    <anchor>
      <charseq START="3425" END="3429">taken</charseq>
    </anchor>
    <event_mention_argument REFID="CNN_IP_20030330.1600.05-2-E45-93" ROLE="Person">
      <extent>
        <charseq START="3431" END="3458">three Iraqi prisoners of war</charseq>
      </extent>
    </event_mention_argument>
    <event_mention_argument REFID="CNN_IP_20030330.1600.05-2-E1-90" ROLE="Agent">
      <extent>
        <charseq START="3388" END="3414">The U.S.
Army's 7th Cavalry</charseq>
      </extent>
    </event_mention_argument>
  </event_mention>
</event>
<event ID="CNN_IP_20030330.1600.05-2-EV7" TYPE="Conflict" SUBTYPE="Attack" MODALITY="Asserted" POLARITY="Positive" GENERICITY="Specific" TENSE="Past">
  <event_mention ID="CNN_IP_20030330.1600.05-2-EV7-1">
    <extent>
      <charseq START="4057" END="4076">the Second World War</charseq>
    </extent>
    <ldc_scope>
      <charseq START="3928" END="4076">The Army is eating much, much better
than the grandfathers of these soldiers did and the great grandfathers of
these soldiers in the Second World War</charseq>
    </ldc_scope>
    <anchor>
      <charseq START="4057" END="4076">the Second World War</charseq>
    </anchor>
  </event_mention>
</event>
<event ID="CNN_IP_20030330.1600.05-2-EV8" TYPE="Life" SUBTYPE="Die" MODALITY="Asserted" POLARITY="Positive" GENERICITY="Specific" TENSE="Past">
  <event_argument REFID="CNN_IP_20030330.1600.05-2-E59" ROLE="Place"/>
  <event_argument REFID="CNN_IP_20030330.1600.05-2-T7" ROLE="Time-Within"/>
  <event_mention ID="CNN_IP_20030330.1600.05-2-EV8-1">
    <extent>
      <charseq START="4677" END="4709">today's suicide bombing in Israel</charseq>
    </extent>
    <ldc_scope>
      <charseq START="4641" END="4709">Just ahead we'll have the latest on
today's suicide bombing in Israel</charseq>
    </ldc_scope>
    <anchor>
      <charseq START="4685" END="4691">suicide</charseq>
    </anchor>
    <event_mention_argument REFID="CNN_IP_20030330.1600.05-2-E59-130" ROLE="Place">
      <extent>
        <charseq START="4704" END="4709">Israel</charseq>
      </extent>
    </event_mention_argument>
    <event_mention_argument REFID="CNN_IP_20030330.1600.05-2-T7-1" ROLE="Time-Within">
      <extent>
        <charseq START="4677" END="4681">today</charseq>
      </extent>
    </event_mention_argument>
  </event_mention>
</event>
<event ID="CNN_IP_20030330.1600.05-2-EV9" TYPE="Conflict" SUBTYPE="Attack" MODALITY="Asserted" POLARITY="Positive" GENERICITY="Specific" TENSE="Past">
  <event_argument REFID="CNN_IP_20030330.1600.05-2-E59" ROLE="Place"/>
  <event_argument REFID="CNN_IP_20030330.1600.05-2-T7" ROLE="Time-Within"/>
  <event_mention ID="CNN_IP_20030330.1600.05-2-EV9-1">
    <extent>
      <charseq START="4677" END="4709">today's suicide bombing in Israel</charseq>
    </extent>
    <ldc_scope>
      <charseq START="4641" END="4709">Just ahead we'll have the latest on
today's suicide bombing in Israel</charseq>
    </ldc_scope>
    <anchor>
      <charseq START="4693" END="4699">bombing</charseq>
    </anchor>
    <event_mention_argument REFID="CNN_IP_20030330.1600.05-2-E59-130" ROLE="Place">
      <extent>
        <charseq START="4704" END="4709">Israel</charseq>
      </extent>
    </event_mention_argument>
    <event_mention_argument REFID="CNN_IP_20030330.1600.05-2-T7-1" ROLE="Time-Within">
      <extent>
        <charseq START="4677" END="4681">today</charseq>
      </extent>
    </event_mention_argument>
  </event_mention>
</event>
</document>
</source_file>
