<?xml version="1.0"?>
<!DOCTYPE source_file SYSTEM "apf.v5.1.1.dtd">
<source_file URI="CNN_IP_20030410.1600.03-2.sgm" SOURCE="broadcast conversation" TYPE="text" AUTHOR="LDC" ENCODING="UTF-8">
<document DOCID="CNN_IP_20030410.1600.03-2">
<entity ID="CNN_IP_20030410.1600.03-2-E1" TYPE="ORG" SUBTYPE="Media" CLASS="SPC">
  <entity_mention ID="CNN_IP_20030410.1600.03-2-E1-10" TYPE="PRO" LDCTYPE="PRO">
    <extent>
      <charseq START="3873" END="3874">we</charseq>
    </extent>
    <head>
      <charseq START="3873" END="3874">we</charseq>
    </head>
  </entity_mention>
  <entity_mention ID="CNN_IP_20030410.1600.03-2-E1-11" TYPE="PRO" LDCTYPE="PRO">
    <extent>
      <charseq START="3941" END="3943">you</charseq>
    </extent>
    <head>
      <charseq START="3941" END="3943">you</charseq>
    </head>
  </entity_mention>
  <entity_mention ID="CNN_IP_20030410.1600.03-2-E1-17" TYPE="PRO" LDCTYPE="PRO">
    <extent>
      <charseq START="995" END="997">you</charseq>
    </extent>
    <head>
      <charseq START="995" END="997">you</charseq>
    </head>
  </entity_mention>
  <entity_mention ID="CNN_IP_20030410.1600.03-2-E1-48" TYPE="PRO" LDCTYPE="PRO">
    <extent>
      <charseq START="3993" END="3995">you</charseq>
    </extent>
    <head>
      <charseq START="3993" END="3995">you</charseq>
    </head>
  </entity_mention>
  <entity_mention ID="CNN_IP_20030410.1600.03-2-E1-83" TYPE="PRO" LDCTYPE="PRO">
    <extent>
      <charseq START="3736" END="3737">We</charseq>
    </extent>
    <head>
      <charseq START="3736" END="3737">We</charseq>
    </head>
  </entity_mention>
  <entity_mention ID="CNN_IP_20030410.1600.03-2-E1-125" TYPE="PRO" LDCTYPE="PRO">
    <extent>
      <charseq START="3909" END="3910">us</charseq>
    </extent>
    <head>
      <charseq START="3909" END="3910">us</charseq>
    </head>
  </entity_mention>
  <entity_mention ID="CNN_IP_20030410.1600.03-2-E1-136" TYPE="PRO" LDCTYPE="PRO">
    <extent>
      <charseq START="3959" END="3960">We</charseq>
    </extent>
    <head>
      <charseq START="3959" END="3960">We</charseq>
    </head>
  </entity_mention>
  <entity_mention ID="CNN_IP_20030410.1600.03-2-E1-145" TYPE="PRO" LDCTYPE="PRO">
    <extent>
      <charseq START="414" END="415">us</charseq>
    </extent>
    <head>
      <charseq START="414" END="415">us</charseq>
    </head>
  </entity_mention>
</entity>
<entity ID="CNN_IP_20030410.1600.03-2-E2" TYPE="GPE" SUBTYPE="Population-Center" CLASS="SPC">
  <entity_mention ID="CNN_IP_20030410.1600.03-2-E2-2" TYPE="NAM" LDCTYPE="NAM" ROLE="LOC">
    <extent>
      <charseq START="426" END="431">London</charseq>
    </extent>
    <head>
      <charseq START="426" END="431">London</charseq>
    </head>
  </entity_mention>
  <entity_mention ID="CNN_IP_20030410.1600.03-2-E2-126" TYPE="NAM" LDCTYPE="NAM" ROLE="LOC">
    <extent>
      <charseq START="3917" END="3922">London</charseq>
    </extent>
    <head>
      <charseq START="3917" END="3922">London</charseq>
    </head>
  </entity_mention>
  <entity_attributes>
    <name NAME="London">
      <charseq START="426" END="431">London</charseq>
    </name>
    <name NAME="London">
      <charseq START="3917" END="3922">London</charseq>
    </name>
  </entity_attributes>
</entity>
<entity ID="CNN_IP_20030410.1600.03-2-E3" TYPE="PER" SUBTYPE="Individual" CLASS="SPC">
  <entity_mention ID="CNN_IP_20030410.1600.03-2-E3-1" TYPE="NAM" LDCTYPE="NAM" LDCATR="TRUE">
    <extent>
      <charseq START="160" END="170">Laith Kubba</charseq>
    </extent>
    <head>
      <charseq START="160" END="170">Laith Kubba</charseq>
    </head>
  </entity_mention>
  <entity_mention ID="CNN_IP_20030410.1600.03-2-E3-3" TYPE="PRO" LDCTYPE="PRO" LDCATR="TRUE">
    <extent>
      <charseq START="458" END="460">his</charseq>
    </extent>
    <head>
      <charseq START="458" END="460">his</charseq>
    </head>
  </entity_mention>
  <entity_mention ID="CNN_IP_20030410.1600.03-2-E3-4" TYPE="NAM" LDCTYPE="NAM" LDCATR="TRUE">
    <extent>
      <charseq START="471" END="479">Mr. Kubba</charseq>
    </extent>
    <head>
      <charseq START="475" END="479">Kubba</charseq>
    </head>
  </entity_mention>
  <entity_mention ID="CNN_IP_20030410.1600.03-2-E3-5" TYPE="NOM" LDCTYPE="NOMPRE" LDCATR="TRUE">
    <extent>
      <charseq START="471" END="472">Mr</charseq>
    </extent>
    <head>
      <charseq START="471" END="472">Mr</charseq>
    </head>
  </entity_mention>
  <entity_mention ID="CNN_IP_20030410.1600.03-2-E3-6" TYPE="PRO" LDCTYPE="PRO" LDCATR="TRUE">
    <extent>
      <charseq START="496" END="499">your</charseq>
    </extent>
    <head>
      <charseq START="496" END="499">your</charseq>
    </head>
  </entity_mention>
  <entity_mention ID="CNN_IP_20030410.1600.03-2-E3-7" TYPE="PRO" LDCTYPE="PRO" LDCATR="TRUE">
    <extent>
      <charseq START="513" END="515">you</charseq>
    </extent>
    <head>
      <charseq START="513" END="515">you</charseq>
    </head>
  </entity_mention>
  <entity_mention ID="CNN_IP_20030410.1600.03-2-E3-18" TYPE="PRO" LDCTYPE="PRO" LDCATR="TRUE">
    <extent>
      <charseq START="1047" END="1049">you</charseq>
    </extent>
    <head>
      <charseq START="1047" END="1049">you</charseq>
    </head>
  </entity_mention>
  <entity_mention ID="CNN_IP_20030410.1600.03-2-E3-19" TYPE="PRO" LDCTYPE="PRO" LDCATR="TRUE">
    <extent>
      <charseq START="1117" END="1119">you</charseq>
    </extent>
    <head>
      <charseq START="1117" END="1119">you</charseq>
    </head>
  </entity_mention>
  <entity_mention ID="CNN_IP_20030410.1600.03-2-E3-27" TYPE="PRO" LDCTYPE="PRO" LDCATR="TRUE">
    <extent>
      <charseq START="1287" END="1287">I</charseq>
    </extent>
    <head>
      <charseq START="1287" END="1287">I</charseq>
    </head>
  </entity_mention>
  <entity_mention ID="CNN_IP_20030410.1600.03-2-E3-38" TYPE="PRO" LDCTYPE="PRO" LDCATR="TRUE">
    <extent>
      <charseq START="1529" END="1530">me</charseq>
    </extent>
    <head>
      <charseq START="1529" END="1530">me</charseq>
    </head>
  </entity_mention>
  <entity_mention ID="CNN_IP_20030410.1600.03-2-E3-39" TYPE="PRO" LDCTYPE="PRO" LDCATR="TRUE">
    <extent>
      <charseq START="1672" END="1672">I</charseq>
    </extent>
    <head>
      <charseq START="1672" END="1672">I</charseq>
    </head>
  </entity_mention>
  <entity_mention ID="CNN_IP_20030410.1600.03-2-E3-66" TYPE="NAM" LDCTYPE="NAM" LDCATR="TRUE">
    <extent>
      <charseq START="2518" END="2526">Mr. Kubba</charseq>
    </extent>
    <head>
      <charseq START="2522" END="2526">Kubba</charseq>
    </head>
  </entity_mention>
  <entity_mention ID="CNN_IP_20030410.1600.03-2-E3-67" TYPE="NOM" LDCTYPE="NOMPRE" LDCATR="TRUE">
    <extent>
      <charseq START="2518" END="2519">Mr</charseq>
    </extent>
    <head>
      <charseq START="2518" END="2519">Mr</charseq>
    </head>
  </entity_mention>
  <entity_mention ID="CNN_IP_20030410.1600.03-2-E3-85" TYPE="PRO" LDCTYPE="PRO" LDCATR="TRUE">
    <extent>
      <charseq START="2784" END="2784">I</charseq>
    </extent>
    <head>
      <charseq START="2784" END="2784">I</charseq>
    </head>
  </entity_mention>
  <entity_mention ID="CNN_IP_20030410.1600.03-2-E3-86" TYPE="PRO" LDCTYPE="PRO" LDCATR="TRUE">
    <extent>
      <charseq START="2927" END="2927">I</charseq>
    </extent>
    <head>
      <charseq START="2927" END="2927">I</charseq>
    </head>
  </entity_mention>
  <entity_mention ID="CNN_IP_20030410.1600.03-2-E3-87" TYPE="PRO" LDCTYPE="PRO" LDCATR="TRUE">
    <extent>
      <charseq START="3120" END="3120">I</charseq>
    </extent>
    <head>
      <charseq START="3120" END="3120">I</charseq>
    </head>
  </entity_mention>
  <entity_mention ID="CNN_IP_20030410.1600.03-2-E3-105" TYPE="NOM" LDCTYPE="NOM" LDCATR="TRUE">
    <extent>
      <charseq START="175" END="219">an Iraqi exile who has family members
in Iraq</charseq>
    </extent>
    <head>
      <charseq START="184" END="188">exile</charseq>
    </head>
  </entity_mention>
  <entity_mention ID="CNN_IP_20030410.1600.03-2-E3-116" TYPE="NAM" LDCTYPE="NAM" LDCATR="TRUE">
    <extent>
      <charseq START="3755" END="3765">Laith Kubba</charseq>
    </extent>
    <head>
      <charseq START="3755" END="3765">Laith Kubba</charseq>
    </head>
  </entity_mention>
  <entity_mention ID="CNN_IP_20030410.1600.03-2-E3-117" TYPE="NOM" LDCTYPE="NOM" LDCATR="TRUE">
    <extent>
      <charseq START="3775" END="3814">the president of a group of Iraqi
exiles</charseq>
    </extent>
    <head>
      <charseq START="3779" END="3787">president</charseq>
    </head>
  </entity_mention>
  <entity_mention ID="CNN_IP_20030410.1600.03-2-E3-118" TYPE="PRO" LDCTYPE="WHQ" LDCATR="TRUE">
    <extent>
      <charseq START="3768" END="3770">who</charseq>
    </extent>
    <head>
      <charseq START="3768" END="3770">who</charseq>
    </head>
  </entity_mention>
  <entity_mention ID="CNN_IP_20030410.1600.03-2-E3-122" TYPE="NAM" LDCTYPE="NAM" LDCATR="TRUE">
    <extent>
      <charseq START="3862" END="3870">Mr. Kubba</charseq>
    </extent>
    <head>
      <charseq START="3866" END="3870">Kubba</charseq>
    </head>
  </entity_mention>
  <entity_mention ID="CNN_IP_20030410.1600.03-2-E3-123" TYPE="NOM" LDCTYPE="NOMPRE" LDCATR="TRUE">
    <extent>
      <charseq START="3862" END="3863">Mr</charseq>
    </extent>
    <head>
      <charseq START="3862" END="3863">Mr</charseq>
    </head>
  </entity_mention>
  <entity_mention ID="CNN_IP_20030410.1600.03-2-E3-124" TYPE="PRO" LDCTYPE="PRO" LDCATR="TRUE">
    <extent>
      <charseq START="3882" END="3884">you</charseq>
    </extent>
    <head>
      <charseq START="3882" END="3884">you</charseq>
    </head>
  </entity_mention>
  <entity_mention ID="CNN_IP_20030410.1600.03-2-E3-129" TYPE="PRO" LDCTYPE="WHQ" LDCATR="TRUE">
    <extent>
      <charseq START="190" END="192">who</charseq>
    </extent>
    <head>
      <charseq START="190" END="192">who</charseq>
    </head>
  </entity_mention>
  <entity_mention ID="CNN_IP_20030410.1600.03-2-E3-133" TYPE="NAM" LDCTYPE="NAM" LDCATR="TRUE">
    <extent>
      <charseq START="222" END="230">Mr. Kubba</charseq>
    </extent>
    <head>
      <charseq START="226" END="230">Kubba</charseq>
    </head>
  </entity_mention>
  <entity_mention ID="CNN_IP_20030410.1600.03-2-E3-134" TYPE="NOM" LDCTYPE="NOMPRE" LDCATR="TRUE">
    <extent>
      <charseq START="222" END="223">Mr</charseq>
    </extent>
    <head>
      <charseq START="222" END="223">Mr</charseq>
    </head>
  </entity_mention>
  <entity_mention ID="CNN_IP_20030410.1600.03-2-E3-135" TYPE="NOM" LDCTYPE="NOM" LDCATR="TRUE">
    <extent>
      <charseq START="235" END="309">a senior fellow at a think tank called the National
Endowment for Democracy</charseq>
    </extent>
    <head>
      <charseq START="244" END="249">fellow</charseq>
    </head>
  </entity_mention>
  <entity_mention ID="CNN_IP_20030410.1600.03-2-E3-139" TYPE="PRO" LDCTYPE="PRO" LDCATR="TRUE">
    <extent>
      <charseq START="312" END="313">He</charseq>
    </extent>
    <head>
      <charseq START="312" END="313">He</charseq>
    </head>
  </entity_mention>
  <entity_mention ID="CNN_IP_20030410.1600.03-2-E3-140" TYPE="NOM" LDCTYPE="NOM" LDCATR="TRUE">
    <extent>
      <charseq START="323" END="362">the president of a group of Iraqi
exiles</charseq>
    </extent>
    <head>
      <charseq START="327" END="335">president</charseq>
    </head>
  </entity_mention>
  <entity_mention ID="CNN_IP_20030410.1600.03-2-E3-144" TYPE="PRO" LDCTYPE="PRO" LDCATR="TRUE">
    <extent>
      <charseq START="405" END="406">He</charseq>
    </extent>
    <head>
      <charseq START="405" END="406">He</charseq>
    </head>
  </entity_mention>
  <entity_attributes>
    <name NAME="Laith Kubba">
      <charseq START="160" END="170">Laith Kubba</charseq>
    </name>
    <name NAME="Kubba">
      <charseq START="475" END="479">Kubba</charseq>
    </name>
    <name NAME="Kubba">
      <charseq START="2522" END="2526">Kubba</charseq>
    </name>
    <name NAME="Laith Kubba">
      <charseq START="3755" END="3765">Laith Kubba</charseq>
    </name>
    <name NAME="Kubba">
      <charseq START="3866" END="3870">Kubba</charseq>
    </name>
    <name NAME="Kubba">
      <charseq START="226" END="230">Kubba</charseq>
    </name>
  </entity_attributes>
</entity>
<entity ID="CNN_IP_20030410.1600.03-2-E4" TYPE="GPE" SUBTYPE="Population-Center" CLASS="SPC">
  <entity_mention ID="CNN_IP_20030410.1600.03-2-E4-8" TYPE="NAM" LDCTYPE="NAM" ROLE="LOC" LDCATR="FALSE">
    <extent>
      <charseq START="544" END="550">Baghdad</charseq>
    </extent>
    <head>
      <charseq START="544" END="550">Baghdad</charseq>
    </head>
  </entity_mention>
  <entity_mention ID="CNN_IP_20030410.1600.03-2-E4-13" TYPE="NAM" LDCTYPE="NAM" ROLE="LOC" LDCATR="FALSE">
    <extent>
      <charseq START="724" END="730">Baghdad</charseq>
    </extent>
    <head>
      <charseq START="724" END="730">Baghdad</charseq>
    </head>
  </entity_mention>
  <entity_mention ID="CNN_IP_20030410.1600.03-2-E4-14" TYPE="NOM" LDCTYPE="NOM" ROLE="LOC" LDCATR="TRUE">
    <extent>
      <charseq START="748" END="794">a war theater with more destruction to property</charseq>
    </extent>
    <head>
      <charseq START="754" END="760">theater</charseq>
    </head>
  </entity_mention>
  <entity_mention ID="CNN_IP_20030410.1600.03-2-E4-21" TYPE="NAM" LDCTYPE="NAM" ROLE="LOC" LDCATR="FALSE">
    <extent>
      <charseq START="1084" END="1090">Baghdad</charseq>
    </extent>
    <head>
      <charseq START="1084" END="1090">Baghdad</charseq>
    </head>
  </entity_mention>
  <entity_mention ID="CNN_IP_20030410.1600.03-2-E4-24" TYPE="NAM" LDCTYPE="NAM" ROLE="LOC" LDCATR="FALSE">
    <extent>
      <charseq START="1254" END="1260">Baghdad</charseq>
    </extent>
    <head>
      <charseq START="1254" END="1260">Baghdad</charseq>
    </head>
  </entity_mention>
  <entity_mention ID="CNN_IP_20030410.1600.03-2-E4-112" TYPE="NAM" LDCTYPE="NAM" ROLE="LOC" LDCATR="FALSE">
    <extent>
      <charseq START="3533" END="3539">Baghdad</charseq>
    </extent>
    <head>
      <charseq START="3533" END="3539">Baghdad</charseq>
    </head>
  </entity_mention>
  <entity_attributes>
    <name NAME="Baghdad">
      <charseq START="544" END="550">Baghdad</charseq>
    </name>
    <name NAME="Baghdad">
      <charseq START="724" END="730">Baghdad</charseq>
    </name>
    <name NAME="Baghdad">
      <charseq START="1084" END="1090">Baghdad</charseq>
    </name>
    <name NAME="Baghdad">
      <charseq START="1254" END="1260">Baghdad</charseq>
    </name>
    <name NAME="Baghdad">
      <charseq START="3533" END="3539">Baghdad</charseq>
    </name>
  </entity_attributes>
</entity>
<entity ID="CNN_IP_20030410.1600.03-2-E5" TYPE="ORG" SUBTYPE="Government" CLASS="SPC">
  <entity_mention ID="CNN_IP_20030410.1600.03-2-E5-9" TYPE="NOM" LDCTYPE="NOM">
    <extent>
      <charseq START="553" END="577">the Saddam
Hussein regime</charseq>
    </extent>
    <head>
      <charseq START="572" END="577">regime</charseq>
    </head>
  </entity_mention>
</entity>
<entity ID="CNN_IP_20030410.1600.03-2-E6" TYPE="PER" SUBTYPE="Individual" CLASS="SPC">
  <entity_mention ID="CNN_IP_20030410.1600.03-2-E6-12" TYPE="NAM" LDCTYPE="NAMPRE">
    <extent>
      <charseq START="557" END="570">Saddam
Hussein</charseq>
    </extent>
    <head>
      <charseq START="557" END="570">Saddam
Hussein</charseq>
    </head>
  </entity_mention>
  <entity_attributes>
    <name NAME="Saddam Hussein">
      <charseq START="557" END="570">Saddam
Hussein</charseq>
    </name>
  </entity_attributes>
</entity>
<entity ID="CNN_IP_20030410.1600.03-2-E8" TYPE="PER" SUBTYPE="Group" CLASS="USP">
  <entity_mention ID="CNN_IP_20030410.1600.03-2-E8-15" TYPE="NOM" LDCTYPE="NOM">
    <extent>
      <charseq START="823" END="870">four million people who could have suffered
more</charseq>
    </extent>
    <head>
      <charseq START="836" END="841">people</charseq>
    </head>
  </entity_mention>
  <entity_mention ID="CNN_IP_20030410.1600.03-2-E8-16" TYPE="PRO" LDCTYPE="WHQ">
    <extent>
      <charseq START="843" END="845">who</charseq>
    </extent>
    <head>
      <charseq START="843" END="845">who</charseq>
    </head>
  </entity_mention>
</entity>
<entity ID="CNN_IP_20030410.1600.03-2-E9" TYPE="LOC" SUBTYPE="Region-General" CLASS="USP">
  <entity_mention ID="CNN_IP_20030410.1600.03-2-E9-25" TYPE="NOM" LDCTYPE="NOM">
    <extent>
      <charseq START="1266" END="1284">other parts of Iraq</charseq>
    </extent>
    <head>
      <charseq START="1272" END="1276">parts</charseq>
    </head>
  </entity_mention>
</entity>
<entity ID="CNN_IP_20030410.1600.03-2-E10" TYPE="PER" SUBTYPE="Individual" CLASS="SPC">
  <entity_mention ID="CNN_IP_20030410.1600.03-2-E10-29" TYPE="NOM" LDCTYPE="NOM">
    <extent>
      <charseq START="1332" END="1350">one close colleague</charseq>
    </extent>
    <head>
      <charseq START="1342" END="1350">colleague</charseq>
    </head>
  </entity_mention>
  <entity_mention ID="CNN_IP_20030410.1600.03-2-E10-30" TYPE="NAM" LDCTYPE="NAM">
    <extent>
      <charseq START="1353" END="1373">Saeed Abu Naji Abhuey</charseq>
    </extent>
    <head>
      <charseq START="1353" END="1373">Saeed Abu Naji Abhuey</charseq>
    </head>
  </entity_mention>
  <entity_mention ID="CNN_IP_20030410.1600.03-2-E10-32" TYPE="PRO" LDCTYPE="PRO">
    <extent>
      <charseq START="1390" END="1391">He</charseq>
    </extent>
    <head>
      <charseq START="1390" END="1391">He</charseq>
    </head>
  </entity_mention>
  <entity_attributes>
    <name NAME="Saeed Abu Naji Abhuey">
      <charseq START="1353" END="1373">Saeed Abu Naji Abhuey</charseq>
    </name>
  </entity_attributes>
</entity>
<entity ID="CNN_IP_20030410.1600.03-2-E11" TYPE="GPE" SUBTYPE="Population-Center" CLASS="SPC">
  <entity_mention ID="CNN_IP_20030410.1600.03-2-E11-31" TYPE="NAM" LDCTYPE="NAM" ROLE="LOC">
    <extent>
      <charseq START="1383" END="1387">Najaf</charseq>
    </extent>
    <head>
      <charseq START="1383" END="1387">Najaf</charseq>
    </head>
  </entity_mention>
  <entity_attributes>
    <name NAME="Najaf">
      <charseq START="1383" END="1387">Najaf</charseq>
    </name>
  </entity_attributes>
</entity>
<entity ID="CNN_IP_20030410.1600.03-2-E12" TYPE="PER" SUBTYPE="Group" CLASS="USP">
  <entity_mention ID="CNN_IP_20030410.1600.03-2-E12-33" TYPE="NOM" LDCTYPE="BAR">
    <extent>
      <charseq START="1411" END="1443">former members of the Baath Party</charseq>
    </extent>
    <head>
      <charseq START="1418" END="1424">members</charseq>
    </head>
  </entity_mention>
</entity>
<entity ID="CNN_IP_20030410.1600.03-2-E13" TYPE="PER" SUBTYPE="Group" CLASS="SPC">
  <entity_mention ID="CNN_IP_20030410.1600.03-2-E13-34" TYPE="NOM" LDCTYPE="NOM">
    <extent>
      <charseq START="1448" END="1471">the security of
the army</charseq>
    </extent>
    <head>
      <charseq START="1452" END="1459">security</charseq>
    </head>
  </entity_mention>
</entity>
<entity ID="CNN_IP_20030410.1600.03-2-E14" TYPE="ORG" SUBTYPE="Government" CLASS="SPC">
  <entity_mention ID="CNN_IP_20030410.1600.03-2-E14-35" TYPE="NOM" LDCTYPE="NOM">
    <extent>
      <charseq START="1464" END="1471">the army</charseq>
    </extent>
    <head>
      <charseq START="1468" END="1471">army</charseq>
    </head>
  </entity_mention>
</entity>
<entity ID="CNN_IP_20030410.1600.03-2-E15" TYPE="ORG" SUBTYPE="Non-Governmental" CLASS="SPC">
  <entity_mention ID="CNN_IP_20030410.1600.03-2-E15-36" TYPE="NOM" LDCTYPE="NOM">
    <extent>
      <charseq START="1486" END="1508">a local organized group</charseq>
    </extent>
    <head>
      <charseq START="1504" END="1508">group</charseq>
    </head>
  </entity_mention>
</entity>
<entity ID="CNN_IP_20030410.1600.03-2-E16" TYPE="ORG" SUBTYPE="Non-Governmental" CLASS="SPC">
  <entity_mention ID="CNN_IP_20030410.1600.03-2-E16-37" TYPE="NAM" LDCTYPE="NAM">
    <extent>
      <charseq START="1429" END="1443">the Baath Party</charseq>
    </extent>
    <head>
      <charseq START="1433" END="1443">Baath Party</charseq>
    </head>
  </entity_mention>
  <entity_attributes>
    <name NAME="Baath Party">
      <charseq START="1433" END="1443">Baath Party</charseq>
    </name>
  </entity_attributes>
</entity>
<entity ID="CNN_IP_20030410.1600.03-2-E17" TYPE="PER" SUBTYPE="Group" CLASS="USP">
  <entity_mention ID="CNN_IP_20030410.1600.03-2-E17-40" TYPE="NOM" LDCTYPE="BAR">
    <extent>
      <charseq START="1546" END="1551">People</charseq>
    </extent>
    <head>
      <charseq START="1546" END="1551">People</charseq>
    </head>
  </entity_mention>
  <entity_mention ID="CNN_IP_20030410.1600.03-2-E17-41" TYPE="PRO" LDCTYPE="PRO">
    <extent>
      <charseq START="1652" END="1655">they</charseq>
    </extent>
    <head>
      <charseq START="1652" END="1655">they</charseq>
    </head>
  </entity_mention>
  <entity_mention ID="CNN_IP_20030410.1600.03-2-E17-42" TYPE="PRO" LDCTYPE="PRO">
    <extent>
      <charseq START="1680" END="1683">they</charseq>
    </extent>
    <head>
      <charseq START="1680" END="1683">they</charseq>
    </head>
  </entity_mention>
</entity>
<entity ID="CNN_IP_20030410.1600.03-2-E18" TYPE="PER" SUBTYPE="Indeterminate" CLASS="USP">
  <entity_mention ID="CNN_IP_20030410.1600.03-2-E18-43" TYPE="PRO" LDCTYPE="WHQ">
    <extent>
      <charseq START="1749" END="1751">who</charseq>
    </extent>
    <head>
      <charseq START="1749" END="1751">who</charseq>
    </head>
  </entity_mention>
</entity>
<entity ID="CNN_IP_20030410.1600.03-2-E20" TYPE="GPE" SUBTYPE="Nation" CLASS="SPC">
  <entity_mention ID="CNN_IP_20030410.1600.03-2-E20-45" TYPE="NAM" LDCTYPE="NAM" ROLE="ORG" LDCATR="FALSE">
    <extent>
      <charseq START="1838" END="1844">the U.S</charseq>
    </extent>
    <head>
      <charseq START="1842" END="1844">U.S</charseq>
    </head>
  </entity_mention>
  <entity_mention ID="CNN_IP_20030410.1600.03-2-E20-46" TYPE="NAM" LDCTYPE="NAMPRE" ROLE="GPE" LDCATR="FALSE">
    <extent>
      <charseq START="2004" END="2006">U.S</charseq>
    </extent>
    <head>
      <charseq START="2004" END="2006">U.S</charseq>
    </head>
  </entity_mention>
  <entity_mention ID="CNN_IP_20030410.1600.03-2-E20-54" TYPE="PRO" LDCTYPE="PRO" ROLE="ORG" LDCATR="FALSE">
    <extent>
      <charseq START="2180" END="2181">we</charseq>
    </extent>
    <head>
      <charseq START="2180" END="2181">we</charseq>
    </head>
  </entity_mention>
  <entity_mention ID="CNN_IP_20030410.1600.03-2-E20-55" TYPE="PRO" LDCTYPE="PRO" ROLE="ORG" LDCATR="FALSE">
    <extent>
      <charseq START="2284" END="2285">We</charseq>
    </extent>
    <head>
      <charseq START="2284" END="2285">We</charseq>
    </head>
  </entity_mention>
  <entity_mention ID="CNN_IP_20030410.1600.03-2-E20-56" TYPE="PRO" LDCTYPE="PRO" ROLE="ORG" LDCATR="FALSE">
    <extent>
      <charseq START="2312" END="2313">We</charseq>
    </extent>
    <head>
      <charseq START="2312" END="2313">We</charseq>
    </head>
  </entity_mention>
  <entity_mention ID="CNN_IP_20030410.1600.03-2-E20-57" TYPE="PRO" LDCTYPE="PRO" ROLE="ORG" LDCATR="FALSE">
    <extent>
      <charseq START="2389" END="2390">we</charseq>
    </extent>
    <head>
      <charseq START="2389" END="2390">we</charseq>
    </head>
  </entity_mention>
  <entity_mention ID="CNN_IP_20030410.1600.03-2-E20-82" TYPE="NAM" LDCTYPE="NAMPRE" ROLE="GPE" LDCATR="TRUE">
    <extent>
      <charseq START="2735" END="2737">U.S</charseq>
    </extent>
    <head>
      <charseq START="2735" END="2737">U.S</charseq>
    </head>
  </entity_mention>
  <entity_mention ID="CNN_IP_20030410.1600.03-2-E20-89" TYPE="NAM" LDCTYPE="NAM" ROLE="ORG" LDCATR="FALSE">
    <extent>
      <charseq START="2834" END="2843">Washington</charseq>
    </extent>
    <head>
      <charseq START="2834" END="2843">Washington</charseq>
    </head>
  </entity_mention>
  <entity_mention ID="CNN_IP_20030410.1600.03-2-E20-90" TYPE="NAM" LDCTYPE="NAM" ROLE="ORG" LDCATR="FALSE">
    <extent>
      <charseq START="2978" END="2987">Washington</charseq>
    </extent>
    <head>
      <charseq START="2978" END="2987">Washington</charseq>
    </head>
  </entity_mention>
  <entity_mention ID="CNN_IP_20030410.1600.03-2-E20-107" TYPE="NAM" LDCTYPE="NAM" ROLE="GPE" LDCATR="FALSE">
    <extent>
      <charseq START="4096" END="4102">America</charseq>
    </extent>
    <head>
      <charseq START="4096" END="4102">America</charseq>
    </head>
  </entity_mention>
  <entity_attributes>
    <name NAME="U.S">
      <charseq START="1842" END="1844">U.S</charseq>
    </name>
    <name NAME="U.S">
      <charseq START="2004" END="2006">U.S</charseq>
    </name>
    <name NAME="U.S">
      <charseq START="2735" END="2737">U.S</charseq>
    </name>
    <name NAME="Washington">
      <charseq START="2834" END="2843">Washington</charseq>
    </name>
    <name NAME="Washington">
      <charseq START="2978" END="2987">Washington</charseq>
    </name>
    <name NAME="America">
      <charseq START="4096" END="4102">America</charseq>
    </name>
  </entity_attributes>
</entity>
<entity ID="CNN_IP_20030410.1600.03-2-E22" TYPE="GPE" SUBTYPE="Nation" CLASS="SPC">
  <entity_mention ID="CNN_IP_20030410.1600.03-2-E22-47" TYPE="NAM" LDCTYPE="NAMPRE" ROLE="GPE">
    <extent>
      <charseq START="2017" END="2023">British</charseq>
    </extent>
    <head>
      <charseq START="2017" END="2023">British</charseq>
    </head>
  </entity_mention>
  <entity_attributes>
    <name NAME="British">
      <charseq START="2017" END="2023">British</charseq>
    </name>
  </entity_attributes>
</entity>
<entity ID="CNN_IP_20030410.1600.03-2-E23" TYPE="PER" SUBTYPE="Group" CLASS="SPC">
  <entity_mention ID="CNN_IP_20030410.1600.03-2-E23-50" TYPE="NOM" LDCTYPE="NOM">
    <extent>
      <charseq START="2000" END="2030">the U.S. and the
British forces</charseq>
    </extent>
    <head>
      <charseq START="2025" END="2030">forces</charseq>
    </head>
  </entity_mention>
</entity>
<entity ID="CNN_IP_20030410.1600.03-2-E24" TYPE="PER" SUBTYPE="Group" CLASS="SPC">
  <entity_mention ID="CNN_IP_20030410.1600.03-2-E24-51" TYPE="NOM" LDCTYPE="NOM">
    <extent>
      <charseq START="2000" END="2030">the U.S. and the
British forces</charseq>
    </extent>
    <head>
      <charseq START="2025" END="2030">forces</charseq>
    </head>
  </entity_mention>
</entity>
<entity ID="CNN_IP_20030410.1600.03-2-E25" TYPE="PER" SUBTYPE="Group" CLASS="USP">
  <entity_mention ID="CNN_IP_20030410.1600.03-2-E25-52" TYPE="NOM" LDCTYPE="BAR">
    <extent>
      <charseq START="2131" END="2136">Iraqis</charseq>
    </extent>
    <head>
      <charseq START="2131" END="2136">Iraqis</charseq>
    </head>
  </entity_mention>
</entity>
<entity ID="CNN_IP_20030410.1600.03-2-E26" TYPE="ORG" SUBTYPE="Government" CLASS="GEN">
  <entity_mention ID="CNN_IP_20030410.1600.03-2-E26-53" TYPE="PRO" LDCTYPE="HLS">
    <extent>
      <charseq START="2160" END="2169">government</charseq>
    </extent>
    <head>
      <charseq START="2160" END="2169">government</charseq>
    </head>
  </entity_mention>
</entity>
<entity ID="CNN_IP_20030410.1600.03-2-E27" TYPE="GPE" SUBTYPE="Population-Center" CLASS="SPC">
  <entity_mention ID="CNN_IP_20030410.1600.03-2-E27-49" TYPE="NAM" LDCTYPE="NAM" ROLE="LOC">
    <extent>
      <charseq START="4019" END="4028">Washington</charseq>
    </extent>
    <head>
      <charseq START="4019" END="4028">Washington</charseq>
    </head>
  </entity_mention>
  <entity_mention ID="CNN_IP_20030410.1600.03-2-E27-58" TYPE="PRO" LDCTYPE="PRO" ROLE="LOC">
    <extent>
      <charseq START="4011" END="4014">Here</charseq>
    </extent>
    <head>
      <charseq START="4011" END="4014">Here</charseq>
    </head>
  </entity_mention>
  <entity_attributes>
    <name NAME="Washington">
      <charseq START="4019" END="4028">Washington</charseq>
    </name>
  </entity_attributes>
</entity>
<entity ID="CNN_IP_20030410.1600.03-2-E28" TYPE="ORG" SUBTYPE="Non-Governmental" CLASS="SPC">
  <entity_mention ID="CNN_IP_20030410.1600.03-2-E28-60" TYPE="NAM" LDCTYPE="NAM">
    <extent>
      <charseq START="2303" END="2309">the U.N</charseq>
    </extent>
    <head>
      <charseq START="2307" END="2309">U.N</charseq>
    </head>
  </entity_mention>
  <entity_attributes>
    <name NAME="U.N">
      <charseq START="2307" END="2309">U.N</charseq>
    </name>
  </entity_attributes>
</entity>
<entity ID="CNN_IP_20030410.1600.03-2-E29" TYPE="PER" SUBTYPE="Group" CLASS="SPC">
  <entity_mention ID="CNN_IP_20030410.1600.03-2-E29-61" TYPE="NOM" LDCTYPE="NOM">
    <extent>
      <charseq START="2331" END="2382">all Iraqi forces in the country,
outside the country</charseq>
    </extent>
    <head>
      <charseq START="2341" END="2346">forces</charseq>
    </head>
  </entity_mention>
</entity>
<entity ID="CNN_IP_20030410.1600.03-2-E30" TYPE="PER" SUBTYPE="Group" CLASS="SPC">
  <entity_mention ID="CNN_IP_20030410.1600.03-2-E30-62" TYPE="NOM" LDCTYPE="NOM">
    <extent>
      <charseq START="2331" END="2382">all Iraqi forces in the country,
outside the country</charseq>
    </extent>
    <head>
      <charseq START="2341" END="2346">forces</charseq>
    </head>
  </entity_mention>
</entity>
<entity ID="CNN_IP_20030410.1600.03-2-E31" TYPE="PER" SUBTYPE="Group" CLASS="GEN">
  <entity_mention ID="CNN_IP_20030410.1600.03-2-E31-65" TYPE="PRO" LDCTYPE="PRO">
    <extent>
      <charseq START="2509" END="2510">we</charseq>
    </extent>
    <head>
      <charseq START="2509" END="2510">we</charseq>
    </head>
  </entity_mention>
</entity>
<entity ID="CNN_IP_20030410.1600.03-2-E33" TYPE="ORG" SUBTYPE="Non-Governmental" CLASS="USP">
  <entity_mention ID="CNN_IP_20030410.1600.03-2-E33-68" TYPE="NOM" LDCTYPE="NOM">
    <extent>
      <charseq START="2539" END="2565">several Iraqi exiles groups</charseq>
    </extent>
    <head>
      <charseq START="2560" END="2565">groups</charseq>
    </head>
  </entity_mention>
</entity>
<entity ID="CNN_IP_20030410.1600.03-2-E34" TYPE="PER" SUBTYPE="Group" CLASS="GEN">
  <entity_mention ID="CNN_IP_20030410.1600.03-2-E34-70" TYPE="NOM" LDCTYPE="NOMPRE" LDCATR="TRUE">
    <extent>
      <charseq START="2547" END="2558">Iraqi exiles</charseq>
    </extent>
    <head>
      <charseq START="2553" END="2558">exiles</charseq>
    </head>
  </entity_mention>
  <entity_mention ID="CNN_IP_20030410.1600.03-2-E34-71" TYPE="NOM" LDCTYPE="NOM" LDCATR="FALSE">
    <extent>
      <charseq START="351" END="362">Iraqi
exiles</charseq>
    </extent>
    <head>
      <charseq START="357" END="362">exiles</charseq>
    </head>
  </entity_mention>
  <entity_mention ID="CNN_IP_20030410.1600.03-2-E34-127" TYPE="PRO" LDCTYPE="PRO" LDCATR="FALSE">
    <extent>
      <charseq START="3647" END="3648">we</charseq>
    </extent>
    <head>
      <charseq START="3647" END="3648">we</charseq>
    </head>
  </entity_mention>
  <entity_mention ID="CNN_IP_20030410.1600.03-2-E34-128" TYPE="PRO" LDCTYPE="PRO" LDCATR="FALSE">
    <extent>
      <charseq START="3370" END="3371">we</charseq>
    </extent>
    <head>
      <charseq START="3370" END="3371">we</charseq>
    </head>
  </entity_mention>
</entity>
<entity ID="CNN_IP_20030410.1600.03-2-E36" TYPE="GPE" SUBTYPE="Nation" CLASS="SPC">
  <entity_mention ID="CNN_IP_20030410.1600.03-2-E36-22" TYPE="NAM" LDCTYPE="NAM" ROLE="LOC" LDCATR="TRUE">
    <extent>
      <charseq START="1103" END="1106">Iraq</charseq>
    </extent>
    <head>
      <charseq START="1103" END="1106">Iraq</charseq>
    </head>
  </entity_mention>
  <entity_mention ID="CNN_IP_20030410.1600.03-2-E36-26" TYPE="NAM" LDCTYPE="NAM" ROLE="LOC" LDCATR="TRUE">
    <extent>
      <charseq START="1281" END="1284">Iraq</charseq>
    </extent>
    <head>
      <charseq START="1281" END="1284">Iraq</charseq>
    </head>
  </entity_mention>
  <entity_mention ID="CNN_IP_20030410.1600.03-2-E36-44" TYPE="NAM" LDCTYPE="NAM" ROLE="GPE" LDCATR="TRUE">
    <extent>
      <charseq START="1777" END="1780">Iraq</charseq>
    </extent>
    <head>
      <charseq START="1777" END="1780">Iraq</charseq>
    </head>
  </entity_mention>
  <entity_mention ID="CNN_IP_20030410.1600.03-2-E36-59" TYPE="PRO" LDCTYPE="PRO" ROLE="ORG" LDCATR="TRUE">
    <extent>
      <charseq START="2265" END="2266">we</charseq>
    </extent>
    <head>
      <charseq START="2265" END="2266">we</charseq>
    </head>
  </entity_mention>
  <entity_mention ID="CNN_IP_20030410.1600.03-2-E36-63" TYPE="NOM" LDCTYPE="NOM" ROLE="LOC" LDCATR="TRUE">
    <extent>
      <charseq START="2351" END="2361">the country</charseq>
    </extent>
    <head>
      <charseq START="2355" END="2361">country</charseq>
    </head>
  </entity_mention>
  <entity_mention ID="CNN_IP_20030410.1600.03-2-E36-64" TYPE="NOM" LDCTYPE="NOM" ROLE="LOC" LDCATR="TRUE">
    <extent>
      <charseq START="2372" END="2382">the country</charseq>
    </extent>
    <head>
      <charseq START="2376" END="2382">country</charseq>
    </head>
  </entity_mention>
  <entity_mention ID="CNN_IP_20030410.1600.03-2-E36-72" TYPE="NAM" LDCTYPE="NAMPRE" ROLE="GPE" LDCATR="TRUE">
    <extent>
      <charseq START="351" END="355">Iraqi</charseq>
    </extent>
    <head>
      <charseq START="351" END="355">Iraqi</charseq>
    </head>
  </entity_mention>
  <entity_mention ID="CNN_IP_20030410.1600.03-2-E36-73" TYPE="NAM" LDCTYPE="NAMPRE" ROLE="GPE" LDCATR="TRUE">
    <extent>
      <charseq START="2335" END="2339">Iraqi</charseq>
    </extent>
    <head>
      <charseq START="2335" END="2339">Iraqi</charseq>
    </head>
  </entity_mention>
  <entity_mention ID="CNN_IP_20030410.1600.03-2-E36-74" TYPE="NAM" LDCTYPE="NAM" ROLE="LOC" LDCATR="TRUE">
    <extent>
      <charseq START="2768" END="2771">Iraq</charseq>
    </extent>
    <head>
      <charseq START="2768" END="2771">Iraq</charseq>
    </head>
  </entity_mention>
  <entity_mention ID="CNN_IP_20030410.1600.03-2-E36-75" TYPE="NAM" LDCTYPE="NAMPRE" ROLE="GPE" LDCATR="TRUE">
    <extent>
      <charseq START="2547" END="2551">Iraqi</charseq>
    </extent>
    <head>
      <charseq START="2547" END="2551">Iraqi</charseq>
    </head>
  </entity_mention>
  <entity_mention ID="CNN_IP_20030410.1600.03-2-E36-91" TYPE="NAM" LDCTYPE="NAM" ROLE="LOC" LDCATR="TRUE">
    <extent>
      <charseq START="2917" END="2920">Iraq</charseq>
    </extent>
    <head>
      <charseq START="2917" END="2920">Iraq</charseq>
    </head>
  </entity_mention>
  <entity_mention ID="CNN_IP_20030410.1600.03-2-E36-92" TYPE="NOM" LDCTYPE="NOM" ROLE="LOC" LDCATR="TRUE">
    <extent>
      <charseq START="3017" END="3038">the ground inside Iraq</charseq>
    </extent>
    <head>
      <charseq START="3021" END="3026">ground</charseq>
    </head>
  </entity_mention>
  <entity_mention ID="CNN_IP_20030410.1600.03-2-E36-93" TYPE="NAM" LDCTYPE="NAM" ROLE="LOC" LDCATR="TRUE">
    <extent>
      <charseq START="3035" END="3038">Iraq</charseq>
    </extent>
    <head>
      <charseq START="3035" END="3038">Iraq</charseq>
    </head>
  </entity_mention>
  <entity_mention ID="CNN_IP_20030410.1600.03-2-E36-94" TYPE="PRO" LDCTYPE="PRO" ROLE="LOC" LDCATR="TRUE">
    <extent>
      <charseq START="3073" END="3077">there</charseq>
    </extent>
    <head>
      <charseq START="3073" END="3077">there</charseq>
    </head>
  </entity_mention>
  <entity_mention ID="CNN_IP_20030410.1600.03-2-E36-96" TYPE="NAM" LDCTYPE="NAM" ROLE="LOC" LDCATR="TRUE">
    <extent>
      <charseq START="3164" END="3167">Iraq</charseq>
    </extent>
    <head>
      <charseq START="3164" END="3167">Iraq</charseq>
    </head>
  </entity_mention>
  <entity_mention ID="CNN_IP_20030410.1600.03-2-E36-97" TYPE="PRO" LDCTYPE="PRO" ROLE="LOC" LDCATR="TRUE">
    <extent>
      <charseq START="3155" END="3159">there</charseq>
    </extent>
    <head>
      <charseq START="3155" END="3159">there</charseq>
    </head>
  </entity_mention>
  <entity_mention ID="CNN_IP_20030410.1600.03-2-E36-98" TYPE="PRO" LDCTYPE="PRO" ROLE="GPE" LDCATR="TRUE">
    <extent>
      <charseq START="3172" END="3174">its</charseq>
    </extent>
    <head>
      <charseq START="3172" END="3174">its</charseq>
    </head>
  </entity_mention>
  <entity_mention ID="CNN_IP_20030410.1600.03-2-E36-106" TYPE="NOM" LDCTYPE="NOM" ROLE="LOC" LDCATR="TRUE">
    <extent>
      <charseq START="3342" END="3352">the country</charseq>
    </extent>
    <head>
      <charseq START="3346" END="3352">country</charseq>
    </head>
  </entity_mention>
  <entity_mention ID="CNN_IP_20030410.1600.03-2-E36-110" TYPE="NAM" LDCTYPE="NAM" ROLE="PER" LDCATR="TRUE">
    <extent>
      <charseq START="3421" END="3426">Iraqis</charseq>
    </extent>
    <head>
      <charseq START="3421" END="3426">Iraqis</charseq>
    </head>
  </entity_mention>
  <entity_mention ID="CNN_IP_20030410.1600.03-2-E36-111" TYPE="NAM" LDCTYPE="NAM" ROLE="PER" LDCATR="TRUE">
    <extent>
      <charseq START="3431" END="3436">Iraqis</charseq>
    </extent>
    <head>
      <charseq START="3431" END="3436">Iraqis</charseq>
    </head>
  </entity_mention>
  <entity_mention ID="CNN_IP_20030410.1600.03-2-E36-132" TYPE="NAM" LDCTYPE="NAMPRE" ROLE="GPE" LDCATR="TRUE">
    <extent>
      <charseq START="178" END="182">Iraqi</charseq>
    </extent>
    <head>
      <charseq START="178" END="182">Iraqi</charseq>
    </head>
  </entity_mention>
  <entity_attributes>
    <name NAME="Iraq">
      <charseq START="1103" END="1106">Iraq</charseq>
    </name>
    <name NAME="Iraq">
      <charseq START="1281" END="1284">Iraq</charseq>
    </name>
    <name NAME="Iraq">
      <charseq START="1777" END="1780">Iraq</charseq>
    </name>
    <name NAME="Iraqi">
      <charseq START="351" END="355">Iraqi</charseq>
    </name>
    <name NAME="Iraqi">
      <charseq START="2335" END="2339">Iraqi</charseq>
    </name>
    <name NAME="Iraq">
      <charseq START="2768" END="2771">Iraq</charseq>
    </name>
    <name NAME="Iraqi">
      <charseq START="2547" END="2551">Iraqi</charseq>
    </name>
    <name NAME="Iraq">
      <charseq START="2917" END="2920">Iraq</charseq>
    </name>
    <name NAME="Iraq">
      <charseq START="3035" END="3038">Iraq</charseq>
    </name>
    <name NAME="Iraq">
      <charseq START="3164" END="3167">Iraq</charseq>
    </name>
    <name NAME="Iraqis">
      <charseq START="3421" END="3426">Iraqis</charseq>
    </name>
    <name NAME="Iraqis">
      <charseq START="3431" END="3436">Iraqis</charseq>
    </name>
    <name NAME="Iraqi">
      <charseq START="178" END="182">Iraqi</charseq>
    </name>
  </entity_attributes>
</entity>
<entity ID="CNN_IP_20030410.1600.03-2-E39" TYPE="PER" SUBTYPE="Group" CLASS="USP">
  <entity_mention ID="CNN_IP_20030410.1600.03-2-E39-76" TYPE="PRO" LDCTYPE="PTV">
    <extent>
      <charseq START="2595" END="2605">one of them</charseq>
    </extent>
    <head>
      <charseq START="2595" END="2597">one</charseq>
    </head>
  </entity_mention>
</entity>
<entity ID="CNN_IP_20030410.1600.03-2-E40" TYPE="PER" SUBTYPE="Individual" CLASS="SPC">
  <entity_mention ID="CNN_IP_20030410.1600.03-2-E40-77" TYPE="PRO" LDCTYPE="PRO">
    <extent>
      <charseq START="2654" END="2654">I</charseq>
    </extent>
    <head>
      <charseq START="2654" END="2654">I</charseq>
    </head>
  </entity_mention>
</entity>
<entity ID="CNN_IP_20030410.1600.03-2-E41" TYPE="ORG" SUBTYPE="Non-Governmental" CLASS="SPC">
  <entity_mention ID="CNN_IP_20030410.1600.03-2-E41-78" TYPE="NAM" LDCTYPE="NAM">
    <extent>
      <charseq START="2669" END="2695">the Iraqi National Congress</charseq>
    </extent>
    <head>
      <charseq START="2673" END="2695">Iraqi National Congress</charseq>
    </head>
  </entity_mention>
  <entity_attributes>
    <name NAME="Iraqi National Congress">
      <charseq START="2673" END="2695">Iraqi National Congress</charseq>
    </name>
  </entity_attributes>
</entity>
<entity ID="CNN_IP_20030410.1600.03-2-E42" TYPE="PER" SUBTYPE="Individual" CLASS="SPC">
  <entity_mention ID="CNN_IP_20030410.1600.03-2-E42-79" TYPE="NAM" LDCTYPE="NAM" LDCATR="FALSE">
    <extent>
      <charseq START="2702" END="2771">Mr.
Chalabi, who was assisted by U.S. forces in getting back into Iraq</charseq>
    </extent>
    <head>
      <charseq START="2706" END="2712">Chalabi</charseq>
    </head>
  </entity_mention>
  <entity_mention ID="CNN_IP_20030410.1600.03-2-E42-80" TYPE="NOM" LDCTYPE="NOMPRE" LDCATR="TRUE">
    <extent>
      <charseq START="2702" END="2703">Mr</charseq>
    </extent>
    <head>
      <charseq START="2702" END="2703">Mr</charseq>
    </head>
  </entity_mention>
  <entity_mention ID="CNN_IP_20030410.1600.03-2-E42-81" TYPE="PRO" LDCTYPE="WHQ" LDCATR="FALSE">
    <extent>
      <charseq START="2715" END="2717">who</charseq>
    </extent>
    <head>
      <charseq START="2715" END="2717">who</charseq>
    </head>
  </entity_mention>
  <entity_attributes>
    <name NAME="Chalabi">
      <charseq START="2706" END="2712">Chalabi</charseq>
    </name>
  </entity_attributes>
</entity>
<entity ID="CNN_IP_20030410.1600.03-2-E45" TYPE="PER" SUBTYPE="Group" CLASS="USP">
  <entity_mention ID="CNN_IP_20030410.1600.03-2-E45-84" TYPE="NOM" LDCTYPE="BAR">
    <extent>
      <charseq START="2735" END="2745">U.S. forces</charseq>
    </extent>
    <head>
      <charseq START="2740" END="2745">forces</charseq>
    </head>
  </entity_mention>
</entity>
<entity ID="CNN_IP_20030410.1600.03-2-E46" TYPE="PER" SUBTYPE="Group" CLASS="USP">
  <entity_mention ID="CNN_IP_20030410.1600.03-2-E46-69" TYPE="NOM" LDCTYPE="BAR">
    <extent>
      <charseq START="4031" END="4069">members of the House of Representatives</charseq>
    </extent>
    <head>
      <charseq START="4031" END="4037">members</charseq>
    </head>
  </entity_mention>
</entity>
<entity ID="CNN_IP_20030410.1600.03-2-E47" TYPE="ORG" SUBTYPE="Government" CLASS="SPC">
  <entity_mention ID="CNN_IP_20030410.1600.03-2-E47-88" TYPE="NAM" LDCTYPE="NAM">
    <extent>
      <charseq START="4042" END="4069">the House of Representatives</charseq>
    </extent>
    <head>
      <charseq START="4046" END="4069">House of Representatives</charseq>
    </head>
  </entity_mention>
  <entity_attributes>
    <name NAME="House of Representatives">
      <charseq START="4046" END="4069">House of Representatives</charseq>
    </name>
  </entity_attributes>
</entity>
<entity ID="CNN_IP_20030410.1600.03-2-E48" TYPE="PER" SUBTYPE="Group" CLASS="USP">
  <entity_mention ID="CNN_IP_20030410.1600.03-2-E48-95" TYPE="NOM" LDCTYPE="NOM">
    <extent>
      <charseq START="3055" END="3071">22 million
people</charseq>
    </extent>
    <head>
      <charseq START="3066" END="3071">people</charseq>
    </head>
  </entity_mention>
</entity>
<entity ID="CNN_IP_20030410.1600.03-2-E49" TYPE="ORG" SUBTYPE="Non-Governmental" CLASS="SPC">
  <entity_mention ID="CNN_IP_20030410.1600.03-2-E49-99" TYPE="NOM" LDCTYPE="NOM">
    <extent>
      <charseq START="3206" END="3214">one group</charseq>
    </extent>
    <head>
      <charseq START="3210" END="3214">group</charseq>
    </head>
  </entity_mention>
</entity>
<entity ID="CNN_IP_20030410.1600.03-2-E50" TYPE="ORG" SUBTYPE="Non-Governmental" CLASS="SPC">
  <entity_mention ID="CNN_IP_20030410.1600.03-2-E50-100" TYPE="PRO" LDCTYPE="HLS">
    <extent>
      <charseq START="3239" END="3245">another</charseq>
    </extent>
    <head>
      <charseq START="3239" END="3245">another</charseq>
    </head>
  </entity_mention>
</entity>
<entity ID="CNN_IP_20030410.1600.03-2-E51" TYPE="ORG" SUBTYPE="Non-Governmental" CLASS="USP">
  <entity_mention ID="CNN_IP_20030410.1600.03-2-E51-101" TYPE="NOM" LDCTYPE="BAR">
    <extent>
      <charseq START="3272" END="3318">different groups who have advantage over others</charseq>
    </extent>
    <head>
      <charseq START="3282" END="3287">groups</charseq>
    </head>
  </entity_mention>
  <entity_mention ID="CNN_IP_20030410.1600.03-2-E51-103" TYPE="PRO" LDCTYPE="WHQ">
    <extent>
      <charseq START="3289" END="3291">who</charseq>
    </extent>
    <head>
      <charseq START="3289" END="3291">who</charseq>
    </head>
  </entity_mention>
</entity>
<entity ID="CNN_IP_20030410.1600.03-2-E52" TYPE="ORG" SUBTYPE="Non-Governmental" CLASS="USP">
  <entity_mention ID="CNN_IP_20030410.1600.03-2-E52-102" TYPE="NOM" LDCTYPE="BAR">
    <extent>
      <charseq START="3313" END="3318">others</charseq>
    </extent>
    <head>
      <charseq START="3313" END="3318">others</charseq>
    </head>
  </entity_mention>
</entity>
<entity ID="CNN_IP_20030410.1600.03-2-E53" TYPE="LOC" SUBTYPE="Region-General" CLASS="USP">
  <entity_mention ID="CNN_IP_20030410.1600.03-2-E53-104" TYPE="NOM" LDCTYPE="BAR">
    <extent>
      <charseq START="3323" END="3352">different
parts of the country</charseq>
    </extent>
    <head>
      <charseq START="3333" END="3337">parts</charseq>
    </head>
  </entity_mention>
</entity>
<entity ID="CNN_IP_20030410.1600.03-2-E54" TYPE="ORG" SUBTYPE="Non-Governmental" CLASS="SPC">
  <entity_mention ID="CNN_IP_20030410.1600.03-2-E54-109" TYPE="NOM" LDCTYPE="NOM">
    <extent>
      <charseq START="3385" END="3460">a national group that
can appeal to Iraqis as Iraqis within a credible voice</charseq>
    </extent>
    <head>
      <charseq START="3396" END="3400">group</charseq>
    </head>
  </entity_mention>
</entity>
<entity ID="CNN_IP_20030410.1600.03-2-E55" TYPE="PER" SUBTYPE="Group" CLASS="USP">
  <entity_mention ID="CNN_IP_20030410.1600.03-2-E55-113" TYPE="NOM" LDCTYPE="BAR">
    <extent>
      <charseq START="3548" END="3591">representatives from provinces all over Iraq</charseq>
    </extent>
    <head>
      <charseq START="3548" END="3562">representatives</charseq>
    </head>
  </entity_mention>
</entity>
<entity ID="CNN_IP_20030410.1600.03-2-E56" TYPE="GPE" SUBTYPE="State-or-Province" CLASS="USP">
  <entity_mention ID="CNN_IP_20030410.1600.03-2-E56-114" TYPE="NOM" LDCTYPE="BAR" ROLE="LOC">
    <extent>
      <charseq START="3569" END="3591">provinces all over Iraq</charseq>
    </extent>
    <head>
      <charseq START="3569" END="3577">provinces</charseq>
    </head>
  </entity_mention>
</entity>
<entity ID="CNN_IP_20030410.1600.03-2-E58" TYPE="ORG" SUBTYPE="Non-Governmental" CLASS="SPC">
  <entity_mention ID="CNN_IP_20030410.1600.03-2-E58-119" TYPE="NOM" LDCTYPE="NOM" LDCATR="TRUE">
    <extent>
      <charseq START="3792" END="3814">a group of Iraqi
exiles</charseq>
    </extent>
    <head>
      <charseq START="3794" END="3798">group</charseq>
    </head>
  </entity_mention>
  <entity_mention ID="CNN_IP_20030410.1600.03-2-E58-120" TYPE="NOM" LDCTYPE="NOM" LDCATR="TRUE">
    <extent>
      <charseq START="3817" END="3825">The group</charseq>
    </extent>
    <head>
      <charseq START="3821" END="3825">group</charseq>
    </head>
  </entity_mention>
  <entity_mention ID="CNN_IP_20030410.1600.03-2-E58-121" TYPE="NAM" LDCTYPE="NAM" LDCATR="TRUE">
    <extent>
      <charseq START="3837" END="3859">the Iraq National Group</charseq>
    </extent>
    <head>
      <charseq START="3841" END="3859">Iraq National Group</charseq>
    </head>
  </entity_mention>
  <entity_mention ID="CNN_IP_20030410.1600.03-2-E58-141" TYPE="NOM" LDCTYPE="NOM" LDCATR="TRUE">
    <extent>
      <charseq START="340" END="362">a group of Iraqi
exiles</charseq>
    </extent>
    <head>
      <charseq START="342" END="346">group</charseq>
    </head>
  </entity_mention>
  <entity_mention ID="CNN_IP_20030410.1600.03-2-E58-142" TYPE="NOM" LDCTYPE="NOM" LDCATR="TRUE">
    <extent>
      <charseq START="365" END="402">a group called the Iraq National Group</charseq>
    </extent>
    <head>
      <charseq START="367" END="371">group</charseq>
    </head>
  </entity_mention>
  <entity_mention ID="CNN_IP_20030410.1600.03-2-E58-143" TYPE="NAM" LDCTYPE="NAM" LDCATR="TRUE">
    <extent>
      <charseq START="380" END="402">the Iraq National Group</charseq>
    </extent>
    <head>
      <charseq START="384" END="402">Iraq National Group</charseq>
    </head>
  </entity_mention>
  <entity_attributes>
    <name NAME="Iraq National Group">
      <charseq START="3841" END="3859">Iraq National Group</charseq>
    </name>
    <name NAME="Iraq National Group">
      <charseq START="384" END="402">Iraq National Group</charseq>
    </name>
  </entity_attributes>
</entity>
<entity ID="CNN_IP_20030410.1600.03-2-E60" TYPE="PER" SUBTYPE="Group" CLASS="GEN">
  <entity_mention ID="CNN_IP_20030410.1600.03-2-E60-108" TYPE="NOM" LDCTYPE="NOM">
    <extent>
      <charseq START="4096" END="4117">America's armed forces</charseq>
    </extent>
    <head>
      <charseq START="4112" END="4117">forces</charseq>
    </head>
  </entity_mention>
</entity>
<entity ID="CNN_IP_20030410.1600.03-2-E63" TYPE="PER" SUBTYPE="Group" CLASS="USP">
  <entity_mention ID="CNN_IP_20030410.1600.03-2-E63-20" TYPE="NOM" LDCTYPE="BAR" LDCATR="FALSE">
    <extent>
      <charseq START="1062" END="1106">family members now in Baghdad and around Iraq</charseq>
    </extent>
    <head>
      <charseq START="1069" END="1075">members</charseq>
    </head>
  </entity_mention>
  <entity_mention ID="CNN_IP_20030410.1600.03-2-E63-23" TYPE="PRO" LDCTYPE="PRO" LDCATR="FALSE">
    <extent>
      <charseq START="1144" END="1147">they</charseq>
    </extent>
    <head>
      <charseq START="1144" END="1147">they</charseq>
    </head>
  </entity_mention>
  <entity_mention ID="CNN_IP_20030410.1600.03-2-E63-115" TYPE="NAM" LDCTYPE="NAM" LDCATR="FALSE">
    <extent>
      <charseq START="3588" END="3591">Iraq</charseq>
    </extent>
    <head>
      <charseq START="3588" END="3591">Iraq</charseq>
    </head>
  </entity_mention>
  <entity_mention ID="CNN_IP_20030410.1600.03-2-E63-130" TYPE="NOM" LDCTYPE="BAR" LDCATR="FALSE">
    <extent>
      <charseq START="198" END="219">family members
in Iraq</charseq>
    </extent>
    <head>
      <charseq START="205" END="211">members</charseq>
    </head>
  </entity_mention>
  <entity_mention ID="CNN_IP_20030410.1600.03-2-E63-131" TYPE="NOM" LDCTYPE="NOMPRE" LDCATR="TRUE">
    <extent>
      <charseq START="198" END="203">family</charseq>
    </extent>
    <head>
      <charseq START="198" END="203">family</charseq>
    </head>
  </entity_mention>
  <entity_attributes>
    <name NAME="Iraq">
      <charseq START="3588" END="3591">Iraq</charseq>
    </name>
  </entity_attributes>
</entity>
<entity ID="CNN_IP_20030410.1600.03-2-E69" TYPE="ORG" SUBTYPE="Non-Governmental" CLASS="SPC">
  <entity_mention ID="CNN_IP_20030410.1600.03-2-E69-137" TYPE="NOM" LDCTYPE="NOM" LDCATR="FALSE">
    <extent>
      <charseq START="254" END="309">a think tank called the National
Endowment for Democracy</charseq>
    </extent>
    <head>
      <charseq START="256" END="265">think tank</charseq>
    </head>
  </entity_mention>
  <entity_mention ID="CNN_IP_20030410.1600.03-2-E69-138" TYPE="NAM" LDCTYPE="NAM" LDCATR="TRUE">
    <extent>
      <charseq START="274" END="309">the National
Endowment for Democracy</charseq>
    </extent>
    <head>
      <charseq START="278" END="309">National
Endowment for Democracy</charseq>
    </head>
  </entity_mention>
  <entity_attributes>
    <name NAME="National Endowment for Democracy">
      <charseq START="278" END="309">National
Endowment for Democracy</charseq>
    </name>
  </entity_attributes>
</entity>
<timex2 ID="CNN_IP_20030410.1600.03-2-T1">
  <timex2_mention ID="CNN_IP_20030410.1600.03-2-T1-1">
    <extent>
      <charseq START="38" END="62">2003-04-10T16:00:00-05:00</charseq>
    </extent>
  </timex2_mention>
</timex2>
</document>
</source_file>
