<?xml version="1.0"?>
<!DOCTYPE AGSet SYSTEM "ag-1.1.dtd">
<AGSet id="CNN_IP_20030422.1600.05" version="1.0" xmlns="http://www.ldc.upenn.edu/atlas/ag/" xmlns:xlink="http://www.w3.org/1999/xlink" xmlns:dc="http://purl.org/DC/documents/rec-dces-19990702.htm">
<Metadata>
<MetadataElement name="author">LDC</MetadataElement>
<MetadataElement name="encoding">UTF-8</MetadataElement>
<MetadataElement name="source"></MetadataElement>
<MetadataElement name="type">text</MetadataElement>
<MetadataElement name="uri">CNN_IP_20030422.1600.05.sgm</MetadataElement>
<MetadataElement name="version">3.1</MetadataElement>
</Metadata>
<Timeline id="CNN_IP_20030422.1600.05:T1">
<Signal id="CNN_IP_20030422.1600.05:T1:1" mimeClass="text" mimeType="NULL" encoding="unknown" unit="char" xlink:type="simple" xlink:href="URI" track="NULL"></Signal>
</Timeline>
<AG id="CNN_IP_20030422.1600.05:1" timeline="CNN_IP_20030422.1600.05:T1">
<Metadata>
<MetadataElement name="docid">CNN_IP_20030422.1600.05</MetadataElement>
</Metadata>
<Anchor id="CNN_IP_20030422.1600.05:1:3N" offset="117.000000"></Anchor>
<Anchor id="CNN_IP_20030422.1600.05:1:3O" offset="141.000000"></Anchor>
<Anchor id="CNN_IP_20030422.1600.05:1:4Y" offset="332.000000"></Anchor>
<Anchor id="CNN_IP_20030422.1600.05:1:4a" offset="354.000000"></Anchor>
<Anchor id="CNN_IP_20030422.1600.05:1:b" offset="354.000000"></Anchor>
<Anchor id="CNN_IP_20030422.1600.05:1:f" offset="354.000000"></Anchor>
<Anchor id="CNN_IP_20030422.1600.05:1:4b" offset="360.000000"></Anchor>
<Anchor id="CNN_IP_20030422.1600.05:1:4U" offset="362.000000"></Anchor>
<Anchor id="CNN_IP_20030422.1600.05:1:h" offset="362.000000"></Anchor>
<Anchor id="CNN_IP_20030422.1600.05:1:4V" offset="368.000000"></Anchor>
<Anchor id="CNN_IP_20030422.1600.05:1:g" offset="368.000000"></Anchor>
<Anchor id="CNN_IP_20030422.1600.05:1:i" offset="368.000000"></Anchor>
<Anchor id="CNN_IP_20030422.1600.05:1:d" offset="370.000000"></Anchor>
<Anchor id="CNN_IP_20030422.1600.05:1:c" offset="383.000000"></Anchor>
<Anchor id="CNN_IP_20030422.1600.05:1:e" offset="383.000000"></Anchor>
<Anchor id="CNN_IP_20030422.1600.05:1:G" offset="415.000000"></Anchor>
<Anchor id="CNN_IP_20030422.1600.05:1:I" offset="415.000000"></Anchor>
<Anchor id="CNN_IP_20030422.1600.05:1:H" offset="417.000000"></Anchor>
<Anchor id="CNN_IP_20030422.1600.05:1:J" offset="417.000000"></Anchor>
<Anchor id="CNN_IP_20030422.1600.05:1:K" offset="432.000000"></Anchor>
<Anchor id="CNN_IP_20030422.1600.05:1:M" offset="446.000000"></Anchor>
<Anchor id="CNN_IP_20030422.1600.05:1:4Z" offset="450.000000"></Anchor>
<Anchor id="CNN_IP_20030422.1600.05:1:L" offset="450.000000"></Anchor>
<Anchor id="CNN_IP_20030422.1600.05:1:N" offset="450.000000"></Anchor>
<Anchor id="CNN_IP_20030422.1600.05:1:X" offset="467.000000"></Anchor>
<Anchor id="CNN_IP_20030422.1600.05:1:Z" offset="467.000000"></Anchor>
<Anchor id="CNN_IP_20030422.1600.05:1:Y" offset="474.000000"></Anchor>
<Anchor id="CNN_IP_20030422.1600.05:1:a" offset="474.000000"></Anchor>
<Anchor id="CNN_IP_20030422.1600.05:1:l" offset="494.000000"></Anchor>
<Anchor id="CNN_IP_20030422.1600.05:1:n" offset="494.000000"></Anchor>
<Anchor id="CNN_IP_20030422.1600.05:1:m" offset="507.000000"></Anchor>
<Anchor id="CNN_IP_20030422.1600.05:1:o" offset="507.000000"></Anchor>
<Anchor id="CNN_IP_20030422.1600.05:1:4t" offset="540.000000"></Anchor>
<Anchor id="CNN_IP_20030422.1600.05:1:t" offset="540.000000"></Anchor>
<Anchor id="CNN_IP_20030422.1600.05:1:v" offset="540.000000"></Anchor>
<Anchor id="CNN_IP_20030422.1600.05:1:u" offset="541.000000"></Anchor>
<Anchor id="CNN_IP_20030422.1600.05:1:w" offset="541.000000"></Anchor>
<Anchor id="CNN_IP_20030422.1600.05:1:10" offset="553.000000"></Anchor>
<Anchor id="CNN_IP_20030422.1600.05:1:12" offset="553.000000"></Anchor>
<Anchor id="CNN_IP_20030422.1600.05:1:11" offset="555.000000"></Anchor>
<Anchor id="CNN_IP_20030422.1600.05:1:13" offset="555.000000"></Anchor>
<Anchor id="CNN_IP_20030422.1600.05:1:4v" offset="587.000000"></Anchor>
<Anchor id="CNN_IP_20030422.1600.05:1:4w" offset="595.000000"></Anchor>
<Anchor id="CNN_IP_20030422.1600.05:1:14" offset="600.000000"></Anchor>
<Anchor id="CNN_IP_20030422.1600.05:1:16" offset="600.000000"></Anchor>
<Anchor id="CNN_IP_20030422.1600.05:1:18" offset="600.000000"></Anchor>
<Anchor id="CNN_IP_20030422.1600.05:1:3R" offset="600.000000"></Anchor>
<Anchor id="CNN_IP_20030422.1600.05:1:15" offset="602.000000"></Anchor>
<Anchor id="CNN_IP_20030422.1600.05:1:17" offset="602.000000"></Anchor>
<Anchor id="CNN_IP_20030422.1600.05:1:1C" offset="604.000000"></Anchor>
<Anchor id="CNN_IP_20030422.1600.05:1:1F" offset="604.000000"></Anchor>
<Anchor id="CNN_IP_20030422.1600.05:1:1D" offset="607.000000"></Anchor>
<Anchor id="CNN_IP_20030422.1600.05:1:1G" offset="607.000000"></Anchor>
<Anchor id="CNN_IP_20030422.1600.05:1:1A" offset="609.000000"></Anchor>
<Anchor id="CNN_IP_20030422.1600.05:1:19" offset="613.000000"></Anchor>
<Anchor id="CNN_IP_20030422.1600.05:1:1B" offset="613.000000"></Anchor>
<Anchor id="CNN_IP_20030422.1600.05:1:3S" offset="613.000000"></Anchor>
<Anchor id="CNN_IP_20030422.1600.05:1:1J" offset="622.000000"></Anchor>
<Anchor id="CNN_IP_20030422.1600.05:1:3a" offset="622.000000"></Anchor>
<Anchor id="CNN_IP_20030422.1600.05:1:1L" offset="634.000000"></Anchor>
<Anchor id="CNN_IP_20030422.1600.05:1:1M" offset="636.000000"></Anchor>
<Anchor id="CNN_IP_20030422.1600.05:1:1R" offset="641.000000"></Anchor>
<Anchor id="CNN_IP_20030422.1600.05:1:3i" offset="641.000000"></Anchor>
<Anchor id="CNN_IP_20030422.1600.05:1:1a" offset="643.000000"></Anchor>
<Anchor id="CNN_IP_20030422.1600.05:1:1c" offset="643.000000"></Anchor>
<Anchor id="CNN_IP_20030422.1600.05:1:1b" offset="653.000000"></Anchor>
<Anchor id="CNN_IP_20030422.1600.05:1:1d" offset="653.000000"></Anchor>
<Anchor id="CNN_IP_20030422.1600.05:1:1U" offset="655.000000"></Anchor>
<Anchor id="CNN_IP_20030422.1600.05:1:1K" offset="663.000000"></Anchor>
<Anchor id="CNN_IP_20030422.1600.05:1:1S" offset="663.000000"></Anchor>
<Anchor id="CNN_IP_20030422.1600.05:1:1V" offset="663.000000"></Anchor>
<Anchor id="CNN_IP_20030422.1600.05:1:3b" offset="663.000000"></Anchor>
<Anchor id="CNN_IP_20030422.1600.05:1:3j" offset="663.000000"></Anchor>
<Anchor id="CNN_IP_20030422.1600.05:1:4u" offset="663.000000"></Anchor>
<Anchor id="CNN_IP_20030422.1600.05:1:1k" offset="666.000000"></Anchor>
<Anchor id="CNN_IP_20030422.1600.05:1:1m" offset="666.000000"></Anchor>
<Anchor id="CNN_IP_20030422.1600.05:1:1l" offset="676.000000"></Anchor>
<Anchor id="CNN_IP_20030422.1600.05:1:1n" offset="676.000000"></Anchor>
<Anchor id="CNN_IP_20030422.1600.05:1:1o" offset="681.000000"></Anchor>
<Anchor id="CNN_IP_20030422.1600.05:1:1q" offset="683.000000"></Anchor>
<Anchor id="CNN_IP_20030422.1600.05:1:1r" offset="690.000000"></Anchor>
<Anchor id="CNN_IP_20030422.1600.05:1:1u" offset="695.000000"></Anchor>
<Anchor id="CNN_IP_20030422.1600.05:1:2K" offset="697.000000"></Anchor>
<Anchor id="CNN_IP_20030422.1600.05:1:2M" offset="697.000000"></Anchor>
<Anchor id="CNN_IP_20030422.1600.05:1:2L" offset="706.000000"></Anchor>
<Anchor id="CNN_IP_20030422.1600.05:1:2N" offset="706.000000"></Anchor>
<Anchor id="CNN_IP_20030422.1600.05:1:1w" offset="708.000000"></Anchor>
<Anchor id="CNN_IP_20030422.1600.05:1:1x" offset="712.000000"></Anchor>
<Anchor id="CNN_IP_20030422.1600.05:1:22" offset="724.000000"></Anchor>
<Anchor id="CNN_IP_20030422.1600.05:1:24" offset="724.000000"></Anchor>
<Anchor id="CNN_IP_20030422.1600.05:1:26" offset="724.000000"></Anchor>
<Anchor id="CNN_IP_20030422.1600.05:1:3q" offset="724.000000"></Anchor>
<Anchor id="CNN_IP_20030422.1600.05:1:23" offset="726.000000"></Anchor>
<Anchor id="CNN_IP_20030422.1600.05:1:25" offset="726.000000"></Anchor>
<Anchor id="CNN_IP_20030422.1600.05:1:28" offset="742.000000"></Anchor>
<Anchor id="CNN_IP_20030422.1600.05:1:1p" offset="751.000000"></Anchor>
<Anchor id="CNN_IP_20030422.1600.05:1:1v" offset="751.000000"></Anchor>
<Anchor id="CNN_IP_20030422.1600.05:1:27" offset="751.000000"></Anchor>
<Anchor id="CNN_IP_20030422.1600.05:1:29" offset="751.000000"></Anchor>
<Anchor id="CNN_IP_20030422.1600.05:1:3r" offset="751.000000"></Anchor>
<Anchor id="CNN_IP_20030422.1600.05:1:2V" offset="758.000000"></Anchor>
<Anchor id="CNN_IP_20030422.1600.05:1:3y" offset="758.000000"></Anchor>
<Anchor id="CNN_IP_20030422.1600.05:1:2d" offset="766.000000"></Anchor>
<Anchor id="CNN_IP_20030422.1600.05:1:2f" offset="766.000000"></Anchor>
<Anchor id="CNN_IP_20030422.1600.05:1:2e" offset="775.000000"></Anchor>
<Anchor id="CNN_IP_20030422.1600.05:1:2g" offset="775.000000"></Anchor>
<Anchor id="CNN_IP_20030422.1600.05:1:2X" offset="777.000000"></Anchor>
<Anchor id="CNN_IP_20030422.1600.05:1:2W" offset="784.000000"></Anchor>
<Anchor id="CNN_IP_20030422.1600.05:1:2Y" offset="784.000000"></Anchor>
<Anchor id="CNN_IP_20030422.1600.05:1:3z" offset="784.000000"></Anchor>
<Anchor id="CNN_IP_20030422.1600.05:1:2u" offset="812.000000"></Anchor>
<Anchor id="CNN_IP_20030422.1600.05:1:4G" offset="812.000000"></Anchor>
<Anchor id="CNN_IP_20030422.1600.05:1:49" offset="816.000000"></Anchor>
<Anchor id="CNN_IP_20030422.1600.05:1:4B" offset="816.000000"></Anchor>
<Anchor id="CNN_IP_20030422.1600.05:1:4A" offset="822.000000"></Anchor>
<Anchor id="CNN_IP_20030422.1600.05:1:4C" offset="822.000000"></Anchor>
<Anchor id="CNN_IP_20030422.1600.05:1:2w" offset="824.000000"></Anchor>
<Anchor id="CNN_IP_20030422.1600.05:1:2x" offset="828.000000"></Anchor>
<Anchor id="CNN_IP_20030422.1600.05:1:S" offset="843.000000"></Anchor>
<Anchor id="CNN_IP_20030422.1600.05:1:V" offset="860.000000"></Anchor>
<Anchor id="CNN_IP_20030422.1600.05:1:2v" offset="867.000000"></Anchor>
<Anchor id="CNN_IP_20030422.1600.05:1:4H" offset="867.000000"></Anchor>
<Anchor id="CNN_IP_20030422.1600.05:1:U" offset="867.000000"></Anchor>
<Anchor id="CNN_IP_20030422.1600.05:1:W" offset="867.000000"></Anchor>
<Anchor id="CNN_IP_20030422.1600.05:1:32" offset="909.000000"></Anchor>
<Anchor id="CNN_IP_20030422.1600.05:1:33" offset="909.000000"></Anchor>
<Anchor id="CNN_IP_20030422.1600.05:1:34" offset="909.000000"></Anchor>
<Anchor id="CNN_IP_20030422.1600.05:1:35" offset="909.000000"></Anchor>
<Anchor id="CNN_IP_20030422.1600.05:1:3A" offset="913.000000"></Anchor>
<Anchor id="CNN_IP_20030422.1600.05:1:3C" offset="913.000000"></Anchor>
<Anchor id="CNN_IP_20030422.1600.05:1:3B" offset="925.000000"></Anchor>
<Anchor id="CNN_IP_20030422.1600.05:1:3D" offset="925.000000"></Anchor>
<Anchor id="CNN_IP_20030422.1600.05:1:3F" offset="947.000000"></Anchor>
<Anchor id="CNN_IP_20030422.1600.05:1:3H" offset="947.000000"></Anchor>
<Anchor id="CNN_IP_20030422.1600.05:1:3G" offset="948.000000"></Anchor>
<Anchor id="CNN_IP_20030422.1600.05:1:3I" offset="948.000000"></Anchor>
<Anchor id="CNN_IP_20030422.1600.05:1:1H"></Anchor>
<Anchor id="CNN_IP_20030422.1600.05:1:1I"></Anchor>
<Anchor id="CNN_IP_20030422.1600.05:1:1N"></Anchor>
<Anchor id="CNN_IP_20030422.1600.05:1:1O"></Anchor>
<Anchor id="CNN_IP_20030422.1600.05:1:1P"></Anchor>
<Anchor id="CNN_IP_20030422.1600.05:1:1Q"></Anchor>
<Anchor id="CNN_IP_20030422.1600.05:1:1W"></Anchor>
<Anchor id="CNN_IP_20030422.1600.05:1:1X"></Anchor>
<Anchor id="CNN_IP_20030422.1600.05:1:1Y"></Anchor>
<Anchor id="CNN_IP_20030422.1600.05:1:1Z"></Anchor>
<Anchor id="CNN_IP_20030422.1600.05:1:1e"></Anchor>
<Anchor id="CNN_IP_20030422.1600.05:1:1f"></Anchor>
<Anchor id="CNN_IP_20030422.1600.05:1:1g"></Anchor>
<Anchor id="CNN_IP_20030422.1600.05:1:1h"></Anchor>
<Anchor id="CNN_IP_20030422.1600.05:1:1i"></Anchor>
<Anchor id="CNN_IP_20030422.1600.05:1:1j"></Anchor>
<Anchor id="CNN_IP_20030422.1600.05:1:1s"></Anchor>
<Anchor id="CNN_IP_20030422.1600.05:1:1t"></Anchor>
<Anchor id="CNN_IP_20030422.1600.05:1:1y"></Anchor>
<Anchor id="CNN_IP_20030422.1600.05:1:1z"></Anchor>
<Anchor id="CNN_IP_20030422.1600.05:1:20"></Anchor>
<Anchor id="CNN_IP_20030422.1600.05:1:21"></Anchor>
<Anchor id="CNN_IP_20030422.1600.05:1:2A"></Anchor>
<Anchor id="CNN_IP_20030422.1600.05:1:2B"></Anchor>
<Anchor id="CNN_IP_20030422.1600.05:1:2C"></Anchor>
<Anchor id="CNN_IP_20030422.1600.05:1:2D"></Anchor>
<Anchor id="CNN_IP_20030422.1600.05:1:2O"></Anchor>
<Anchor id="CNN_IP_20030422.1600.05:1:2P"></Anchor>
<Anchor id="CNN_IP_20030422.1600.05:1:2Q"></Anchor>
<Anchor id="CNN_IP_20030422.1600.05:1:2R"></Anchor>
<Anchor id="CNN_IP_20030422.1600.05:1:2S"></Anchor>
<Anchor id="CNN_IP_20030422.1600.05:1:2U"></Anchor>
<Anchor id="CNN_IP_20030422.1600.05:1:2Z"></Anchor>
<Anchor id="CNN_IP_20030422.1600.05:1:2a"></Anchor>
<Anchor id="CNN_IP_20030422.1600.05:1:2b"></Anchor>
<Anchor id="CNN_IP_20030422.1600.05:1:2c"></Anchor>
<Anchor id="CNN_IP_20030422.1600.05:1:2h"></Anchor>
<Anchor id="CNN_IP_20030422.1600.05:1:2i"></Anchor>
<Anchor id="CNN_IP_20030422.1600.05:1:2j"></Anchor>
<Anchor id="CNN_IP_20030422.1600.05:1:2k"></Anchor>
<Anchor id="CNN_IP_20030422.1600.05:1:2l"></Anchor>
<Anchor id="CNN_IP_20030422.1600.05:1:2m"></Anchor>
<Anchor id="CNN_IP_20030422.1600.05:1:2y"></Anchor>
<Anchor id="CNN_IP_20030422.1600.05:1:2z"></Anchor>
<Anchor id="CNN_IP_20030422.1600.05:1:30"></Anchor>
<Anchor id="CNN_IP_20030422.1600.05:1:31"></Anchor>
<Anchor id="CNN_IP_20030422.1600.05:1:36"></Anchor>
<Anchor id="CNN_IP_20030422.1600.05:1:37"></Anchor>
<Anchor id="CNN_IP_20030422.1600.05:1:38"></Anchor>
<Anchor id="CNN_IP_20030422.1600.05:1:39"></Anchor>
<Anchor id="CNN_IP_20030422.1600.05:1:3J"></Anchor>
<Anchor id="CNN_IP_20030422.1600.05:1:3K"></Anchor>
<Anchor id="CNN_IP_20030422.1600.05:1:3L"></Anchor>
<Anchor id="CNN_IP_20030422.1600.05:1:3M"></Anchor>
<Anchor id="CNN_IP_20030422.1600.05:1:3P"></Anchor>
<Anchor id="CNN_IP_20030422.1600.05:1:3Q"></Anchor>
<Anchor id="CNN_IP_20030422.1600.05:1:3U"></Anchor>
<Anchor id="CNN_IP_20030422.1600.05:1:3V"></Anchor>
<Anchor id="CNN_IP_20030422.1600.05:1:3W"></Anchor>
<Anchor id="CNN_IP_20030422.1600.05:1:3X"></Anchor>
<Anchor id="CNN_IP_20030422.1600.05:1:3Y"></Anchor>
<Anchor id="CNN_IP_20030422.1600.05:1:3Z"></Anchor>
<Anchor id="CNN_IP_20030422.1600.05:1:3c"></Anchor>
<Anchor id="CNN_IP_20030422.1600.05:1:3d"></Anchor>
<Anchor id="CNN_IP_20030422.1600.05:1:3e"></Anchor>
<Anchor id="CNN_IP_20030422.1600.05:1:3f"></Anchor>
<Anchor id="CNN_IP_20030422.1600.05:1:3g"></Anchor>
<Anchor id="CNN_IP_20030422.1600.05:1:3h"></Anchor>
<Anchor id="CNN_IP_20030422.1600.05:1:3k"></Anchor>
<Anchor id="CNN_IP_20030422.1600.05:1:3l"></Anchor>
<Anchor id="CNN_IP_20030422.1600.05:1:3m"></Anchor>
<Anchor id="CNN_IP_20030422.1600.05:1:3n"></Anchor>
<Anchor id="CNN_IP_20030422.1600.05:1:3o"></Anchor>
<Anchor id="CNN_IP_20030422.1600.05:1:3p"></Anchor>
<Anchor id="CNN_IP_20030422.1600.05:1:3s"></Anchor>
<Anchor id="CNN_IP_20030422.1600.05:1:3t"></Anchor>
<Anchor id="CNN_IP_20030422.1600.05:1:3u"></Anchor>
<Anchor id="CNN_IP_20030422.1600.05:1:3v"></Anchor>
<Anchor id="CNN_IP_20030422.1600.05:1:3w"></Anchor>
<Anchor id="CNN_IP_20030422.1600.05:1:3x"></Anchor>
<Anchor id="CNN_IP_20030422.1600.05:1:40"></Anchor>
<Anchor id="CNN_IP_20030422.1600.05:1:41"></Anchor>
<Anchor id="CNN_IP_20030422.1600.05:1:42"></Anchor>
<Anchor id="CNN_IP_20030422.1600.05:1:43"></Anchor>
<Anchor id="CNN_IP_20030422.1600.05:1:44"></Anchor>
<Anchor id="CNN_IP_20030422.1600.05:1:45"></Anchor>
<Anchor id="CNN_IP_20030422.1600.05:1:4D"></Anchor>
<Anchor id="CNN_IP_20030422.1600.05:1:4F"></Anchor>
<Anchor id="CNN_IP_20030422.1600.05:1:4I"></Anchor>
<Anchor id="CNN_IP_20030422.1600.05:1:4J"></Anchor>
<Anchor id="CNN_IP_20030422.1600.05:1:4K"></Anchor>
<Anchor id="CNN_IP_20030422.1600.05:1:4L"></Anchor>
<Anchor id="CNN_IP_20030422.1600.05:1:4M"></Anchor>
<Anchor id="CNN_IP_20030422.1600.05:1:4N"></Anchor>
<Anchor id="CNN_IP_20030422.1600.05:1:4W"></Anchor>
<Anchor id="CNN_IP_20030422.1600.05:1:4X"></Anchor>
<Anchor id="CNN_IP_20030422.1600.05:1:4c"></Anchor>
<Anchor id="CNN_IP_20030422.1600.05:1:4d"></Anchor>
<Anchor id="CNN_IP_20030422.1600.05:1:4e"></Anchor>
<Anchor id="CNN_IP_20030422.1600.05:1:4f"></Anchor>
<Anchor id="CNN_IP_20030422.1600.05:1:4g"></Anchor>
<Anchor id="CNN_IP_20030422.1600.05:1:4h"></Anchor>
<Anchor id="CNN_IP_20030422.1600.05:1:4x"></Anchor>
<Anchor id="CNN_IP_20030422.1600.05:1:4y"></Anchor>
<Anchor id="CNN_IP_20030422.1600.05:1:4z"></Anchor>
<Anchor id="CNN_IP_20030422.1600.05:1:5"></Anchor>
<Anchor id="CNN_IP_20030422.1600.05:1:50"></Anchor>
<Anchor id="CNN_IP_20030422.1600.05:1:51"></Anchor>
<Anchor id="CNN_IP_20030422.1600.05:1:52"></Anchor>
<Anchor id="CNN_IP_20030422.1600.05:1:6"></Anchor>
<Anchor id="CNN_IP_20030422.1600.05:1:7"></Anchor>
<Anchor id="CNN_IP_20030422.1600.05:1:8"></Anchor>
<Anchor id="CNN_IP_20030422.1600.05:1:O"></Anchor>
<Anchor id="CNN_IP_20030422.1600.05:1:P"></Anchor>
<Anchor id="CNN_IP_20030422.1600.05:1:Q"></Anchor>
<Anchor id="CNN_IP_20030422.1600.05:1:R"></Anchor>
<Anchor id="CNN_IP_20030422.1600.05:1:j"></Anchor>
<Anchor id="CNN_IP_20030422.1600.05:1:k"></Anchor>
<Anchor id="CNN_IP_20030422.1600.05:1:p"></Anchor>
<Anchor id="CNN_IP_20030422.1600.05:1:q"></Anchor>
<Anchor id="CNN_IP_20030422.1600.05:1:r"></Anchor>
<Anchor id="CNN_IP_20030422.1600.05:1:s"></Anchor>
<Annotation id="CNN_IP_20030422.1600.05:1:E10" type="composite_entity" start="CNN_IP_20030422.1600.05:1:20" end="CNN_IP_20030422.1600.05:1:21">
<Feature name="composite_entity_class">SPC</Feature>
<Feature name="id">CE7</Feature>
</Annotation>
<Annotation id="CNN_IP_20030422.1600.05:1:E15" type="entity" start="CNN_IP_20030422.1600.05:1:2A" end="CNN_IP_20030422.1600.05:1:2B">
<Feature name="class">GEN</Feature>
<Feature name="class_difficultDecision">FALSE</Feature>
<Feature name="composite_entity">CNN_IP_20030422.1600.05:1:E16</Feature>
<Feature name="id">E13</Feature>
<Feature name="subtype">Group</Feature>
<Feature name="subtype_difficultDecision">FALSE</Feature>
<Feature name="type">PER</Feature>
<Feature name="type_difficultDecision">FALSE</Feature>
</Annotation>
<Annotation id="CNN_IP_20030422.1600.05:1:E16" type="composite_entity" start="CNN_IP_20030422.1600.05:1:2C" end="CNN_IP_20030422.1600.05:1:2D">
<Feature name="composite_entity_class">GEN</Feature>
<Feature name="id">CE8</Feature>
</Annotation>
<Annotation id="CNN_IP_20030422.1600.05:1:E1B" type="entity" start="CNN_IP_20030422.1600.05:1:2O" end="CNN_IP_20030422.1600.05:1:2P">
<Feature name="class">GEN</Feature>
<Feature name="class_difficultDecision">FALSE</Feature>
<Feature name="composite_entity">CNN_IP_20030422.1600.05:1:E1C</Feature>
<Feature name="id">E15</Feature>
<Feature name="subtype">COM</Feature>
<Feature name="subtype_difficultDecision">FALSE</Feature>
<Feature name="type">ORG</Feature>
<Feature name="type_difficultDecision">FALSE</Feature>
</Annotation>
<Annotation id="CNN_IP_20030422.1600.05:1:E1C" type="composite_entity" start="CNN_IP_20030422.1600.05:1:2Q" end="CNN_IP_20030422.1600.05:1:2R">
<Feature name="composite_entity_class">GEN</Feature>
<Feature name="id">CE9</Feature>
</Annotation>
<Annotation id="CNN_IP_20030422.1600.05:1:E1D" type="entity" start="CNN_IP_20030422.1600.05:1:2S" end="CNN_IP_20030422.1600.05:1:2U">
<Feature name="class">ATR</Feature>
<Feature name="class_difficultDecision">FALSE</Feature>
<Feature name="composite_entity">CNN_IP_20030422.1600.05:1:E1C</Feature>
<Feature name="id">E16</Feature>
<Feature name="subtype">COM</Feature>
<Feature name="subtype_difficultDecision">FALSE</Feature>
<Feature name="type">ORG</Feature>
<Feature name="type_difficultDecision">FALSE</Feature>
</Annotation>
<Annotation id="CNN_IP_20030422.1600.05:1:E1H" type="entity" start="CNN_IP_20030422.1600.05:1:2Z" end="CNN_IP_20030422.1600.05:1:2a">
<Feature name="class">SPC</Feature>
<Feature name="class_difficultDecision">FALSE</Feature>
<Feature name="composite_entity">CNN_IP_20030422.1600.05:1:E1I</Feature>
<Feature name="id">E17</Feature>
<Feature name="subtype">Individual</Feature>
<Feature name="subtype_difficultDecision">FALSE</Feature>
<Feature name="type">PER</Feature>
<Feature name="type_difficultDecision">FALSE</Feature>
</Annotation>
<Annotation id="CNN_IP_20030422.1600.05:1:E1I" type="composite_entity" start="CNN_IP_20030422.1600.05:1:2b" end="CNN_IP_20030422.1600.05:1:2c">
<Feature name="composite_entity_class">SPC</Feature>
<Feature name="id">CE10</Feature>
</Annotation>
<Annotation id="CNN_IP_20030422.1600.05:1:E1L" type="entity" start="CNN_IP_20030422.1600.05:1:2h" end="CNN_IP_20030422.1600.05:1:2i">
<Feature name="class">SPC</Feature>
<Feature name="class_difficultDecision">FALSE</Feature>
<Feature name="composite_entity">CNN_IP_20030422.1600.05:1:E1M</Feature>
<Feature name="id">E18</Feature>
<Feature name="subtype">NON</Feature>
<Feature name="subtype_difficultDecision">FALSE</Feature>
<Feature name="type">ORG</Feature>
<Feature name="type_difficultDecision">FALSE</Feature>
</Annotation>
<Annotation id="CNN_IP_20030422.1600.05:1:E1M" type="composite_entity" start="CNN_IP_20030422.1600.05:1:2j" end="CNN_IP_20030422.1600.05:1:2k">
<Feature name="composite_entity_class">SPC</Feature>
<Feature name="id">CE11</Feature>
</Annotation>
<Annotation id="CNN_IP_20030422.1600.05:1:E1N" type="entity" start="CNN_IP_20030422.1600.05:1:2l" end="CNN_IP_20030422.1600.05:1:2m">
<Feature name="class">ATR</Feature>
<Feature name="class_difficultDecision">FALSE</Feature>
<Feature name="composite_entity">CNN_IP_20030422.1600.05:1:E1M</Feature>
<Feature name="id">E19</Feature>
<Feature name="subtype">NON</Feature>
<Feature name="subtype_difficultDecision">FALSE</Feature>
<Feature name="type">ORG</Feature>
<Feature name="type_difficultDecision">FALSE</Feature>
</Annotation>
<Annotation id="CNN_IP_20030422.1600.05:1:E1U" type="entity" start="CNN_IP_20030422.1600.05:1:2y" end="CNN_IP_20030422.1600.05:1:2z">
<Feature name="class">NEG</Feature>
<Feature name="class_difficultDecision">FALSE</Feature>
<Feature name="composite_entity">CNN_IP_20030422.1600.05:1:E1V</Feature>
<Feature name="id">E21</Feature>
<Feature name="subtype">Group</Feature>
<Feature name="subtype_difficultDecision">FALSE</Feature>
<Feature name="type">PER</Feature>
<Feature name="type_difficultDecision">FALSE</Feature>
</Annotation>
<Annotation id="CNN_IP_20030422.1600.05:1:E1V" type="composite_entity" start="CNN_IP_20030422.1600.05:1:30" end="CNN_IP_20030422.1600.05:1:31">
<Feature name="composite_entity_class">NEG</Feature>
<Feature name="id">CE13</Feature>
</Annotation>
<Annotation id="CNN_IP_20030422.1600.05:1:E1Y" type="entity" start="CNN_IP_20030422.1600.05:1:36" end="CNN_IP_20030422.1600.05:1:37">
<Feature name="class">SPC</Feature>
<Feature name="class_difficultDecision">FALSE</Feature>
<Feature name="composite_entity">CNN_IP_20030422.1600.05:1:E1Z</Feature>
<Feature name="id">E22</Feature>
<Feature name="subtype">Individual</Feature>
<Feature name="subtype_difficultDecision">FALSE</Feature>
<Feature name="type">PER</Feature>
<Feature name="type_difficultDecision">FALSE</Feature>
</Annotation>
<Annotation id="CNN_IP_20030422.1600.05:1:E1Z" type="composite_entity" start="CNN_IP_20030422.1600.05:1:38" end="CNN_IP_20030422.1600.05:1:39">
<Feature name="composite_entity_class">SPC</Feature>
<Feature name="id">CE14</Feature>
</Annotation>
<Annotation id="CNN_IP_20030422.1600.05:1:E1e" type="entity" start="CNN_IP_20030422.1600.05:1:3J" end="CNN_IP_20030422.1600.05:1:3K">
<Feature name="class">SPC</Feature>
<Feature name="class_difficultDecision">FALSE</Feature>
<Feature name="composite_entity">CNN_IP_20030422.1600.05:1:E1f</Feature>
<Feature name="id">E23</Feature>
<Feature name="subtype">MED</Feature>
<Feature name="subtype_difficultDecision">FALSE</Feature>
<Feature name="type">ORG</Feature>
<Feature name="type_difficultDecision">FALSE</Feature>
</Annotation>
<Annotation id="CNN_IP_20030422.1600.05:1:E1f" type="composite_entity" start="CNN_IP_20030422.1600.05:1:3L" end="CNN_IP_20030422.1600.05:1:3M">
<Feature name="composite_entity_class">SPC</Feature>
<Feature name="id">CE15</Feature>
</Annotation>
<Annotation id="CNN_IP_20030422.1600.05:1:E1h" type="value" start="CNN_IP_20030422.1600.05:1:3P" end="CNN_IP_20030422.1600.05:1:3Q">
<Feature name="id">Q1</Feature>
<Feature name="subtype"></Feature>
<Feature name="subtype_difficultDecision">FALSE</Feature>
<Feature name="type">TIME</Feature>
<Feature name="type_difficultDecision">FALSE</Feature>
</Annotation>
<Annotation id="CNN_IP_20030422.1600.05:1:E1j" type="relation" start="CNN_IP_20030422.1600.05:1:3U" end="CNN_IP_20030422.1600.05:1:3V">
<Feature name="id">R1</Feature>
<Feature name="modality">Asserted</Feature>
<Feature name="subtype">CRRE</Feature>
<Feature name="subtype_difficultDecision">FALSE</Feature>
<Feature name="tense">Unspecified</Feature>
<Feature name="type">GEN-AFF</Feature>
<Feature name="type_difficultDecision">FALSE</Feature>
</Annotation>
<Annotation id="CNN_IP_20030422.1600.05:1:E1k" type="relation_mention_argument" start="CNN_IP_20030422.1600.05:1:3W" end="CNN_IP_20030422.1600.05:1:3X">
<Feature name="argnum">1</Feature>
<Feature name="indexing_type">charseq</Feature>
<Feature name="object_mention">CNN_IP_20030422.1600.05:1:EY</Feature>
<Feature name="relation_mention">CNN_IP_20030422.1600.05:1:E1i</Feature>
<Feature name="subrole"></Feature>
</Annotation>
<Annotation id="CNN_IP_20030422.1600.05:1:E1l" type="relation_mention_argument" start="CNN_IP_20030422.1600.05:1:3Y" end="CNN_IP_20030422.1600.05:1:3Z">
<Feature name="argnum">2</Feature>
<Feature name="indexing_type">charseq</Feature>
<Feature name="object_mention">CNN_IP_20030422.1600.05:1:Ea</Feature>
<Feature name="relation_mention">CNN_IP_20030422.1600.05:1:E1i</Feature>
<Feature name="subrole"></Feature>
</Annotation>
<Annotation id="CNN_IP_20030422.1600.05:1:E1n" type="relation" start="CNN_IP_20030422.1600.05:1:3c" end="CNN_IP_20030422.1600.05:1:3d">
<Feature name="id">R2</Feature>
<Feature name="modality">Asserted</Feature>
<Feature name="subtype">UOIM</Feature>
<Feature name="subtype_difficultDecision">FALSE</Feature>
<Feature name="tense">Unspecified</Feature>
<Feature name="type">ART</Feature>
<Feature name="type_difficultDecision">FALSE</Feature>
</Annotation>
<Annotation id="CNN_IP_20030422.1600.05:1:E1o" type="relation_mention_argument" start="CNN_IP_20030422.1600.05:1:3e" end="CNN_IP_20030422.1600.05:1:3f">
<Feature name="argnum">1</Feature>
<Feature name="indexing_type">charseq</Feature>
<Feature name="object_mention">CNN_IP_20030422.1600.05:1:Ej</Feature>
<Feature name="relation_mention">CNN_IP_20030422.1600.05:1:E1m</Feature>
<Feature name="subrole"></Feature>
</Annotation>
<Annotation id="CNN_IP_20030422.1600.05:1:E1p" type="relation_mention_argument" start="CNN_IP_20030422.1600.05:1:3g" end="CNN_IP_20030422.1600.05:1:3h">
<Feature name="argnum">2</Feature>
<Feature name="indexing_type">charseq</Feature>
<Feature name="object_mention">CNN_IP_20030422.1600.05:1:Ef</Feature>
<Feature name="relation_mention">CNN_IP_20030422.1600.05:1:E1m</Feature>
<Feature name="subrole"></Feature>
</Annotation>
<Annotation id="CNN_IP_20030422.1600.05:1:E1r" type="relation" start="CNN_IP_20030422.1600.05:1:3k" end="CNN_IP_20030422.1600.05:1:3l">
<Feature name="id">R3</Feature>
<Feature name="modality">Asserted</Feature>
<Feature name="subtype">Employment</Feature>
<Feature name="subtype_difficultDecision">FALSE</Feature>
<Feature name="tense">Unspecified</Feature>
<Feature name="type">ORG-AFF</Feature>
<Feature name="type_difficultDecision">FALSE</Feature>
</Annotation>
<Annotation id="CNN_IP_20030422.1600.05:1:E1s" type="relation_mention_argument" start="CNN_IP_20030422.1600.05:1:3m" end="CNN_IP_20030422.1600.05:1:3n">
<Feature name="argnum">1</Feature>
<Feature name="indexing_type">charseq</Feature>
<Feature name="object_mention">CNN_IP_20030422.1600.05:1:Ej</Feature>
<Feature name="relation_mention">CNN_IP_20030422.1600.05:1:E1q</Feature>
<Feature name="subrole"></Feature>
</Annotation>
<Annotation id="CNN_IP_20030422.1600.05:1:E1t" type="relation_mention_argument" start="CNN_IP_20030422.1600.05:1:3o" end="CNN_IP_20030422.1600.05:1:3p">
<Feature name="argnum">2</Feature>
<Feature name="indexing_type">charseq</Feature>
<Feature name="object_mention">CNN_IP_20030422.1600.05:1:En</Feature>
<Feature name="relation_mention">CNN_IP_20030422.1600.05:1:E1q</Feature>
<Feature name="subrole"></Feature>
</Annotation>
<Annotation id="CNN_IP_20030422.1600.05:1:E1v" type="relation" start="CNN_IP_20030422.1600.05:1:3s" end="CNN_IP_20030422.1600.05:1:3t">
<Feature name="id">R4</Feature>
<Feature name="modality">Asserted</Feature>
<Feature name="subtype">Employment</Feature>
<Feature name="subtype_difficultDecision">FALSE</Feature>
<Feature name="tense">Unspecified</Feature>
<Feature name="type">ORG-AFF</Feature>
<Feature name="type_difficultDecision">FALSE</Feature>
</Annotation>
<Annotation id="CNN_IP_20030422.1600.05:1:E1w" type="relation_mention_argument" start="CNN_IP_20030422.1600.05:1:3u" end="CNN_IP_20030422.1600.05:1:3v">
<Feature name="argnum">1</Feature>
<Feature name="indexing_type">charseq</Feature>
<Feature name="object_mention">CNN_IP_20030422.1600.05:1:E13</Feature>
<Feature name="relation_mention">CNN_IP_20030422.1600.05:1:E1u</Feature>
<Feature name="subrole"></Feature>
</Annotation>
<Annotation id="CNN_IP_20030422.1600.05:1:E1x" type="relation_mention_argument" start="CNN_IP_20030422.1600.05:1:3w" end="CNN_IP_20030422.1600.05:1:3x">
<Feature name="argnum">2</Feature>
<Feature name="indexing_type">charseq</Feature>
<Feature name="object_mention">CNN_IP_20030422.1600.05:1:E11</Feature>
<Feature name="relation_mention">CNN_IP_20030422.1600.05:1:E1u</Feature>
<Feature name="subrole"></Feature>
</Annotation>
<Annotation id="CNN_IP_20030422.1600.05:1:E1z" type="relation" start="CNN_IP_20030422.1600.05:1:40" end="CNN_IP_20030422.1600.05:1:41">
<Feature name="id">R5</Feature>
<Feature name="modality">Asserted</Feature>
<Feature name="subtype">Membership</Feature>
<Feature name="subtype_difficultDecision">FALSE</Feature>
<Feature name="tense">Unspecified</Feature>
<Feature name="type">ORG-AFF</Feature>
<Feature name="type_difficultDecision">FALSE</Feature>
</Annotation>
<Annotation id="CNN_IP_20030422.1600.05:1:E20" type="relation_mention_argument" start="CNN_IP_20030422.1600.05:1:42" end="CNN_IP_20030422.1600.05:1:43">
<Feature name="argnum">1</Feature>
<Feature name="indexing_type">charseq</Feature>
<Feature name="object_mention">CNN_IP_20030422.1600.05:1:E1F</Feature>
<Feature name="relation_mention">CNN_IP_20030422.1600.05:1:E1y</Feature>
<Feature name="subrole"></Feature>
</Annotation>
<Annotation id="CNN_IP_20030422.1600.05:1:E21" type="relation_mention_argument" start="CNN_IP_20030422.1600.05:1:44" end="CNN_IP_20030422.1600.05:1:45">
<Feature name="argnum">2</Feature>
<Feature name="indexing_type">charseq</Feature>
<Feature name="object_mention">CNN_IP_20030422.1600.05:1:E1J</Feature>
<Feature name="relation_mention">CNN_IP_20030422.1600.05:1:E1y</Feature>
<Feature name="subrole"></Feature>
</Annotation>
<Annotation id="CNN_IP_20030422.1600.05:1:E25" type="entity" start="CNN_IP_20030422.1600.05:1:4D" end="CNN_IP_20030422.1600.05:1:4F">
<Feature name="class">ATR</Feature>
<Feature name="class_difficultDecision">FALSE</Feature>
<Feature name="composite_entity">CNN_IP_20030422.1600.05:1:E10</Feature>
<Feature name="id">E24</Feature>
<Feature name="subtype">COM</Feature>
<Feature name="subtype_difficultDecision">FALSE</Feature>
<Feature name="type">ORG</Feature>
<Feature name="type_difficultDecision">FALSE</Feature>
</Annotation>
<Annotation id="CNN_IP_20030422.1600.05:1:E27" type="relation" start="CNN_IP_20030422.1600.05:1:4I" end="CNN_IP_20030422.1600.05:1:4J">
<Feature name="id">R6</Feature>
<Feature name="modality">Asserted</Feature>
<Feature name="subtype">Employment</Feature>
<Feature name="subtype_difficultDecision">FALSE</Feature>
<Feature name="tense">Unspecified</Feature>
<Feature name="type">ORG-AFF</Feature>
<Feature name="type_difficultDecision">FALSE</Feature>
</Annotation>
<Annotation id="CNN_IP_20030422.1600.05:1:E28" type="relation_mention_argument" start="CNN_IP_20030422.1600.05:1:4K" end="CNN_IP_20030422.1600.05:1:4L">
<Feature name="argnum">1</Feature>
<Feature name="indexing_type">charseq</Feature>
<Feature name="object_mention">CNN_IP_20030422.1600.05:1:E1R</Feature>
<Feature name="relation_mention">CNN_IP_20030422.1600.05:1:E26</Feature>
<Feature name="subrole"></Feature>
</Annotation>
<Annotation id="CNN_IP_20030422.1600.05:1:E29" type="relation_mention_argument" start="CNN_IP_20030422.1600.05:1:4M" end="CNN_IP_20030422.1600.05:1:4N">
<Feature name="argnum">2</Feature>
<Feature name="indexing_type">charseq</Feature>
<Feature name="object_mention">CNN_IP_20030422.1600.05:1:E23</Feature>
<Feature name="relation_mention">CNN_IP_20030422.1600.05:1:E26</Feature>
<Feature name="subrole"></Feature>
</Annotation>
<Annotation id="CNN_IP_20030422.1600.05:1:E2D" type="value" start="CNN_IP_20030422.1600.05:1:4W" end="CNN_IP_20030422.1600.05:1:4X">
<Feature name="id">Q2</Feature>
<Feature name="subtype"></Feature>
<Feature name="subtype_difficultDecision">FALSE</Feature>
<Feature name="type">Job-Title</Feature>
<Feature name="type_difficultDecision">FALSE</Feature>
</Annotation>
<Annotation id="CNN_IP_20030422.1600.05:1:E2H" type="event" start="CNN_IP_20030422.1600.05:1:4c" end="CNN_IP_20030422.1600.05:1:4d">
<Feature name="genericity">Specific</Feature>
<Feature name="id">V2</Feature>
<Feature name="modality">Asserted</Feature>
<Feature name="polarity">Positive</Feature>
<Feature name="subtype">End-Position</Feature>
<Feature name="subtype_difficultDecision">FALSE</Feature>
<Feature name="tense">Past</Feature>
<Feature name="type">Personnel</Feature>
<Feature name="type_difficultDecision">FALSE</Feature>
</Annotation>
<Annotation id="CNN_IP_20030422.1600.05:1:E2I" type="event_mention_participant" start="CNN_IP_20030422.1600.05:1:4e" end="CNN_IP_20030422.1600.05:1:4f">
<Feature name="event_mention">CNN_IP_20030422.1600.05:1:E2F</Feature>
<Feature name="indexing_type">charseq</Feature>
<Feature name="object_mention">CNN_IP_20030422.1600.05:1:EJ</Feature>
<Feature name="role">Person</Feature>
<Feature name="subrole"></Feature>
</Annotation>
<Annotation id="CNN_IP_20030422.1600.05:1:E2J" type="event_mention_participant" start="CNN_IP_20030422.1600.05:1:4g" end="CNN_IP_20030422.1600.05:1:4h">
<Feature name="event_mention">CNN_IP_20030422.1600.05:1:E2F</Feature>
<Feature name="indexing_type">charseq</Feature>
<Feature name="object_mention">CNN_IP_20030422.1600.05:1:E2C</Feature>
<Feature name="role">Position</Feature>
<Feature name="subrole"></Feature>
</Annotation>
<Annotation id="CNN_IP_20030422.1600.05:1:E2R" type="event" start="CNN_IP_20030422.1600.05:1:4x" end="CNN_IP_20030422.1600.05:1:4y">
<Feature name="genericity">Specific</Feature>
<Feature name="id">V4</Feature>
<Feature name="modality">Asserted</Feature>
<Feature name="polarity">Positive</Feature>
<Feature name="subtype">Transport</Feature>
<Feature name="subtype_difficultDecision">FALSE</Feature>
<Feature name="tense">Past</Feature>
<Feature name="type">Movement</Feature>
<Feature name="type_difficultDecision">FALSE</Feature>
</Annotation>
<Annotation id="CNN_IP_20030422.1600.05:1:E2S" type="event_mention_participant" start="CNN_IP_20030422.1600.05:1:4z" end="CNN_IP_20030422.1600.05:1:50">
<Feature name="event_mention">CNN_IP_20030422.1600.05:1:E2P</Feature>
<Feature name="indexing_type">charseq</Feature>
<Feature name="object_mention">CNN_IP_20030422.1600.05:1:ES</Feature>
<Feature name="role">Artifact</Feature>
<Feature name="subrole"></Feature>
</Annotation>
<Annotation id="CNN_IP_20030422.1600.05:1:E2U" type="event_mention_participant" start="CNN_IP_20030422.1600.05:1:51" end="CNN_IP_20030422.1600.05:1:52">
<Feature name="event_mention">CNN_IP_20030422.1600.05:1:E2P</Feature>
<Feature name="indexing_type">charseq</Feature>
<Feature name="object_mention">CNN_IP_20030422.1600.05:1:Ea</Feature>
<Feature name="role">Destination</Feature>
<Feature name="subrole"></Feature>
</Annotation>
<Annotation id="CNN_IP_20030422.1600.05:1:E3" type="entity" start="CNN_IP_20030422.1600.05:1:5" end="CNN_IP_20030422.1600.05:1:6">
<Feature name="class">SPC</Feature>
<Feature name="class_difficultDecision">FALSE</Feature>
<Feature name="composite_entity">CNN_IP_20030422.1600.05:1:E4</Feature>
<Feature name="id">E1</Feature>
<Feature name="subtype">Individual</Feature>
<Feature name="subtype_difficultDecision">FALSE</Feature>
<Feature name="type">PER</Feature>
<Feature name="type_difficultDecision">FALSE</Feature>
</Annotation>
<Annotation id="CNN_IP_20030422.1600.05:1:E4" type="composite_entity" start="CNN_IP_20030422.1600.05:1:7" end="CNN_IP_20030422.1600.05:1:8">
<Feature name="composite_entity_class">SPC</Feature>
<Feature name="id">CE1</Feature>
</Annotation>
<Annotation id="CNN_IP_20030422.1600.05:1:EC" type="entity" start="CNN_IP_20030422.1600.05:1:O" end="CNN_IP_20030422.1600.05:1:P">
<Feature name="class">GEN</Feature>
<Feature name="class_difficultDecision">FALSE</Feature>
<Feature name="composite_entity">CNN_IP_20030422.1600.05:1:ED</Feature>
<Feature name="id">E3</Feature>
<Feature name="subtype">Group</Feature>
<Feature name="subtype_difficultDecision">FALSE</Feature>
<Feature name="type">PER</Feature>
<Feature name="type_difficultDecision">FALSE</Feature>
</Annotation>
<Annotation id="CNN_IP_20030422.1600.05:1:ED" type="composite_entity" start="CNN_IP_20030422.1600.05:1:Q" end="CNN_IP_20030422.1600.05:1:R">
<Feature name="composite_entity_class">GEN</Feature>
<Feature name="id">CE2</Feature>
</Annotation>
<Annotation id="CNN_IP_20030422.1600.05:1:EN" type="entity" start="CNN_IP_20030422.1600.05:1:j" end="CNN_IP_20030422.1600.05:1:k">
<Feature name="class">ATR</Feature>
<Feature name="class_difficultDecision">FALSE</Feature>
<Feature name="composite_entity">CNN_IP_20030422.1600.05:1:E4</Feature>
<Feature name="id">E4</Feature>
<Feature name="subtype">Individual</Feature>
<Feature name="subtype_difficultDecision">FALSE</Feature>
<Feature name="type">PER</Feature>
<Feature name="type_difficultDecision">FALSE</Feature>
</Annotation>
<Annotation id="CNN_IP_20030422.1600.05:1:EQ" type="entity" start="CNN_IP_20030422.1600.05:1:p" end="CNN_IP_20030422.1600.05:1:q">
<Feature name="class">SPC</Feature>
<Feature name="class_difficultDecision">FALSE</Feature>
<Feature name="composite_entity">CNN_IP_20030422.1600.05:1:ER</Feature>
<Feature name="id">E5</Feature>
<Feature name="subtype">State-or-Province</Feature>
<Feature name="subtype_difficultDecision">FALSE</Feature>
<Feature name="type">GPE</Feature>
<Feature name="type_difficultDecision">FALSE</Feature>
</Annotation>
<Annotation id="CNN_IP_20030422.1600.05:1:ER" type="composite_entity" start="CNN_IP_20030422.1600.05:1:r" end="CNN_IP_20030422.1600.05:1:s">
<Feature name="composite_entity_class">SPC</Feature>
<Feature name="id">CE3</Feature>
</Annotation>
<Annotation id="CNN_IP_20030422.1600.05:1:Ee" type="entity" start="CNN_IP_20030422.1600.05:1:1H" end="CNN_IP_20030422.1600.05:1:1I">
<Feature name="class">ATR</Feature>
<Feature name="class_difficultDecision">FALSE</Feature>
<Feature name="composite_entity">CNN_IP_20030422.1600.05:1:ER</Feature>
<Feature name="id">E6</Feature>
<Feature name="subtype">State-or-Province</Feature>
<Feature name="subtype_difficultDecision">FALSE</Feature>
<Feature name="type">GPE</Feature>
<Feature name="type_difficultDecision">FALSE</Feature>
</Annotation>
<Annotation id="CNN_IP_20030422.1600.05:1:Eh" type="entity" start="CNN_IP_20030422.1600.05:1:1N" end="CNN_IP_20030422.1600.05:1:1O">
<Feature name="class">SPC</Feature>
<Feature name="class_difficultDecision">FALSE</Feature>
<Feature name="composite_entity">CNN_IP_20030422.1600.05:1:Ei</Feature>
<Feature name="id">E7</Feature>
<Feature name="subtype">Air</Feature>
<Feature name="subtype_difficultDecision">FALSE</Feature>
<Feature name="type">VEH</Feature>
<Feature name="type_difficultDecision">FALSE</Feature>
</Annotation>
<Annotation id="CNN_IP_20030422.1600.05:1:Ei" type="composite_entity" start="CNN_IP_20030422.1600.05:1:1P" end="CNN_IP_20030422.1600.05:1:1Q">
<Feature name="composite_entity_class">SPC</Feature>
<Feature name="id">CE4</Feature>
</Annotation>
<Annotation id="CNN_IP_20030422.1600.05:1:El" type="entity" start="CNN_IP_20030422.1600.05:1:1W" end="CNN_IP_20030422.1600.05:1:1X">
<Feature name="class">SPC</Feature>
<Feature name="class_difficultDecision">FALSE</Feature>
<Feature name="composite_entity">CNN_IP_20030422.1600.05:1:Em</Feature>
<Feature name="id">E8</Feature>
<Feature name="subtype">Individual</Feature>
<Feature name="subtype_difficultDecision">FALSE</Feature>
<Feature name="type">PER</Feature>
<Feature name="type_difficultDecision">FALSE</Feature>
</Annotation>
<Annotation id="CNN_IP_20030422.1600.05:1:Em" type="composite_entity" start="CNN_IP_20030422.1600.05:1:1Y" end="CNN_IP_20030422.1600.05:1:1Z">
<Feature name="composite_entity_class">SPC</Feature>
<Feature name="id">CE5</Feature>
</Annotation>
<Annotation id="CNN_IP_20030422.1600.05:1:Ep" type="entity" start="CNN_IP_20030422.1600.05:1:1e" end="CNN_IP_20030422.1600.05:1:1f">
<Feature name="class">SPC</Feature>
<Feature name="class_difficultDecision">FALSE</Feature>
<Feature name="composite_entity">CNN_IP_20030422.1600.05:1:Eq</Feature>
<Feature name="id">E9</Feature>
<Feature name="subtype">COM</Feature>
<Feature name="subtype_difficultDecision">FALSE</Feature>
<Feature name="type">ORG</Feature>
<Feature name="type_difficultDecision">FALSE</Feature>
</Annotation>
<Annotation id="CNN_IP_20030422.1600.05:1:Eq" type="composite_entity" start="CNN_IP_20030422.1600.05:1:1g" end="CNN_IP_20030422.1600.05:1:1h">
<Feature name="composite_entity_class">SPC</Feature>
<Feature name="id">CE6</Feature>
</Annotation>
<Annotation id="CNN_IP_20030422.1600.05:1:Er" type="entity" start="CNN_IP_20030422.1600.05:1:1i" end="CNN_IP_20030422.1600.05:1:1j">
<Feature name="class">ATR</Feature>
<Feature name="class_difficultDecision">FALSE</Feature>
<Feature name="composite_entity">CNN_IP_20030422.1600.05:1:Eq</Feature>
<Feature name="id">E10</Feature>
<Feature name="subtype">COM</Feature>
<Feature name="subtype_difficultDecision">FALSE</Feature>
<Feature name="type">ORG</Feature>
<Feature name="type_difficultDecision">FALSE</Feature>
</Annotation>
<Annotation id="CNN_IP_20030422.1600.05:1:Ew" type="entity" start="CNN_IP_20030422.1600.05:1:1s" end="CNN_IP_20030422.1600.05:1:1t">
<Feature name="class">ATR</Feature>
<Feature name="class_difficultDecision">FALSE</Feature>
<Feature name="composite_entity">CNN_IP_20030422.1600.05:1:Eq</Feature>
<Feature name="id">E11</Feature>
<Feature name="subtype">COM</Feature>
<Feature name="subtype_difficultDecision">FALSE</Feature>
<Feature name="type">ORG</Feature>
<Feature name="type_difficultDecision">FALSE</Feature>
</Annotation>
<Annotation id="CNN_IP_20030422.1600.05:1:Ez" type="entity" start="CNN_IP_20030422.1600.05:1:1y" end="CNN_IP_20030422.1600.05:1:1z">
<Feature name="class">SPC</Feature>
<Feature name="class_difficultDecision">FALSE</Feature>
<Feature name="composite_entity">CNN_IP_20030422.1600.05:1:E10</Feature>
<Feature name="id">E12</Feature>
<Feature name="subtype">COM</Feature>
<Feature name="subtype_difficultDecision">FALSE</Feature>
<Feature name="type">ORG</Feature>
<Feature name="type_difficultDecision">FALSE</Feature>
</Annotation>
<Annotation id="CNN_IP_20030422.1600.05:1:E1g" type="value_mention" start="CNN_IP_20030422.1600.05:1:3N" end="CNN_IP_20030422.1600.05:1:3O">
<Feature name="id">QM1</Feature>
<Feature name="indexing_type">charseq</Feature>
<Feature name="value">CNN_IP_20030422.1600.05:1:E1h</Feature>
</Annotation>
<Annotation id="CNN_IP_20030422.1600.05:1:E2F" type="event_mention" start="CNN_IP_20030422.1600.05:1:4Y" end="CNN_IP_20030422.1600.05:1:4Z">
<Feature name="anchor">CNN_IP_20030422.1600.05:1:E2G</Feature>
<Feature name="event">CNN_IP_20030422.1600.05:1:E2H</Feature>
<Feature name="event_difficultDecision">FALSE</Feature>
<Feature name="id">VM2</Feature>
<Feature name="indexing_type">charseq</Feature>
</Annotation>
<Annotation id="CNN_IP_20030422.1600.05:1:E2G" type="event_mention_anchor" start="CNN_IP_20030422.1600.05:1:4a" end="CNN_IP_20030422.1600.05:1:4b">
<Feature name="indexing_type">charseq</Feature>
</Annotation>
<Annotation id="CNN_IP_20030422.1600.05:1:EL" type="entity_mention" start="CNN_IP_20030422.1600.05:1:f" end="CNN_IP_20030422.1600.05:1:g">
<Feature name="entity">CNN_IP_20030422.1600.05:1:EN</Feature>
<Feature name="entity_difficultDecision">FALSE</Feature>
<Feature name="head">CNN_IP_20030422.1600.05:1:EM</Feature>
<Feature name="id">EM8</Feature>
<Feature name="indexing_type">charseq</Feature>
<Feature name="role"></Feature>
<Feature name="role_difficultDecision">FALSE</Feature>
<Feature name="type">NOMPRE</Feature>
<Feature name="type_difficultDecision">FALSE</Feature>
</Annotation>
<Annotation id="CNN_IP_20030422.1600.05:1:EJ" type="entity_mention" start="CNN_IP_20030422.1600.05:1:b" end="CNN_IP_20030422.1600.05:1:c">
<Feature name="entity">CNN_IP_20030422.1600.05:1:E3</Feature>
<Feature name="entity_difficultDecision">FALSE</Feature>
<Feature name="head">CNN_IP_20030422.1600.05:1:EK</Feature>
<Feature name="id">EM7</Feature>
<Feature name="indexing_type">charseq</Feature>
<Feature name="role"></Feature>
<Feature name="role_difficultDecision">FALSE</Feature>
<Feature name="type">NAM</Feature>
<Feature name="type_difficultDecision">FALSE</Feature>
</Annotation>
<Annotation id="CNN_IP_20030422.1600.05:1:E2C" type="value_mention" start="CNN_IP_20030422.1600.05:1:4U" end="CNN_IP_20030422.1600.05:1:4V">
<Feature name="id">QM2</Feature>
<Feature name="indexing_type">charseq</Feature>
<Feature name="value">CNN_IP_20030422.1600.05:1:E2D</Feature>
</Annotation>
<Annotation id="CNN_IP_20030422.1600.05:1:EM" type="entity_mention_head" start="CNN_IP_20030422.1600.05:1:h" end="CNN_IP_20030422.1600.05:1:i">
<Feature name="indexing_type">charseq</Feature>
</Annotation>
<Annotation id="CNN_IP_20030422.1600.05:1:EK" type="entity_mention_head" start="CNN_IP_20030422.1600.05:1:d" end="CNN_IP_20030422.1600.05:1:e">
<Feature name="indexing_type">charseq</Feature>
</Annotation>
<Annotation id="CNN_IP_20030422.1600.05:1:E8" type="entity_mention" start="CNN_IP_20030422.1600.05:1:G" end="CNN_IP_20030422.1600.05:1:H">
<Feature name="entity">CNN_IP_20030422.1600.05:1:E3</Feature>
<Feature name="entity_difficultDecision">FALSE</Feature>
<Feature name="head">CNN_IP_20030422.1600.05:1:E9</Feature>
<Feature name="id">EM3</Feature>
<Feature name="indexing_type">charseq</Feature>
<Feature name="role"></Feature>
<Feature name="role_difficultDecision">FALSE</Feature>
<Feature name="type">PRO</Feature>
<Feature name="type_difficultDecision">FALSE</Feature>
</Annotation>
<Annotation id="CNN_IP_20030422.1600.05:1:E9" type="entity_mention_head" start="CNN_IP_20030422.1600.05:1:I" end="CNN_IP_20030422.1600.05:1:J">
<Feature name="indexing_type">charseq</Feature>
</Annotation>
<Annotation id="CNN_IP_20030422.1600.05:1:EA" type="entity_mention" start="CNN_IP_20030422.1600.05:1:K" end="CNN_IP_20030422.1600.05:1:L">
<Feature name="entity">CNN_IP_20030422.1600.05:1:EC</Feature>
<Feature name="entity_difficultDecision">FALSE</Feature>
<Feature name="head">CNN_IP_20030422.1600.05:1:EB</Feature>
<Feature name="id">EM4</Feature>
<Feature name="indexing_type">charseq</Feature>
<Feature name="role"></Feature>
<Feature name="role_difficultDecision">FALSE</Feature>
<Feature name="type">BAR</Feature>
<Feature name="type_difficultDecision">FALSE</Feature>
</Annotation>
<Annotation id="CNN_IP_20030422.1600.05:1:EB" type="entity_mention_head" start="CNN_IP_20030422.1600.05:1:M" end="CNN_IP_20030422.1600.05:1:N">
<Feature name="indexing_type">charseq</Feature>
</Annotation>
<Annotation id="CNN_IP_20030422.1600.05:1:EH" type="entity_mention" start="CNN_IP_20030422.1600.05:1:X" end="CNN_IP_20030422.1600.05:1:Y">
<Feature name="entity">CNN_IP_20030422.1600.05:1:E3</Feature>
<Feature name="entity_difficultDecision">FALSE</Feature>
<Feature name="head">CNN_IP_20030422.1600.05:1:EI</Feature>
<Feature name="id">EM6</Feature>
<Feature name="indexing_type">charseq</Feature>
<Feature name="role"></Feature>
<Feature name="role_difficultDecision">FALSE</Feature>
<Feature name="type">NAM</Feature>
<Feature name="type_difficultDecision">FALSE</Feature>
</Annotation>
<Annotation id="CNN_IP_20030422.1600.05:1:EI" type="entity_mention_head" start="CNN_IP_20030422.1600.05:1:Z" end="CNN_IP_20030422.1600.05:1:a">
<Feature name="indexing_type">charseq</Feature>
</Annotation>
<Annotation id="CNN_IP_20030422.1600.05:1:EO" type="entity_mention" start="CNN_IP_20030422.1600.05:1:l" end="CNN_IP_20030422.1600.05:1:m">
<Feature name="entity">CNN_IP_20030422.1600.05:1:EQ</Feature>
<Feature name="entity_difficultDecision">FALSE</Feature>
<Feature name="head">CNN_IP_20030422.1600.05:1:EP</Feature>
<Feature name="id">EM9</Feature>
<Feature name="indexing_type">charseq</Feature>
<Feature name="role">LOC</Feature>
<Feature name="role_difficultDecision">FALSE</Feature>
<Feature name="type">NAM</Feature>
<Feature name="type_difficultDecision">FALSE</Feature>
</Annotation>
<Annotation id="CNN_IP_20030422.1600.05:1:EP" type="entity_mention_head" start="CNN_IP_20030422.1600.05:1:n" end="CNN_IP_20030422.1600.05:1:o">
<Feature name="indexing_type">charseq</Feature>
</Annotation>
<Annotation id="CNN_IP_20030422.1600.05:1:ES" type="entity_mention" start="CNN_IP_20030422.1600.05:1:t" end="CNN_IP_20030422.1600.05:1:u">
<Feature name="entity">CNN_IP_20030422.1600.05:1:E3</Feature>
<Feature name="entity_difficultDecision">FALSE</Feature>
<Feature name="head">CNN_IP_20030422.1600.05:1:EU</Feature>
<Feature name="id">EM10</Feature>
<Feature name="indexing_type">charseq</Feature>
<Feature name="role"></Feature>
<Feature name="role_difficultDecision">FALSE</Feature>
<Feature name="type">PRO</Feature>
<Feature name="type_difficultDecision">FALSE</Feature>
</Annotation>
<Annotation id="CNN_IP_20030422.1600.05:1:EU" type="entity_mention_head" start="CNN_IP_20030422.1600.05:1:v" end="CNN_IP_20030422.1600.05:1:w">
<Feature name="indexing_type">charseq</Feature>
</Annotation>
<Annotation id="CNN_IP_20030422.1600.05:1:E2P" type="event_mention" start="CNN_IP_20030422.1600.05:1:4t" end="CNN_IP_20030422.1600.05:1:4u">
<Feature name="anchor">CNN_IP_20030422.1600.05:1:E2Q</Feature>
<Feature name="event">CNN_IP_20030422.1600.05:1:E2R</Feature>
<Feature name="event_difficultDecision">FALSE</Feature>
<Feature name="id">VM4</Feature>
<Feature name="indexing_type">charseq</Feature>
</Annotation>
<Annotation id="CNN_IP_20030422.1600.05:1:EW" type="entity_mention" start="CNN_IP_20030422.1600.05:1:10" end="CNN_IP_20030422.1600.05:1:11">
<Feature name="entity">CNN_IP_20030422.1600.05:1:E3</Feature>
<Feature name="entity_difficultDecision">FALSE</Feature>
<Feature name="head">CNN_IP_20030422.1600.05:1:EX</Feature>
<Feature name="id">EM12</Feature>
<Feature name="indexing_type">charseq</Feature>
<Feature name="role"></Feature>
<Feature name="role_difficultDecision">FALSE</Feature>
<Feature name="type">PRO</Feature>
<Feature name="type_difficultDecision">FALSE</Feature>
</Annotation>
<Annotation id="CNN_IP_20030422.1600.05:1:EX" type="entity_mention_head" start="CNN_IP_20030422.1600.05:1:12" end="CNN_IP_20030422.1600.05:1:13">
<Feature name="indexing_type">charseq</Feature>
</Annotation>
<Annotation id="CNN_IP_20030422.1600.05:1:E2Q" type="event_mention_anchor" start="CNN_IP_20030422.1600.05:1:4v" end="CNN_IP_20030422.1600.05:1:4w">
<Feature name="indexing_type">charseq</Feature>
</Annotation>
<Annotation id="CNN_IP_20030422.1600.05:1:EY" type="entity_mention" start="CNN_IP_20030422.1600.05:1:14" end="CNN_IP_20030422.1600.05:1:15">
<Feature name="entity">CNN_IP_20030422.1600.05:1:E3</Feature>
<Feature name="entity_difficultDecision">FALSE</Feature>
<Feature name="head">CNN_IP_20030422.1600.05:1:EZ</Feature>
<Feature name="id">EM13</Feature>
<Feature name="indexing_type">charseq</Feature>
<Feature name="role"></Feature>
<Feature name="role_difficultDecision">FALSE</Feature>
<Feature name="type">PRO</Feature>
<Feature name="type_difficultDecision">FALSE</Feature>
</Annotation>
<Annotation id="CNN_IP_20030422.1600.05:1:EZ" type="entity_mention_head" start="CNN_IP_20030422.1600.05:1:16" end="CNN_IP_20030422.1600.05:1:17">
<Feature name="indexing_type">charseq</Feature>
</Annotation>
<Annotation id="CNN_IP_20030422.1600.05:1:E1i" type="relation_mention" start="CNN_IP_20030422.1600.05:1:3R" end="CNN_IP_20030422.1600.05:1:3S">
<Feature name="id">RM1</Feature>
<Feature name="indexing_type">charseq</Feature>
<Feature name="lexical_condition">Possessive</Feature>
<Feature name="lexical_condition_difficultDecision">FALSE</Feature>
<Feature name="relation">CNN_IP_20030422.1600.05:1:E1j</Feature>
<Feature name="relation_difficultDecision">FALSE</Feature>
</Annotation>
<Annotation id="CNN_IP_20030422.1600.05:1:Ea" type="entity_mention" start="CNN_IP_20030422.1600.05:1:18" end="CNN_IP_20030422.1600.05:1:19">
<Feature name="entity">CNN_IP_20030422.1600.05:1:EQ</Feature>
<Feature name="entity_difficultDecision">FALSE</Feature>
<Feature name="head">CNN_IP_20030422.1600.05:1:Eb</Feature>
<Feature name="id">EM14</Feature>
<Feature name="indexing_type">charseq</Feature>
<Feature name="role">LOC</Feature>
<Feature name="role_difficultDecision">FALSE</Feature>
<Feature name="type">NOM</Feature>
<Feature name="type_difficultDecision">FALSE</Feature>
</Annotation>
<Annotation id="CNN_IP_20030422.1600.05:1:Ec" type="entity_mention" start="CNN_IP_20030422.1600.05:1:1C" end="CNN_IP_20030422.1600.05:1:1D">
<Feature name="entity">CNN_IP_20030422.1600.05:1:Ee</Feature>
<Feature name="entity_difficultDecision">FALSE</Feature>
<Feature name="head">CNN_IP_20030422.1600.05:1:Ed</Feature>
<Feature name="id">EM15</Feature>
<Feature name="indexing_type">charseq</Feature>
<Feature name="role">GPE</Feature>
<Feature name="role_difficultDecision">FALSE</Feature>
<Feature name="type">NOMPRE</Feature>
<Feature name="type_difficultDecision">FALSE</Feature>
</Annotation>
<Annotation id="CNN_IP_20030422.1600.05:1:Ed" type="entity_mention_head" start="CNN_IP_20030422.1600.05:1:1F" end="CNN_IP_20030422.1600.05:1:1G">
<Feature name="indexing_type">charseq</Feature>
</Annotation>
<Annotation id="CNN_IP_20030422.1600.05:1:Eb" type="entity_mention_head" start="CNN_IP_20030422.1600.05:1:1A" end="CNN_IP_20030422.1600.05:1:1B">
<Feature name="indexing_type">charseq</Feature>
</Annotation>
<Annotation id="CNN_IP_20030422.1600.05:1:E1m" type="relation_mention" start="CNN_IP_20030422.1600.05:1:3a" end="CNN_IP_20030422.1600.05:1:3b">
<Feature name="id">RM2</Feature>
<Feature name="indexing_type">charseq</Feature>
<Feature name="lexical_condition">Preposition</Feature>
<Feature name="lexical_condition_difficultDecision">FALSE</Feature>
<Feature name="relation">CNN_IP_20030422.1600.05:1:E1n</Feature>
<Feature name="relation_difficultDecision">FALSE</Feature>
</Annotation>
<Annotation id="CNN_IP_20030422.1600.05:1:Ef" type="entity_mention" start="CNN_IP_20030422.1600.05:1:1J" end="CNN_IP_20030422.1600.05:1:1K">
<Feature name="entity">CNN_IP_20030422.1600.05:1:Eh</Feature>
<Feature name="entity_difficultDecision">FALSE</Feature>
<Feature name="head">CNN_IP_20030422.1600.05:1:Eg</Feature>
<Feature name="id">EM16</Feature>
<Feature name="indexing_type">charseq</Feature>
<Feature name="role"></Feature>
<Feature name="role_difficultDecision">FALSE</Feature>
<Feature name="type">NOM</Feature>
<Feature name="type_difficultDecision">FALSE</Feature>
</Annotation>
<Annotation id="CNN_IP_20030422.1600.05:1:Eg" type="entity_mention_head" start="CNN_IP_20030422.1600.05:1:1L" end="CNN_IP_20030422.1600.05:1:1M">
<Feature name="indexing_type">charseq</Feature>
</Annotation>
<Annotation id="CNN_IP_20030422.1600.05:1:E1q" type="relation_mention" start="CNN_IP_20030422.1600.05:1:3i" end="CNN_IP_20030422.1600.05:1:3j">
<Feature name="id">RM3</Feature>
<Feature name="indexing_type">charseq</Feature>
<Feature name="lexical_condition">PreMod</Feature>
<Feature name="lexical_condition_difficultDecision">FALSE</Feature>
<Feature name="relation">CNN_IP_20030422.1600.05:1:E1r</Feature>
<Feature name="relation_difficultDecision">FALSE</Feature>
</Annotation>
<Annotation id="CNN_IP_20030422.1600.05:1:Ej" type="entity_mention" start="CNN_IP_20030422.1600.05:1:1R" end="CNN_IP_20030422.1600.05:1:1S">
<Feature name="entity">CNN_IP_20030422.1600.05:1:El</Feature>
<Feature name="entity_difficultDecision">FALSE</Feature>
<Feature name="head">CNN_IP_20030422.1600.05:1:Ek</Feature>
<Feature name="id">EM17</Feature>
<Feature name="indexing_type">charseq</Feature>
<Feature name="role"></Feature>
<Feature name="role_difficultDecision">FALSE</Feature>
<Feature name="type">NOM</Feature>
<Feature name="type_difficultDecision">FALSE</Feature>
</Annotation>
<Annotation id="CNN_IP_20030422.1600.05:1:En" type="entity_mention" start="CNN_IP_20030422.1600.05:1:1a" end="CNN_IP_20030422.1600.05:1:1b">
<Feature name="entity">CNN_IP_20030422.1600.05:1:Er</Feature>
<Feature name="entity_difficultDecision">FALSE</Feature>
<Feature name="head">CNN_IP_20030422.1600.05:1:Eo</Feature>
<Feature name="id">EM18</Feature>
<Feature name="indexing_type">charseq</Feature>
<Feature name="role"></Feature>
<Feature name="role_difficultDecision">FALSE</Feature>
<Feature name="type">NAMPRE</Feature>
<Feature name="type_difficultDecision">FALSE</Feature>
</Annotation>
<Annotation id="CNN_IP_20030422.1600.05:1:Eo" type="entity_mention_head" start="CNN_IP_20030422.1600.05:1:1c" end="CNN_IP_20030422.1600.05:1:1d">
<Feature name="indexing_type">charseq</Feature>
</Annotation>
<Annotation id="CNN_IP_20030422.1600.05:1:Ek" type="entity_mention_head" start="CNN_IP_20030422.1600.05:1:1U" end="CNN_IP_20030422.1600.05:1:1V">
<Feature name="indexing_type">charseq</Feature>
</Annotation>
<Annotation id="CNN_IP_20030422.1600.05:1:Es" type="entity_mention" start="CNN_IP_20030422.1600.05:1:1k" end="CNN_IP_20030422.1600.05:1:1l">
<Feature name="entity">CNN_IP_20030422.1600.05:1:Ep</Feature>
<Feature name="entity_difficultDecision">FALSE</Feature>
<Feature name="head">CNN_IP_20030422.1600.05:1:Et</Feature>
<Feature name="id">EM19</Feature>
<Feature name="indexing_type">charseq</Feature>
<Feature name="role"></Feature>
<Feature name="role_difficultDecision">FALSE</Feature>
<Feature name="type">NAM</Feature>
<Feature name="type_difficultDecision">FALSE</Feature>
</Annotation>
<Annotation id="CNN_IP_20030422.1600.05:1:Et" type="entity_mention_head" start="CNN_IP_20030422.1600.05:1:1m" end="CNN_IP_20030422.1600.05:1:1n">
<Feature name="indexing_type">charseq</Feature>
</Annotation>
<Annotation id="CNN_IP_20030422.1600.05:1:Eu" type="entity_mention" start="CNN_IP_20030422.1600.05:1:1o" end="CNN_IP_20030422.1600.05:1:1p">
<Feature name="entity">CNN_IP_20030422.1600.05:1:Ew</Feature>
<Feature name="entity_difficultDecision">FALSE</Feature>
<Feature name="head">CNN_IP_20030422.1600.05:1:Ev</Feature>
<Feature name="id">EM20</Feature>
<Feature name="indexing_type">charseq</Feature>
<Feature name="role"></Feature>
<Feature name="role_difficultDecision">FALSE</Feature>
<Feature name="type">NOM</Feature>
<Feature name="type_difficultDecision">FALSE</Feature>
</Annotation>
<Annotation id="CNN_IP_20030422.1600.05:1:Ev" type="entity_mention_head" start="CNN_IP_20030422.1600.05:1:1q" end="CNN_IP_20030422.1600.05:1:1r">
<Feature name="indexing_type">charseq</Feature>
</Annotation>
<Annotation id="CNN_IP_20030422.1600.05:1:Ex" type="entity_mention" start="CNN_IP_20030422.1600.05:1:1u" end="CNN_IP_20030422.1600.05:1:1v">
<Feature name="entity">CNN_IP_20030422.1600.05:1:Ez</Feature>
<Feature name="entity_difficultDecision">FALSE</Feature>
<Feature name="head">CNN_IP_20030422.1600.05:1:Ey</Feature>
<Feature name="id">EM21</Feature>
<Feature name="indexing_type">charseq</Feature>
<Feature name="role"></Feature>
<Feature name="role_difficultDecision">FALSE</Feature>
<Feature name="type">NOM</Feature>
<Feature name="type_difficultDecision">FALSE</Feature>
</Annotation>
<Annotation id="CNN_IP_20030422.1600.05:1:E19" type="entity_mention" start="CNN_IP_20030422.1600.05:1:2K" end="CNN_IP_20030422.1600.05:1:2L">
<Feature name="entity">CNN_IP_20030422.1600.05:1:E1D</Feature>
<Feature name="entity_difficultDecision">FALSE</Feature>
<Feature name="head">CNN_IP_20030422.1600.05:1:E1A</Feature>
<Feature name="id">EM25</Feature>
<Feature name="indexing_type">charseq</Feature>
<Feature name="role"></Feature>
<Feature name="role_difficultDecision">FALSE</Feature>
<Feature name="type">NOMPRE</Feature>
<Feature name="type_difficultDecision">FALSE</Feature>
</Annotation>
<Annotation id="CNN_IP_20030422.1600.05:1:E1A" type="entity_mention_head" start="CNN_IP_20030422.1600.05:1:2M" end="CNN_IP_20030422.1600.05:1:2N">
<Feature name="indexing_type">charseq</Feature>
</Annotation>
<Annotation id="CNN_IP_20030422.1600.05:1:Ey" type="entity_mention_head" start="CNN_IP_20030422.1600.05:1:1w" end="CNN_IP_20030422.1600.05:1:1x">
<Feature name="indexing_type">charseq</Feature>
</Annotation>
<Annotation id="CNN_IP_20030422.1600.05:1:E11" type="entity_mention" start="CNN_IP_20030422.1600.05:1:22" end="CNN_IP_20030422.1600.05:1:23">
<Feature name="entity">CNN_IP_20030422.1600.05:1:Ez</Feature>
<Feature name="entity_difficultDecision">FALSE</Feature>
<Feature name="head">CNN_IP_20030422.1600.05:1:E12</Feature>
<Feature name="id">EM22</Feature>
<Feature name="indexing_type">charseq</Feature>
<Feature name="role"></Feature>
<Feature name="role_difficultDecision">FALSE</Feature>
<Feature name="type">PRO</Feature>
<Feature name="type_difficultDecision">FALSE</Feature>
</Annotation>
<Annotation id="CNN_IP_20030422.1600.05:1:E12" type="entity_mention_head" start="CNN_IP_20030422.1600.05:1:24" end="CNN_IP_20030422.1600.05:1:25">
<Feature name="indexing_type">charseq</Feature>
</Annotation>
<Annotation id="CNN_IP_20030422.1600.05:1:E13" type="entity_mention" start="CNN_IP_20030422.1600.05:1:26" end="CNN_IP_20030422.1600.05:1:27">
<Feature name="entity">CNN_IP_20030422.1600.05:1:E15</Feature>
<Feature name="entity_difficultDecision">FALSE</Feature>
<Feature name="head">CNN_IP_20030422.1600.05:1:E14</Feature>
<Feature name="id">EM23</Feature>
<Feature name="indexing_type">charseq</Feature>
<Feature name="role"></Feature>
<Feature name="role_difficultDecision">FALSE</Feature>
<Feature name="type">NOM</Feature>
<Feature name="type_difficultDecision">FALSE</Feature>
</Annotation>
<Annotation id="CNN_IP_20030422.1600.05:1:E1u" type="relation_mention" start="CNN_IP_20030422.1600.05:1:3q" end="CNN_IP_20030422.1600.05:1:3r">
<Feature name="id">RM4</Feature>
<Feature name="indexing_type">charseq</Feature>
<Feature name="lexical_condition">Possessive</Feature>
<Feature name="lexical_condition_difficultDecision">FALSE</Feature>
<Feature name="relation">CNN_IP_20030422.1600.05:1:E1v</Feature>
<Feature name="relation_difficultDecision">FALSE</Feature>
</Annotation>
<Annotation id="CNN_IP_20030422.1600.05:1:E14" type="entity_mention_head" start="CNN_IP_20030422.1600.05:1:28" end="CNN_IP_20030422.1600.05:1:29">
<Feature name="indexing_type">charseq</Feature>
</Annotation>
<Annotation id="CNN_IP_20030422.1600.05:1:E1F" type="entity_mention" start="CNN_IP_20030422.1600.05:1:2V" end="CNN_IP_20030422.1600.05:1:2W">
<Feature name="entity">CNN_IP_20030422.1600.05:1:E1H</Feature>
<Feature name="entity_difficultDecision">FALSE</Feature>
<Feature name="head">CNN_IP_20030422.1600.05:1:E1G</Feature>
<Feature name="id">EM26</Feature>
<Feature name="indexing_type">charseq</Feature>
<Feature name="role"></Feature>
<Feature name="role_difficultDecision">FALSE</Feature>
<Feature name="type">NOM</Feature>
<Feature name="type_difficultDecision">FALSE</Feature>
</Annotation>
<Annotation id="CNN_IP_20030422.1600.05:1:E1y" type="relation_mention" start="CNN_IP_20030422.1600.05:1:3y" end="CNN_IP_20030422.1600.05:1:3z">
<Feature name="id">RM5</Feature>
<Feature name="indexing_type">charseq</Feature>
<Feature name="lexical_condition">PreMod</Feature>
<Feature name="lexical_condition_difficultDecision">FALSE</Feature>
<Feature name="relation">CNN_IP_20030422.1600.05:1:E1z</Feature>
<Feature name="relation_difficultDecision">FALSE</Feature>
</Annotation>
<Annotation id="CNN_IP_20030422.1600.05:1:E1J" type="entity_mention" start="CNN_IP_20030422.1600.05:1:2d" end="CNN_IP_20030422.1600.05:1:2e">
<Feature name="entity">CNN_IP_20030422.1600.05:1:E1N</Feature>
<Feature name="entity_difficultDecision">FALSE</Feature>
<Feature name="head">CNN_IP_20030422.1600.05:1:E1K</Feature>
<Feature name="id">EM27</Feature>
<Feature name="indexing_type">charseq</Feature>
<Feature name="role"></Feature>
<Feature name="role_difficultDecision">FALSE</Feature>
<Feature name="type">NAMPRE</Feature>
<Feature name="type_difficultDecision">FALSE</Feature>
</Annotation>
<Annotation id="CNN_IP_20030422.1600.05:1:E1K" type="entity_mention_head" start="CNN_IP_20030422.1600.05:1:2f" end="CNN_IP_20030422.1600.05:1:2g">
<Feature name="indexing_type">charseq</Feature>
</Annotation>
<Annotation id="CNN_IP_20030422.1600.05:1:E1G" type="entity_mention_head" start="CNN_IP_20030422.1600.05:1:2X" end="CNN_IP_20030422.1600.05:1:2Y">
<Feature name="indexing_type">charseq</Feature>
</Annotation>
<Annotation id="CNN_IP_20030422.1600.05:1:E1R" type="entity_mention" start="CNN_IP_20030422.1600.05:1:2u" end="CNN_IP_20030422.1600.05:1:2v">
<Feature name="entity">CNN_IP_20030422.1600.05:1:E1U</Feature>
<Feature name="entity_difficultDecision">FALSE</Feature>
<Feature name="head">CNN_IP_20030422.1600.05:1:E1S</Feature>
<Feature name="id">EM29</Feature>
<Feature name="indexing_type">charseq</Feature>
<Feature name="role"></Feature>
<Feature name="role_difficultDecision">FALSE</Feature>
<Feature name="type">NOM</Feature>
<Feature name="type_difficultDecision">FALSE</Feature>
</Annotation>
<Annotation id="CNN_IP_20030422.1600.05:1:E26" type="relation_mention" start="CNN_IP_20030422.1600.05:1:4G" end="CNN_IP_20030422.1600.05:1:4H">
<Feature name="id">RM6</Feature>
<Feature name="indexing_type">charseq</Feature>
<Feature name="lexical_condition">PreMod</Feature>
<Feature name="lexical_condition_difficultDecision">FALSE</Feature>
<Feature name="relation">CNN_IP_20030422.1600.05:1:E27</Feature>
<Feature name="relation_difficultDecision">FALSE</Feature>
</Annotation>
<Annotation id="CNN_IP_20030422.1600.05:1:E23" type="entity_mention" start="CNN_IP_20030422.1600.05:1:49" end="CNN_IP_20030422.1600.05:1:4A">
<Feature name="entity">CNN_IP_20030422.1600.05:1:E25</Feature>
<Feature name="entity_difficultDecision">FALSE</Feature>
<Feature name="head">CNN_IP_20030422.1600.05:1:E24</Feature>
<Feature name="id">EM34</Feature>
<Feature name="indexing_type">charseq</Feature>
<Feature name="role"></Feature>
<Feature name="role_difficultDecision">FALSE</Feature>
<Feature name="type">NAMPRE</Feature>
<Feature name="type_difficultDecision">FALSE</Feature>
</Annotation>
<Annotation id="CNN_IP_20030422.1600.05:1:E24" type="entity_mention_head" start="CNN_IP_20030422.1600.05:1:4B" end="CNN_IP_20030422.1600.05:1:4C">
<Feature name="indexing_type">charseq</Feature>
</Annotation>
<Annotation id="CNN_IP_20030422.1600.05:1:E1S" type="entity_mention_head" start="CNN_IP_20030422.1600.05:1:2w" end="CNN_IP_20030422.1600.05:1:2x">
<Feature name="indexing_type">charseq</Feature>
</Annotation>
<Annotation id="CNN_IP_20030422.1600.05:1:EF" type="entity_mention" start="CNN_IP_20030422.1600.05:1:S" end="CNN_IP_20030422.1600.05:1:U">
<Feature name="entity">CNN_IP_20030422.1600.05:1:E3</Feature>
<Feature name="entity_difficultDecision">FALSE</Feature>
<Feature name="head">CNN_IP_20030422.1600.05:1:EG</Feature>
<Feature name="id">EM5</Feature>
<Feature name="indexing_type">charseq</Feature>
<Feature name="role"></Feature>
<Feature name="role_difficultDecision">FALSE</Feature>
<Feature name="type">NAM</Feature>
<Feature name="type_difficultDecision">FALSE</Feature>
</Annotation>
<Annotation id="CNN_IP_20030422.1600.05:1:EG" type="entity_mention_head" start="CNN_IP_20030422.1600.05:1:V" end="CNN_IP_20030422.1600.05:1:W">
<Feature name="indexing_type">charseq</Feature>
</Annotation>
<Annotation id="CNN_IP_20030422.1600.05:1:E1W" type="entity_mention" start="CNN_IP_20030422.1600.05:1:32" end="CNN_IP_20030422.1600.05:1:33">
<Feature name="entity">CNN_IP_20030422.1600.05:1:E1Y</Feature>
<Feature name="entity_difficultDecision">FALSE</Feature>
<Feature name="head">CNN_IP_20030422.1600.05:1:E1X</Feature>
<Feature name="id">EM30</Feature>
<Feature name="indexing_type">charseq</Feature>
<Feature name="role"></Feature>
<Feature name="role_difficultDecision">FALSE</Feature>
<Feature name="type">PRO</Feature>
<Feature name="type_difficultDecision">FALSE</Feature>
</Annotation>
<Annotation id="CNN_IP_20030422.1600.05:1:E1X" type="entity_mention_head" start="CNN_IP_20030422.1600.05:1:34" end="CNN_IP_20030422.1600.05:1:35">
<Feature name="indexing_type">charseq</Feature>
</Annotation>
<Annotation id="CNN_IP_20030422.1600.05:1:E1a" type="entity_mention" start="CNN_IP_20030422.1600.05:1:3A" end="CNN_IP_20030422.1600.05:1:3B">
<Feature name="entity">CNN_IP_20030422.1600.05:1:E1Y</Feature>
<Feature name="entity_difficultDecision">FALSE</Feature>
<Feature name="head">CNN_IP_20030422.1600.05:1:E1b</Feature>
<Feature name="id">EM31</Feature>
<Feature name="indexing_type">charseq</Feature>
<Feature name="role"></Feature>
<Feature name="role_difficultDecision">FALSE</Feature>
<Feature name="type">NAM</Feature>
<Feature name="type_difficultDecision">FALSE</Feature>
</Annotation>
<Annotation id="CNN_IP_20030422.1600.05:1:E1b" type="entity_mention_head" start="CNN_IP_20030422.1600.05:1:3C" end="CNN_IP_20030422.1600.05:1:3D">
<Feature name="indexing_type">charseq</Feature>
</Annotation>
<Annotation id="CNN_IP_20030422.1600.05:1:E1c" type="entity_mention" start="CNN_IP_20030422.1600.05:1:3F" end="CNN_IP_20030422.1600.05:1:3G">
<Feature name="entity">CNN_IP_20030422.1600.05:1:E1e</Feature>
<Feature name="entity_difficultDecision">FALSE</Feature>
<Feature name="head">CNN_IP_20030422.1600.05:1:E1d</Feature>
<Feature name="id">EM32</Feature>
<Feature name="indexing_type">charseq</Feature>
<Feature name="role"></Feature>
<Feature name="role_difficultDecision">FALSE</Feature>
<Feature name="type">PRO</Feature>
<Feature name="type_difficultDecision">FALSE</Feature>
</Annotation>
<Annotation id="CNN_IP_20030422.1600.05:1:E1d" type="entity_mention_head" start="CNN_IP_20030422.1600.05:1:3H" end="CNN_IP_20030422.1600.05:1:3I">
<Feature name="indexing_type">charseq</Feature>
</Annotation>
</AG>
</AGSet>
