<?xml version="1.0"?>
<!DOCTYPE source_file SYSTEM "apf.v5.1.1.dtd">
<source_file URI="CNN_CF_20030303.1900.06-1.sgm" SOURCE="broadcast conversation" TYPE="text" AUTHOR="LDC" ENCODING="UTF-8">
<document DOCID="CNN_CF_20030303.1900.06-1">
<entity ID="CNN_CF_20030303.1900.06-1-E1" TYPE="GPE" SUBTYPE="Nation" CLASS="SPC">
  <entity_mention ID="CNN_CF_20030303.1900.06-1-E1-2" TYPE="PRO" LDCTYPE="PRO" ROLE="GPE">
    <extent>
      <charseq START="640" END="641">us</charseq>
    </extent>
    <head>
      <charseq START="640" END="641">us</charseq>
    </head>
  </entity_mention>
  <entity_mention ID="CNN_CF_20030303.1900.06-1-E1-6" TYPE="PRO" LDCTYPE="PRO" ROLE="GPE">
    <extent>
      <charseq START="644" END="645">We</charseq>
    </extent>
    <head>
      <charseq START="644" END="645">We</charseq>
    </head>
  </entity_mention>
  <entity_mention ID="CNN_CF_20030303.1900.06-1-E1-10" TYPE="PRO" LDCTYPE="PRO" ROLE="GPE">
    <extent>
      <charseq START="698" END="699">we</charseq>
    </extent>
    <head>
      <charseq START="698" END="699">we</charseq>
    </head>
  </entity_mention>
  <entity_mention ID="CNN_CF_20030303.1900.06-1-E1-18" TYPE="NAM" LDCTYPE="NAM" ROLE="PER">
    <extent>
      <charseq START="833" END="841">Americans</charseq>
    </extent>
    <head>
      <charseq START="833" END="841">Americans</charseq>
    </head>
  </entity_mention>
  <entity_mention ID="CNN_CF_20030303.1900.06-1-E1-43" TYPE="PRO" LDCTYPE="PRO" ROLE="PER">
    <extent>
      <charseq START="1407" END="1415">everybody</charseq>
    </extent>
    <head>
      <charseq START="1407" END="1415">everybody</charseq>
    </head>
  </entity_mention>
  <entity_mention ID="CNN_CF_20030303.1900.06-1-E1-55" TYPE="PRO" LDCTYPE="PRO" ROLE="PER">
    <extent>
      <charseq START="1565" END="1567">our</charseq>
    </extent>
    <head>
      <charseq START="1565" END="1567">our</charseq>
    </head>
  </entity_mention>
  <entity_mention ID="CNN_CF_20030303.1900.06-1-E1-75" TYPE="PRO" LDCTYPE="PRO" ROLE="GPE">
    <extent>
      <charseq START="601" END="603">our</charseq>
    </extent>
    <head>
      <charseq START="601" END="603">our</charseq>
    </head>
  </entity_mention>
  <entity_attributes>
    <name NAME="Americans">
      <charseq START="833" END="841">Americans</charseq>
    </name>
  </entity_attributes>
</entity>
<entity ID="CNN_CF_20030303.1900.06-1-E2" TYPE="PER" SUBTYPE="Individual" CLASS="SPC">
  <entity_mention ID="CNN_CF_20030303.1900.06-1-E2-3" TYPE="NAM" LDCTYPE="NAM" LDCATR="FALSE">
    <extent>
      <charseq START="616" END="627">Mr. Mohammed</charseq>
    </extent>
    <head>
      <charseq START="620" END="627">Mohammed</charseq>
    </head>
  </entity_mention>
  <entity_mention ID="CNN_CF_20030303.1900.06-1-E2-4" TYPE="NOM" LDCTYPE="NOMPRE" LDCATR="TRUE">
    <extent>
      <charseq START="616" END="617">Mr</charseq>
    </extent>
    <head>
      <charseq START="616" END="617">Mr</charseq>
    </head>
  </entity_mention>
  <entity_mention ID="CNN_CF_20030303.1900.06-1-E2-16" TYPE="NOM" LDCTYPE="NOM" LDCATR="FALSE">
    <extent>
      <charseq START="770" END="806">the al Qaeda chief operations
officer</charseq>
    </extent>
    <head>
      <charseq START="800" END="806">officer</charseq>
    </head>
  </entity_mention>
  <entity_mention ID="CNN_CF_20030303.1900.06-1-E2-19" TYPE="NOM" LDCTYPE="NOM" LDCATR="FALSE">
    <extent>
      <charseq START="869" END="876">this
guy</charseq>
    </extent>
    <head>
      <charseq START="874" END="876">guy</charseq>
    </head>
  </entity_mention>
  <entity_mention ID="CNN_CF_20030303.1900.06-1-E2-20" TYPE="PRO" LDCTYPE="PRO" LDCATR="FALSE">
    <extent>
      <charseq START="942" END="943">he</charseq>
    </extent>
    <head>
      <charseq START="942" END="943">he</charseq>
    </head>
  </entity_mention>
  <entity_mention ID="CNN_CF_20030303.1900.06-1-E2-24" TYPE="PRO" LDCTYPE="PRO" LDCATR="FALSE">
    <extent>
      <charseq START="962" END="963">he</charseq>
    </extent>
    <head>
      <charseq START="962" END="963">he</charseq>
    </head>
  </entity_mention>
  <entity_mention ID="CNN_CF_20030303.1900.06-1-E2-67" TYPE="NAM" LDCTYPE="NAM" LDCATR="FALSE">
    <extent>
      <charseq START="344" END="365">Khalid Shaikh
Mohammed</charseq>
    </extent>
    <head>
      <charseq START="344" END="365">Khalid Shaikh
Mohammed</charseq>
    </head>
  </entity_mention>
  <entity_attributes>
    <name NAME="Mohammed">
      <charseq START="620" END="627">Mohammed</charseq>
    </name>
    <name NAME="Khalid Shaikh Mohammed">
      <charseq START="344" END="365">Khalid Shaikh
Mohammed</charseq>
    </name>
  </entity_attributes>
</entity>
<entity ID="CNN_CF_20030303.1900.06-1-E3" TYPE="GPE" SUBTYPE="Nation" CLASS="SPC">
  <entity_mention ID="CNN_CF_20030303.1900.06-1-E3-5" TYPE="NOM" LDCTYPE="NOM" ROLE="GPE">
    <extent>
      <charseq START="601" END="610">our allies</charseq>
    </extent>
    <head>
      <charseq START="605" END="610">allies</charseq>
    </head>
  </entity_mention>
  <entity_mention ID="CNN_CF_20030303.1900.06-1-E3-9" TYPE="NOM" LDCTYPE="NOM" ROLE="GPE">
    <extent>
      <charseq START="687" END="704">every ally we have</charseq>
    </extent>
    <head>
      <charseq START="693" END="696">ally</charseq>
    </head>
  </entity_mention>
</entity>
<entity ID="CNN_CF_20030303.1900.06-1-E4" TYPE="GPE" SUBTYPE="Nation" CLASS="GEN">
  <entity_mention ID="CNN_CF_20030303.1900.06-1-E4-7" TYPE="NOM" LDCTYPE="BAR" ROLE="GPE">
    <extent>
      <charseq START="652" END="657">allies</charseq>
    </extent>
    <head>
      <charseq START="652" END="657">allies</charseq>
    </head>
  </entity_mention>
</entity>
<entity ID="CNN_CF_20030303.1900.06-1-E5" TYPE="PER" SUBTYPE="Individual" CLASS="SPC">
  <entity_mention ID="CNN_CF_20030303.1900.06-1-E5-8" TYPE="NAM" LDCTYPE="NAM" LDCATR="FALSE">
    <extent>
      <charseq START="664" END="667">Bush</charseq>
    </extent>
    <head>
      <charseq START="664" END="667">Bush</charseq>
    </head>
  </entity_mention>
  <entity_mention ID="CNN_CF_20030303.1900.06-1-E5-14" TYPE="NAM" LDCTYPE="NAM" LDCATR="FALSE">
    <extent>
      <charseq START="750" END="753">Bush</charseq>
    </extent>
    <head>
      <charseq START="750" END="753">Bush</charseq>
    </head>
  </entity_mention>
  <entity_mention ID="CNN_CF_20030303.1900.06-1-E5-15" TYPE="NAM" LDCTYPE="NAM" LDCATR="FALSE">
    <extent>
      <charseq START="809" END="812">Bush</charseq>
    </extent>
    <head>
      <charseq START="809" END="812">Bush</charseq>
    </head>
  </entity_mention>
  <entity_mention ID="CNN_CF_20030303.1900.06-1-E5-42" TYPE="NAM" LDCTYPE="NAM" LDCATR="FALSE">
    <extent>
      <charseq START="1398" END="1401">Bush</charseq>
    </extent>
    <head>
      <charseq START="1398" END="1401">Bush</charseq>
    </head>
  </entity_mention>
  <entity_mention ID="CNN_CF_20030303.1900.06-1-E5-47" TYPE="NAM" LDCTYPE="NAM" LDCATR="FALSE">
    <extent>
      <charseq START="1512" END="1515">Bush</charseq>
    </extent>
    <head>
      <charseq START="1512" END="1515">Bush</charseq>
    </head>
  </entity_mention>
  <entity_mention ID="CNN_CF_20030303.1900.06-1-E5-48" TYPE="PRO" LDCTYPE="PRO" LDCATR="FALSE">
    <extent>
      <charseq START="1521" END="1522">he</charseq>
    </extent>
    <head>
      <charseq START="1521" END="1522">he</charseq>
    </head>
  </entity_mention>
  <entity_mention ID="CNN_CF_20030303.1900.06-1-E5-49" TYPE="PRO" LDCTYPE="PRO" LDCATR="FALSE">
    <extent>
      <charseq START="1541" END="1542">He</charseq>
    </extent>
    <head>
      <charseq START="1541" END="1542">He</charseq>
    </head>
  </entity_mention>
  <entity_mention ID="CNN_CF_20030303.1900.06-1-E5-50" TYPE="NOM" LDCTYPE="NOM" LDCATR="TRUE">
    <extent>
      <charseq START="1565" END="1577">our
president</charseq>
    </extent>
    <head>
      <charseq START="1569" END="1577">president</charseq>
    </head>
  </entity_mention>
  <entity_mention ID="CNN_CF_20030303.1900.06-1-E5-51" TYPE="PRO" LDCTYPE="PRO" LDCATR="FALSE">
    <extent>
      <charseq START="1584" END="1585">he</charseq>
    </extent>
    <head>
      <charseq START="1584" END="1585">he</charseq>
    </head>
  </entity_mention>
  <entity_mention ID="CNN_CF_20030303.1900.06-1-E5-52" TYPE="PRO" LDCTYPE="PRO" LDCATR="FALSE">
    <extent>
      <charseq START="1669" END="1671">his</charseq>
    </extent>
    <head>
      <charseq START="1669" END="1671">his</charseq>
    </head>
  </entity_mention>
  <entity_mention ID="CNN_CF_20030303.1900.06-1-E5-53" TYPE="PRO" LDCTYPE="PRO" LDCATR="FALSE">
    <extent>
      <charseq START="1654" END="1656">his</charseq>
    </extent>
    <head>
      <charseq START="1654" END="1656">his</charseq>
    </head>
  </entity_mention>
  <entity_mention ID="CNN_CF_20030303.1900.06-1-E5-54" TYPE="PRO" LDCTYPE="PRO" LDCATR="FALSE">
    <extent>
      <charseq START="1691" END="1692">he</charseq>
    </extent>
    <head>
      <charseq START="1691" END="1692">he</charseq>
    </head>
  </entity_mention>
  <entity_attributes>
    <name NAME="Bush">
      <charseq START="664" END="667">Bush</charseq>
    </name>
    <name NAME="Bush">
      <charseq START="750" END="753">Bush</charseq>
    </name>
    <name NAME="Bush">
      <charseq START="809" END="812">Bush</charseq>
    </name>
    <name NAME="Bush">
      <charseq START="1398" END="1401">Bush</charseq>
    </name>
    <name NAME="Bush">
      <charseq START="1512" END="1515">Bush</charseq>
    </name>
  </entity_attributes>
</entity>
<entity ID="CNN_CF_20030303.1900.06-1-E6" TYPE="PER" SUBTYPE="Individual" CLASS="SPC">
  <entity_mention ID="CNN_CF_20030303.1900.06-1-E6-11" TYPE="NAM" LDCTYPE="NAM">
    <extent>
      <charseq START="707" END="739">Dan Snyder of Baden,
Pennsylvania</charseq>
    </extent>
    <head>
      <charseq START="707" END="716">Dan Snyder</charseq>
    </head>
  </entity_mention>
  <entity_attributes>
    <name NAME="Dan Snyder">
      <charseq START="707" END="716">Dan Snyder</charseq>
    </name>
  </entity_attributes>
</entity>
<entity ID="CNN_CF_20030303.1900.06-1-E7" TYPE="GPE" SUBTYPE="Population-Center" CLASS="SPC">
  <entity_mention ID="CNN_CF_20030303.1900.06-1-E7-12" TYPE="NAM" LDCTYPE="NAM" ROLE="LOC">
    <extent>
      <charseq START="721" END="739">Baden,
Pennsylvania</charseq>
    </extent>
    <head>
      <charseq START="721" END="725">Baden</charseq>
    </head>
  </entity_mention>
  <entity_attributes>
    <name NAME="Baden">
      <charseq START="721" END="725">Baden</charseq>
    </name>
  </entity_attributes>
</entity>
<entity ID="CNN_CF_20030303.1900.06-1-E8" TYPE="GPE" SUBTYPE="State-or-Province" CLASS="SPC">
  <entity_mention ID="CNN_CF_20030303.1900.06-1-E8-13" TYPE="NAM" LDCTYPE="NAM" ROLE="LOC">
    <extent>
      <charseq START="728" END="739">Pennsylvania</charseq>
    </extent>
    <head>
      <charseq START="728" END="739">Pennsylvania</charseq>
    </head>
  </entity_mention>
  <entity_attributes>
    <name NAME="Pennsylvania">
      <charseq START="728" END="739">Pennsylvania</charseq>
    </name>
  </entity_attributes>
</entity>
<entity ID="CNN_CF_20030303.1900.06-1-E9" TYPE="ORG" SUBTYPE="Non-Governmental" CLASS="SPC">
  <entity_mention ID="CNN_CF_20030303.1900.06-1-E9-17" TYPE="NAM" LDCTYPE="NAMPRE">
    <extent>
      <charseq START="774" END="781">al Qaeda</charseq>
    </extent>
    <head>
      <charseq START="774" END="781">al Qaeda</charseq>
    </head>
  </entity_mention>
  <entity_attributes>
    <name NAME="al Qaeda">
      <charseq START="774" END="781">al Qaeda</charseq>
    </name>
  </entity_attributes>
</entity>
<entity ID="CNN_CF_20030303.1900.06-1-E10" TYPE="PER" SUBTYPE="Individual" CLASS="SPC">
  <entity_mention ID="CNN_CF_20030303.1900.06-1-E10-25" TYPE="NAM" LDCTYPE="NAM">
    <extent>
      <charseq START="1029" END="1057">Frank Mastro of New York City</charseq>
    </extent>
    <head>
      <charseq START="1029" END="1040">Frank Mastro</charseq>
    </head>
  </entity_mention>
  <entity_attributes>
    <name NAME="Frank Mastro">
      <charseq START="1029" END="1040">Frank Mastro</charseq>
    </name>
  </entity_attributes>
</entity>
<entity ID="CNN_CF_20030303.1900.06-1-E11" TYPE="GPE" SUBTYPE="Population-Center" CLASS="SPC">
  <entity_mention ID="CNN_CF_20030303.1900.06-1-E11-26" TYPE="NAM" LDCTYPE="NAM" ROLE="LOC">
    <extent>
      <charseq START="1045" END="1057">New York City</charseq>
    </extent>
    <head>
      <charseq START="1045" END="1057">New York City</charseq>
    </head>
  </entity_mention>
  <entity_attributes>
    <name NAME="New York City">
      <charseq START="1045" END="1057">New York City</charseq>
    </name>
  </entity_attributes>
</entity>
<entity ID="CNN_CF_20030303.1900.06-1-E12" TYPE="PER" SUBTYPE="Individual" CLASS="SPC">
  <entity_mention ID="CNN_CF_20030303.1900.06-1-E12-21" TYPE="PRO" LDCTYPE="PRO" LDCATR="FALSE">
    <extent>
      <charseq START="932" END="932">I</charseq>
    </extent>
    <head>
      <charseq START="932" END="932">I</charseq>
    </head>
  </entity_mention>
  <entity_mention ID="CNN_CF_20030303.1900.06-1-E12-22" TYPE="PRO" LDCTYPE="PRO" LDCATR="FALSE">
    <extent>
      <charseq START="952" END="952">I</charseq>
    </extent>
    <head>
      <charseq START="952" END="952">I</charseq>
    </head>
  </entity_mention>
  <entity_mention ID="CNN_CF_20030303.1900.06-1-E12-23" TYPE="PRO" LDCTYPE="PRO" LDCATR="FALSE">
    <extent>
      <charseq START="1226" END="1226">I</charseq>
    </extent>
    <head>
      <charseq START="1226" END="1226">I</charseq>
    </head>
  </entity_mention>
  <entity_mention ID="CNN_CF_20030303.1900.06-1-E12-27" TYPE="NAM" LDCTYPE="NAM" LDCATR="FALSE">
    <extent>
      <charseq START="1061" END="1069">Mr. Novak</charseq>
    </extent>
    <head>
      <charseq START="1065" END="1069">Novak</charseq>
    </head>
  </entity_mention>
  <entity_mention ID="CNN_CF_20030303.1900.06-1-E12-28" TYPE="NOM" LDCTYPE="NOMPRE" LDCATR="TRUE">
    <extent>
      <charseq START="1061" END="1062">Mr</charseq>
    </extent>
    <head>
      <charseq START="1061" END="1062">Mr</charseq>
    </head>
  </entity_mention>
  <entity_mention ID="CNN_CF_20030303.1900.06-1-E12-74" TYPE="PRO" LDCTYPE="PRO" LDCATR="FALSE">
    <extent>
      <charseq START="553" END="553">I</charseq>
    </extent>
    <head>
      <charseq START="553" END="553">I</charseq>
    </head>
  </entity_mention>
  <entity_attributes>
    <name NAME="Novak">
      <charseq START="1065" END="1069">Novak</charseq>
    </name>
  </entity_attributes>
</entity>
<entity ID="CNN_CF_20030303.1900.06-1-E13" TYPE="PER" SUBTYPE="Individual" CLASS="SPC">
  <entity_mention ID="CNN_CF_20030303.1900.06-1-E13-29" TYPE="NAM" LDCTYPE="NAM" LDCATR="FALSE">
    <extent>
      <charseq START="1148" END="1157">Mr. Begala</charseq>
    </extent>
    <head>
      <charseq START="1152" END="1157">Begala</charseq>
    </head>
  </entity_mention>
  <entity_mention ID="CNN_CF_20030303.1900.06-1-E13-30" TYPE="NOM" LDCTYPE="NOMPRE" LDCATR="TRUE">
    <extent>
      <charseq START="1148" END="1149">Mr</charseq>
    </extent>
    <head>
      <charseq START="1148" END="1149">Mr</charseq>
    </head>
  </entity_mention>
  <entity_mention ID="CNN_CF_20030303.1900.06-1-E13-31" TYPE="PRO" LDCTYPE="PRO" LDCATR="FALSE">
    <extent>
      <charseq START="1353" END="1353">I</charseq>
    </extent>
    <head>
      <charseq START="1353" END="1353">I</charseq>
    </head>
  </entity_mention>
  <entity_mention ID="CNN_CF_20030303.1900.06-1-E13-32" TYPE="NAM" LDCTYPE="NAM" LDCATR="FALSE">
    <extent>
      <charseq START="1294" END="1299">Begala</charseq>
    </extent>
    <head>
      <charseq START="1294" END="1299">Begala</charseq>
    </head>
  </entity_mention>
  <entity_mention ID="CNN_CF_20030303.1900.06-1-E13-65" TYPE="NAM" LDCTYPE="NAM" LDCATR="FALSE">
    <extent>
      <charseq START="292" END="295">Paul</charseq>
    </extent>
    <head>
      <charseq START="292" END="295">Paul</charseq>
    </head>
  </entity_mention>
  <entity_attributes>
    <name NAME="Begala">
      <charseq START="1152" END="1157">Begala</charseq>
    </name>
    <name NAME="Begala">
      <charseq START="1294" END="1299">Begala</charseq>
    </name>
    <name NAME="Paul">
      <charseq START="292" END="295">Paul</charseq>
    </name>
  </entity_attributes>
</entity>
<entity ID="CNN_CF_20030303.1900.06-1-E14" TYPE="PER" SUBTYPE="Individual" CLASS="SPC">
  <entity_mention ID="CNN_CF_20030303.1900.06-1-E14-33" TYPE="NAM" LDCTYPE="NAM" LDCATR="FALSE">
    <extent>
      <charseq START="1163" END="1174">Mr. Carville</charseq>
    </extent>
    <head>
      <charseq START="1167" END="1174">Carville</charseq>
    </head>
  </entity_mention>
  <entity_mention ID="CNN_CF_20030303.1900.06-1-E14-34" TYPE="NOM" LDCTYPE="NOMPRE" LDCATR="TRUE">
    <extent>
      <charseq START="1163" END="1164">Mr</charseq>
    </extent>
    <head>
      <charseq START="1163" END="1164">Mr</charseq>
    </head>
  </entity_mention>
  <entity_mention ID="CNN_CF_20030303.1900.06-1-E14-37" TYPE="NAM" LDCTYPE="NAM" LDCATR="FALSE">
    <extent>
      <charseq START="1281" END="1288">Carville</charseq>
    </extent>
    <head>
      <charseq START="1281" END="1288">Carville</charseq>
    </head>
  </entity_mention>
  <entity_attributes>
    <name NAME="Carville">
      <charseq START="1167" END="1174">Carville</charseq>
    </name>
    <name NAME="Carville">
      <charseq START="1281" END="1288">Carville</charseq>
    </name>
  </entity_attributes>
</entity>
<entity ID="CNN_CF_20030303.1900.06-1-E16" TYPE="PER" SUBTYPE="Group" CLASS="SPC">
  <entity_mention ID="CNN_CF_20030303.1900.06-1-E16-35" TYPE="PRO" LDCTYPE="PRO">
    <extent>
      <charseq START="1208" END="1211">they</charseq>
    </extent>
    <head>
      <charseq START="1208" END="1211">they</charseq>
    </head>
  </entity_mention>
</entity>
<entity ID="CNN_CF_20030303.1900.06-1-E17" TYPE="PER" SUBTYPE="Group" CLASS="SPC">
  <entity_mention ID="CNN_CF_20030303.1900.06-1-E17-36" TYPE="NOM" LDCTYPE="NOM" LDCATR="FALSE">
    <extent>
      <charseq START="1240" END="1273">all the rich millionaire Democrats</charseq>
    </extent>
    <head>
      <charseq START="1265" END="1273">Democrats</charseq>
    </head>
  </entity_mention>
  <entity_mention ID="CNN_CF_20030303.1900.06-1-E17-38" TYPE="PRO" LDCTYPE="WHQ" LDCATR="FALSE">
    <extent>
      <charseq START="1302" END="1304">who</charseq>
    </extent>
    <head>
      <charseq START="1302" END="1304">who</charseq>
    </head>
  </entity_mention>
  <entity_mention ID="CNN_CF_20030303.1900.06-1-E17-59" TYPE="NOM" LDCTYPE="NOMPRE" LDCATR="TRUE">
    <extent>
      <charseq START="1253" END="1263">millionaire</charseq>
    </extent>
    <head>
      <charseq START="1253" END="1263">millionaire</charseq>
    </head>
  </entity_mention>
</entity>
<entity ID="CNN_CF_20030303.1900.06-1-E18" TYPE="ORG" SUBTYPE="Non-Governmental" CLASS="SPC">
  <entity_mention ID="CNN_CF_20030303.1900.06-1-E18-40" TYPE="NAM" LDCTYPE="NAM">
    <extent>
      <charseq START="1368" END="1380">the Democrats</charseq>
    </extent>
    <head>
      <charseq START="1372" END="1380">Democrats</charseq>
    </head>
  </entity_mention>
  <entity_mention ID="CNN_CF_20030303.1900.06-1-E18-41" TYPE="PRO" LDCTYPE="PRO">
    <extent>
      <charseq START="1383" END="1386">They</charseq>
    </extent>
    <head>
      <charseq START="1383" END="1386">They</charseq>
    </head>
  </entity_mention>
  <entity_attributes>
    <name NAME="Democrats">
      <charseq START="1372" END="1380">Democrats</charseq>
    </name>
  </entity_attributes>
</entity>
<entity ID="CNN_CF_20030303.1900.06-1-E19" TYPE="PER" SUBTYPE="Group" CLASS="GEN">
  <entity_mention ID="CNN_CF_20030303.1900.06-1-E19-1" TYPE="NOM" LDCTYPE="NOM">
    <extent>
      <charseq START="176" END="186">the viewers</charseq>
    </extent>
    <head>
      <charseq START="180" END="186">viewers</charseq>
    </head>
  </entity_mention>
</entity>
<entity ID="CNN_CF_20030303.1900.06-1-E20" TYPE="PER" SUBTYPE="Individual" CLASS="SPC">
  <entity_mention ID="CNN_CF_20030303.1900.06-1-E20-44" TYPE="NAM" LDCTYPE="NAM">
    <extent>
      <charseq START="1458" END="1492">David Horn of Long Island, New York</charseq>
    </extent>
    <head>
      <charseq START="1458" END="1467">David Horn</charseq>
    </head>
  </entity_mention>
  <entity_attributes>
    <name NAME="David Horn">
      <charseq START="1458" END="1467">David Horn</charseq>
    </name>
  </entity_attributes>
</entity>
<entity ID="CNN_CF_20030303.1900.06-1-E21" TYPE="GPE" SUBTYPE="Population-Center" CLASS="SPC">
  <entity_mention ID="CNN_CF_20030303.1900.06-1-E21-45" TYPE="NAM" LDCTYPE="NAM" ROLE="LOC">
    <extent>
      <charseq START="1472" END="1492">Long Island, New York</charseq>
    </extent>
    <head>
      <charseq START="1472" END="1482">Long Island</charseq>
    </head>
  </entity_mention>
  <entity_attributes>
    <name NAME="Long Island">
      <charseq START="1472" END="1482">Long Island</charseq>
    </name>
  </entity_attributes>
</entity>
<entity ID="CNN_CF_20030303.1900.06-1-E22" TYPE="GPE" SUBTYPE="State-or-Province" CLASS="SPC">
  <entity_mention ID="CNN_CF_20030303.1900.06-1-E22-46" TYPE="NAM" LDCTYPE="NAM" ROLE="LOC">
    <extent>
      <charseq START="1485" END="1492">New York</charseq>
    </extent>
    <head>
      <charseq START="1485" END="1492">New York</charseq>
    </head>
  </entity_mention>
  <entity_attributes>
    <name NAME="New York">
      <charseq START="1485" END="1492">New York</charseq>
    </name>
  </entity_attributes>
</entity>
<entity ID="CNN_CF_20030303.1900.06-1-E24" TYPE="GPE" SUBTYPE="Nation" CLASS="USP">
  <entity_mention ID="CNN_CF_20030303.1900.06-1-E24-56" TYPE="NOM" LDCTYPE="NOM" ROLE="GPE">
    <extent>
      <charseq START="1609" END="1623">other countries</charseq>
    </extent>
    <head>
      <charseq START="1615" END="1623">countries</charseq>
    </head>
  </entity_mention>
  <entity_mention ID="CNN_CF_20030303.1900.06-1-E24-57" TYPE="NOM" LDCTYPE="NOM" ROLE="ORG">
    <extent>
      <charseq START="1609" END="1647">other countries' democratic
governments</charseq>
    </extent>
    <head>
      <charseq START="1637" END="1647">governments</charseq>
    </head>
  </entity_mention>
</entity>
<entity ID="CNN_CF_20030303.1900.06-1-E25" TYPE="GPE" SUBTYPE="Population-Center" CLASS="SPC">
  <entity_mention ID="CNN_CF_20030303.1900.06-1-E25-58" TYPE="NAM" LDCTYPE="NAM" ROLE="LOC">
    <extent>
      <charseq START="1711" END="1724">1930's Chicago</charseq>
    </extent>
    <head>
      <charseq START="1718" END="1724">Chicago</charseq>
    </head>
  </entity_mention>
  <entity_attributes>
    <name NAME="Chicago">
      <charseq START="1718" END="1724">Chicago</charseq>
    </name>
  </entity_attributes>
</entity>
<entity ID="CNN_CF_20030303.1900.06-1-E27" TYPE="PER" SUBTYPE="Group" CLASS="SPC">
  <entity_mention ID="CNN_CF_20030303.1900.06-1-E27-60" TYPE="PRO" LDCTYPE="PRO">
    <extent>
      <charseq START="201" END="202">us</charseq>
    </extent>
    <head>
      <charseq START="201" END="202">us</charseq>
    </head>
  </entity_mention>
</entity>
<entity ID="CNN_CF_20030303.1900.06-1-E28" TYPE="PER" SUBTYPE="Individual" CLASS="SPC">
  <entity_mention ID="CNN_CF_20030303.1900.06-1-E28-61" TYPE="NAM" LDCTYPE="NAM">
    <extent>
      <charseq START="205" END="247">Joshua Hosford of
Newport Beach, California</charseq>
    </extent>
    <head>
      <charseq START="205" END="218">Joshua Hosford</charseq>
    </head>
  </entity_mention>
  <entity_mention ID="CNN_CF_20030303.1900.06-1-E28-69" TYPE="PRO" LDCTYPE="PRO">
    <extent>
      <charseq START="298" END="298">I</charseq>
    </extent>
    <head>
      <charseq START="298" END="298">I</charseq>
    </head>
  </entity_mention>
  <entity_mention ID="CNN_CF_20030303.1900.06-1-E28-70" TYPE="NAM" LDCTYPE="NAM">
    <extent>
      <charseq START="496" END="501">Joshua</charseq>
    </extent>
    <head>
      <charseq START="496" END="501">Joshua</charseq>
    </head>
  </entity_mention>
  <entity_mention ID="CNN_CF_20030303.1900.06-1-E28-71" TYPE="PRO" LDCTYPE="PRO">
    <extent>
      <charseq START="504" END="506">you</charseq>
    </extent>
    <head>
      <charseq START="504" END="506">you</charseq>
    </head>
  </entity_mention>
  <entity_mention ID="CNN_CF_20030303.1900.06-1-E28-73" TYPE="PRO" LDCTYPE="PRO">
    <extent>
      <charseq START="429" END="429">I</charseq>
    </extent>
    <head>
      <charseq START="429" END="429">I</charseq>
    </head>
  </entity_mention>
  <entity_attributes>
    <name NAME="Joshua Hosford">
      <charseq START="205" END="218">Joshua Hosford</charseq>
    </name>
    <name NAME="Joshua">
      <charseq START="496" END="501">Joshua</charseq>
    </name>
  </entity_attributes>
</entity>
<entity ID="CNN_CF_20030303.1900.06-1-E29" TYPE="GPE" SUBTYPE="Population-Center" CLASS="SPC">
  <entity_mention ID="CNN_CF_20030303.1900.06-1-E29-62" TYPE="NAM" LDCTYPE="NAM" ROLE="LOC">
    <extent>
      <charseq START="223" END="247">Newport Beach, California</charseq>
    </extent>
    <head>
      <charseq START="223" END="235">Newport Beach</charseq>
    </head>
  </entity_mention>
  <entity_mention ID="CNN_CF_20030303.1900.06-1-E29-64" TYPE="PRO" LDCTYPE="PRO" ROLE="LOC">
    <extent>
      <charseq START="252" END="255">that</charseq>
    </extent>
    <head>
      <charseq START="252" END="255">that</charseq>
    </head>
  </entity_mention>
  <entity_attributes>
    <name NAME="Newport Beach">
      <charseq START="223" END="235">Newport Beach</charseq>
    </name>
  </entity_attributes>
</entity>
<entity ID="CNN_CF_20030303.1900.06-1-E30" TYPE="GPE" SUBTYPE="State-or-Province" CLASS="SPC">
  <entity_mention ID="CNN_CF_20030303.1900.06-1-E30-63" TYPE="NAM" LDCTYPE="NAM" ROLE="LOC">
    <extent>
      <charseq START="238" END="247">California</charseq>
    </extent>
    <head>
      <charseq START="238" END="247">California</charseq>
    </head>
  </entity_mention>
  <entity_attributes>
    <name NAME="California">
      <charseq START="238" END="247">California</charseq>
    </name>
  </entity_attributes>
</entity>
<entity ID="CNN_CF_20030303.1900.06-1-E32" TYPE="ORG" SUBTYPE="Sports" CLASS="SPC">
  <entity_mention ID="CNN_CF_20030303.1900.06-1-E32-66" TYPE="NAM" LDCTYPE="NAM">
    <extent>
      <charseq START="982" END="993">the Redskins</charseq>
    </extent>
    <head>
      <charseq START="986" END="993">Redskins</charseq>
    </head>
  </entity_mention>
  <entity_attributes>
    <name NAME="Redskins">
      <charseq START="986" END="993">Redskins</charseq>
    </name>
  </entity_attributes>
</entity>
<entity ID="CNN_CF_20030303.1900.06-1-E34" TYPE="PER" SUBTYPE="Group" CLASS="USP">
  <entity_mention ID="CNN_CF_20030303.1900.06-1-E34-68" TYPE="PRO" LDCTYPE="PRO">
    <extent>
      <charseq START="306" END="307">we</charseq>
    </extent>
    <head>
      <charseq START="306" END="307">we</charseq>
    </head>
  </entity_mention>
</entity>
<entity ID="CNN_CF_20030303.1900.06-1-E35" TYPE="PER" SUBTYPE="Individual" CLASS="USP">
  <entity_mention ID="CNN_CF_20030303.1900.06-1-E35-72" TYPE="PRO" LDCTYPE="PRO">
    <extent>
      <charseq START="385" END="391">someone</charseq>
    </extent>
    <head>
      <charseq START="385" END="391">someone</charseq>
    </head>
  </entity_mention>
</entity>
<timex2 ID="CNN_CF_20030303.1900.06-1-T1">
  <timex2_mention ID="CNN_CF_20030303.1900.06-1-T1-1">
    <extent>
      <charseq START="1711" END="1716">1930's</charseq>
    </extent>
  </timex2_mention>
</timex2>
<timex2 ID="CNN_CF_20030303.1900.06-1-T2">
  <timex2_mention ID="CNN_CF_20030303.1900.06-1-T2-1">
    <extent>
      <charseq START="38" END="62">2003-03-03T19:00:00-05:00</charseq>
    </extent>
  </timex2_mention>
</timex2>
<timex2 ID="CNN_CF_20030303.1900.06-1-T3">
  <timex2_mention ID="CNN_CF_20030303.1900.06-1-T3-1">
    <extent>
      <charseq START="847" END="855">two years</charseq>
    </extent>
  </timex2_mention>
</timex2>
<relation ID="CNN_CF_20030303.1900.06-1-R1" TYPE="GEN-AFF" SUBTYPE="Citizen-Resident-Religion-Ethnicity" TENSE="Unspecified" MODALITY="Asserted">
  <relation_argument REFID="CNN_CF_20030303.1900.06-1-E28" ROLE="Arg-1"/>
  <relation_argument REFID="CNN_CF_20030303.1900.06-1-E29" ROLE="Arg-2"/>
  <relation_mention ID="CNN_CF_20030303.1900.06-1-R1-1" LEXICALCONDITION="Preposition">
    <extent>
      <charseq START="205" END="247">Joshua Hosford of
Newport Beach, California</charseq>
    </extent>
    <relation_mention_argument REFID="CNN_CF_20030303.1900.06-1-E28-61" ROLE="Arg-1">
      <extent>
        <charseq START="205" END="247">Joshua Hosford of
Newport Beach, California</charseq>
      </extent>
    </relation_mention_argument>
    <relation_mention_argument REFID="CNN_CF_20030303.1900.06-1-E29-62" ROLE="Arg-2">
      <extent>
        <charseq START="223" END="247">Newport Beach, California</charseq>
      </extent>
    </relation_mention_argument>
  </relation_mention>
</relation>
<relation ID="CNN_CF_20030303.1900.06-1-R2" TYPE="PART-WHOLE" SUBTYPE="Geographical" TENSE="Unspecified" MODALITY="Asserted">
  <relation_argument REFID="CNN_CF_20030303.1900.06-1-E29" ROLE="Arg-1"/>
  <relation_argument REFID="CNN_CF_20030303.1900.06-1-E30" ROLE="Arg-2"/>
  <relation_mention ID="CNN_CF_20030303.1900.06-1-R2-1" LEXICALCONDITION="Formulaic">
    <extent>
      <charseq START="223" END="247">Newport Beach, California</charseq>
    </extent>
    <relation_mention_argument REFID="CNN_CF_20030303.1900.06-1-E29-62" ROLE="Arg-1">
      <extent>
        <charseq START="223" END="247">Newport Beach, California</charseq>
      </extent>
    </relation_mention_argument>
    <relation_mention_argument REFID="CNN_CF_20030303.1900.06-1-E30-63" ROLE="Arg-2">
      <extent>
        <charseq START="238" END="247">California</charseq>
      </extent>
    </relation_mention_argument>
  </relation_mention>
</relation>
<relation ID="CNN_CF_20030303.1900.06-1-R3" TYPE="GEN-AFF" SUBTYPE="Citizen-Resident-Religion-Ethnicity" TENSE="Unspecified" MODALITY="Asserted">
  <relation_argument REFID="CNN_CF_20030303.1900.06-1-E6" ROLE="Arg-1"/>
  <relation_argument REFID="CNN_CF_20030303.1900.06-1-E7" ROLE="Arg-2"/>
  <relation_mention ID="CNN_CF_20030303.1900.06-1-R3-1" LEXICALCONDITION="Preposition">
    <extent>
      <charseq START="707" END="739">Dan Snyder of Baden,
Pennsylvania</charseq>
    </extent>
    <relation_mention_argument REFID="CNN_CF_20030303.1900.06-1-E6-11" ROLE="Arg-1">
      <extent>
        <charseq START="707" END="739">Dan Snyder of Baden,
Pennsylvania</charseq>
      </extent>
    </relation_mention_argument>
    <relation_mention_argument REFID="CNN_CF_20030303.1900.06-1-E7-12" ROLE="Arg-2">
      <extent>
        <charseq START="721" END="739">Baden,
Pennsylvania</charseq>
      </extent>
    </relation_mention_argument>
  </relation_mention>
</relation>
<relation ID="CNN_CF_20030303.1900.06-1-R4" TYPE="PART-WHOLE" SUBTYPE="Geographical" TENSE="Unspecified" MODALITY="Asserted">
  <relation_argument REFID="CNN_CF_20030303.1900.06-1-E7" ROLE="Arg-1"/>
  <relation_argument REFID="CNN_CF_20030303.1900.06-1-E8" ROLE="Arg-2"/>
  <relation_mention ID="CNN_CF_20030303.1900.06-1-R4-1" LEXICALCONDITION="Formulaic">
    <extent>
      <charseq START="721" END="739">Baden,
Pennsylvania</charseq>
    </extent>
    <relation_mention_argument REFID="CNN_CF_20030303.1900.06-1-E7-12" ROLE="Arg-1">
      <extent>
        <charseq START="721" END="739">Baden,
Pennsylvania</charseq>
      </extent>
    </relation_mention_argument>
    <relation_mention_argument REFID="CNN_CF_20030303.1900.06-1-E8-13" ROLE="Arg-2">
      <extent>
        <charseq START="728" END="739">Pennsylvania</charseq>
      </extent>
    </relation_mention_argument>
  </relation_mention>
</relation>
<relation ID="CNN_CF_20030303.1900.06-1-R5" TYPE="ORG-AFF" SUBTYPE="Membership" TENSE="Unspecified" MODALITY="Asserted">
  <relation_argument REFID="CNN_CF_20030303.1900.06-1-E2" ROLE="Arg-1"/>
  <relation_argument REFID="CNN_CF_20030303.1900.06-1-E9" ROLE="Arg-2"/>
  <relation_mention ID="CNN_CF_20030303.1900.06-1-R5-1" LEXICALCONDITION="PreMod">
    <extent>
      <charseq START="770" END="806">the al Qaeda chief operations
officer</charseq>
    </extent>
    <relation_mention_argument REFID="CNN_CF_20030303.1900.06-1-E2-16" ROLE="Arg-1">
      <extent>
        <charseq START="770" END="806">the al Qaeda chief operations
officer</charseq>
      </extent>
    </relation_mention_argument>
    <relation_mention_argument REFID="CNN_CF_20030303.1900.06-1-E9-17" ROLE="Arg-2">
      <extent>
        <charseq START="774" END="781">al Qaeda</charseq>
      </extent>
    </relation_mention_argument>
  </relation_mention>
</relation>
<relation ID="CNN_CF_20030303.1900.06-1-R6" TYPE="GEN-AFF" SUBTYPE="Citizen-Resident-Religion-Ethnicity" TENSE="Unspecified" MODALITY="Asserted">
  <relation_argument REFID="CNN_CF_20030303.1900.06-1-E10" ROLE="Arg-1"/>
  <relation_argument REFID="CNN_CF_20030303.1900.06-1-E11" ROLE="Arg-2"/>
  <relation_mention ID="CNN_CF_20030303.1900.06-1-R6-1" LEXICALCONDITION="Preposition">
    <extent>
      <charseq START="1029" END="1057">Frank Mastro of New York City</charseq>
    </extent>
    <relation_mention_argument REFID="CNN_CF_20030303.1900.06-1-E10-25" ROLE="Arg-1">
      <extent>
        <charseq START="1029" END="1057">Frank Mastro of New York City</charseq>
      </extent>
    </relation_mention_argument>
    <relation_mention_argument REFID="CNN_CF_20030303.1900.06-1-E11-26" ROLE="Arg-2">
      <extent>
        <charseq START="1045" END="1057">New York City</charseq>
      </extent>
    </relation_mention_argument>
  </relation_mention>
</relation>
<relation ID="CNN_CF_20030303.1900.06-1-R7" TYPE="GEN-AFF" SUBTYPE="Citizen-Resident-Religion-Ethnicity" TENSE="Unspecified" MODALITY="Asserted">
  <relation_argument REFID="CNN_CF_20030303.1900.06-1-E20" ROLE="Arg-1"/>
  <relation_argument REFID="CNN_CF_20030303.1900.06-1-E21" ROLE="Arg-2"/>
  <relation_mention ID="CNN_CF_20030303.1900.06-1-R7-1" LEXICALCONDITION="Preposition">
    <extent>
      <charseq START="1458" END="1492">David Horn of Long Island, New York</charseq>
    </extent>
    <relation_mention_argument REFID="CNN_CF_20030303.1900.06-1-E20-44" ROLE="Arg-1">
      <extent>
        <charseq START="1458" END="1492">David Horn of Long Island, New York</charseq>
      </extent>
    </relation_mention_argument>
    <relation_mention_argument REFID="CNN_CF_20030303.1900.06-1-E21-45" ROLE="Arg-2">
      <extent>
        <charseq START="1472" END="1492">Long Island, New York</charseq>
      </extent>
    </relation_mention_argument>
  </relation_mention>
</relation>
<relation ID="CNN_CF_20030303.1900.06-1-R8" TYPE="PART-WHOLE" SUBTYPE="Geographical" TENSE="Unspecified" MODALITY="Asserted">
  <relation_argument REFID="CNN_CF_20030303.1900.06-1-E21" ROLE="Arg-1"/>
  <relation_argument REFID="CNN_CF_20030303.1900.06-1-E22" ROLE="Arg-2"/>
  <relation_mention ID="CNN_CF_20030303.1900.06-1-R8-1" LEXICALCONDITION="Formulaic">
    <extent>
      <charseq START="1472" END="1492">Long Island, New York</charseq>
    </extent>
    <relation_mention_argument REFID="CNN_CF_20030303.1900.06-1-E21-45" ROLE="Arg-1">
      <extent>
        <charseq START="1472" END="1492">Long Island, New York</charseq>
      </extent>
    </relation_mention_argument>
    <relation_mention_argument REFID="CNN_CF_20030303.1900.06-1-E22-46" ROLE="Arg-2">
      <extent>
        <charseq START="1485" END="1492">New York</charseq>
      </extent>
    </relation_mention_argument>
  </relation_mention>
</relation>
<event ID="CNN_CF_20030303.1900.06-1-EV1" TYPE="Contact" SUBTYPE="Phone-Write" MODALITY="Asserted" POLARITY="Positive" GENERICITY="Generic" TENSE="Unspecified">
  <event_argument REFID="CNN_CF_20030303.1900.06-1-E28" ROLE="Entity"/>
  <event_mention ID="CNN_CF_20030303.1900.06-1-EV1-1">
    <extent>
      <charseq START="429" END="455">I'm chewing gum and talking</charseq>
    </extent>
    <ldc_scope>
      <charseq START="429" END="492">I'm chewing gum and talking on the phone while writing this note</charseq>
    </ldc_scope>
    <anchor>
      <charseq START="449" END="455">talking</charseq>
    </anchor>
    <event_mention_argument REFID="CNN_CF_20030303.1900.06-1-E28-73" ROLE="Entity">
      <extent>
        <charseq START="429" END="429">I</charseq>
      </extent>
    </event_mention_argument>
  </event_mention>
</event>
<event ID="CNN_CF_20030303.1900.06-1-EV2" TYPE="Contact" SUBTYPE="Phone-Write" MODALITY="Asserted" POLARITY="Positive" GENERICITY="Generic" TENSE="Unspecified">
  <event_argument REFID="CNN_CF_20030303.1900.06-1-E28" ROLE="Entity"/>
  <event_mention ID="CNN_CF_20030303.1900.06-1-EV2-1">
    <extent>
      <charseq START="429" END="482">I'm chewing gum and talking on the phone while writing</charseq>
    </extent>
    <ldc_scope>
      <charseq START="429" END="492">I'm chewing gum and talking on the phone while writing this note</charseq>
    </ldc_scope>
    <anchor>
      <charseq START="476" END="482">writing</charseq>
    </anchor>
    <event_mention_argument REFID="CNN_CF_20030303.1900.06-1-E28-73" ROLE="Entity">
      <extent>
        <charseq START="429" END="429">I</charseq>
      </extent>
    </event_mention_argument>
  </event_mention>
</event>
<event ID="CNN_CF_20030303.1900.06-1-EV3" TYPE="Life" SUBTYPE="Injure" MODALITY="Other" POLARITY="Positive" GENERICITY="Generic" TENSE="Unspecified">
  <event_argument REFID="CNN_CF_20030303.1900.06-1-E2" ROLE="Victim"/>
  <event_argument REFID="CNN_CF_20030303.1900.06-1-E5" ROLE="Agent"/>
  <event_mention ID="CNN_CF_20030303.1900.06-1-EV3-1">
    <extent>
      <charseq START="750" END="806">Bush should torture the al Qaeda chief operations
officer</charseq>
    </extent>
    <ldc_scope>
      <charseq START="750" END="806">Bush should torture the al Qaeda chief operations
officer</charseq>
    </ldc_scope>
    <anchor>
      <charseq START="762" END="768">torture</charseq>
    </anchor>
    <event_mention_argument REFID="CNN_CF_20030303.1900.06-1-E2-16" ROLE="Victim">
      <extent>
        <charseq START="770" END="806">the al Qaeda chief operations
officer</charseq>
      </extent>
    </event_mention_argument>
    <event_mention_argument REFID="CNN_CF_20030303.1900.06-1-E5-14" ROLE="Agent">
      <extent>
        <charseq START="750" END="753">Bush</charseq>
      </extent>
    </event_mention_argument>
  </event_mention>
</event>
<event ID="CNN_CF_20030303.1900.06-1-EV4" TYPE="Transaction" SUBTYPE="Transfer-Money" MODALITY="Other" POLARITY="Positive" GENERICITY="Generic" TENSE="Future">
  <event_argument REFID="CNN_CF_20030303.1900.06-1-E13" ROLE="Giver"/>
  <event_argument REFID="CNN_CF_20030303.1900.06-1-E14" ROLE="Giver"/>
  <event_mention ID="CNN_CF_20030303.1900.06-1-EV4-1">
    <extent>
      <charseq START="1148" END="1186">Mr. Begala and Mr. Carville just donate</charseq>
    </extent>
    <ldc_scope>
      <charseq START="1104" END="1222">If the budget goes through as is, why don't
Mr. Begala and Mr. Carville just donate the extra tax money they don't
want</charseq>
    </ldc_scope>
    <anchor>
      <charseq START="1181" END="1186">donate</charseq>
    </anchor>
    <event_mention_argument REFID="CNN_CF_20030303.1900.06-1-E13-29" ROLE="Giver">
      <extent>
        <charseq START="1148" END="1157">Mr. Begala</charseq>
      </extent>
    </event_mention_argument>
    <event_mention_argument REFID="CNN_CF_20030303.1900.06-1-E14-33" ROLE="Giver">
      <extent>
        <charseq START="1163" END="1174">Mr. Carville</charseq>
      </extent>
    </event_mention_argument>
  </event_mention>
</event>
<event ID="CNN_CF_20030303.1900.06-1-EV5" TYPE="Transaction" SUBTYPE="Transfer-Money" MODALITY="Other" POLARITY="Positive" GENERICITY="Generic" TENSE="Future">
  <event_argument REFID="CNN_CF_20030303.1900.06-1-E13" ROLE="Giver"/>
  <event_argument REFID="CNN_CF_20030303.1900.06-1-E18" ROLE="Recipient"/>
  <event_mention ID="CNN_CF_20030303.1900.06-1-EV5-1">
    <extent>
      <charseq START="1353" END="1380">I'll donate to the Democrats</charseq>
    </extent>
    <ldc_scope>
      <charseq START="1353" END="1380">I'll donate to the Democrats</charseq>
    </ldc_scope>
    <anchor>
      <charseq START="1358" END="1363">donate</charseq>
    </anchor>
    <event_mention_argument REFID="CNN_CF_20030303.1900.06-1-E13-31" ROLE="Giver">
      <extent>
        <charseq START="1353" END="1353">I</charseq>
      </extent>
    </event_mention_argument>
    <event_mention_argument REFID="CNN_CF_20030303.1900.06-1-E18-40" ROLE="Recipient">
      <extent>
        <charseq START="1368" END="1380">the Democrats</charseq>
      </extent>
    </event_mention_argument>
  </event_mention>
</event>
<event ID="CNN_CF_20030303.1900.06-1-EV6" TYPE="Justice" SUBTYPE="Sue" MODALITY="Asserted" POLARITY="Positive" GENERICITY="Specific" TENSE="Past">
  <event_argument REFID="CNN_CF_20030303.1900.06-1-E5" ROLE="Plaintiff"/>
  <event_mention ID="CNN_CF_20030303.1900.06-1-EV6-1">
    <extent>
      <charseq START="1541" END="1553">He had to sue</charseq>
    </extent>
    <ldc_scope>
      <charseq START="1541" END="1577">He had to sue to become our
president</charseq>
    </ldc_scope>
    <anchor>
      <charseq START="1551" END="1553">sue</charseq>
    </anchor>
    <event_mention_argument REFID="CNN_CF_20030303.1900.06-1-E5-49" ROLE="Plaintiff">
      <extent>
        <charseq START="1541" END="1542">He</charseq>
      </extent>
    </event_mention_argument>
  </event_mention>
</event>
</document>
</source_file>
