<?xml version="1.0"?>
<!DOCTYPE source_file SYSTEM "apf.v5.1.1.dtd">
<source_file URI="CNN_IP_20030402.1600.02-2.sgm" SOURCE="broadcast conversation" TYPE="text" AUTHOR="LDC" ENCODING="UTF-8">
<document DOCID="CNN_IP_20030402.1600.02-2">
<entity ID="CNN_IP_20030402.1600.02-2-E1" TYPE="PER" SUBTYPE="Group" CLASS="SPC">
  <entity_mention ID="CNN_IP_20030402.1600.02-2-E1-5" TYPE="PRO" LDCTYPE="PRO">
    <extent>
      <charseq START="758" END="759">We</charseq>
    </extent>
    <head>
      <charseq START="758" END="759">We</charseq>
    </head>
  </entity_mention>
  <entity_mention ID="CNN_IP_20030402.1600.02-2-E1-20" TYPE="PRO" LDCTYPE="PRO">
    <extent>
      <charseq START="950" END="951">We</charseq>
    </extent>
    <head>
      <charseq START="950" END="951">We</charseq>
    </head>
  </entity_mention>
  <entity_mention ID="CNN_IP_20030402.1600.02-2-E1-23" TYPE="PRO" LDCTYPE="PRO">
    <extent>
      <charseq START="3276" END="3277">we</charseq>
    </extent>
    <head>
      <charseq START="3276" END="3277">we</charseq>
    </head>
  </entity_mention>
  <entity_mention ID="CNN_IP_20030402.1600.02-2-E1-32" TYPE="PRO" LDCTYPE="PRO">
    <extent>
      <charseq START="1104" END="1105">we</charseq>
    </extent>
    <head>
      <charseq START="1104" END="1105">we</charseq>
    </head>
  </entity_mention>
  <entity_mention ID="CNN_IP_20030402.1600.02-2-E1-45" TYPE="PRO" LDCTYPE="PRO">
    <extent>
      <charseq START="3298" END="3299">we</charseq>
    </extent>
    <head>
      <charseq START="3298" END="3299">we</charseq>
    </head>
  </entity_mention>
  <entity_mention ID="CNN_IP_20030402.1600.02-2-E1-80" TYPE="PRO" LDCTYPE="PRO">
    <extent>
      <charseq START="2004" END="2005">We</charseq>
    </extent>
    <head>
      <charseq START="2004" END="2005">We</charseq>
    </head>
  </entity_mention>
  <entity_mention ID="CNN_IP_20030402.1600.02-2-E1-88" TYPE="PRO" LDCTYPE="PRO">
    <extent>
      <charseq START="2342" END="2343">we</charseq>
    </extent>
    <head>
      <charseq START="2342" END="2343">we</charseq>
    </head>
  </entity_mention>
  <entity_mention ID="CNN_IP_20030402.1600.02-2-E1-89" TYPE="PRO" LDCTYPE="PRO">
    <extent>
      <charseq START="2333" END="2334">us</charseq>
    </extent>
    <head>
      <charseq START="2333" END="2334">us</charseq>
    </head>
  </entity_mention>
  <entity_mention ID="CNN_IP_20030402.1600.02-2-E1-97" TYPE="PRO" LDCTYPE="PRO">
    <extent>
      <charseq START="2423" END="2424">we</charseq>
    </extent>
    <head>
      <charseq START="2423" END="2424">we</charseq>
    </head>
  </entity_mention>
  <entity_mention ID="CNN_IP_20030402.1600.02-2-E1-121" TYPE="PRO" LDCTYPE="PRO">
    <extent>
      <charseq START="3065" END="3066">We</charseq>
    </extent>
    <head>
      <charseq START="3065" END="3066">We</charseq>
    </head>
  </entity_mention>
  <entity_mention ID="CNN_IP_20030402.1600.02-2-E1-123" TYPE="PRO" LDCTYPE="PRO">
    <extent>
      <charseq START="3117" END="3118">us</charseq>
    </extent>
    <head>
      <charseq START="3117" END="3118">us</charseq>
    </head>
  </entity_mention>
  <entity_mention ID="CNN_IP_20030402.1600.02-2-E1-208" TYPE="PRO" LDCTYPE="PRO">
    <extent>
      <charseq START="2180" END="2181">we</charseq>
    </extent>
    <head>
      <charseq START="2180" END="2181">we</charseq>
    </head>
  </entity_mention>
</entity>
<entity ID="CNN_IP_20030402.1600.02-2-E2" TYPE="PER" SUBTYPE="Indeterminate" CLASS="USP">
  <entity_mention ID="CNN_IP_20030402.1600.02-2-E2-6" TYPE="PRO" LDCTYPE="PRO">
    <extent>
      <charseq START="769" END="771">you</charseq>
    </extent>
    <head>
      <charseq START="769" END="771">you</charseq>
    </head>
  </entity_mention>
  <entity_mention ID="CNN_IP_20030402.1600.02-2-E2-21" TYPE="PRO" LDCTYPE="PRO">
    <extent>
      <charseq START="962" END="964">you</charseq>
    </extent>
    <head>
      <charseq START="962" END="964">you</charseq>
    </head>
  </entity_mention>
  <entity_mention ID="CNN_IP_20030402.1600.02-2-E2-64" TYPE="PRO" LDCTYPE="PRO">
    <extent>
      <charseq START="1767" END="1769">you</charseq>
    </extent>
    <head>
      <charseq START="1767" END="1769">you</charseq>
    </head>
  </entity_mention>
  <entity_mention ID="CNN_IP_20030402.1600.02-2-E2-84" TYPE="PRO" LDCTYPE="PRO">
    <extent>
      <charseq START="3314" END="3316">you</charseq>
    </extent>
    <head>
      <charseq START="3314" END="3316">you</charseq>
    </head>
  </entity_mention>
  <entity_mention ID="CNN_IP_20030402.1600.02-2-E2-186" TYPE="PRO" LDCTYPE="PRO">
    <extent>
      <charseq START="4670" END="4672">You</charseq>
    </extent>
    <head>
      <charseq START="4670" END="4672">You</charseq>
    </head>
  </entity_mention>
</entity>
<entity ID="CNN_IP_20030402.1600.02-2-E3" TYPE="LOC" SUBTYPE="Boundary" CLASS="SPC">
  <entity_mention ID="CNN_IP_20030402.1600.02-2-E3-8" TYPE="NOM" LDCTYPE="NOM">
    <extent>
      <charseq START="790" END="805">the Iraqi border</charseq>
    </extent>
    <head>
      <charseq START="800" END="805">border</charseq>
    </head>
  </entity_mention>
</entity>
<entity ID="CNN_IP_20030402.1600.02-2-E4" TYPE="PER" SUBTYPE="Group" CLASS="USP">
  <entity_mention ID="CNN_IP_20030402.1600.02-2-E4-10" TYPE="NOM" LDCTYPE="NOM">
    <extent>
      <charseq START="808" END="818">Many pilots</charseq>
    </extent>
    <head>
      <charseq START="813" END="818">pilots</charseq>
    </head>
  </entity_mention>
  <entity_mention ID="CNN_IP_20030402.1600.02-2-E4-14" TYPE="PRO" LDCTYPE="PRO">
    <extent>
      <charseq START="867" END="870">They</charseq>
    </extent>
    <head>
      <charseq START="867" END="870">They</charseq>
    </head>
  </entity_mention>
</entity>
<entity ID="CNN_IP_20030402.1600.02-2-E5" TYPE="PER" SUBTYPE="Individual" CLASS="SPC">
  <entity_mention ID="CNN_IP_20030402.1600.02-2-E5-9" TYPE="NOM" LDCTYPE="NOM" LDCATR="FALSE">
    <extent>
      <charseq START="2193" END="2244">a pilot at this base who has been to that
Iraqi base</charseq>
    </extent>
    <head>
      <charseq START="2195" END="2199">pilot</charseq>
    </head>
  </entity_mention>
  <entity_mention ID="CNN_IP_20030402.1600.02-2-E5-27" TYPE="PRO" LDCTYPE="WHQ" LDCATR="TRUE">
    <extent>
      <charseq START="2214" END="2244">who has been to that
Iraqi base</charseq>
    </extent>
    <head>
      <charseq START="2214" END="2216">who</charseq>
    </head>
  </entity_mention>
  <entity_mention ID="CNN_IP_20030402.1600.02-2-E5-74" TYPE="PRO" LDCTYPE="PRO" LDCATR="FALSE">
    <extent>
      <charseq START="2250" END="2251">he</charseq>
    </extent>
    <head>
      <charseq START="2250" END="2251">he</charseq>
    </head>
  </entity_mention>
  <entity_mention ID="CNN_IP_20030402.1600.02-2-E5-85" TYPE="PRO" LDCTYPE="PRO" LDCATR="FALSE">
    <extent>
      <charseq START="2262" END="2263">he</charseq>
    </extent>
    <head>
      <charseq START="2262" END="2263">he</charseq>
    </head>
  </entity_mention>
  <entity_mention ID="CNN_IP_20030402.1600.02-2-E5-87" TYPE="PRO" LDCTYPE="PRO" LDCATR="FALSE">
    <extent>
      <charseq START="2325" END="2326">he</charseq>
    </extent>
    <head>
      <charseq START="2325" END="2326">he</charseq>
    </head>
  </entity_mention>
  <entity_mention ID="CNN_IP_20030402.1600.02-2-E5-90" TYPE="PRO" LDCTYPE="PRO" LDCATR="FALSE">
    <extent>
      <charseq START="2351" END="2353">him</charseq>
    </extent>
    <head>
      <charseq START="2351" END="2353">him</charseq>
    </head>
  </entity_mention>
  <entity_mention ID="CNN_IP_20030402.1600.02-2-E5-91" TYPE="PRO" LDCTYPE="PRO" LDCATR="FALSE">
    <extent>
      <charseq START="2362" END="2364">his</charseq>
    </extent>
    <head>
      <charseq START="2362" END="2364">his</charseq>
    </head>
  </entity_mention>
  <entity_mention ID="CNN_IP_20030402.1600.02-2-E5-92" TYPE="PRO" LDCTYPE="PRO" LDCATR="FALSE">
    <extent>
      <charseq START="2380" END="2381">he</charseq>
    </extent>
    <head>
      <charseq START="2380" END="2381">he</charseq>
    </head>
  </entity_mention>
  <entity_mention ID="CNN_IP_20030402.1600.02-2-E5-94" TYPE="PRO" LDCTYPE="PRO" LDCATR="FALSE">
    <extent>
      <charseq START="2432" END="2434">him</charseq>
    </extent>
    <head>
      <charseq START="2432" END="2434">him</charseq>
    </head>
  </entity_mention>
  <entity_mention ID="CNN_IP_20030402.1600.02-2-E5-95" TYPE="PRO" LDCTYPE="PRO" LDCATR="FALSE">
    <extent>
      <charseq START="2441" END="2442">he</charseq>
    </extent>
    <head>
      <charseq START="2441" END="2442">he</charseq>
    </head>
  </entity_mention>
  <entity_mention ID="CNN_IP_20030402.1600.02-2-E5-96" TYPE="PRO" LDCTYPE="PRO" LDCATR="FALSE">
    <extent>
      <charseq START="2484" END="2486">him</charseq>
    </extent>
    <head>
      <charseq START="2484" END="2486">him</charseq>
    </head>
  </entity_mention>
  <entity_mention ID="CNN_IP_20030402.1600.02-2-E5-99" TYPE="PRO" LDCTYPE="PRO" LDCATR="FALSE">
    <extent>
      <charseq START="2540" END="2540">I</charseq>
    </extent>
    <head>
      <charseq START="2540" END="2540">I</charseq>
    </head>
  </entity_mention>
</entity>
<entity ID="CNN_IP_20030402.1600.02-2-E6" TYPE="VEH" SUBTYPE="Air" CLASS="SPC">
  <entity_mention ID="CNN_IP_20030402.1600.02-2-E6-11" TYPE="NAM" LDCTYPE="NAM" LDCATR="FALSE">
    <extent>
      <charseq START="831" END="854">these A-10 attack planes</charseq>
    </extent>
    <head>
      <charseq START="837" END="840">A-10</charseq>
    </head>
  </entity_mention>
  <entity_mention ID="CNN_IP_20030402.1600.02-2-E6-12" TYPE="NOM" LDCTYPE="NOM" LDCATR="TRUE">
    <extent>
      <charseq START="842" END="854">attack planes</charseq>
    </extent>
    <head>
      <charseq START="849" END="854">planes</charseq>
    </head>
  </entity_mention>
  <entity_mention ID="CNN_IP_20030402.1600.02-2-E6-169" TYPE="NAM" LDCTYPE="NAM" LDCATR="FALSE">
    <extent>
      <charseq START="4253" END="4273">these A-10s behind me</charseq>
    </extent>
    <head>
      <charseq START="4259" END="4263">A-10s</charseq>
    </head>
  </entity_mention>
  <entity_attributes>
    <name NAME="A-10">
      <charseq START="837" END="840">A-10</charseq>
    </name>
    <name NAME="A-10s">
      <charseq START="4259" END="4263">A-10s</charseq>
    </name>
  </entity_attributes>
</entity>
<entity ID="CNN_IP_20030402.1600.02-2-E8" TYPE="VEH" SUBTYPE="Air" CLASS="SPC">
  <entity_mention ID="CNN_IP_20030402.1600.02-2-E8-15" TYPE="NAM" LDCTYPE="NAM">
    <extent>
      <charseq START="881" END="885">F-16s</charseq>
    </extent>
    <head>
      <charseq START="881" END="885">F-16s</charseq>
    </head>
  </entity_mention>
  <entity_attributes>
    <name NAME="F-16s">
      <charseq START="881" END="885">F-16s</charseq>
    </name>
  </entity_attributes>
</entity>
<entity ID="CNN_IP_20030402.1600.02-2-E9" TYPE="VEH" SUBTYPE="Air" CLASS="SPC">
  <entity_mention ID="CNN_IP_20030402.1600.02-2-E9-16" TYPE="NAM" LDCTYPE="NAM">
    <extent>
      <charseq START="903" END="915">Marine FA-18s</charseq>
    </extent>
    <head>
      <charseq START="903" END="915">Marine FA-18s</charseq>
    </head>
  </entity_mention>
  <entity_attributes>
    <name NAME="Marine FA-18s">
      <charseq START="903" END="915">Marine FA-18s</charseq>
    </name>
  </entity_attributes>
</entity>
<entity ID="CNN_IP_20030402.1600.02-2-E10" TYPE="VEH" SUBTYPE="Air" CLASS="SPC">
  <entity_mention ID="CNN_IP_20030402.1600.02-2-E10-18" TYPE="NAM" LDCTYPE="NAM">
    <extent>
      <charseq START="921" END="934">Marine
Heriers</charseq>
    </extent>
    <head>
      <charseq START="921" END="934">Marine
Heriers</charseq>
    </head>
  </entity_mention>
  <entity_attributes>
    <name NAME="Marine Heriers">
      <charseq START="921" END="934">Marine
Heriers</charseq>
    </name>
  </entity_attributes>
</entity>
<entity ID="CNN_IP_20030402.1600.02-2-E11" TYPE="PER" SUBTYPE="Group" CLASS="USP">
  <entity_mention ID="CNN_IP_20030402.1600.02-2-E11-22" TYPE="NOM" LDCTYPE="NOM">
    <extent>
      <charseq START="971" END="998">a lot of pilots of this base</charseq>
    </extent>
    <head>
      <charseq START="973" END="975">lot</charseq>
    </head>
  </entity_mention>
</entity>
<entity ID="CNN_IP_20030402.1600.02-2-E12" TYPE="PER" SUBTYPE="Group" CLASS="SPC">
  <entity_mention ID="CNN_IP_20030402.1600.02-2-E12-24" TYPE="NOM" LDCTYPE="NOM">
    <extent>
      <charseq START="980" END="998">pilots of this base</charseq>
    </extent>
    <head>
      <charseq START="980" END="985">pilots</charseq>
    </head>
  </entity_mention>
</entity>
<entity ID="CNN_IP_20030402.1600.02-2-E13" TYPE="FAC" SUBTYPE="Building-Grounds" CLASS="GEN">
  <entity_mention ID="CNN_IP_20030402.1600.02-2-E13-1" TYPE="NOM" LDCTYPE="NOM" LDCATR="FALSE">
    <extent>
      <charseq START="2041" END="2049">this base</charseq>
    </extent>
    <head>
      <charseq START="2046" END="2049">base</charseq>
    </head>
  </entity_mention>
  <entity_mention ID="CNN_IP_20030402.1600.02-2-E13-26" TYPE="NOM" LDCTYPE="NOM" LDCATR="FALSE">
    <extent>
      <charseq START="1018" END="1037">another base in Iraq</charseq>
    </extent>
    <head>
      <charseq START="1026" END="1029">base</charseq>
    </head>
  </entity_mention>
  <entity_mention ID="CNN_IP_20030402.1600.02-2-E13-28" TYPE="PRO" LDCTYPE="PRO" LDCATR="FALSE">
    <extent>
      <charseq START="1040" END="1041">It</charseq>
    </extent>
    <head>
      <charseq START="1040" END="1041">It</charseq>
    </head>
  </entity_mention>
  <entity_mention ID="CNN_IP_20030402.1600.02-2-E13-29" TYPE="NOM" LDCTYPE="NOM" LDCATR="FALSE">
    <extent>
      <charseq START="1045" END="1097">a base that was taken over
by the coalition last week</charseq>
    </extent>
    <head>
      <charseq START="1047" END="1050">base</charseq>
    </head>
  </entity_mention>
  <entity_mention ID="CNN_IP_20030402.1600.02-2-E13-30" TYPE="PRO" LDCTYPE="WHQ" LDCATR="FALSE">
    <extent>
      <charseq START="1052" END="1097">that was taken over
by the coalition last week</charseq>
    </extent>
    <head>
      <charseq START="1052" END="1055">that</charseq>
    </head>
  </entity_mention>
  <entity_mention ID="CNN_IP_20030402.1600.02-2-E13-33" TYPE="NOM" LDCTYPE="NOM" LDCATR="FALSE">
    <extent>
      <charseq START="1132" END="1140">that base</charseq>
    </extent>
    <head>
      <charseq START="1137" END="1140">base</charseq>
    </head>
  </entity_mention>
  <entity_mention ID="CNN_IP_20030402.1600.02-2-E13-35" TYPE="PRO" LDCTYPE="PRO" LDCATR="FALSE">
    <extent>
      <charseq START="1163" END="1167">there</charseq>
    </extent>
    <head>
      <charseq START="1163" END="1167">there</charseq>
    </head>
  </entity_mention>
  <entity_mention ID="CNN_IP_20030402.1600.02-2-E13-41" TYPE="NAM" LDCTYPE="NAM" LDCATR="FALSE">
    <extent>
      <charseq START="1267" END="1284">The Talil Air Base</charseq>
    </extent>
    <head>
      <charseq START="1271" END="1284">Talil Air Base</charseq>
    </head>
  </entity_mention>
  <entity_mention ID="CNN_IP_20030402.1600.02-2-E13-46" TYPE="NOM" LDCTYPE="NOM" LDCATR="FALSE">
    <extent>
      <charseq START="1344" END="1352">this base</charseq>
    </extent>
    <head>
      <charseq START="1349" END="1352">base</charseq>
    </head>
  </entity_mention>
  <entity_mention ID="CNN_IP_20030402.1600.02-2-E13-47" TYPE="PRO" LDCTYPE="PRO" LDCATR="FALSE">
    <extent>
      <charseq START="1365" END="1366">It</charseq>
    </extent>
    <head>
      <charseq START="1365" END="1366">It</charseq>
    </head>
  </entity_mention>
  <entity_mention ID="CNN_IP_20030402.1600.02-2-E13-51" TYPE="NOM" LDCTYPE="NOM" LDCATR="FALSE">
    <extent>
      <charseq START="2230" END="2244">that
Iraqi base</charseq>
    </extent>
    <head>
      <charseq START="2241" END="2244">base</charseq>
    </head>
  </entity_mention>
  <entity_mention ID="CNN_IP_20030402.1600.02-2-E13-54" TYPE="NOM" LDCTYPE="NOM" LDCATR="FALSE">
    <extent>
      <charseq START="1463" END="1470">the base</charseq>
    </extent>
    <head>
      <charseq START="1467" END="1470">base</charseq>
    </head>
  </entity_mention>
  <entity_mention ID="CNN_IP_20030402.1600.02-2-E13-59" TYPE="PRO" LDCTYPE="PRO" LDCATR="FALSE">
    <extent>
      <charseq START="1569" END="1572">here</charseq>
    </extent>
    <head>
      <charseq START="1569" END="1572">here</charseq>
    </head>
  </entity_mention>
  <entity_mention ID="CNN_IP_20030402.1600.02-2-E13-66" TYPE="PRO" LDCTYPE="PRO" LDCATR="FALSE">
    <extent>
      <charseq START="1815" END="1818">here</charseq>
    </extent>
    <head>
      <charseq START="1815" END="1818">here</charseq>
    </head>
  </entity_mention>
  <entity_mention ID="CNN_IP_20030402.1600.02-2-E13-157" TYPE="NOM" LDCTYPE="NOM" LDCATR="FALSE">
    <extent>
      <charseq START="4050" END="4124">That air base
that coalition forces have now taken control of near Nasiriya</charseq>
    </extent>
    <head>
      <charseq START="4059" END="4062">base</charseq>
    </head>
  </entity_mention>
  <entity_mention ID="CNN_IP_20030402.1600.02-2-E13-158" TYPE="PRO" LDCTYPE="PRO" LDCATR="TRUE">
    <extent>
      <charseq START="4064" END="4124">that coalition forces have now taken control of near Nasiriya</charseq>
    </extent>
    <head>
      <charseq START="4064" END="4067">that</charseq>
    </head>
  </entity_mention>
  <entity_mention ID="CNN_IP_20030402.1600.02-2-E13-164" TYPE="PRO" LDCTYPE="PRO" LDCATR="FALSE">
    <extent>
      <charseq START="4172" END="4173">it</charseq>
    </extent>
    <head>
      <charseq START="4172" END="4173">it</charseq>
    </head>
  </entity_mention>
  <entity_mention ID="CNN_IP_20030402.1600.02-2-E13-165" TYPE="PRO" LDCTYPE="PRO" LDCATR="FALSE">
    <extent>
      <charseq START="4202" END="4203">it</charseq>
    </extent>
    <head>
      <charseq START="4202" END="4203">it</charseq>
    </head>
  </entity_mention>
  <entity_mention ID="CNN_IP_20030402.1600.02-2-E13-171" TYPE="PRO" LDCTYPE="PRO" LDCATR="FALSE">
    <extent>
      <charseq START="4278" END="4282">there</charseq>
    </extent>
    <head>
      <charseq START="4278" END="4282">there</charseq>
    </head>
  </entity_mention>
  <entity_mention ID="CNN_IP_20030402.1600.02-2-E13-180" TYPE="PRO" LDCTYPE="PRO" LDCATR="FALSE">
    <extent>
      <charseq START="4488" END="4492">there</charseq>
    </extent>
    <head>
      <charseq START="4488" END="4492">there</charseq>
    </head>
  </entity_mention>
  <entity_mention ID="CNN_IP_20030402.1600.02-2-E13-183" TYPE="PRO" LDCTYPE="PRO" LDCATR="FALSE">
    <extent>
      <charseq START="4556" END="4560">there</charseq>
    </extent>
    <head>
      <charseq START="4556" END="4560">there</charseq>
    </head>
  </entity_mention>
  <entity_attributes>
    <name NAME="Talil Air Base">
      <charseq START="1271" END="1284">Talil Air Base</charseq>
    </name>
  </entity_attributes>
</entity>
<entity ID="CNN_IP_20030402.1600.02-2-E15" TYPE="PER" SUBTYPE="Indeterminate" CLASS="GEN">
  <entity_mention ID="CNN_IP_20030402.1600.02-2-E15-34" TYPE="PRO" LDCTYPE="PRO">
    <extent>
      <charseq START="1152" END="1154">you</charseq>
    </extent>
    <head>
      <charseq START="1152" END="1154">you</charseq>
    </head>
  </entity_mention>
  <entity_mention ID="CNN_IP_20030402.1600.02-2-E15-36" TYPE="PRO" LDCTYPE="PRO">
    <extent>
      <charseq START="1170" END="1172">you</charseq>
    </extent>
    <head>
      <charseq START="1170" END="1172">you</charseq>
    </head>
  </entity_mention>
  <entity_mention ID="CNN_IP_20030402.1600.02-2-E15-48" TYPE="PRO" LDCTYPE="PRO">
    <extent>
      <charseq START="1397" END="1399">You</charseq>
    </extent>
    <head>
      <charseq START="1397" END="1399">You</charseq>
    </head>
  </entity_mention>
  <entity_mention ID="CNN_IP_20030402.1600.02-2-E15-49" TYPE="PRO" LDCTYPE="PRO">
    <extent>
      <charseq START="1406" END="1408">you</charseq>
    </extent>
    <head>
      <charseq START="1406" END="1408">you</charseq>
    </head>
  </entity_mention>
  <entity_mention ID="CNN_IP_20030402.1600.02-2-E15-52" TYPE="PRO" LDCTYPE="PRO">
    <extent>
      <charseq START="1427" END="1429">you</charseq>
    </extent>
    <head>
      <charseq START="1427" END="1429">you</charseq>
    </head>
  </entity_mention>
  <entity_mention ID="CNN_IP_20030402.1600.02-2-E15-62" TYPE="PRO" LDCTYPE="PRO">
    <extent>
      <charseq START="1658" END="1660">You</charseq>
    </extent>
    <head>
      <charseq START="1658" END="1660">You</charseq>
    </head>
  </entity_mention>
  <entity_mention ID="CNN_IP_20030402.1600.02-2-E15-67" TYPE="PRO" LDCTYPE="PRO">
    <extent>
      <charseq START="1821" END="1823">You</charseq>
    </extent>
    <head>
      <charseq START="1821" END="1823">You</charseq>
    </head>
  </entity_mention>
  <entity_mention ID="CNN_IP_20030402.1600.02-2-E15-68" TYPE="PRO" LDCTYPE="PRO">
    <extent>
      <charseq START="1849" END="1851">you</charseq>
    </extent>
    <head>
      <charseq START="1849" END="1851">you</charseq>
    </head>
  </entity_mention>
  <entity_mention ID="CNN_IP_20030402.1600.02-2-E15-131" TYPE="PRO" LDCTYPE="PRO">
    <extent>
      <charseq START="3521" END="3523">you</charseq>
    </extent>
    <head>
      <charseq START="3521" END="3523">you</charseq>
    </head>
  </entity_mention>
  <entity_mention ID="CNN_IP_20030402.1600.02-2-E15-132" TYPE="PRO" LDCTYPE="PRO">
    <extent>
      <charseq START="3536" END="3538">you</charseq>
    </extent>
    <head>
      <charseq START="3536" END="3538">you</charseq>
    </head>
  </entity_mention>
  <entity_mention ID="CNN_IP_20030402.1600.02-2-E15-133" TYPE="PRO" LDCTYPE="PRO">
    <extent>
      <charseq START="3544" END="3547">your</charseq>
    </extent>
    <head>
      <charseq START="3544" END="3547">your</charseq>
    </head>
  </entity_mention>
  <entity_mention ID="CNN_IP_20030402.1600.02-2-E15-134" TYPE="PRO" LDCTYPE="PRO">
    <extent>
      <charseq START="3558" END="3560">you</charseq>
    </extent>
    <head>
      <charseq START="3558" END="3560">you</charseq>
    </head>
  </entity_mention>
</entity>
<entity ID="CNN_IP_20030402.1600.02-2-E16" TYPE="PER" SUBTYPE="Individual" CLASS="SPC">
  <entity_mention ID="CNN_IP_20030402.1600.02-2-E16-37" TYPE="NAM" LDCTYPE="NAM">
    <extent>
      <charseq START="1200" END="1213">Saddam Hussein</charseq>
    </extent>
    <head>
      <charseq START="1200" END="1213">Saddam Hussein</charseq>
    </head>
  </entity_mention>
  <entity_mention ID="CNN_IP_20030402.1600.02-2-E16-55" TYPE="NAM" LDCTYPE="NAM">
    <extent>
      <charseq START="1496" END="1509">Saddam Hussein</charseq>
    </extent>
    <head>
      <charseq START="1496" END="1509">Saddam Hussein</charseq>
    </head>
  </entity_mention>
  <entity_mention ID="CNN_IP_20030402.1600.02-2-E16-61" TYPE="NAM" LDCTYPE="NAM">
    <extent>
      <charseq START="1631" END="1644">Saddam Hussein</charseq>
    </extent>
    <head>
      <charseq START="1631" END="1644">Saddam Hussein</charseq>
    </head>
  </entity_mention>
  <entity_mention ID="CNN_IP_20030402.1600.02-2-E16-86" TYPE="NAM" LDCTYPE="NAM">
    <extent>
      <charseq START="2296" END="2309">Saddam
Hussein</charseq>
    </extent>
    <head>
      <charseq START="2296" END="2309">Saddam
Hussein</charseq>
    </head>
  </entity_mention>
  <entity_attributes>
    <name NAME="Saddam Hussein">
      <charseq START="1200" END="1213">Saddam Hussein</charseq>
    </name>
    <name NAME="Saddam Hussein">
      <charseq START="1496" END="1509">Saddam Hussein</charseq>
    </name>
    <name NAME="Saddam Hussein">
      <charseq START="1631" END="1644">Saddam Hussein</charseq>
    </name>
    <name NAME="Saddam Hussein">
      <charseq START="2296" END="2309">Saddam
Hussein</charseq>
    </name>
  </entity_attributes>
</entity>
<entity ID="CNN_IP_20030402.1600.02-2-E18" TYPE="GPE" SUBTYPE="Population-Center" CLASS="SPC">
  <entity_mention ID="CNN_IP_20030402.1600.02-2-E18-38" TYPE="PRO" LDCTYPE="PRO" ROLE="LOC">
    <extent>
      <charseq START="1246" END="1249">This</charseq>
    </extent>
    <head>
      <charseq START="1246" END="1249">This</charseq>
    </head>
  </entity_mention>
  <entity_mention ID="CNN_IP_20030402.1600.02-2-E18-39" TYPE="NAM" LDCTYPE="NAM" ROLE="LOC">
    <extent>
      <charseq START="1254" END="1264">Talil, Iraq</charseq>
    </extent>
    <head>
      <charseq START="1254" END="1258">Talil</charseq>
    </head>
  </entity_mention>
  <entity_mention ID="CNN_IP_20030402.1600.02-2-E18-79" TYPE="NOM" LDCTYPE="NOM" ROLE="LOC">
    <extent>
      <charseq START="1993" END="2001">this area</charseq>
    </extent>
    <head>
      <charseq START="1998" END="2001">area</charseq>
    </head>
  </entity_mention>
  <entity_attributes>
    <name NAME="Talil">
      <charseq START="1254" END="1258">Talil</charseq>
    </name>
  </entity_attributes>
</entity>
<entity ID="CNN_IP_20030402.1600.02-2-E19" TYPE="GPE" SUBTYPE="Nation" CLASS="NEG">
  <entity_mention ID="CNN_IP_20030402.1600.02-2-E19-42" TYPE="NAM" LDCTYPE="NAM" ROLE="PER">
    <extent>
      <charseq START="1299" END="1312">no more Iraqis</charseq>
    </extent>
    <head>
      <charseq START="1307" END="1312">Iraqis</charseq>
    </head>
  </entity_mention>
  <entity_attributes>
    <name NAME="Iraqis">
      <charseq START="1307" END="1312">Iraqis</charseq>
    </name>
  </entity_attributes>
</entity>
<entity ID="CNN_IP_20030402.1600.02-2-E20" TYPE="FAC" SUBTYPE="Path" CLASS="SPC">
  <entity_mention ID="CNN_IP_20030402.1600.02-2-E20-53" TYPE="NOM" LDCTYPE="NOM">
    <extent>
      <charseq START="1442" END="1470">the road coming into
the base</charseq>
    </extent>
    <head>
      <charseq START="1446" END="1449">road</charseq>
    </head>
  </entity_mention>
</entity>
<entity ID="CNN_IP_20030402.1600.02-2-E21" TYPE="PER" SUBTYPE="Group" CLASS="SPC">
  <entity_mention ID="CNN_IP_20030402.1600.02-2-E21-56" TYPE="NOM" LDCTYPE="NOM" LDCATR="FALSE">
    <extent>
      <charseq START="1529" END="1572">the
military personnel who have arrived here</charseq>
    </extent>
    <head>
      <charseq START="1542" END="1550">personnel</charseq>
    </head>
  </entity_mention>
  <entity_mention ID="CNN_IP_20030402.1600.02-2-E21-58" TYPE="PRO" LDCTYPE="WHQ" LDCATR="TRUE">
    <extent>
      <charseq START="1552" END="1572">who have arrived here</charseq>
    </extent>
    <head>
      <charseq START="1552" END="1554">who</charseq>
    </head>
  </entity_mention>
  <entity_mention ID="CNN_IP_20030402.1600.02-2-E21-60" TYPE="PRO" LDCTYPE="PRO" LDCATR="FALSE">
    <extent>
      <charseq START="1589" END="1593">their</charseq>
    </extent>
    <head>
      <charseq START="1589" END="1593">their</charseq>
    </head>
  </entity_mention>
</entity>
<entity ID="CNN_IP_20030402.1600.02-2-E22" TYPE="ORG" SUBTYPE="Government" CLASS="SPC">
  <entity_mention ID="CNN_IP_20030402.1600.02-2-E22-31" TYPE="NOM" LDCTYPE="NOM" LDCATR="FALSE">
    <extent>
      <charseq START="1075" END="1087">the coalition</charseq>
    </extent>
    <head>
      <charseq START="1079" END="1087">coalition</charseq>
    </head>
  </entity_mention>
  <entity_mention ID="CNN_IP_20030402.1600.02-2-E22-43" TYPE="NOM" LDCTYPE="NOM" LDCATR="FALSE">
    <extent>
      <charseq START="1320" END="1332">the coalition</charseq>
    </extent>
    <head>
      <charseq START="1324" END="1332">coalition</charseq>
    </head>
  </entity_mention>
  <entity_mention ID="CNN_IP_20030402.1600.02-2-E22-57" TYPE="NOM" LDCTYPE="NOMPRE" LDCATR="TRUE">
    <extent>
      <charseq START="1533" END="1540">military</charseq>
    </extent>
    <head>
      <charseq START="1533" END="1540">military</charseq>
    </head>
  </entity_mention>
  <entity_mention ID="CNN_IP_20030402.1600.02-2-E22-70" TYPE="NOM" LDCTYPE="NOM" LDCATR="FALSE">
    <extent>
      <charseq START="147" END="157">U.S. forces</charseq>
    </extent>
    <head>
      <charseq START="152" END="157">forces</charseq>
    </head>
  </entity_mention>
  <entity_mention ID="CNN_IP_20030402.1600.02-2-E22-72" TYPE="NOM" LDCTYPE="NOMPRE" LDCATR="TRUE">
    <extent>
      <charseq START="1865" END="1872">military</charseq>
    </extent>
    <head>
      <charseq START="1865" END="1872">military</charseq>
    </head>
  </entity_mention>
  <entity_mention ID="CNN_IP_20030402.1600.02-2-E22-101" TYPE="NOM" LDCTYPE="NOMPRE" LDCATR="TRUE">
    <extent>
      <charseq START="3340" END="3347">Military</charseq>
    </extent>
    <head>
      <charseq START="3340" END="3347">Military</charseq>
    </head>
  </entity_mention>
  <entity_mention ID="CNN_IP_20030402.1600.02-2-E22-159" TYPE="NOM" LDCTYPE="NOM" LDCATR="FALSE">
    <extent>
      <charseq START="4069" END="4084">coalition forces</charseq>
    </extent>
    <head>
      <charseq START="4079" END="4084">forces</charseq>
    </head>
  </entity_mention>
  <entity_mention ID="CNN_IP_20030402.1600.02-2-E22-162" TYPE="NOM" LDCTYPE="NOM" LDCATR="FALSE">
    <extent>
      <charseq START="2120" END="2132">the coalition</charseq>
    </extent>
    <head>
      <charseq START="2124" END="2132">coalition</charseq>
    </head>
  </entity_mention>
  <entity_mention ID="CNN_IP_20030402.1600.02-2-E22-163" TYPE="PRO" LDCTYPE="PRO" LDCATR="FALSE">
    <extent>
      <charseq START="4152" END="4155">they</charseq>
    </extent>
    <head>
      <charseq START="4152" END="4155">they</charseq>
    </head>
  </entity_mention>
  <entity_mention ID="CNN_IP_20030402.1600.02-2-E22-166" TYPE="PRO" LDCTYPE="PRO" LDCATR="FALSE">
    <extent>
      <charseq START="4223" END="4226">they</charseq>
    </extent>
    <head>
      <charseq START="4223" END="4226">they</charseq>
    </head>
  </entity_mention>
  <entity_mention ID="CNN_IP_20030402.1600.02-2-E22-199" TYPE="NOM" LDCTYPE="NOM" LDCATR="FALSE">
    <extent>
      <charseq START="197" END="208">the military</charseq>
    </extent>
    <head>
      <charseq START="201" END="208">military</charseq>
    </head>
  </entity_mention>
</entity>
<entity ID="CNN_IP_20030402.1600.02-2-E24" TYPE="GPE" SUBTYPE="Nation" CLASS="SPC">
  <entity_mention ID="CNN_IP_20030402.1600.02-2-E24-63" TYPE="PRO" LDCTYPE="PRO" ROLE="GPE">
    <extent>
      <charseq START="1731" END="1732">we</charseq>
    </extent>
    <head>
      <charseq START="1731" END="1732">we</charseq>
    </head>
  </entity_mention>
</entity>
<entity ID="CNN_IP_20030402.1600.02-2-E25" TYPE="PER" SUBTYPE="Group" CLASS="USP">
  <entity_mention ID="CNN_IP_20030402.1600.02-2-E25-65" TYPE="NOM" LDCTYPE="NOM">
    <extent>
      <charseq START="1787" END="1813">a lot of security personnel</charseq>
    </extent>
    <head>
      <charseq START="1805" END="1813">personnel</charseq>
    </head>
  </entity_mention>
</entity>
<entity ID="CNN_IP_20030402.1600.02-2-E26" TYPE="LOC" SUBTYPE="Region-General" CLASS="SPC">
  <entity_mention ID="CNN_IP_20030402.1600.02-2-E26-69" TYPE="PRO" LDCTYPE="PRO">
    <extent>
      <charseq START="1834" END="1843">over there</charseq>
    </extent>
    <head>
      <charseq START="1839" END="1843">there</charseq>
    </head>
  </entity_mention>
</entity>
<entity ID="CNN_IP_20030402.1600.02-2-E27" TYPE="VEH" SUBTYPE="Underspecified" CLASS="SPC">
  <entity_mention ID="CNN_IP_20030402.1600.02-2-E27-71" TYPE="NOM" LDCTYPE="NOM">
    <extent>
      <charseq START="1861" END="1881">the military vehicles</charseq>
    </extent>
    <head>
      <charseq START="1874" END="1881">vehicles</charseq>
    </head>
  </entity_mention>
</entity>
<entity ID="CNN_IP_20030402.1600.02-2-E29" TYPE="GPE" SUBTYPE="Nation" CLASS="SPC">
  <entity_mention ID="CNN_IP_20030402.1600.02-2-E29-2" TYPE="NAM" LDCTYPE="NAM" ROLE="LOC" LDCATR="FALSE">
    <extent>
      <charseq START="716" END="719">Iraq</charseq>
    </extent>
    <head>
      <charseq START="716" END="719">Iraq</charseq>
    </head>
  </entity_mention>
  <entity_mention ID="CNN_IP_20030402.1600.02-2-E29-3" TYPE="NAM" LDCTYPE="NAM" ROLE="LOC" LDCATR="FALSE">
    <extent>
      <charseq START="732" END="735">Iraq</charseq>
    </extent>
    <head>
      <charseq START="732" END="735">Iraq</charseq>
    </head>
  </entity_mention>
  <entity_mention ID="CNN_IP_20030402.1600.02-2-E29-4" TYPE="NAM" LDCTYPE="NAM" ROLE="LOC" LDCATR="FALSE">
    <extent>
      <charseq START="752" END="755">Iraq</charseq>
    </extent>
    <head>
      <charseq START="752" END="755">Iraq</charseq>
    </head>
  </entity_mention>
  <entity_mention ID="CNN_IP_20030402.1600.02-2-E29-40" TYPE="NAM" LDCTYPE="NAM" ROLE="LOC" LDCATR="FALSE">
    <extent>
      <charseq START="1261" END="1264">Iraq</charseq>
    </extent>
    <head>
      <charseq START="1261" END="1264">Iraq</charseq>
    </head>
  </entity_mention>
  <entity_mention ID="CNN_IP_20030402.1600.02-2-E29-44" TYPE="NAM" LDCTYPE="NAM" ROLE="LOC" LDCATR="FALSE">
    <extent>
      <charseq START="3199" END="3202">Iraq</charseq>
    </extent>
    <head>
      <charseq START="3199" END="3202">Iraq</charseq>
    </head>
  </entity_mention>
  <entity_mention ID="CNN_IP_20030402.1600.02-2-E29-50" TYPE="NAM" LDCTYPE="NAM" ROLE="LOC" LDCATR="FALSE">
    <extent>
      <charseq START="1417" END="1420">Iraq</charseq>
    </extent>
    <head>
      <charseq START="1417" END="1420">Iraq</charseq>
    </head>
  </entity_mention>
  <entity_mention ID="CNN_IP_20030402.1600.02-2-E29-73" TYPE="NAM" LDCTYPE="NAMPRE" ROLE="GPE" LDCATR="TRUE">
    <extent>
      <charseq START="2235" END="2239">Iraqi</charseq>
    </extent>
    <head>
      <charseq START="2235" END="2239">Iraqi</charseq>
    </head>
  </entity_mention>
  <entity_mention ID="CNN_IP_20030402.1600.02-2-E29-83" TYPE="NAM" LDCTYPE="NAMPRE" ROLE="GPE" LDCATR="TRUE">
    <extent>
      <charseq START="794" END="798">Iraqi</charseq>
    </extent>
    <head>
      <charseq START="794" END="798">Iraqi</charseq>
    </head>
  </entity_mention>
  <entity_mention ID="CNN_IP_20030402.1600.02-2-E29-204" TYPE="NAM" LDCTYPE="NAM" ROLE="LOC" LDCATR="FALSE">
    <extent>
      <charseq START="397" END="400">Iraq</charseq>
    </extent>
    <head>
      <charseq START="397" END="400">Iraq</charseq>
    </head>
  </entity_mention>
  <entity_mention ID="CNN_IP_20030402.1600.02-2-E29-209" TYPE="NAM" LDCTYPE="NAM" ROLE="PER" LDCATR="FALSE">
    <extent>
      <charseq START="607" END="616">the Iraqis</charseq>
    </extent>
    <head>
      <charseq START="611" END="616">Iraqis</charseq>
    </head>
  </entity_mention>
  <entity_attributes>
    <name NAME="Iraq">
      <charseq START="716" END="719">Iraq</charseq>
    </name>
    <name NAME="Iraq">
      <charseq START="732" END="735">Iraq</charseq>
    </name>
    <name NAME="Iraq">
      <charseq START="752" END="755">Iraq</charseq>
    </name>
    <name NAME="Iraq">
      <charseq START="1261" END="1264">Iraq</charseq>
    </name>
    <name NAME="Iraq">
      <charseq START="3199" END="3202">Iraq</charseq>
    </name>
    <name NAME="Iraq">
      <charseq START="1417" END="1420">Iraq</charseq>
    </name>
    <name NAME="Iraqi">
      <charseq START="2235" END="2239">Iraqi</charseq>
    </name>
    <name NAME="Iraqi">
      <charseq START="794" END="798">Iraqi</charseq>
    </name>
    <name NAME="Iraq">
      <charseq START="397" END="400">Iraq</charseq>
    </name>
    <name NAME="Iraqis">
      <charseq START="611" END="616">Iraqis</charseq>
    </name>
  </entity_attributes>
</entity>
<entity ID="CNN_IP_20030402.1600.02-2-E30" TYPE="ORG" SUBTYPE="Government" CLASS="SPC">
  <entity_mention ID="CNN_IP_20030402.1600.02-2-E30-75" TYPE="NAM" LDCTYPE="NAM">
    <extent>
      <charseq START="1894" END="1936">Air Force Security Forces with their rifles</charseq>
    </extent>
    <head>
      <charseq START="1894" END="1918">Air Force Security Forces</charseq>
    </head>
  </entity_mention>
  <entity_mention ID="CNN_IP_20030402.1600.02-2-E30-76" TYPE="PRO" LDCTYPE="PRO">
    <extent>
      <charseq START="1884" END="1888">These</charseq>
    </extent>
    <head>
      <charseq START="1884" END="1888">These</charseq>
    </head>
  </entity_mention>
  <entity_mention ID="CNN_IP_20030402.1600.02-2-E30-78" TYPE="PRO" LDCTYPE="PRO">
    <extent>
      <charseq START="1925" END="1929">their</charseq>
    </extent>
    <head>
      <charseq START="1925" END="1929">their</charseq>
    </head>
  </entity_mention>
  <entity_attributes>
    <name NAME="Air Force Security Forces">
      <charseq START="1894" END="1918">Air Force Security Forces</charseq>
    </name>
  </entity_attributes>
</entity>
<entity ID="CNN_IP_20030402.1600.02-2-E31" TYPE="WEA" SUBTYPE="Shooting" CLASS="SPC">
  <entity_mention ID="CNN_IP_20030402.1600.02-2-E31-77" TYPE="NOM" LDCTYPE="NOM">
    <extent>
      <charseq START="1925" END="1936">their rifles</charseq>
    </extent>
    <head>
      <charseq START="1931" END="1936">rifles</charseq>
    </head>
  </entity_mention>
</entity>
<entity ID="CNN_IP_20030402.1600.02-2-E32" TYPE="GPE" SUBTYPE="Population-Center" CLASS="SPC">
  <entity_mention ID="CNN_IP_20030402.1600.02-2-E32-81" TYPE="NAM" LDCTYPE="NAM" ROLE="LOC">
    <extent>
      <charseq START="2015" END="2034">the town of Nasiriya</charseq>
    </extent>
    <head>
      <charseq START="2027" END="2034">Nasiriya</charseq>
    </head>
  </entity_mention>
  <entity_mention ID="CNN_IP_20030402.1600.02-2-E32-82" TYPE="NOM" LDCTYPE="NOM" ROLE="LOC">
    <extent>
      <charseq START="2019" END="2022">town</charseq>
    </extent>
    <head>
      <charseq START="2019" END="2022">town</charseq>
    </head>
  </entity_mention>
  <entity_mention ID="CNN_IP_20030402.1600.02-2-E32-160" TYPE="NAM" LDCTYPE="NAM" ROLE="LOC">
    <extent>
      <charseq START="4117" END="4124">Nasiriya</charseq>
    </extent>
    <head>
      <charseq START="4117" END="4124">Nasiriya</charseq>
    </head>
  </entity_mention>
  <entity_attributes>
    <name NAME="Nasiriya">
      <charseq START="2027" END="2034">Nasiriya</charseq>
    </name>
    <name NAME="Nasiriya">
      <charseq START="4117" END="4124">Nasiriya</charseq>
    </name>
  </entity_attributes>
</entity>
<entity ID="CNN_IP_20030402.1600.02-2-E34" TYPE="WEA" SUBTYPE="Shooting" CLASS="GEN">
  <entity_mention ID="CNN_IP_20030402.1600.02-2-E34-98" TYPE="NOM" LDCTYPE="NOM">
    <extent>
      <charseq START="2459" END="2467">artillery</charseq>
    </extent>
    <head>
      <charseq START="2459" END="2467">artillery</charseq>
    </head>
  </entity_mention>
</entity>
<entity ID="CNN_IP_20030402.1600.02-2-E35" TYPE="PER" SUBTYPE="Group" CLASS="SPC">
  <entity_mention ID="CNN_IP_20030402.1600.02-2-E35-93" TYPE="NOM" LDCTYPE="NOM">
    <extent>
      <charseq START="3340" END="3354">Military people</charseq>
    </extent>
    <head>
      <charseq START="3349" END="3354">people</charseq>
    </head>
  </entity_mention>
</entity>
<entity ID="CNN_IP_20030402.1600.02-2-E37" TYPE="PER" SUBTYPE="Group" CLASS="SPC">
  <entity_mention ID="CNN_IP_20030402.1600.02-2-E37-102" TYPE="PRO" LDCTYPE="PRO">
    <extent>
      <charseq START="2587" END="2588">we</charseq>
    </extent>
    <head>
      <charseq START="2587" END="2588">we</charseq>
    </head>
  </entity_mention>
  <entity_mention ID="CNN_IP_20030402.1600.02-2-E37-108" TYPE="PRO" LDCTYPE="PRO">
    <extent>
      <charseq START="2714" END="2715">we</charseq>
    </extent>
    <head>
      <charseq START="2714" END="2715">we</charseq>
    </head>
  </entity_mention>
  <entity_mention ID="CNN_IP_20030402.1600.02-2-E37-109" TYPE="PRO" LDCTYPE="PRO">
    <extent>
      <charseq START="2736" END="2737">we</charseq>
    </extent>
    <head>
      <charseq START="2736" END="2737">we</charseq>
    </head>
  </entity_mention>
  <entity_mention ID="CNN_IP_20030402.1600.02-2-E37-110" TYPE="PRO" LDCTYPE="PRO">
    <extent>
      <charseq START="2769" END="2770">we</charseq>
    </extent>
    <head>
      <charseq START="2769" END="2770">we</charseq>
    </head>
  </entity_mention>
  <entity_mention ID="CNN_IP_20030402.1600.02-2-E37-112" TYPE="PRO" LDCTYPE="PRO">
    <extent>
      <charseq START="2836" END="2837">we</charseq>
    </extent>
    <head>
      <charseq START="2836" END="2837">we</charseq>
    </head>
  </entity_mention>
  <entity_mention ID="CNN_IP_20030402.1600.02-2-E37-113" TYPE="PRO" LDCTYPE="PRO">
    <extent>
      <charseq START="2843" END="2845">our</charseq>
    </extent>
    <head>
      <charseq START="2843" END="2845">our</charseq>
    </head>
  </entity_mention>
  <entity_mention ID="CNN_IP_20030402.1600.02-2-E37-119" TYPE="PRO" LDCTYPE="PRO">
    <extent>
      <charseq START="3026" END="3027">us</charseq>
    </extent>
    <head>
      <charseq START="3026" END="3027">us</charseq>
    </head>
  </entity_mention>
</entity>
<entity ID="CNN_IP_20030402.1600.02-2-E38" TYPE="WEA" SUBTYPE="Nuclear" CLASS="SPC">
  <entity_mention ID="CNN_IP_20030402.1600.02-2-E38-103" TYPE="NOM" LDCTYPE="NOM">
    <extent>
      <charseq START="2604" END="2608">SA-2s</charseq>
    </extent>
    <head>
      <charseq START="2604" END="2608">SA-2s</charseq>
    </head>
  </entity_mention>
</entity>
<entity ID="CNN_IP_20030402.1600.02-2-E39" TYPE="WEA" SUBTYPE="Nuclear" CLASS="SPC">
  <entity_mention ID="CNN_IP_20030402.1600.02-2-E39-105" TYPE="NOM" LDCTYPE="NOM">
    <extent>
      <charseq START="2614" END="2618">SA-6s</charseq>
    </extent>
    <head>
      <charseq START="2614" END="2618">SA-6s</charseq>
    </head>
  </entity_mention>
</entity>
<entity ID="CNN_IP_20030402.1600.02-2-E40" TYPE="WEA" SUBTYPE="Nuclear" CLASS="SPC">
  <entity_mention ID="CNN_IP_20030402.1600.02-2-E40-106" TYPE="NOM" LDCTYPE="NOM">
    <extent>
      <charseq START="2624" END="2626">AAA</charseq>
    </extent>
    <head>
      <charseq START="2624" END="2626">AAA</charseq>
    </head>
  </entity_mention>
</entity>
<entity ID="CNN_IP_20030402.1600.02-2-E41" TYPE="PER" SUBTYPE="Group" CLASS="SPC">
  <entity_mention ID="CNN_IP_20030402.1600.02-2-E41-107" TYPE="PRO" LDCTYPE="PRO">
    <extent>
      <charseq START="2646" END="2649">they</charseq>
    </extent>
    <head>
      <charseq START="2646" END="2649">they</charseq>
    </head>
  </entity_mention>
</entity>
<entity ID="CNN_IP_20030402.1600.02-2-E42" TYPE="ORG" SUBTYPE="Government" CLASS="SPC">
  <entity_mention ID="CNN_IP_20030402.1600.02-2-E42-111" TYPE="NAM" LDCTYPE="NAM">
    <extent>
      <charseq START="2779" END="2795">the Medina forces</charseq>
    </extent>
    <head>
      <charseq START="2783" END="2795">Medina forces</charseq>
    </head>
  </entity_mention>
  <entity_mention ID="CNN_IP_20030402.1600.02-2-E42-114" TYPE="PRO" LDCTYPE="PRO">
    <extent>
      <charseq START="2862" END="2865">them</charseq>
    </extent>
    <head>
      <charseq START="2862" END="2865">them</charseq>
    </head>
  </entity_mention>
  <entity_attributes>
    <name NAME="Medina forces">
      <charseq START="2783" END="2795">Medina forces</charseq>
    </name>
  </entity_attributes>
</entity>
<entity ID="CNN_IP_20030402.1600.02-2-E44" TYPE="ORG" SUBTYPE="Government" CLASS="SPC">
  <entity_mention ID="CNN_IP_20030402.1600.02-2-E44-115" TYPE="NAM" LDCTYPE="NAM">
    <extent>
      <charseq START="2876" END="2883">the Army</charseq>
    </extent>
    <head>
      <charseq START="2880" END="2883">Army</charseq>
    </head>
  </entity_mention>
  <entity_attributes>
    <name NAME="Army">
      <charseq START="2880" END="2883">Army</charseq>
    </name>
  </entity_attributes>
</entity>
<entity ID="CNN_IP_20030402.1600.02-2-E45" TYPE="ORG" SUBTYPE="Government" CLASS="SPC">
  <entity_mention ID="CNN_IP_20030402.1600.02-2-E45-116" TYPE="NAM" LDCTYPE="NAM">
    <extent>
      <charseq START="2889" END="2899">the Marines</charseq>
    </extent>
    <head>
      <charseq START="2893" END="2899">Marines</charseq>
    </head>
  </entity_mention>
  <entity_attributes>
    <name NAME="Marines">
      <charseq START="2893" END="2899">Marines</charseq>
    </name>
  </entity_attributes>
</entity>
<entity ID="CNN_IP_20030402.1600.02-2-E46" TYPE="PER" SUBTYPE="Individual" CLASS="SPC">
  <entity_mention ID="CNN_IP_20030402.1600.02-2-E46-117" TYPE="NAM" LDCTYPE="NAM" LDCATR="FALSE">
    <extent>
      <charseq START="2986" END="3008">Lieutenant Colonel Webb</charseq>
    </extent>
    <head>
      <charseq START="3005" END="3008">Webb</charseq>
    </head>
  </entity_mention>
  <entity_mention ID="CNN_IP_20030402.1600.02-2-E46-118" TYPE="NOM" LDCTYPE="NOMPRE" LDCATR="TRUE">
    <extent>
      <charseq START="2986" END="3003">Lieutenant Colonel</charseq>
    </extent>
    <head>
      <charseq START="2997" END="3003">Colonel</charseq>
    </head>
  </entity_mention>
  <entity_mention ID="CNN_IP_20030402.1600.02-2-E46-120" TYPE="PRO" LDCTYPE="PRO" LDCATR="FALSE">
    <extent>
      <charseq START="3029" END="3030">he</charseq>
    </extent>
    <head>
      <charseq START="3029" END="3030">he</charseq>
    </head>
  </entity_mention>
  <entity_attributes>
    <name NAME="Webb">
      <charseq START="3005" END="3008">Webb</charseq>
    </name>
  </entity_attributes>
</entity>
<entity ID="CNN_IP_20030402.1600.02-2-E48" TYPE="PER" SUBTYPE="Group" CLASS="USP">
  <entity_mention ID="CNN_IP_20030402.1600.02-2-E48-104" TYPE="PRO" LDCTYPE="PRO">
    <extent>
      <charseq START="3393" END="3394">us</charseq>
    </extent>
    <head>
      <charseq START="3393" END="3394">us</charseq>
    </head>
  </entity_mention>
</entity>
<entity ID="CNN_IP_20030402.1600.02-2-E49" TYPE="PER" SUBTYPE="Group" CLASS="SPC">
  <entity_mention ID="CNN_IP_20030402.1600.02-2-E49-127" TYPE="PRO" LDCTYPE="PRO">
    <extent>
      <charseq START="3430" END="3433">they</charseq>
    </extent>
    <head>
      <charseq START="3430" END="3433">they</charseq>
    </head>
  </entity_mention>
  <entity_mention ID="CNN_IP_20030402.1600.02-2-E49-128" TYPE="PRO" LDCTYPE="PRO">
    <extent>
      <charseq START="3439" END="3443">their</charseq>
    </extent>
    <head>
      <charseq START="3439" END="3443">their</charseq>
    </head>
  </entity_mention>
  <entity_mention ID="CNN_IP_20030402.1600.02-2-E49-129" TYPE="PRO" LDCTYPE="PRO">
    <extent>
      <charseq START="3451" END="3455">their</charseq>
    </extent>
    <head>
      <charseq START="3451" END="3455">their</charseq>
    </head>
  </entity_mention>
  <entity_mention ID="CNN_IP_20030402.1600.02-2-E49-130" TYPE="PRO" LDCTYPE="PRO">
    <extent>
      <charseq START="3466" END="3470">their</charseq>
    </extent>
    <head>
      <charseq START="3466" END="3470">their</charseq>
    </head>
  </entity_mention>
  <entity_mention ID="CNN_IP_20030402.1600.02-2-E49-140" TYPE="NOM" LDCTYPE="NOM">
    <extent>
      <charseq START="3719" END="3724">people</charseq>
    </extent>
    <head>
      <charseq START="3719" END="3724">people</charseq>
    </head>
  </entity_mention>
  <entity_mention ID="CNN_IP_20030402.1600.02-2-E49-172" TYPE="PRO" LDCTYPE="PRO">
    <extent>
      <charseq START="4330" END="4333">They</charseq>
    </extent>
    <head>
      <charseq START="4330" END="4333">They</charseq>
    </head>
  </entity_mention>
  <entity_mention ID="CNN_IP_20030402.1600.02-2-E49-177" TYPE="PRO" LDCTYPE="PRO">
    <extent>
      <charseq START="4424" END="4427">they</charseq>
    </extent>
    <head>
      <charseq START="4424" END="4427">they</charseq>
    </head>
  </entity_mention>
  <entity_mention ID="CNN_IP_20030402.1600.02-2-E49-179" TYPE="PRO" LDCTYPE="PRO">
    <extent>
      <charseq START="4477" END="4480">They</charseq>
    </extent>
    <head>
      <charseq START="4477" END="4480">They</charseq>
    </head>
  </entity_mention>
</entity>
<entity ID="CNN_IP_20030402.1600.02-2-E50" TYPE="PER" SUBTYPE="Group" CLASS="USP">
  <entity_mention ID="CNN_IP_20030402.1600.02-2-E50-135" TYPE="NOM" LDCTYPE="NOM">
    <extent>
      <charseq START="3595" END="3627">a lot of people here at this base</charseq>
    </extent>
    <head>
      <charseq START="3604" END="3609">people</charseq>
    </head>
  </entity_mention>
  <entity_mention ID="CNN_IP_20030402.1600.02-2-E50-138" TYPE="PRO" LDCTYPE="PRO">
    <extent>
      <charseq START="3638" END="3642">their</charseq>
    </extent>
    <head>
      <charseq START="3638" END="3642">their</charseq>
    </head>
  </entity_mention>
  <entity_mention ID="CNN_IP_20030402.1600.02-2-E50-139" TYPE="PRO" LDCTYPE="PTV">
    <extent>
      <charseq START="3707" END="3724">many of the people</charseq>
    </extent>
    <head>
      <charseq START="3707" END="3710">many</charseq>
    </head>
  </entity_mention>
  <entity_mention ID="CNN_IP_20030402.1600.02-2-E50-141" TYPE="PRO" LDCTYPE="PRO">
    <extent>
      <charseq START="3740" END="3744">their</charseq>
    </extent>
    <head>
      <charseq START="3740" END="3744">their</charseq>
    </head>
  </entity_mention>
  <entity_mention ID="CNN_IP_20030402.1600.02-2-E50-142" TYPE="PRO" LDCTYPE="PRO">
    <extent>
      <charseq START="3754" END="3757">They</charseq>
    </extent>
    <head>
      <charseq START="3754" END="3757">They</charseq>
    </head>
  </entity_mention>
  <entity_mention ID="CNN_IP_20030402.1600.02-2-E50-143" TYPE="PRO" LDCTYPE="PRO">
    <extent>
      <charseq START="3797" END="3801">their</charseq>
    </extent>
    <head>
      <charseq START="3797" END="3801">their</charseq>
    </head>
  </entity_mention>
  <entity_mention ID="CNN_IP_20030402.1600.02-2-E50-144" TYPE="PRO" LDCTYPE="PRO">
    <extent>
      <charseq START="3813" END="3817">their</charseq>
    </extent>
    <head>
      <charseq START="3813" END="3817">their</charseq>
    </head>
  </entity_mention>
</entity>
<entity ID="CNN_IP_20030402.1600.02-2-E51" TYPE="PER" SUBTYPE="Individual" CLASS="SPC">
  <entity_mention ID="CNN_IP_20030402.1600.02-2-E51-145" TYPE="PRO" LDCTYPE="PRO" LDCATR="FALSE">
    <extent>
      <charseq START="3885" END="3887">you</charseq>
    </extent>
    <head>
      <charseq START="3885" END="3887">you</charseq>
    </head>
  </entity_mention>
  <entity_mention ID="CNN_IP_20030402.1600.02-2-E51-146" TYPE="NAM" LDCTYPE="NAM" LDCATR="FALSE">
    <extent>
      <charseq START="3890" END="3893">Judy</charseq>
    </extent>
    <head>
      <charseq START="3890" END="3893">Judy</charseq>
    </head>
  </entity_mention>
  <entity_mention ID="CNN_IP_20030402.1600.02-2-E51-147" TYPE="PRO" LDCTYPE="PRO" LDCATR="FALSE">
    <extent>
      <charseq START="3904" END="3906">you</charseq>
    </extent>
    <head>
      <charseq START="3904" END="3906">you</charseq>
    </head>
  </entity_mention>
  <entity_mention ID="CNN_IP_20030402.1600.02-2-E51-148" TYPE="PRO" LDCTYPE="PRO" LDCATR="FALSE">
    <extent>
      <charseq START="3928" END="3928">I</charseq>
    </extent>
    <head>
      <charseq START="3928" END="3928">I</charseq>
    </head>
  </entity_mention>
  <entity_mention ID="CNN_IP_20030402.1600.02-2-E51-149" TYPE="PRO" LDCTYPE="PTV" LDCATR="TRUE">
    <extent>
      <charseq START="3932" END="4005">one of those who thinks that we need to pay attention to our
superstitions</charseq>
    </extent>
    <head>
      <charseq START="3932" END="3934">one</charseq>
    </head>
  </entity_mention>
  <entity_mention ID="CNN_IP_20030402.1600.02-2-E51-167" TYPE="NAM" LDCTYPE="NAM" LDCATR="FALSE">
    <extent>
      <charseq START="4239" END="4242">Judy</charseq>
    </extent>
    <head>
      <charseq START="4239" END="4242">Judy</charseq>
    </head>
  </entity_mention>
  <entity_mention ID="CNN_IP_20030402.1600.02-2-E51-187" TYPE="PRO" LDCTYPE="PRO" LDCATR="FALSE">
    <extent>
      <charseq START="4694" END="4694">I</charseq>
    </extent>
    <head>
      <charseq START="4694" END="4694">I</charseq>
    </head>
  </entity_mention>
  <entity_mention ID="CNN_IP_20030402.1600.02-2-E51-207" TYPE="NAM" LDCTYPE="NAM" LDCATR="FALSE">
    <extent>
      <charseq START="513" END="516">Judy</charseq>
    </extent>
    <head>
      <charseq START="513" END="516">Judy</charseq>
    </head>
  </entity_mention>
  <entity_attributes>
    <name NAME="Judy">
      <charseq START="3890" END="3893">Judy</charseq>
    </name>
    <name NAME="Judy">
      <charseq START="4239" END="4242">Judy</charseq>
    </name>
    <name NAME="Judy">
      <charseq START="513" END="516">Judy</charseq>
    </name>
  </entity_attributes>
</entity>
<entity ID="CNN_IP_20030402.1600.02-2-E52" TYPE="PER" SUBTYPE="Group" CLASS="USP">
  <entity_mention ID="CNN_IP_20030402.1600.02-2-E52-150" TYPE="PRO" LDCTYPE="PRO" LDCATR="FALSE">
    <extent>
      <charseq START="3939" END="4005">those who thinks that we need to pay attention to our
superstitions</charseq>
    </extent>
    <head>
      <charseq START="3939" END="3943">those</charseq>
    </head>
  </entity_mention>
  <entity_mention ID="CNN_IP_20030402.1600.02-2-E52-151" TYPE="PRO" LDCTYPE="WHQ" LDCATR="TRUE">
    <extent>
      <charseq START="3945" END="4005">who thinks that we need to pay attention to our
superstitions</charseq>
    </extent>
    <head>
      <charseq START="3945" END="3947">who</charseq>
    </head>
  </entity_mention>
</entity>
<entity ID="CNN_IP_20030402.1600.02-2-E54" TYPE="PER" SUBTYPE="Group" CLASS="GEN">
  <entity_mention ID="CNN_IP_20030402.1600.02-2-E54-152" TYPE="PRO" LDCTYPE="PRO">
    <extent>
      <charseq START="3961" END="3962">we</charseq>
    </extent>
    <head>
      <charseq START="3961" END="3962">we</charseq>
    </head>
  </entity_mention>
  <entity_mention ID="CNN_IP_20030402.1600.02-2-E54-153" TYPE="PRO" LDCTYPE="PRO">
    <extent>
      <charseq START="3989" END="3991">our</charseq>
    </extent>
    <head>
      <charseq START="3989" END="3991">our</charseq>
    </head>
  </entity_mention>
</entity>
<entity ID="CNN_IP_20030402.1600.02-2-E56" TYPE="VEH" SUBTYPE="Air" CLASS="SPC">
  <entity_mention ID="CNN_IP_20030402.1600.02-2-E56-168" TYPE="PRO" LDCTYPE="PTV">
    <extent>
      <charseq START="4245" END="4273">some of these A-10s behind me</charseq>
    </extent>
    <head>
      <charseq START="4245" END="4248">some</charseq>
    </head>
  </entity_mention>
</entity>
<entity ID="CNN_IP_20030402.1600.02-2-E57" TYPE="VEH" SUBTYPE="Air" CLASS="SPC">
  <entity_mention ID="CNN_IP_20030402.1600.02-2-E57-173" TYPE="NAM" LDCTYPE="NAM" LDCATR="FALSE">
    <extent>
      <charseq START="4344" END="4366">these HH-60
helicopters</charseq>
    </extent>
    <head>
      <charseq START="4350" END="4354">HH-60</charseq>
    </head>
  </entity_mention>
  <entity_mention ID="CNN_IP_20030402.1600.02-2-E57-174" TYPE="NOM" LDCTYPE="NOM" LDCATR="FALSE">
    <extent>
      <charseq START="4356" END="4366">helicopters</charseq>
    </extent>
    <head>
      <charseq START="4356" END="4366">helicopters</charseq>
    </head>
  </entity_mention>
  <entity_mention ID="CNN_IP_20030402.1600.02-2-E57-175" TYPE="PRO" LDCTYPE="PRO" LDCATR="FALSE">
    <extent>
      <charseq START="4369" END="4372">they</charseq>
    </extent>
    <head>
      <charseq START="4369" END="4372">they</charseq>
    </head>
  </entity_mention>
  <entity_mention ID="CNN_IP_20030402.1600.02-2-E57-176" TYPE="NOM" LDCTYPE="NOM" LDCATR="TRUE">
    <extent>
      <charseq START="4377" END="4474">the search and rescue helicopters used in case they
have to search and find somebody on the ground</charseq>
    </extent>
    <head>
      <charseq START="4399" END="4409">helicopters</charseq>
    </head>
  </entity_mention>
  <entity_mention ID="CNN_IP_20030402.1600.02-2-E57-182" TYPE="PRO" LDCTYPE="PRO" LDCATR="FALSE">
    <extent>
      <charseq START="4529" END="4532">them</charseq>
    </extent>
    <head>
      <charseq START="4529" END="4532">them</charseq>
    </head>
  </entity_mention>
  <entity_attributes>
    <name NAME="HH-60">
      <charseq START="4350" END="4354">HH-60</charseq>
    </name>
  </entity_attributes>
</entity>
<entity ID="CNN_IP_20030402.1600.02-2-E60" TYPE="PER" SUBTYPE="Individual" CLASS="USP">
  <entity_mention ID="CNN_IP_20030402.1600.02-2-E60-178" TYPE="PRO" LDCTYPE="PRO">
    <extent>
      <charseq START="4453" END="4460">somebody</charseq>
    </extent>
    <head>
      <charseq START="4453" END="4460">somebody</charseq>
    </head>
  </entity_mention>
</entity>
<entity ID="CNN_IP_20030402.1600.02-2-E61" TYPE="VEH" SUBTYPE="Air" CLASS="NEG">
  <entity_mention ID="CNN_IP_20030402.1600.02-2-E61-181" TYPE="PRO" LDCTYPE="PTV">
    <extent>
      <charseq START="4521" END="4532">none of them</charseq>
    </extent>
    <head>
      <charseq START="4521" END="4524">none</charseq>
    </head>
  </entity_mention>
</entity>
<entity ID="CNN_IP_20030402.1600.02-2-E62" TYPE="PER" SUBTYPE="Individual" CLASS="SPC">
  <entity_mention ID="CNN_IP_20030402.1600.02-2-E62-189" TYPE="NOM" LDCTYPE="NOM" LDCATR="FALSE">
    <extent>
      <charseq START="4717" END="4774">a ranking member of the Senate Foreign Relations
Committee</charseq>
    </extent>
    <head>
      <charseq START="4727" END="4732">member</charseq>
    </head>
  </entity_mention>
  <entity_mention ID="CNN_IP_20030402.1600.02-2-E62-191" TYPE="NAM" LDCTYPE="NAM" LDCATR="FALSE">
    <extent>
      <charseq START="4777" END="4793">Senator Joe Biden</charseq>
    </extent>
    <head>
      <charseq START="4785" END="4793">Joe Biden</charseq>
    </head>
  </entity_mention>
  <entity_mention ID="CNN_IP_20030402.1600.02-2-E62-192" TYPE="NOM" LDCTYPE="NOM" LDCATR="TRUE">
    <extent>
      <charseq START="4777" END="4783">Senator</charseq>
    </extent>
    <head>
      <charseq START="4777" END="4783">Senator</charseq>
    </head>
  </entity_mention>
  <entity_mention ID="CNN_IP_20030402.1600.02-2-E62-193" TYPE="PRO" LDCTYPE="PRO" LDCATR="FALSE">
    <extent>
      <charseq START="4812" END="4814">his</charseq>
    </extent>
    <head>
      <charseq START="4812" END="4814">his</charseq>
    </head>
  </entity_mention>
  <entity_attributes>
    <name NAME="Joe Biden">
      <charseq START="4785" END="4793">Joe Biden</charseq>
    </name>
  </entity_attributes>
</entity>
<entity ID="CNN_IP_20030402.1600.02-2-E63" TYPE="GPE" SUBTYPE="Nation" CLASS="SPC">
  <entity_mention ID="CNN_IP_20030402.1600.02-2-E63-155" TYPE="NAM" LDCTYPE="NAMPRE" ROLE="GPE">
    <extent>
      <charseq START="147" END="149">U.S</charseq>
    </extent>
    <head>
      <charseq START="147" END="149">U.S</charseq>
    </head>
  </entity_mention>
  <entity_attributes>
    <name NAME="U.S">
      <charseq START="147" END="149">U.S</charseq>
    </name>
  </entity_attributes>
</entity>
<entity ID="CNN_IP_20030402.1600.02-2-E64" TYPE="ORG" SUBTYPE="Government" CLASS="SPC">
  <entity_mention ID="CNN_IP_20030402.1600.02-2-E64-190" TYPE="NAM" LDCTYPE="NAM">
    <extent>
      <charseq START="4737" END="4774">the Senate Foreign Relations
Committee</charseq>
    </extent>
    <head>
      <charseq START="4741" END="4774">Senate Foreign Relations
Committee</charseq>
    </head>
  </entity_mention>
  <entity_attributes>
    <name NAME="Senate Foreign Relations Committee">
      <charseq START="4741" END="4774">Senate Foreign Relations
Committee</charseq>
    </name>
  </entity_attributes>
</entity>
<entity ID="CNN_IP_20030402.1600.02-2-E66" TYPE="PER" SUBTYPE="Individual" CLASS="SPC">
  <entity_mention ID="CNN_IP_20030402.1600.02-2-E66-194" TYPE="NAM" LDCTYPE="NAM">
    <extent>
      <charseq START="4852" END="4861">Tony Blair</charseq>
    </extent>
    <head>
      <charseq START="4852" END="4861">Tony Blair</charseq>
    </head>
  </entity_mention>
  <entity_mention ID="CNN_IP_20030402.1600.02-2-E66-196" TYPE="NOM" LDCTYPE="NOM">
    <extent>
      <charseq START="4936" END="4961">the British prime minister</charseq>
    </extent>
    <head>
      <charseq START="4954" END="4961">minister</charseq>
    </head>
  </entity_mention>
  <entity_attributes>
    <name NAME="Tony Blair">
      <charseq START="4852" END="4861">Tony Blair</charseq>
    </name>
  </entity_attributes>
</entity>
<entity ID="CNN_IP_20030402.1600.02-2-E67" TYPE="PER" SUBTYPE="Group" CLASS="USP">
  <entity_mention ID="CNN_IP_20030402.1600.02-2-E67-195" TYPE="PRO" LDCTYPE="HLS">
    <extent>
      <charseq START="4905" END="4920">some in
Congress</charseq>
    </extent>
    <head>
      <charseq START="4905" END="4908">some</charseq>
    </head>
  </entity_mention>
</entity>
<entity ID="CNN_IP_20030402.1600.02-2-E68" TYPE="GPE" SUBTYPE="Nation" CLASS="SPC">
  <entity_mention ID="CNN_IP_20030402.1600.02-2-E68-197" TYPE="NAM" LDCTYPE="NAMPRE" ROLE="GPE">
    <extent>
      <charseq START="4940" END="4946">British</charseq>
    </extent>
    <head>
      <charseq START="4940" END="4946">British</charseq>
    </head>
  </entity_mention>
  <entity_attributes>
    <name NAME="British">
      <charseq START="4940" END="4946">British</charseq>
    </name>
  </entity_attributes>
</entity>
<entity ID="CNN_IP_20030402.1600.02-2-E69" TYPE="GPE" SUBTYPE="Population-Center" CLASS="SPC">
  <entity_mention ID="CNN_IP_20030402.1600.02-2-E69-100" TYPE="NAM" LDCTYPE="NAM" ROLE="LOC">
    <extent>
      <charseq START="2563" END="2569">Baghdad</charseq>
    </extent>
    <head>
      <charseq START="2563" END="2569">Baghdad</charseq>
    </head>
  </entity_mention>
  <entity_mention ID="CNN_IP_20030402.1600.02-2-E69-198" TYPE="NAM" LDCTYPE="NAM" ROLE="LOC">
    <extent>
      <charseq START="188" END="194">Baghdad</charseq>
    </extent>
    <head>
      <charseq START="188" END="194">Baghdad</charseq>
    </head>
  </entity_mention>
  <entity_attributes>
    <name NAME="Baghdad">
      <charseq START="2563" END="2569">Baghdad</charseq>
    </name>
    <name NAME="Baghdad">
      <charseq START="188" END="194">Baghdad</charseq>
    </name>
  </entity_attributes>
</entity>
<entity ID="CNN_IP_20030402.1600.02-2-E70" TYPE="PER" SUBTYPE="Indeterminate" CLASS="GEN">
  <entity_mention ID="CNN_IP_20030402.1600.02-2-E70-200" TYPE="PRO" LDCTYPE="PRO">
    <extent>
      <charseq START="342" END="342">s</charseq>
    </extent>
    <head>
      <charseq START="342" END="342">s</charseq>
    </head>
  </entity_mention>
</entity>
<entity ID="CNN_IP_20030402.1600.02-2-E71" TYPE="PER" SUBTYPE="Individual" CLASS="SPC">
  <entity_mention ID="CNN_IP_20030402.1600.02-2-E71-13" TYPE="PRO" LDCTYPE="PRO">
    <extent>
      <charseq START="863" END="864">me</charseq>
    </extent>
    <head>
      <charseq START="863" END="864">me</charseq>
    </head>
  </entity_mention>
  <entity_mention ID="CNN_IP_20030402.1600.02-2-E71-154" TYPE="NAM" LDCTYPE="NAM">
    <extent>
      <charseq START="4008" END="4011">Gary</charseq>
    </extent>
    <head>
      <charseq START="4008" END="4011">Gary</charseq>
    </head>
  </entity_mention>
  <entity_mention ID="CNN_IP_20030402.1600.02-2-E71-156" TYPE="PRO" LDCTYPE="PRO">
    <extent>
      <charseq START="4045" END="4047">you</charseq>
    </extent>
    <head>
      <charseq START="4045" END="4047">you</charseq>
    </head>
  </entity_mention>
  <entity_mention ID="CNN_IP_20030402.1600.02-2-E71-161" TYPE="PRO" LDCTYPE="PRO">
    <extent>
      <charseq START="4131" END="4133">you</charseq>
    </extent>
    <head>
      <charseq START="4131" END="4133">you</charseq>
    </head>
  </entity_mention>
  <entity_mention ID="CNN_IP_20030402.1600.02-2-E71-170" TYPE="PRO" LDCTYPE="PRO">
    <extent>
      <charseq START="4272" END="4273">me</charseq>
    </extent>
    <head>
      <charseq START="4272" END="4273">me</charseq>
    </head>
  </entity_mention>
  <entity_mention ID="CNN_IP_20030402.1600.02-2-E71-184" TYPE="NAM" LDCTYPE="NAM">
    <extent>
      <charseq START="4639" END="4650">Gary Tuchman</charseq>
    </extent>
    <head>
      <charseq START="4639" END="4650">Gary Tuchman</charseq>
    </head>
  </entity_mention>
  <entity_mention ID="CNN_IP_20030402.1600.02-2-E71-185" TYPE="PRO" LDCTYPE="PRO">
    <extent>
      <charseq START="4678" END="4680">him</charseq>
    </extent>
    <head>
      <charseq START="4678" END="4680">him</charseq>
    </head>
  </entity_mention>
  <entity_mention ID="CNN_IP_20030402.1600.02-2-E71-201" TYPE="NAM" LDCTYPE="NAM">
    <extent>
      <charseq START="358" END="375">CNN's Gary Tuchman</charseq>
    </extent>
    <head>
      <charseq START="364" END="375">Gary Tuchman</charseq>
    </head>
  </entity_mention>
  <entity_mention ID="CNN_IP_20030402.1600.02-2-E71-205" TYPE="NAM" LDCTYPE="NAM">
    <extent>
      <charseq START="403" END="406">Gary</charseq>
    </extent>
    <head>
      <charseq START="403" END="406">Gary</charseq>
    </head>
  </entity_mention>
  <entity_mention ID="CNN_IP_20030402.1600.02-2-E71-206" TYPE="PRO" LDCTYPE="PRO">
    <extent>
      <charseq START="408" END="410">you</charseq>
    </extent>
    <head>
      <charseq START="408" END="410">you</charseq>
    </head>
  </entity_mention>
  <entity_attributes>
    <name NAME="Gary">
      <charseq START="4008" END="4011">Gary</charseq>
    </name>
    <name NAME="Gary Tuchman">
      <charseq START="4639" END="4650">Gary Tuchman</charseq>
    </name>
    <name NAME="Gary Tuchman">
      <charseq START="364" END="375">Gary Tuchman</charseq>
    </name>
    <name NAME="Gary">
      <charseq START="403" END="406">Gary</charseq>
    </name>
  </entity_attributes>
</entity>
<entity ID="CNN_IP_20030402.1600.02-2-E72" TYPE="ORG" SUBTYPE="Media" CLASS="SPC">
  <entity_mention ID="CNN_IP_20030402.1600.02-2-E72-202" TYPE="NAM" LDCTYPE="NAM">
    <extent>
      <charseq START="358" END="360">CNN</charseq>
    </extent>
    <head>
      <charseq START="358" END="360">CNN</charseq>
    </head>
  </entity_mention>
  <entity_attributes>
    <name NAME="CNN">
      <charseq START="358" END="360">CNN</charseq>
    </name>
  </entity_attributes>
</entity>
<entity ID="CNN_IP_20030402.1600.02-2-E73" TYPE="FAC" SUBTYPE="Building-Grounds" CLASS="SPC">
  <entity_mention ID="CNN_IP_20030402.1600.02-2-E73-7" TYPE="NOM" LDCTYPE="NOM">
    <extent>
      <charseq START="778" END="805">a base
near the Iraqi border</charseq>
    </extent>
    <head>
      <charseq START="780" END="783">base</charseq>
    </head>
  </entity_mention>
  <entity_mention ID="CNN_IP_20030402.1600.02-2-E73-17" TYPE="NOM" LDCTYPE="NOM">
    <extent>
      <charseq START="2204" END="2212">this base</charseq>
    </extent>
    <head>
      <charseq START="2209" END="2212">base</charseq>
    </head>
  </entity_mention>
  <entity_mention ID="CNN_IP_20030402.1600.02-2-E73-19" TYPE="NOM" LDCTYPE="NOM">
    <extent>
      <charseq START="939" END="947">this base</charseq>
    </extent>
    <head>
      <charseq START="944" END="947">base</charseq>
    </head>
  </entity_mention>
  <entity_mention ID="CNN_IP_20030402.1600.02-2-E73-25" TYPE="NOM" LDCTYPE="NOM">
    <extent>
      <charseq START="990" END="998">this base</charseq>
    </extent>
    <head>
      <charseq START="995" END="998">base</charseq>
    </head>
  </entity_mention>
  <entity_mention ID="CNN_IP_20030402.1600.02-2-E73-125" TYPE="PRO" LDCTYPE="PRO">
    <extent>
      <charseq START="3401" END="3404">Here</charseq>
    </extent>
    <head>
      <charseq START="3401" END="3404">Here</charseq>
    </head>
  </entity_mention>
  <entity_mention ID="CNN_IP_20030402.1600.02-2-E73-126" TYPE="NOM" LDCTYPE="NOM">
    <extent>
      <charseq START="3409" END="3428">this
particular base</charseq>
    </extent>
    <head>
      <charseq START="3425" END="3428">base</charseq>
    </head>
  </entity_mention>
  <entity_mention ID="CNN_IP_20030402.1600.02-2-E73-136" TYPE="PRO" LDCTYPE="PRO">
    <extent>
      <charseq START="3611" END="3614">here</charseq>
    </extent>
    <head>
      <charseq START="3611" END="3614">here</charseq>
    </head>
  </entity_mention>
  <entity_mention ID="CNN_IP_20030402.1600.02-2-E73-137" TYPE="NOM" LDCTYPE="NOM">
    <extent>
      <charseq START="3619" END="3627">this base</charseq>
    </extent>
    <head>
      <charseq START="3624" END="3627">base</charseq>
    </head>
  </entity_mention>
  <entity_mention ID="CNN_IP_20030402.1600.02-2-E73-203" TYPE="NOM" LDCTYPE="NOM">
    <extent>
      <charseq START="380" END="400">an air base near Iraq</charseq>
    </extent>
    <head>
      <charseq START="387" END="390">base</charseq>
    </head>
  </entity_mention>
</entity>
<entity ID="CNN_IP_20030402.1600.02-2-E76" TYPE="ORG" SUBTYPE="Government" CLASS="SPC">
  <entity_mention ID="CNN_IP_20030402.1600.02-2-E76-122" TYPE="NAM" LDCTYPE="NAM">
    <extent>
      <charseq START="3085" END="3097">the Air Force</charseq>
    </extent>
    <head>
      <charseq START="3089" END="3097">Air Force</charseq>
    </head>
  </entity_mention>
  <entity_mention ID="CNN_IP_20030402.1600.02-2-E76-124" TYPE="PRO" LDCTYPE="PRO">
    <extent>
      <charseq START="3168" END="3169">it</charseq>
    </extent>
    <head>
      <charseq START="3168" END="3169">it</charseq>
    </head>
  </entity_mention>
  <entity_mention ID="CNN_IP_20030402.1600.02-2-E76-210" TYPE="NAM" LDCTYPE="NAM">
    <extent>
      <charseq START="632" END="644">the Air
Force</charseq>
    </extent>
    <head>
      <charseq START="636" END="644">Air
Force</charseq>
    </head>
  </entity_mention>
  <entity_attributes>
    <name NAME="Air Force">
      <charseq START="3089" END="3097">Air Force</charseq>
    </name>
    <name NAME="Air Force">
      <charseq START="636" END="644">Air
Force</charseq>
    </name>
  </entity_attributes>
</entity>
<entity ID="CNN_IP_20030402.1600.02-2-E77" TYPE="VEH" SUBTYPE="Air" CLASS="SPC">
  <entity_mention ID="CNN_IP_20030402.1600.02-2-E77-211" TYPE="NOM" LDCTYPE="NOM">
    <extent>
      <charseq START="676" END="755">more 200 coalition aircraft either
over Iraq, flying to Iraq or flying from Iraq</charseq>
    </extent>
    <head>
      <charseq START="695" END="702">aircraft</charseq>
    </head>
  </entity_mention>
</entity>
<value ID="CNN_IP_20030402.1600.02-2-V1" TYPE="Numeric" SUBTYPE="Percent">
  <value_mention ID="CNN_IP_20030402.1600.02-2-V1-1">
    <extent>
      <charseq START="2805" END="2824">less than 50
percent</charseq>
    </extent>
  </value_mention>
</value>
<timex2 ID="CNN_IP_20030402.1600.02-2-T1">
  <timex2_mention ID="CNN_IP_20030402.1600.02-2-T1-1">
    <extent>
      <charseq START="38" END="62">2003-04-02T16:00:00-05:00</charseq>
    </extent>
  </timex2_mention>
</timex2>
<timex2 ID="CNN_IP_20030402.1600.02-2-T2">
  <timex2_mention ID="CNN_IP_20030402.1600.02-2-T2-1">
    <extent>
      <charseq START="1113" END="1127">part of the day</charseq>
    </extent>
  </timex2_mention>
</timex2>
<timex2 ID="CNN_IP_20030402.1600.02-2-T3">
  <timex2_mention ID="CNN_IP_20030402.1600.02-2-T3-1">
    <extent>
      <charseq START="1354" END="1362">last week</charseq>
    </extent>
  </timex2_mention>
</timex2>
<timex2 ID="CNN_IP_20030402.1600.02-2-T4">
  <timex2_mention ID="CNN_IP_20030402.1600.02-2-T4-1">
    <extent>
      <charseq START="1739" END="1751">April 1,
2003</charseq>
    </extent>
  </timex2_mention>
</timex2>
<timex2 ID="CNN_IP_20030402.1600.02-2-T5">
  <timex2_mention ID="CNN_IP_20030402.1600.02-2-T5-1">
    <extent>
      <charseq START="2403" END="2420">the last two weeks</charseq>
    </extent>
  </timex2_mention>
</timex2>
<timex2 ID="CNN_IP_20030402.1600.02-2-T6">
  <timex2_mention ID="CNN_IP_20030402.1600.02-2-T6-1">
    <extent>
      <charseq START="2530" END="2538">Yesterday</charseq>
    </extent>
  </timex2_mention>
</timex2>
<timex2 ID="CNN_IP_20030402.1600.02-2-T7">
  <timex2_mention ID="CNN_IP_20030402.1600.02-2-T7-1">
    <extent>
      <charseq START="3046" END="3062">this very
evening</charseq>
    </extent>
  </timex2_mention>
</timex2>
<timex2 ID="CNN_IP_20030402.1600.02-2-T8">
  <timex2_mention ID="CNN_IP_20030402.1600.02-2-T8-1">
    <extent>
      <charseq START="3125" END="3165">between this morning and tomorrow morning</charseq>
    </extent>
  </timex2_mention>
</timex2>
<timex2 ID="CNN_IP_20030402.1600.02-2-T9">
  <timex2_mention ID="CNN_IP_20030402.1600.02-2-T9-1">
    <extent>
      <charseq START="3133" END="3144">this morning</charseq>
    </extent>
  </timex2_mention>
</timex2>
<timex2 ID="CNN_IP_20030402.1600.02-2-T10">
  <timex2_mention ID="CNN_IP_20030402.1600.02-2-T10-1">
    <extent>
      <charseq START="4091" END="4093">now</charseq>
    </extent>
  </timex2_mention>
</timex2>
<timex2 ID="CNN_IP_20030402.1600.02-2-T11">
  <timex2_mention ID="CNN_IP_20030402.1600.02-2-T11-1">
    <extent>
      <charseq START="3150" END="3165">tomorrow morning</charseq>
    </extent>
  </timex2_mention>
</timex2>
<timex2 ID="CNN_IP_20030402.1600.02-2-T12">
  <timex2_mention ID="CNN_IP_20030402.1600.02-2-T12-1">
    <extent>
      <charseq START="3213" END="3235">over the last two weeks</charseq>
    </extent>
  </timex2_mention>
</timex2>
<timex2 ID="CNN_IP_20030402.1600.02-2-T13">
  <timex2_mention ID="CNN_IP_20030402.1600.02-2-T13-1">
    <extent>
      <charseq START="522" END="530">two weeks</charseq>
    </extent>
  </timex2_mention>
</timex2>
<timex2 ID="CNN_IP_20030402.1600.02-2-T14">
  <timex2_mention ID="CNN_IP_20030402.1600.02-2-T14-1">
    <extent>
      <charseq START="4516" END="4518">now</charseq>
    </extent>
  </timex2_mention>
</timex2>
<relation ID="CNN_IP_20030402.1600.02-2-R1" TYPE="ORG-AFF" SUBTYPE="Employment" TENSE="Unspecified" MODALITY="Asserted">
  <relation_argument REFID="CNN_IP_20030402.1600.02-2-E71" ROLE="Arg-1"/>
  <relation_argument REFID="CNN_IP_20030402.1600.02-2-E72" ROLE="Arg-2"/>
  <relation_mention ID="CNN_IP_20030402.1600.02-2-R1-1" LEXICALCONDITION="Possessive">
    <extent>
      <charseq START="358" END="375">CNN's Gary Tuchman</charseq>
    </extent>
    <relation_mention_argument REFID="CNN_IP_20030402.1600.02-2-E71-201" ROLE="Arg-1">
      <extent>
        <charseq START="358" END="375">CNN's Gary Tuchman</charseq>
      </extent>
    </relation_mention_argument>
    <relation_mention_argument REFID="CNN_IP_20030402.1600.02-2-E72-202" ROLE="Arg-2">
      <extent>
        <charseq START="358" END="360">CNN</charseq>
      </extent>
    </relation_mention_argument>
  </relation_mention>
</relation>
<relation ID="CNN_IP_20030402.1600.02-2-R2" TYPE="PHYS" SUBTYPE="Located" TENSE="Present" MODALITY="Asserted">
  <relation_argument REFID="CNN_IP_20030402.1600.02-2-E71" ROLE="Arg-1"/>
  <relation_argument REFID="CNN_IP_20030402.1600.02-2-E73" ROLE="Arg-2"/>
  <relation_mention ID="CNN_IP_20030402.1600.02-2-R2-1" LEXICALCONDITION="Preposition">
    <extent>
      <charseq START="358" END="400">CNN's Gary Tuchman at an air base near Iraq</charseq>
    </extent>
    <relation_mention_argument REFID="CNN_IP_20030402.1600.02-2-E71-201" ROLE="Arg-1">
      <extent>
        <charseq START="358" END="375">CNN's Gary Tuchman</charseq>
      </extent>
    </relation_mention_argument>
    <relation_mention_argument REFID="CNN_IP_20030402.1600.02-2-E73-203" ROLE="Arg-2">
      <extent>
        <charseq START="380" END="400">an air base near Iraq</charseq>
      </extent>
    </relation_mention_argument>
  </relation_mention>
</relation>
<relation ID="CNN_IP_20030402.1600.02-2-R3" TYPE="ART" SUBTYPE="User-Owner-Inventor-Manufacturer" TENSE="Unspecified" MODALITY="Asserted">
  <relation_argument REFID="CNN_IP_20030402.1600.02-2-E4" ROLE="Arg-1"/>
  <relation_argument REFID="CNN_IP_20030402.1600.02-2-E6" ROLE="Arg-2"/>
  <relation_mention ID="CNN_IP_20030402.1600.02-2-R3-1" LEXICALCONDITION="Verbal">
    <extent>
      <charseq START="808" END="864">Many pilots are flying these A-10 attack planes
behind me</charseq>
    </extent>
    <relation_mention_argument REFID="CNN_IP_20030402.1600.02-2-E4-10" ROLE="Arg-1">
      <extent>
        <charseq START="808" END="818">Many pilots</charseq>
      </extent>
    </relation_mention_argument>
    <relation_mention_argument REFID="CNN_IP_20030402.1600.02-2-E6-11" ROLE="Arg-2">
      <extent>
        <charseq START="831" END="854">these A-10 attack planes</charseq>
      </extent>
    </relation_mention_argument>
  </relation_mention>
</relation>
<relation ID="CNN_IP_20030402.1600.02-2-R4" TYPE="ART" SUBTYPE="User-Owner-Inventor-Manufacturer" TENSE="Unspecified" MODALITY="Asserted">
  <relation_argument REFID="CNN_IP_20030402.1600.02-2-E4" ROLE="Arg-1"/>
  <relation_argument REFID="CNN_IP_20030402.1600.02-2-E8" ROLE="Arg-2"/>
  <relation_mention ID="CNN_IP_20030402.1600.02-2-R4-1" LEXICALCONDITION="Verbal">
    <extent>
      <charseq START="867" END="885">They also fly F-16s</charseq>
    </extent>
    <relation_mention_argument REFID="CNN_IP_20030402.1600.02-2-E4-14" ROLE="Arg-1">
      <extent>
        <charseq START="867" END="870">They</charseq>
      </extent>
    </relation_mention_argument>
    <relation_mention_argument REFID="CNN_IP_20030402.1600.02-2-E8-15" ROLE="Arg-2">
      <extent>
        <charseq START="881" END="885">F-16s</charseq>
      </extent>
    </relation_mention_argument>
  </relation_mention>
</relation>
<relation ID="CNN_IP_20030402.1600.02-2-R5" TYPE="PHYS" SUBTYPE="Located" TENSE="Unspecified" MODALITY="Asserted">
  <relation_argument REFID="CNN_IP_20030402.1600.02-2-E12" ROLE="Arg-1"/>
  <relation_argument REFID="CNN_IP_20030402.1600.02-2-E73" ROLE="Arg-2"/>
  <relation_mention ID="CNN_IP_20030402.1600.02-2-R5-1" LEXICALCONDITION="Preposition">
    <extent>
      <charseq START="971" END="998">a lot of pilots of this base</charseq>
    </extent>
    <relation_mention_argument REFID="CNN_IP_20030402.1600.02-2-E12-24" ROLE="Arg-1">
      <extent>
        <charseq START="980" END="998">pilots of this base</charseq>
      </extent>
    </relation_mention_argument>
    <relation_mention_argument REFID="CNN_IP_20030402.1600.02-2-E73-25" ROLE="Arg-2">
      <extent>
        <charseq START="990" END="998">this base</charseq>
      </extent>
    </relation_mention_argument>
  </relation_mention>
</relation>
<relation ID="CNN_IP_20030402.1600.02-2-R6" TYPE="PHYS" SUBTYPE="Located" TENSE="Past" MODALITY="Asserted">
  <relation_argument REFID="CNN_IP_20030402.1600.02-2-E1" ROLE="Arg-1"/>
  <relation_argument REFID="CNN_IP_20030402.1600.02-2-E13" ROLE="Arg-2"/>
  <relation_argument REFID="CNN_IP_20030402.1600.02-2-T2" ROLE="Time-Holds"/>
  <relation_mention ID="CNN_IP_20030402.1600.02-2-R6-1" LEXICALCONDITION="Verbal">
    <extent>
      <charseq START="1100" END="1140">And we spent part of the day at that base</charseq>
    </extent>
    <relation_mention_argument REFID="CNN_IP_20030402.1600.02-2-E1-32" ROLE="Arg-1">
      <extent>
        <charseq START="1104" END="1105">we</charseq>
      </extent>
    </relation_mention_argument>
    <relation_mention_argument REFID="CNN_IP_20030402.1600.02-2-E13-33" ROLE="Arg-2">
      <extent>
        <charseq START="1132" END="1140">that base</charseq>
      </extent>
    </relation_mention_argument>
    <relation_mention_argument REFID="CNN_IP_20030402.1600.02-2-T2-1" ROLE="Time-Holds">
      <extent>
        <charseq START="1113" END="1127">part of the day</charseq>
      </extent>
    </relation_mention_argument>
  </relation_mention>
</relation>
<relation ID="CNN_IP_20030402.1600.02-2-R7" TYPE="PHYS" SUBTYPE="Located" TENSE="Unspecified" MODALITY="Asserted">
  <relation_argument REFID="CNN_IP_20030402.1600.02-2-E25" ROLE="Arg-1"/>
  <relation_argument REFID="CNN_IP_20030402.1600.02-2-E13" ROLE="Arg-2"/>
  <relation_mention ID="CNN_IP_20030402.1600.02-2-R7-1" LEXICALCONDITION="Other">
    <extent>
      <charseq START="1787" END="1818">a lot of security personnel here</charseq>
    </extent>
    <relation_mention_argument REFID="CNN_IP_20030402.1600.02-2-E25-65" ROLE="Arg-1">
      <extent>
        <charseq START="1787" END="1813">a lot of security personnel</charseq>
      </extent>
    </relation_mention_argument>
    <relation_mention_argument REFID="CNN_IP_20030402.1600.02-2-E13-66" ROLE="Arg-2">
      <extent>
        <charseq START="1815" END="1818">here</charseq>
      </extent>
    </relation_mention_argument>
  </relation_mention>
</relation>
<relation ID="CNN_IP_20030402.1600.02-2-R8" TYPE="PHYS" SUBTYPE="Near" TENSE="Present" MODALITY="Asserted">
  <relation_argument REFID="CNN_IP_20030402.1600.02-2-E1" ROLE="Arg-1"/>
  <relation_argument REFID="CNN_IP_20030402.1600.02-2-E32" ROLE="Arg-2"/>
  <relation_mention ID="CNN_IP_20030402.1600.02-2-R8-1" LEXICALCONDITION="Verbal">
    <extent>
      <charseq START="2004" END="2034">We're near the town of Nasiriya</charseq>
    </extent>
    <relation_mention_argument REFID="CNN_IP_20030402.1600.02-2-E1-80" ROLE="Arg-1">
      <extent>
        <charseq START="2004" END="2005">We</charseq>
      </extent>
    </relation_mention_argument>
    <relation_mention_argument REFID="CNN_IP_20030402.1600.02-2-E32-81" ROLE="Arg-2">
      <extent>
        <charseq START="2015" END="2034">the town of Nasiriya</charseq>
      </extent>
    </relation_mention_argument>
  </relation_mention>
</relation>
<relation ID="CNN_IP_20030402.1600.02-2-R9" TYPE="PHYS" SUBTYPE="Located" TENSE="Past" MODALITY="Asserted">
  <relation_argument REFID="CNN_IP_20030402.1600.02-2-E5" ROLE="Arg-1"/>
  <relation_argument REFID="CNN_IP_20030402.1600.02-2-E13" ROLE="Arg-2"/>
  <relation_mention ID="CNN_IP_20030402.1600.02-2-R9-1" LEXICALCONDITION="Verbal">
    <extent>
      <charseq START="2163" END="2316">A short time ago we talked to a pilot at this base who has been to that
Iraqi base and he too says he has signed that mural right on Saddam
Hussein's sash</charseq>
    </extent>
    <relation_mention_argument REFID="CNN_IP_20030402.1600.02-2-E5-27" ROLE="Arg-1">
      <extent>
        <charseq START="2214" END="2244">who has been to that
Iraqi base</charseq>
      </extent>
    </relation_mention_argument>
    <relation_mention_argument REFID="CNN_IP_20030402.1600.02-2-E13-51" ROLE="Arg-2">
      <extent>
        <charseq START="2230" END="2244">that
Iraqi base</charseq>
      </extent>
    </relation_mention_argument>
  </relation_mention>
</relation>
<relation ID="CNN_IP_20030402.1600.02-2-R10" TYPE="PHYS" SUBTYPE="Near" TENSE="Past" MODALITY="Asserted">
  <relation_argument REFID="CNN_IP_20030402.1600.02-2-E5" ROLE="Arg-1"/>
  <relation_argument REFID="CNN_IP_20030402.1600.02-2-E69" ROLE="Arg-2"/>
  <relation_argument REFID="CNN_IP_20030402.1600.02-2-T6" ROLE="Time-Within"/>
  <relation_mention ID="CNN_IP_20030402.1600.02-2-R10-1" LEXICALCONDITION="Verbal">
    <extent>
      <charseq START="2530" END="2640">Yesterday I was up just south of Baghdad by 30 miles and we were fighting
SA-2s and SA-6s and AAA on the ground</charseq>
    </extent>
    <relation_mention_argument REFID="CNN_IP_20030402.1600.02-2-E5-99" ROLE="Arg-1">
      <extent>
        <charseq START="2540" END="2540">I</charseq>
      </extent>
    </relation_mention_argument>
    <relation_mention_argument REFID="CNN_IP_20030402.1600.02-2-E69-100" ROLE="Arg-2">
      <extent>
        <charseq START="2563" END="2569">Baghdad</charseq>
      </extent>
    </relation_mention_argument>
    <relation_mention_argument REFID="CNN_IP_20030402.1600.02-2-T6-1" ROLE="Time-Within">
      <extent>
        <charseq START="2530" END="2538">Yesterday</charseq>
      </extent>
    </relation_mention_argument>
  </relation_mention>
</relation>
<relation ID="CNN_IP_20030402.1600.02-2-R11" TYPE="ORG-AFF" SUBTYPE="Employment" TENSE="Unspecified" MODALITY="Asserted">
  <relation_argument REFID="CNN_IP_20030402.1600.02-2-E35" ROLE="Arg-1"/>
  <relation_argument REFID="CNN_IP_20030402.1600.02-2-E22" ROLE="Arg-2"/>
  <relation_mention ID="CNN_IP_20030402.1600.02-2-R11-1" LEXICALCONDITION="PreMod">
    <extent>
      <charseq START="3340" END="3354">Military people</charseq>
    </extent>
    <relation_mention_argument REFID="CNN_IP_20030402.1600.02-2-E35-93" ROLE="Arg-1">
      <extent>
        <charseq START="3340" END="3354">Military people</charseq>
      </extent>
    </relation_mention_argument>
    <relation_mention_argument REFID="CNN_IP_20030402.1600.02-2-E22-101" ROLE="Arg-2">
      <extent>
        <charseq START="3340" END="3347">Military</charseq>
      </extent>
    </relation_mention_argument>
  </relation_mention>
</relation>
<relation ID="CNN_IP_20030402.1600.02-2-R12" TYPE="PHYS" SUBTYPE="Located" TENSE="Unspecified" MODALITY="Asserted">
  <relation_argument REFID="CNN_IP_20030402.1600.02-2-E49" ROLE="Arg-1"/>
  <relation_argument REFID="CNN_IP_20030402.1600.02-2-E73" ROLE="Arg-2"/>
  <relation_mention ID="CNN_IP_20030402.1600.02-2-R12-1" LEXICALCONDITION="Other">
    <extent>
      <charseq START="3401" END="3489">Here at this
particular base they get their MREs, their MREs are their Meals Ready to
Eat</charseq>
    </extent>
    <relation_mention_argument REFID="CNN_IP_20030402.1600.02-2-E49-127" ROLE="Arg-1">
      <extent>
        <charseq START="3430" END="3433">they</charseq>
      </extent>
    </relation_mention_argument>
    <relation_mention_argument REFID="CNN_IP_20030402.1600.02-2-E73-125" ROLE="Arg-2">
      <extent>
        <charseq START="3401" END="3404">Here</charseq>
      </extent>
    </relation_mention_argument>
  </relation_mention>
</relation>
<relation ID="CNN_IP_20030402.1600.02-2-R13" TYPE="PHYS" SUBTYPE="Located" TENSE="Unspecified" MODALITY="Asserted">
  <relation_argument REFID="CNN_IP_20030402.1600.02-2-E50" ROLE="Arg-1"/>
  <relation_argument REFID="CNN_IP_20030402.1600.02-2-E73" ROLE="Arg-2"/>
  <relation_mention ID="CNN_IP_20030402.1600.02-2-R13-1" LEXICALCONDITION="Other">
    <extent>
      <charseq START="3595" END="3627">a lot of people here at this base</charseq>
    </extent>
    <relation_mention_argument REFID="CNN_IP_20030402.1600.02-2-E50-135" ROLE="Arg-1">
      <extent>
        <charseq START="3595" END="3627">a lot of people here at this base</charseq>
      </extent>
    </relation_mention_argument>
    <relation_mention_argument REFID="CNN_IP_20030402.1600.02-2-E73-136" ROLE="Arg-2">
      <extent>
        <charseq START="3611" END="3614">here</charseq>
      </extent>
    </relation_mention_argument>
  </relation_mention>
</relation>
<relation ID="CNN_IP_20030402.1600.02-2-R14" TYPE="ART" SUBTYPE="User-Owner-Inventor-Manufacturer" TENSE="Unspecified" MODALITY="Asserted">
  <relation_argument REFID="CNN_IP_20030402.1600.02-2-E49" ROLE="Arg-1"/>
  <relation_argument REFID="CNN_IP_20030402.1600.02-2-E57" ROLE="Arg-2"/>
  <relation_mention ID="CNN_IP_20030402.1600.02-2-R14-1" LEXICALCONDITION="Verbal">
    <extent>
      <charseq START="4330" END="4474">They also fly these HH-60
helicopters, they're the search and rescue helicopters used in case they
have to search and find somebody on the ground</charseq>
    </extent>
    <relation_mention_argument REFID="CNN_IP_20030402.1600.02-2-E49-172" ROLE="Arg-1">
      <extent>
        <charseq START="4330" END="4333">They</charseq>
      </extent>
    </relation_mention_argument>
    <relation_mention_argument REFID="CNN_IP_20030402.1600.02-2-E57-173" ROLE="Arg-2">
      <extent>
        <charseq START="4344" END="4366">these HH-60
helicopters</charseq>
      </extent>
    </relation_mention_argument>
  </relation_mention>
</relation>
<relation ID="CNN_IP_20030402.1600.02-2-R15" TYPE="PHYS" SUBTYPE="Located" TENSE="Unspecified" MODALITY="Asserted">
  <relation_argument REFID="CNN_IP_20030402.1600.02-2-E49" ROLE="Arg-1"/>
  <relation_argument REFID="CNN_IP_20030402.1600.02-2-E13" ROLE="Arg-2"/>
  <relation_mention ID="CNN_IP_20030402.1600.02-2-R15-1" LEXICALCONDITION="Verbal">
    <extent>
      <charseq START="4477" END="4503">They stage there and
refuel</charseq>
    </extent>
    <relation_mention_argument REFID="CNN_IP_20030402.1600.02-2-E49-179" ROLE="Arg-1">
      <extent>
        <charseq START="4477" END="4480">They</charseq>
      </extent>
    </relation_mention_argument>
    <relation_mention_argument REFID="CNN_IP_20030402.1600.02-2-E13-180" ROLE="Arg-2">
      <extent>
        <charseq START="4488" END="4492">there</charseq>
      </extent>
    </relation_mention_argument>
  </relation_mention>
</relation>
<relation ID="CNN_IP_20030402.1600.02-2-R16" TYPE="ORG-AFF" SUBTYPE="Membership" TENSE="Unspecified" MODALITY="Asserted">
  <relation_argument REFID="CNN_IP_20030402.1600.02-2-E62" ROLE="Arg-1"/>
  <relation_argument REFID="CNN_IP_20030402.1600.02-2-E64" ROLE="Arg-2"/>
  <relation_mention ID="CNN_IP_20030402.1600.02-2-R16-1" LEXICALCONDITION="Preposition">
    <extent>
      <charseq START="4717" END="4774">a ranking member of the Senate Foreign Relations
Committee</charseq>
    </extent>
    <relation_mention_argument REFID="CNN_IP_20030402.1600.02-2-E62-189" ROLE="Arg-1">
      <extent>
        <charseq START="4717" END="4774">a ranking member of the Senate Foreign Relations
Committee</charseq>
      </extent>
    </relation_mention_argument>
    <relation_mention_argument REFID="CNN_IP_20030402.1600.02-2-E64-190" ROLE="Arg-2">
      <extent>
        <charseq START="4737" END="4774">the Senate Foreign Relations
Committee</charseq>
      </extent>
    </relation_mention_argument>
  </relation_mention>
</relation>
<relation ID="CNN_IP_20030402.1600.02-2-R17" TYPE="PHYS" SUBTYPE="Located" TENSE="Present" MODALITY="Asserted">
  <relation_argument REFID="CNN_IP_20030402.1600.02-2-E1" ROLE="Arg-1"/>
  <relation_argument REFID="CNN_IP_20030402.1600.02-2-E73" ROLE="Arg-2"/>
  <relation_mention ID="CNN_IP_20030402.1600.02-2-R17-1" LEXICALCONDITION="Verbal">
    <extent>
      <charseq START="758" END="805">We come to you from a base
near the Iraqi border</charseq>
    </extent>
    <relation_mention_argument REFID="CNN_IP_20030402.1600.02-2-E1-5" ROLE="Arg-1">
      <extent>
        <charseq START="758" END="759">We</charseq>
      </extent>
    </relation_mention_argument>
    <relation_mention_argument REFID="CNN_IP_20030402.1600.02-2-E73-7" ROLE="Arg-2">
      <extent>
        <charseq START="778" END="805">a base
near the Iraqi border</charseq>
      </extent>
    </relation_mention_argument>
  </relation_mention>
</relation>
<event ID="CNN_IP_20030402.1600.02-2-EV1" TYPE="Movement" SUBTYPE="Transport" MODALITY="Asserted" POLARITY="Positive" GENERICITY="Specific" TENSE="Unspecified">
  <event_argument REFID="CNN_IP_20030402.1600.02-2-E22" ROLE="Agent"/>
  <event_argument REFID="CNN_IP_20030402.1600.02-2-E69" ROLE="Destination"/>
  <event_mention ID="CNN_IP_20030402.1600.02-2-EV1-1">
    <extent>
      <charseq START="147" END="194">U.S. forces rolling closer and closer to Baghdad</charseq>
    </extent>
    <ldc_scope>
      <charseq START="142" END="249">With U.S. forces rolling closer and closer to Baghdad, the military seems
to be zeroing in on the ground war</charseq>
    </ldc_scope>
    <anchor>
      <charseq START="159" END="165">rolling</charseq>
    </anchor>
    <event_mention_argument REFID="CNN_IP_20030402.1600.02-2-E22-70" ROLE="Agent">
      <extent>
        <charseq START="147" END="157">U.S. forces</charseq>
      </extent>
    </event_mention_argument>
    <event_mention_argument REFID="CNN_IP_20030402.1600.02-2-E69-198" ROLE="Destination">
      <extent>
        <charseq START="188" END="194">Baghdad</charseq>
      </extent>
    </event_mention_argument>
  </event_mention>
</event>
<event ID="CNN_IP_20030402.1600.02-2-EV2" TYPE="Conflict" SUBTYPE="Attack" MODALITY="Asserted" POLARITY="Positive" GENERICITY="Specific" TENSE="Unspecified">
  <event_argument REFID="CNN_IP_20030402.1600.02-2-E69" ROLE="Place"/>
  <event_mention ID="CNN_IP_20030402.1600.02-2-EV2-1">
    <extent>
      <charseq START="188" END="249">Baghdad, the military seems
to be zeroing in on the ground war</charseq>
    </extent>
    <ldc_scope>
      <charseq START="142" END="249">With U.S. forces rolling closer and closer to Baghdad, the military seems
to be zeroing in on the ground war</charseq>
    </ldc_scope>
    <anchor>
      <charseq START="247" END="249">war</charseq>
    </anchor>
    <event_mention_argument REFID="CNN_IP_20030402.1600.02-2-E69-198" ROLE="Place">
      <extent>
        <charseq START="188" END="194">Baghdad</charseq>
      </extent>
    </event_mention_argument>
  </event_mention>
</event>
<event ID="CNN_IP_20030402.1600.02-2-EV3" TYPE="Conflict" SUBTYPE="Attack" MODALITY="Asserted" POLARITY="Positive" GENERICITY="Specific" TENSE="Unspecified">
  <event_argument REFID="CNN_IP_20030402.1600.02-2-T13" ROLE="Time-Before"/>
  <event_mention ID="CNN_IP_20030402.1600.02-2-EV3-1">
    <extent>
      <charseq START="522" END="548">two weeks after the air war</charseq>
    </extent>
    <ldc_scope>
      <charseq START="519" END="616">In two weeks after the air war began, there is
no let-up and no effective response from the Iraqis</charseq>
    </ldc_scope>
    <anchor>
      <charseq START="546" END="548">war</charseq>
    </anchor>
    <event_mention_argument REFID="CNN_IP_20030402.1600.02-2-T13-1" ROLE="Time-Before">
      <extent>
        <charseq START="522" END="530">two weeks</charseq>
      </extent>
    </event_mention_argument>
  </event_mention>
</event>
<event ID="CNN_IP_20030402.1600.02-2-EV4" TYPE="Movement" SUBTYPE="Transport" MODALITY="Asserted" POLARITY="Positive" GENERICITY="Specific" TENSE="Unspecified">
  <event_argument REFID="CNN_IP_20030402.1600.02-2-E77" ROLE="Artifact"/>
  <event_argument REFID="CNN_IP_20030402.1600.02-2-E29" ROLE="Destination"/>
  <event_mention ID="CNN_IP_20030402.1600.02-2-EV4-1">
    <extent>
      <charseq START="676" END="755">more 200 coalition aircraft either
over Iraq, flying to Iraq or flying from Iraq</charseq>
    </extent>
    <ldc_scope>
      <charseq START="619" END="755">According to the Air
Force, at any given time, there are more 200 coalition aircraft either
over Iraq, flying to Iraq or flying from Iraq</charseq>
    </ldc_scope>
    <anchor>
      <charseq START="722" END="727">flying</charseq>
    </anchor>
    <event_mention_argument REFID="CNN_IP_20030402.1600.02-2-E77-211" ROLE="Artifact">
      <extent>
        <charseq START="676" END="755">more 200 coalition aircraft either
over Iraq, flying to Iraq or flying from Iraq</charseq>
      </extent>
    </event_mention_argument>
    <event_mention_argument REFID="CNN_IP_20030402.1600.02-2-E29-3" ROLE="Destination">
      <extent>
        <charseq START="732" END="735">Iraq</charseq>
      </extent>
    </event_mention_argument>
  </event_mention>
</event>
<event ID="CNN_IP_20030402.1600.02-2-EV5" TYPE="Movement" SUBTYPE="Transport" MODALITY="Asserted" POLARITY="Positive" GENERICITY="Specific" TENSE="Unspecified">
  <event_argument REFID="CNN_IP_20030402.1600.02-2-E77" ROLE="Artifact"/>
  <event_argument REFID="CNN_IP_20030402.1600.02-2-E29" ROLE="Origin"/>
  <event_mention ID="CNN_IP_20030402.1600.02-2-EV5-1">
    <extent>
      <charseq START="676" END="755">more 200 coalition aircraft either
over Iraq, flying to Iraq or flying from Iraq</charseq>
    </extent>
    <ldc_scope>
      <charseq START="619" END="755">According to the Air
Force, at any given time, there are more 200 coalition aircraft either
over Iraq, flying to Iraq or flying from Iraq</charseq>
    </ldc_scope>
    <anchor>
      <charseq START="740" END="745">flying</charseq>
    </anchor>
    <event_mention_argument REFID="CNN_IP_20030402.1600.02-2-E77-211" ROLE="Artifact">
      <extent>
        <charseq START="676" END="755">more 200 coalition aircraft either
over Iraq, flying to Iraq or flying from Iraq</charseq>
      </extent>
    </event_mention_argument>
    <event_mention_argument REFID="CNN_IP_20030402.1600.02-2-E29-4" ROLE="Origin">
      <extent>
        <charseq START="752" END="755">Iraq</charseq>
      </extent>
    </event_mention_argument>
  </event_mention>
</event>
<event ID="CNN_IP_20030402.1600.02-2-EV6" TYPE="Movement" SUBTYPE="Transport" MODALITY="Other" POLARITY="Positive" GENERICITY="Specific" TENSE="Unspecified">
  <event_argument REFID="CNN_IP_20030402.1600.02-2-E15" ROLE="Person"/>
  <event_argument REFID="CNN_IP_20030402.1600.02-2-E13" ROLE="Destination"/>
  <event_mention ID="CNN_IP_20030402.1600.02-2-EV6-1">
    <extent>
      <charseq START="1152" END="1167">you arrive there</charseq>
    </extent>
    <ldc_scope>
      <charseq START="1143" END="1213">And when you arrive there, you are greeted in a sense by Saddam Hussein</charseq>
    </ldc_scope>
    <anchor>
      <charseq START="1156" END="1161">arrive</charseq>
    </anchor>
    <event_mention_argument REFID="CNN_IP_20030402.1600.02-2-E15-34" ROLE="Person">
      <extent>
        <charseq START="1152" END="1154">you</charseq>
      </extent>
    </event_mention_argument>
    <event_mention_argument REFID="CNN_IP_20030402.1600.02-2-E13-35" ROLE="Destination">
      <extent>
        <charseq START="1163" END="1167">there</charseq>
      </extent>
    </event_mention_argument>
  </event_mention>
</event>
<event ID="CNN_IP_20030402.1600.02-2-EV7" TYPE="Movement" SUBTYPE="Transport" MODALITY="Other" POLARITY="Positive" GENERICITY="Specific" TENSE="Unspecified">
  <event_argument REFID="CNN_IP_20030402.1600.02-2-E15" ROLE="Person"/>
  <event_argument REFID="CNN_IP_20030402.1600.02-2-E13" ROLE="Destination"/>
  <event_mention ID="CNN_IP_20030402.1600.02-2-EV7-1">
    <extent>
      <charseq START="1427" END="1470">you drive down the road coming into
the base</charseq>
    </extent>
    <ldc_scope>
      <charseq START="1397" END="1509">You know you are in Iraq when you drive down the road coming into
the base and see the portrait of Saddam Hussein</charseq>
    </ldc_scope>
    <anchor>
      <charseq START="1431" END="1435">drive</charseq>
    </anchor>
    <event_mention_argument REFID="CNN_IP_20030402.1600.02-2-E15-52" ROLE="Person">
      <extent>
        <charseq START="1427" END="1429">you</charseq>
      </extent>
    </event_mention_argument>
    <event_mention_argument REFID="CNN_IP_20030402.1600.02-2-E13-54" ROLE="Destination">
      <extent>
        <charseq START="1463" END="1470">the base</charseq>
      </extent>
    </event_mention_argument>
  </event_mention>
</event>
<event ID="CNN_IP_20030402.1600.02-2-EV8" TYPE="Movement" SUBTYPE="Transport" MODALITY="Asserted" POLARITY="Positive" GENERICITY="Specific" TENSE="Past">
  <event_argument REFID="CNN_IP_20030402.1600.02-2-E21" ROLE="Person"/>
  <event_argument REFID="CNN_IP_20030402.1600.02-2-E13" ROLE="Destination"/>
  <event_mention ID="CNN_IP_20030402.1600.02-2-EV8-1">
    <extent>
      <charseq START="1552" END="1572">who have arrived here</charseq>
    </extent>
    <ldc_scope>
      <charseq START="1512" END="1655">What's happen is the
military personnel who have arrived here have taken out their markers and
are writing messages on Saddam Hussein's portrait</charseq>
    </ldc_scope>
    <anchor>
      <charseq START="1561" END="1567">arrived</charseq>
    </anchor>
    <event_mention_argument REFID="CNN_IP_20030402.1600.02-2-E21-58" ROLE="Person">
      <extent>
        <charseq START="1552" END="1572">who have arrived here</charseq>
      </extent>
    </event_mention_argument>
    <event_mention_argument REFID="CNN_IP_20030402.1600.02-2-E13-59" ROLE="Destination">
      <extent>
        <charseq START="1569" END="1572">here</charseq>
      </extent>
    </event_mention_argument>
  </event_mention>
</event>
<event ID="CNN_IP_20030402.1600.02-2-EV9" TYPE="Conflict" SUBTYPE="Attack" MODALITY="Asserted" POLARITY="Positive" GENERICITY="Specific" TENSE="Unspecified">
  <event_mention ID="CNN_IP_20030402.1600.02-2-EV9-1">
    <extent>
      <charseq START="4832" END="4834">war</charseq>
    </extent>
    <ldc_scope>
      <charseq START="4694" END="4843">I will
be talking with a ranking member of the Senate Foreign Relations
Committee, Senator Joe Biden, just ahead, for his take on how the war is
going</charseq>
    </ldc_scope>
    <anchor>
      <charseq START="4832" END="4834">war</charseq>
    </anchor>
  </event_mention>
</event>
</document>
</source_file>
