<?xml version="1.0"?>
<!DOCTYPE source_file SYSTEM "apf.v5.1.1.dtd">
<source_file URI="CNN_IP_20030417.1600.06.sgm" SOURCE="broadcast conversation" TYPE="text" AUTHOR="LDC" ENCODING="UTF-8">
<document DOCID="CNN_IP_20030417.1600.06">
<entity ID="CNN_IP_20030417.1600.06-E1" TYPE="WEA" SUBTYPE="Exploding" CLASS="GEN">
  <entity_mention ID="CNN_IP_20030417.1600.06-E1-2" TYPE="NOM" LDCTYPE="NOMPRE">
    <extent>
      <charseq START="520" END="526">grenade</charseq>
    </extent>
    <head>
      <charseq START="520" END="526">grenade</charseq>
    </head>
  </entity_mention>
</entity>
<entity ID="CNN_IP_20030417.1600.06-E2" TYPE="PER" SUBTYPE="Individual" CLASS="SPC">
  <entity_mention ID="CNN_IP_20030417.1600.06-E2-3" TYPE="NOM" LDCTYPE="NOM">
    <extent>
      <charseq START="538" END="553">a fellow soldier</charseq>
    </extent>
    <head>
      <charseq START="547" END="553">soldier</charseq>
    </head>
  </entity_mention>
</entity>
<entity ID="CNN_IP_20030417.1600.06-E3" TYPE="PER" SUBTYPE="Individual" CLASS="SPC">
  <entity_mention ID="CNN_IP_20030417.1600.06-E3-4" TYPE="PRO" LDCTYPE="PRO">
    <extent>
      <charseq START="616" END="616">I</charseq>
    </extent>
    <head>
      <charseq START="616" END="616">I</charseq>
    </head>
  </entity_mention>
  <entity_mention ID="CNN_IP_20030417.1600.06-E3-5" TYPE="NAM" LDCTYPE="NAM">
    <extent>
      <charseq START="620" END="632">Judy
Woodruff</charseq>
    </extent>
    <head>
      <charseq START="620" END="632">Judy
Woodruff</charseq>
    </head>
  </entity_mention>
  <entity_attributes>
    <name NAME="Judy Woodruff">
      <charseq START="620" END="632">Judy
Woodruff</charseq>
    </name>
  </entity_attributes>
</entity>
<entity ID="CNN_IP_20030417.1600.06-E4" TYPE="ORG" SUBTYPE="Media" CLASS="SPC">
  <entity_mention ID="CNN_IP_20030417.1600.06-E4-6" TYPE="PRO" LDCTYPE="PRO">
    <extent>
      <charseq START="635" END="636">We</charseq>
    </extent>
    <head>
      <charseq START="635" END="636">We</charseq>
    </head>
  </entity_mention>
  <entity_mention ID="CNN_IP_20030417.1600.06-E4-8" TYPE="PRO" LDCTYPE="PRO">
    <extent>
      <charseq START="660" END="661">us</charseq>
    </extent>
    <head>
      <charseq START="660" END="661">us</charseq>
    </head>
  </entity_mention>
</entity>
<entity ID="CNN_IP_20030417.1600.06-E5" TYPE="PER" SUBTYPE="Group" CLASS="GEN">
  <entity_mention ID="CNN_IP_20030417.1600.06-E5-7" TYPE="PRO" LDCTYPE="PRO">
    <extent>
      <charseq START="644" END="646">you</charseq>
    </extent>
    <head>
      <charseq START="644" END="646">you</charseq>
    </head>
  </entity_mention>
</entity>
<entity ID="CNN_IP_20030417.1600.06-E6" TYPE="PER" SUBTYPE="Group" CLASS="SPC">
  <entity_mention ID="CNN_IP_20030417.1600.06-E6-1" TYPE="NOM" LDCTYPE="NOM">
    <extent>
      <charseq START="129" END="189">Two Americans who gave their lives to Operation Iraqi Freedom</charseq>
    </extent>
    <head>
      <charseq START="133" END="141">Americans</charseq>
    </head>
  </entity_mention>
  <entity_mention ID="CNN_IP_20030417.1600.06-E6-9" TYPE="PRO" LDCTYPE="WHQ">
    <extent>
      <charseq START="143" END="145">who</charseq>
    </extent>
    <head>
      <charseq START="143" END="145">who</charseq>
    </head>
  </entity_mention>
  <entity_mention ID="CNN_IP_20030417.1600.06-E6-10" TYPE="PRO" LDCTYPE="PRO">
    <extent>
      <charseq START="152" END="156">their</charseq>
    </extent>
    <head>
      <charseq START="152" END="156">their</charseq>
    </head>
  </entity_mention>
</entity>
<entity ID="CNN_IP_20030417.1600.06-E7" TYPE="LOC" SUBTYPE="Address" CLASS="SPC">
  <entity_mention ID="CNN_IP_20030417.1600.06-E7-11" TYPE="NAM" LDCTYPE="NAM">
    <extent>
      <charseq START="206" END="232">Arlington National Cemetery</charseq>
    </extent>
    <head>
      <charseq START="206" END="232">Arlington National Cemetery</charseq>
    </head>
  </entity_mention>
  <entity_mention ID="CNN_IP_20030417.1600.06-E7-23" TYPE="NAM" LDCTYPE="NAM">
    <extent>
      <charseq START="482" END="490">Arlington</charseq>
    </extent>
    <head>
      <charseq START="482" END="490">Arlington</charseq>
    </head>
  </entity_mention>
  <entity_attributes>
    <name NAME="Arlington National Cemetery">
      <charseq START="206" END="232">Arlington National Cemetery</charseq>
    </name>
    <name NAME="Arlington">
      <charseq START="482" END="490">Arlington</charseq>
    </name>
  </entity_attributes>
</entity>
<entity ID="CNN_IP_20030417.1600.06-E8" TYPE="PER" SUBTYPE="Individual" CLASS="SPC">
  <entity_mention ID="CNN_IP_20030417.1600.06-E8-12" TYPE="NAM" LDCTYPE="NAM" LDCATR="FALSE">
    <extent>
      <charseq START="241" END="275">Marine Lance Corporal Patrick Nixon</charseq>
    </extent>
    <head>
      <charseq START="263" END="275">Patrick Nixon</charseq>
    </head>
  </entity_mention>
  <entity_mention ID="CNN_IP_20030417.1600.06-E8-13" TYPE="NOM" LDCTYPE="NOMPRE" LDCATR="FALSE">
    <extent>
      <charseq START="241" END="261">Marine Lance Corporal</charseq>
    </extent>
    <head>
      <charseq START="254" END="261">Corporal</charseq>
    </head>
  </entity_mention>
  <entity_mention ID="CNN_IP_20030417.1600.06-E8-15" TYPE="PRO" LDCTYPE="PTV" LDCATR="FALSE">
    <extent>
      <charseq START="281" END="336">one of 17 killed in an ambush near Nasiriyah on March 23</charseq>
    </extent>
    <head>
      <charseq START="281" END="283">one</charseq>
    </head>
  </entity_mention>
  <entity_mention ID="CNN_IP_20030417.1600.06-E8-17" TYPE="PRO" LDCTYPE="PRO" LDCATR="FALSE">
    <extent>
      <charseq START="339" END="340">He</charseq>
    </extent>
    <head>
      <charseq START="339" END="340">He</charseq>
    </head>
  </entity_mention>
  <entity_mention ID="CNN_IP_20030417.1600.06-E8-18" TYPE="NOM" LDCTYPE="NOM" LDCATR="TRUE">
    <extent>
      <charseq START="363" END="400">the first Tennessean to die in the war</charseq>
    </extent>
    <head>
      <charseq START="373" END="382">Tennessean</charseq>
    </head>
  </entity_mention>
  <entity_attributes>
    <name NAME="Patrick Nixon">
      <charseq START="263" END="275">Patrick Nixon</charseq>
    </name>
  </entity_attributes>
</entity>
<entity ID="CNN_IP_20030417.1600.06-E10" TYPE="ORG" SUBTYPE="Government" CLASS="SPC">
  <entity_mention ID="CNN_IP_20030417.1600.06-E10-14" TYPE="NAM" LDCTYPE="NAMPRE">
    <extent>
      <charseq START="241" END="246">Marine</charseq>
    </extent>
    <head>
      <charseq START="241" END="246">Marine</charseq>
    </head>
  </entity_mention>
  <entity_attributes>
    <name NAME="Marine">
      <charseq START="241" END="246">Marine</charseq>
    </name>
  </entity_attributes>
</entity>
<entity ID="CNN_IP_20030417.1600.06-E12" TYPE="GPE" SUBTYPE="Population-Center" CLASS="SPC">
  <entity_mention ID="CNN_IP_20030417.1600.06-E12-16" TYPE="NAM" LDCTYPE="NAM" ROLE="LOC">
    <extent>
      <charseq START="316" END="324">Nasiriyah</charseq>
    </extent>
    <head>
      <charseq START="316" END="324">Nasiriyah</charseq>
    </head>
  </entity_mention>
  <entity_attributes>
    <name NAME="Nasiriyah">
      <charseq START="316" END="324">Nasiriyah</charseq>
    </name>
  </entity_attributes>
</entity>
<entity ID="CNN_IP_20030417.1600.06-E14" TYPE="PER" SUBTYPE="Individual" CLASS="SPC">
  <entity_mention ID="CNN_IP_20030417.1600.06-E14-19" TYPE="NAM" LDCTYPE="NAM" LDCATR="FALSE">
    <extent>
      <charseq START="407" END="454">Idaho Air
National Guardsman Major Gregory Stone</charseq>
    </extent>
    <head>
      <charseq START="442" END="454">Gregory Stone</charseq>
    </head>
  </entity_mention>
  <entity_mention ID="CNN_IP_20030417.1600.06-E14-21" TYPE="NOM" LDCTYPE="NOMPRE" LDCATR="FALSE">
    <extent>
      <charseq START="436" END="440">Major</charseq>
    </extent>
    <head>
      <charseq START="436" END="440">Major</charseq>
    </head>
  </entity_mention>
  <entity_mention ID="CNN_IP_20030417.1600.06-E14-22" TYPE="NOM" LDCTYPE="NOMPRE" LDCATR="TRUE">
    <extent>
      <charseq START="407" END="434">Idaho Air
National Guardsman</charseq>
    </extent>
    <head>
      <charseq START="426" END="434">Guardsman</charseq>
    </head>
  </entity_mention>
  <entity_mention ID="CNN_IP_20030417.1600.06-E14-24" TYPE="PRO" LDCTYPE="PRO" LDCATR="FALSE">
    <extent>
      <charseq START="493" END="494">He</charseq>
    </extent>
    <head>
      <charseq START="493" END="494">He</charseq>
    </head>
  </entity_mention>
  <entity_attributes>
    <name NAME="Gregory Stone">
      <charseq START="442" END="454">Gregory Stone</charseq>
    </name>
  </entity_attributes>
</entity>
<entity ID="CNN_IP_20030417.1600.06-E15" TYPE="GPE" SUBTYPE="State-or-Province" CLASS="SPC">
  <entity_mention ID="CNN_IP_20030417.1600.06-E15-20" TYPE="NAM" LDCTYPE="NAMPRE" ROLE="GPE">
    <extent>
      <charseq START="407" END="411">Idaho</charseq>
    </extent>
    <head>
      <charseq START="407" END="411">Idaho</charseq>
    </head>
  </entity_mention>
  <entity_attributes>
    <name NAME="Idaho">
      <charseq START="407" END="411">Idaho</charseq>
    </name>
  </entity_attributes>
</entity>
<timex2 ID="CNN_IP_20030417.1600.06-T1">
  <timex2_mention ID="CNN_IP_20030417.1600.06-T1-1">
    <extent>
      <charseq START="36" END="60">2003-04-17T16:00:00-05:00</charseq>
    </extent>
  </timex2_mention>
</timex2>
<timex2 ID="CNN_IP_20030417.1600.06-T2">
  <timex2_mention ID="CNN_IP_20030417.1600.06-T2-1">
    <extent>
      <charseq START="329" END="336">March 23</charseq>
    </extent>
  </timex2_mention>
</timex2>
<timex2 ID="CNN_IP_20030417.1600.06-T3">
  <timex2_mention ID="CNN_IP_20030417.1600.06-T3-1">
    <extent>
      <charseq START="234" END="238">today</charseq>
    </extent>
  </timex2_mention>
</timex2>
<relation ID="CNN_IP_20030417.1600.06-R1" TYPE="PHYS" SUBTYPE="Located" TENSE="Unspecified" MODALITY="Asserted">
  <relation_argument REFID="CNN_IP_20030417.1600.06-E6" ROLE="Arg-1"/>
  <relation_argument REFID="CNN_IP_20030417.1600.06-E7" ROLE="Arg-2"/>
  <relation_argument REFID="CNN_IP_20030417.1600.06-T3" ROLE="Time-Within"/>
  <relation_mention ID="CNN_IP_20030417.1600.06-R1-1" LEXICALCONDITION="Verbal">
    <extent>
      <charseq START="129" END="238">Two Americans who gave their lives to Operation Iraqi Freedom were buried
at Arlington National Cemetery today</charseq>
    </extent>
    <relation_mention_argument REFID="CNN_IP_20030417.1600.06-E6-1" ROLE="Arg-1">
      <extent>
        <charseq START="129" END="189">Two Americans who gave their lives to Operation Iraqi Freedom</charseq>
      </extent>
    </relation_mention_argument>
    <relation_mention_argument REFID="CNN_IP_20030417.1600.06-E7-11" ROLE="Arg-2">
      <extent>
        <charseq START="206" END="232">Arlington National Cemetery</charseq>
      </extent>
    </relation_mention_argument>
    <relation_mention_argument REFID="CNN_IP_20030417.1600.06-T3-1" ROLE="Time-Within">
      <extent>
        <charseq START="234" END="238">today</charseq>
      </extent>
    </relation_mention_argument>
  </relation_mention>
</relation>
<relation ID="CNN_IP_20030417.1600.06-R2" TYPE="ORG-AFF" SUBTYPE="Employment" TENSE="Unspecified" MODALITY="Asserted">
  <relation_argument REFID="CNN_IP_20030417.1600.06-E8" ROLE="Arg-1"/>
  <relation_argument REFID="CNN_IP_20030417.1600.06-E10" ROLE="Arg-2"/>
  <relation_mention ID="CNN_IP_20030417.1600.06-R2-1" LEXICALCONDITION="PreMod">
    <extent>
      <charseq START="241" END="261">Marine Lance Corporal</charseq>
    </extent>
    <relation_mention_argument REFID="CNN_IP_20030417.1600.06-E8-13" ROLE="Arg-1">
      <extent>
        <charseq START="241" END="261">Marine Lance Corporal</charseq>
      </extent>
    </relation_mention_argument>
    <relation_mention_argument REFID="CNN_IP_20030417.1600.06-E10-14" ROLE="Arg-2">
      <extent>
        <charseq START="241" END="246">Marine</charseq>
      </extent>
    </relation_mention_argument>
  </relation_mention>
</relation>
<relation ID="CNN_IP_20030417.1600.06-R3" TYPE="GEN-AFF" SUBTYPE="Citizen-Resident-Religion-Ethnicity" TENSE="Unspecified" MODALITY="Asserted">
  <relation_argument REFID="CNN_IP_20030417.1600.06-E14" ROLE="Arg-1"/>
  <relation_argument REFID="CNN_IP_20030417.1600.06-E15" ROLE="Arg-2"/>
  <relation_mention ID="CNN_IP_20030417.1600.06-R3-1" LEXICALCONDITION="PreMod">
    <extent>
      <charseq START="407" END="434">Idaho Air
National Guardsman</charseq>
    </extent>
    <relation_mention_argument REFID="CNN_IP_20030417.1600.06-E14-22" ROLE="Arg-1">
      <extent>
        <charseq START="407" END="434">Idaho Air
National Guardsman</charseq>
      </extent>
    </relation_mention_argument>
    <relation_mention_argument REFID="CNN_IP_20030417.1600.06-E15-20" ROLE="Arg-2">
      <extent>
        <charseq START="407" END="411">Idaho</charseq>
      </extent>
    </relation_mention_argument>
  </relation_mention>
</relation>
<relation ID="CNN_IP_20030417.1600.06-R4" TYPE="PHYS" SUBTYPE="Located" TENSE="Unspecified" MODALITY="Asserted">
  <relation_argument REFID="CNN_IP_20030417.1600.06-E14" ROLE="Arg-1"/>
  <relation_argument REFID="CNN_IP_20030417.1600.06-E7" ROLE="Arg-2"/>
  <relation_mention ID="CNN_IP_20030417.1600.06-R4-1" LEXICALCONDITION="Verbal">
    <extent>
      <charseq START="403" END="490">And Idaho Air
National Guardsman Major Gregory Stone was buried with honors at
Arlington</charseq>
    </extent>
    <relation_mention_argument REFID="CNN_IP_20030417.1600.06-E14-19" ROLE="Arg-1">
      <extent>
        <charseq START="407" END="454">Idaho Air
National Guardsman Major Gregory Stone</charseq>
      </extent>
    </relation_mention_argument>
    <relation_mention_argument REFID="CNN_IP_20030417.1600.06-E7-23" ROLE="Arg-2">
      <extent>
        <charseq START="482" END="490">Arlington</charseq>
      </extent>
    </relation_mention_argument>
  </relation_mention>
</relation>
<event ID="CNN_IP_20030417.1600.06-EV1" TYPE="Life" SUBTYPE="Injure" MODALITY="Asserted" POLARITY="Positive" GENERICITY="Specific" TENSE="Past">
  <event_argument REFID="CNN_IP_20030417.1600.06-E1" ROLE="Instrument"/>
  <event_argument REFID="CNN_IP_20030417.1600.06-E14" ROLE="Victim"/>
  <event_argument REFID="CNN_IP_20030417.1600.06-E2" ROLE="Agent"/>
  <event_mention ID="CNN_IP_20030417.1600.06-EV1-1">
    <extent>
      <charseq START="493" END="553">He died of injuries from a grenade attack by a fellow soldier</charseq>
    </extent>
    <ldc_scope>
      <charseq START="493" END="553">He died of injuries from a grenade attack by a fellow soldier</charseq>
    </ldc_scope>
    <anchor>
      <charseq START="504" END="511">injuries</charseq>
    </anchor>
    <event_mention_argument REFID="CNN_IP_20030417.1600.06-E1-2" ROLE="Instrument">
      <extent>
        <charseq START="520" END="526">grenade</charseq>
      </extent>
    </event_mention_argument>
    <event_mention_argument REFID="CNN_IP_20030417.1600.06-E14-24" ROLE="Victim">
      <extent>
        <charseq START="493" END="494">He</charseq>
      </extent>
    </event_mention_argument>
    <event_mention_argument REFID="CNN_IP_20030417.1600.06-E2-3" ROLE="Agent">
      <extent>
        <charseq START="538" END="553">a fellow soldier</charseq>
      </extent>
    </event_mention_argument>
  </event_mention>
</event>
<event ID="CNN_IP_20030417.1600.06-EV2" TYPE="Conflict" SUBTYPE="Attack" MODALITY="Asserted" POLARITY="Positive" GENERICITY="Specific" TENSE="Unspecified">
  <event_mention ID="CNN_IP_20030417.1600.06-EV2-1">
    <extent>
      <charseq START="167" END="189">Operation Iraqi Freedom</charseq>
    </extent>
    <ldc_scope>
      <charseq START="167" END="189">Operation Iraqi Freedom</charseq>
    </ldc_scope>
    <anchor>
      <charseq START="167" END="189">Operation Iraqi Freedom</charseq>
    </anchor>
  </event_mention>
</event>
<event ID="CNN_IP_20030417.1600.06-EV3" TYPE="Life" SUBTYPE="Die" MODALITY="Asserted" POLARITY="Positive" GENERICITY="Specific" TENSE="Past">
  <event_argument REFID="CNN_IP_20030417.1600.06-E8" ROLE="Victim"/>
  <event_argument REFID="CNN_IP_20030417.1600.06-E12" ROLE="Place"/>
  <event_argument REFID="CNN_IP_20030417.1600.06-T2" ROLE="Time-Within"/>
  <event_mention ID="CNN_IP_20030417.1600.06-EV3-1">
    <extent>
      <charseq START="281" END="336">one of 17 killed in an ambush near Nasiriyah on March 23</charseq>
    </extent>
    <ldc_scope>
      <charseq START="241" END="336">Marine Lance Corporal Patrick Nixon
was one of 17 killed in an ambush near Nasiriyah on March 23</charseq>
    </ldc_scope>
    <anchor>
      <charseq START="291" END="296">killed</charseq>
    </anchor>
    <event_mention_argument REFID="CNN_IP_20030417.1600.06-E8-15" ROLE="Victim">
      <extent>
        <charseq START="281" END="336">one of 17 killed in an ambush near Nasiriyah on March 23</charseq>
      </extent>
    </event_mention_argument>
    <event_mention_argument REFID="CNN_IP_20030417.1600.06-E12-16" ROLE="Place">
      <extent>
        <charseq START="316" END="324">Nasiriyah</charseq>
      </extent>
    </event_mention_argument>
    <event_mention_argument REFID="CNN_IP_20030417.1600.06-T2-1" ROLE="Time-Within">
      <extent>
        <charseq START="329" END="336">March 23</charseq>
      </extent>
    </event_mention_argument>
  </event_mention>
  <event_mention ID="CNN_IP_20030417.1600.06-EV3-2">
    <extent>
      <charseq START="363" END="400">the first Tennessean to die in the war</charseq>
    </extent>
    <ldc_scope>
      <charseq START="339" END="400">He was 21
years old and the first Tennessean to die in the war</charseq>
    </ldc_scope>
    <anchor>
      <charseq START="387" END="389">die</charseq>
    </anchor>
    <event_mention_argument REFID="CNN_IP_20030417.1600.06-E8-18" ROLE="Victim">
      <extent>
        <charseq START="363" END="400">the first Tennessean to die in the war</charseq>
      </extent>
    </event_mention_argument>
  </event_mention>
</event>
<event ID="CNN_IP_20030417.1600.06-EV4" TYPE="Conflict" SUBTYPE="Attack" MODALITY="Asserted" POLARITY="Positive" GENERICITY="Specific" TENSE="Past">
  <event_argument REFID="CNN_IP_20030417.1600.06-E12" ROLE="Place"/>
  <event_argument REFID="CNN_IP_20030417.1600.06-T2" ROLE="Time-Within"/>
  <event_mention ID="CNN_IP_20030417.1600.06-EV4-1">
    <extent>
      <charseq START="304" END="336">ambush near Nasiriyah on March 23</charseq>
    </extent>
    <ldc_scope>
      <charseq START="241" END="336">Marine Lance Corporal Patrick Nixon
was one of 17 killed in an ambush near Nasiriyah on March 23</charseq>
    </ldc_scope>
    <anchor>
      <charseq START="304" END="309">ambush</charseq>
    </anchor>
    <event_mention_argument REFID="CNN_IP_20030417.1600.06-E12-16" ROLE="Place">
      <extent>
        <charseq START="316" END="324">Nasiriyah</charseq>
      </extent>
    </event_mention_argument>
    <event_mention_argument REFID="CNN_IP_20030417.1600.06-T2-1" ROLE="Time-Within">
      <extent>
        <charseq START="329" END="336">March 23</charseq>
      </extent>
    </event_mention_argument>
  </event_mention>
</event>
<event ID="CNN_IP_20030417.1600.06-EV5" TYPE="Life" SUBTYPE="Die" MODALITY="Asserted" POLARITY="Positive" GENERICITY="Specific" TENSE="Past">
  <event_argument REFID="CNN_IP_20030417.1600.06-E1" ROLE="Instrument"/>
  <event_argument REFID="CNN_IP_20030417.1600.06-E14" ROLE="Victim"/>
  <event_argument REFID="CNN_IP_20030417.1600.06-E2" ROLE="Agent"/>
  <event_mention ID="CNN_IP_20030417.1600.06-EV5-1">
    <extent>
      <charseq START="493" END="553">He died of injuries from a grenade attack by a fellow soldier</charseq>
    </extent>
    <ldc_scope>
      <charseq START="493" END="553">He died of injuries from a grenade attack by a fellow soldier</charseq>
    </ldc_scope>
    <anchor>
      <charseq START="496" END="499">died</charseq>
    </anchor>
    <event_mention_argument REFID="CNN_IP_20030417.1600.06-E1-2" ROLE="Instrument">
      <extent>
        <charseq START="520" END="526">grenade</charseq>
      </extent>
    </event_mention_argument>
    <event_mention_argument REFID="CNN_IP_20030417.1600.06-E14-24" ROLE="Victim">
      <extent>
        <charseq START="493" END="494">He</charseq>
      </extent>
    </event_mention_argument>
    <event_mention_argument REFID="CNN_IP_20030417.1600.06-E2-3" ROLE="Agent">
      <extent>
        <charseq START="538" END="553">a fellow soldier</charseq>
      </extent>
    </event_mention_argument>
  </event_mention>
</event>
</document>
</source_file>
