<?xml version="1.0"?>
<!DOCTYPE source_file SYSTEM "apf.v5.1.1.dtd">
<source_file URI="CNN_IP_20030403.1600.00-2.sgm" SOURCE="broadcast conversation" TYPE="text" AUTHOR="LDC" ENCODING="UTF-8">
<document DOCID="CNN_IP_20030403.1600.00-2">
<entity ID="CNN_IP_20030403.1600.00-2-E1" TYPE="PER" SUBTYPE="Group" CLASS="SPC">
  <entity_mention ID="CNN_IP_20030403.1600.00-2-E1-2" TYPE="NOM" LDCTYPE="NOM">
    <extent>
      <charseq START="587" END="597">the doctors</charseq>
    </extent>
    <head>
      <charseq START="591" END="597">doctors</charseq>
    </head>
  </entity_mention>
  <entity_mention ID="CNN_IP_20030403.1600.00-2-E1-3" TYPE="PRO" LDCTYPE="PRO">
    <extent>
      <charseq START="604" END="607">they</charseq>
    </extent>
    <head>
      <charseq START="604" END="607">they</charseq>
    </head>
  </entity_mention>
  <entity_mention ID="CNN_IP_20030403.1600.00-2-E1-19" TYPE="PRO" LDCTYPE="PRO">
    <extent>
      <charseq START="1084" END="1087">They</charseq>
    </extent>
    <head>
      <charseq START="1084" END="1087">They</charseq>
    </head>
  </entity_mention>
  <entity_mention ID="CNN_IP_20030403.1600.00-2-E1-31" TYPE="PRO" LDCTYPE="PRO">
    <extent>
      <charseq START="1588" END="1591">They</charseq>
    </extent>
    <head>
      <charseq START="1588" END="1591">They</charseq>
    </head>
  </entity_mention>
  <entity_mention ID="CNN_IP_20030403.1600.00-2-E1-46" TYPE="PRO" LDCTYPE="PRO">
    <extent>
      <charseq START="2090" END="2093">they</charseq>
    </extent>
    <head>
      <charseq START="2090" END="2093">they</charseq>
    </head>
  </entity_mention>
  <entity_mention ID="CNN_IP_20030403.1600.00-2-E1-47" TYPE="PRO" LDCTYPE="PRO">
    <extent>
      <charseq START="2140" END="2143">They</charseq>
    </extent>
    <head>
      <charseq START="2140" END="2143">They</charseq>
    </head>
  </entity_mention>
  <entity_mention ID="CNN_IP_20030403.1600.00-2-E1-50" TYPE="PRO" LDCTYPE="PRO">
    <extent>
      <charseq START="2228" END="2231">they</charseq>
    </extent>
    <head>
      <charseq START="2228" END="2231">they</charseq>
    </head>
  </entity_mention>
  <entity_mention ID="CNN_IP_20030403.1600.00-2-E1-52" TYPE="PRO" LDCTYPE="PRO">
    <extent>
      <charseq START="2242" END="2245">they</charseq>
    </extent>
    <head>
      <charseq START="2242" END="2245">they</charseq>
    </head>
  </entity_mention>
  <entity_mention ID="CNN_IP_20030403.1600.00-2-E1-95" TYPE="NOM" LDCTYPE="NOM">
    <extent>
      <charseq START="3088" END="3098">the doctors</charseq>
    </extent>
    <head>
      <charseq START="3092" END="3098">doctors</charseq>
    </head>
  </entity_mention>
  <entity_mention ID="CNN_IP_20030403.1600.00-2-E1-98" TYPE="PRO" LDCTYPE="PRO">
    <extent>
      <charseq START="3220" END="3223">They</charseq>
    </extent>
    <head>
      <charseq START="3220" END="3223">They</charseq>
    </head>
  </entity_mention>
  <entity_mention ID="CNN_IP_20030403.1600.00-2-E1-102" TYPE="NOM" LDCTYPE="NOM">
    <extent>
      <charseq START="3307" END="3317">the doctors</charseq>
    </extent>
    <head>
      <charseq START="3311" END="3317">doctors</charseq>
    </head>
  </entity_mention>
</entity>
<entity ID="CNN_IP_20030403.1600.00-2-E2" TYPE="PER" SUBTYPE="Individual" CLASS="SPC">
  <entity_mention ID="CNN_IP_20030403.1600.00-2-E2-15" TYPE="PRO" LDCTYPE="PRO" LDCATR="FALSE">
    <extent>
      <charseq START="975" END="977">you</charseq>
    </extent>
    <head>
      <charseq START="975" END="977">you</charseq>
    </head>
  </entity_mention>
  <entity_mention ID="CNN_IP_20030403.1600.00-2-E2-16" TYPE="PRO" LDCTYPE="PRO" LDCATR="FALSE">
    <extent>
      <charseq START="1017" END="1018">my</charseq>
    </extent>
    <head>
      <charseq START="1017" END="1018">my</charseq>
    </head>
  </entity_mention>
  <entity_mention ID="CNN_IP_20030403.1600.00-2-E2-70" TYPE="PRO" LDCTYPE="PRO" LDCATR="FALSE">
    <extent>
      <charseq START="2658" END="2658">I</charseq>
    </extent>
    <head>
      <charseq START="2658" END="2658">I</charseq>
    </head>
  </entity_mention>
  <entity_mention ID="CNN_IP_20030403.1600.00-2-E2-81" TYPE="NAM" LDCTYPE="NAM" LDCATR="FALSE">
    <extent>
      <charseq START="2857" END="2869">Gregory Lynch</charseq>
    </extent>
    <head>
      <charseq START="2857" END="2869">Gregory Lynch</charseq>
    </head>
  </entity_mention>
  <entity_mention ID="CNN_IP_20030403.1600.00-2-E2-82" TYPE="NOM" LDCTYPE="NOM" LDCATR="TRUE">
    <extent>
      <charseq START="2872" END="2898">the father of Jessica Lynch</charseq>
    </extent>
    <head>
      <charseq START="2876" END="2881">father</charseq>
    </head>
  </entity_mention>
  <entity_mention ID="CNN_IP_20030403.1600.00-2-E2-97" TYPE="PRO" LDCTYPE="PRO" LDCATR="FALSE">
    <extent>
      <charseq START="3175" END="3176">He</charseq>
    </extent>
    <head>
      <charseq START="3175" END="3176">He</charseq>
    </head>
  </entity_mention>
  <entity_attributes>
    <name NAME="Gregory Lynch">
      <charseq START="2857" END="2869">Gregory Lynch</charseq>
    </name>
  </entity_attributes>
</entity>
<entity ID="CNN_IP_20030403.1600.00-2-E3" TYPE="PER" SUBTYPE="Individual" CLASS="SPC">
  <entity_mention ID="CNN_IP_20030403.1600.00-2-E3-17" TYPE="NOM" LDCTYPE="NOM">
    <extent>
      <charseq START="1034" END="1043">The doctor</charseq>
    </extent>
    <head>
      <charseq START="1038" END="1043">doctor</charseq>
    </head>
  </entity_mention>
  <entity_mention ID="CNN_IP_20030403.1600.00-2-E3-22" TYPE="PRO" LDCTYPE="PRO">
    <extent>
      <charseq START="1253" END="1254">he</charseq>
    </extent>
    <head>
      <charseq START="1253" END="1254">he</charseq>
    </head>
  </entity_mention>
  <entity_mention ID="CNN_IP_20030403.1600.00-2-E3-23" TYPE="PRO" LDCTYPE="PRO">
    <extent>
      <charseq START="1257" END="1258">he</charseq>
    </extent>
    <head>
      <charseq START="1257" END="1258">he</charseq>
    </head>
  </entity_mention>
  <entity_mention ID="CNN_IP_20030403.1600.00-2-E3-27" TYPE="NOM" LDCTYPE="NOM">
    <extent>
      <charseq START="1459" END="1468">The doctor</charseq>
    </extent>
    <head>
      <charseq START="1463" END="1468">doctor</charseq>
    </head>
  </entity_mention>
  <entity_mention ID="CNN_IP_20030403.1600.00-2-E3-28" TYPE="PRO" LDCTYPE="PRO">
    <extent>
      <charseq START="1496" END="1497">He</charseq>
    </extent>
    <head>
      <charseq START="1496" END="1497">He</charseq>
    </head>
  </entity_mention>
</entity>
<entity ID="CNN_IP_20030403.1600.00-2-E4" TYPE="WEA" SUBTYPE="Sharp" CLASS="GEN">
  <entity_mention ID="CNN_IP_20030403.1600.00-2-E4-29" TYPE="NOM" LDCTYPE="NOMPRE" LDCATR="TRUE">
    <extent>
      <charseq START="1537" END="1541">knife</charseq>
    </extent>
    <head>
      <charseq START="1537" END="1541">knife</charseq>
    </head>
  </entity_mention>
  <entity_mention ID="CNN_IP_20030403.1600.00-2-E4-30" TYPE="NOM" LDCTYPE="NOMPRE" LDCATR="TRUE">
    <extent>
      <charseq START="1443" END="1447">knife</charseq>
    </extent>
    <head>
      <charseq START="1443" END="1447">knife</charseq>
    </head>
  </entity_mention>
  <entity_mention ID="CNN_IP_20030403.1600.00-2-E4-104" TYPE="NOM" LDCTYPE="NOMPRE" LDCATR="TRUE">
    <extent>
      <charseq START="3351" END="3355">knife</charseq>
    </extent>
    <head>
      <charseq START="3351" END="3355">knife</charseq>
    </head>
  </entity_mention>
</entity>
<entity ID="CNN_IP_20030403.1600.00-2-E6" TYPE="PER" SUBTYPE="Individual" CLASS="SPC">
  <entity_mention ID="CNN_IP_20030403.1600.00-2-E6-38" TYPE="PRO" LDCTYPE="PRO">
    <extent>
      <charseq START="1799" END="1799">I</charseq>
    </extent>
    <head>
      <charseq START="1799" END="1799">I</charseq>
    </head>
  </entity_mention>
  <entity_mention ID="CNN_IP_20030403.1600.00-2-E6-85" TYPE="NOM" LDCTYPE="NOM">
    <extent>
      <charseq START="2905" END="2920">Jessica's mother</charseq>
    </extent>
    <head>
      <charseq START="2915" END="2920">mother</charseq>
    </head>
  </entity_mention>
</entity>
<entity ID="CNN_IP_20030403.1600.00-2-E7" TYPE="PER" SUBTYPE="Individual" CLASS="SPC">
  <entity_mention ID="CNN_IP_20030403.1600.00-2-E7-4" TYPE="PRO" LDCTYPE="PRO" LDCATR="FALSE">
    <extent>
      <charseq START="647" END="649">her</charseq>
    </extent>
    <head>
      <charseq START="647" END="649">her</charseq>
    </head>
  </entity_mention>
  <entity_mention ID="CNN_IP_20030403.1600.00-2-E7-5" TYPE="PRO" LDCTYPE="PRO" LDCATR="FALSE">
    <extent>
      <charseq START="768" END="770">she</charseq>
    </extent>
    <head>
      <charseq START="768" END="770">she</charseq>
    </head>
  </entity_mention>
  <entity_mention ID="CNN_IP_20030403.1600.00-2-E7-6" TYPE="PRO" LDCTYPE="PRO" LDCATR="FALSE">
    <extent>
      <charseq START="784" END="786">she</charseq>
    </extent>
    <head>
      <charseq START="784" END="786">she</charseq>
    </head>
  </entity_mention>
  <entity_mention ID="CNN_IP_20030403.1600.00-2-E7-7" TYPE="PRO" LDCTYPE="PRO" LDCATR="FALSE">
    <extent>
      <charseq START="815" END="817">She</charseq>
    </extent>
    <head>
      <charseq START="815" END="817">She</charseq>
    </head>
  </entity_mention>
  <entity_mention ID="CNN_IP_20030403.1600.00-2-E7-8" TYPE="PRO" LDCTYPE="PRO" LDCATR="FALSE">
    <extent>
      <charseq START="856" END="858">her</charseq>
    </extent>
    <head>
      <charseq START="856" END="858">her</charseq>
    </head>
  </entity_mention>
  <entity_mention ID="CNN_IP_20030403.1600.00-2-E7-11" TYPE="PRO" LDCTYPE="PRO" LDCATR="FALSE">
    <extent>
      <charseq START="887" END="889">her</charseq>
    </extent>
    <head>
      <charseq START="887" END="889">her</charseq>
    </head>
  </entity_mention>
  <entity_mention ID="CNN_IP_20030403.1600.00-2-E7-13" TYPE="PRO" LDCTYPE="PRO" LDCATR="FALSE">
    <extent>
      <charseq START="924" END="926">her</charseq>
    </extent>
    <head>
      <charseq START="924" END="926">her</charseq>
    </head>
  </entity_mention>
  <entity_mention ID="CNN_IP_20030403.1600.00-2-E7-14" TYPE="PRO" LDCTYPE="PRO" LDCATR="FALSE">
    <extent>
      <charseq START="951" END="953">she</charseq>
    </extent>
    <head>
      <charseq START="951" END="953">she</charseq>
    </head>
  </entity_mention>
  <entity_mention ID="CNN_IP_20030403.1600.00-2-E7-18" TYPE="PRO" LDCTYPE="PRO" LDCATR="FALSE">
    <extent>
      <charseq START="1074" END="1076">her</charseq>
    </extent>
    <head>
      <charseq START="1074" END="1076">her</charseq>
    </head>
  </entity_mention>
  <entity_mention ID="CNN_IP_20030403.1600.00-2-E7-20" TYPE="PRO" LDCTYPE="PRO" LDCATR="FALSE">
    <extent>
      <charseq START="1209" END="1211">she</charseq>
    </extent>
    <head>
      <charseq START="1209" END="1211">she</charseq>
    </head>
  </entity_mention>
  <entity_mention ID="CNN_IP_20030403.1600.00-2-E7-21" TYPE="PRO" LDCTYPE="PRO" LDCATR="FALSE">
    <extent>
      <charseq START="1240" END="1242">her</charseq>
    </extent>
    <head>
      <charseq START="1240" END="1242">her</charseq>
    </head>
  </entity_mention>
  <entity_mention ID="CNN_IP_20030403.1600.00-2-E7-24" TYPE="PRO" LDCTYPE="PRO" LDCATR="FALSE">
    <extent>
      <charseq START="1333" END="1335">her</charseq>
    </extent>
    <head>
      <charseq START="1333" END="1335">her</charseq>
    </head>
  </entity_mention>
  <entity_mention ID="CNN_IP_20030403.1600.00-2-E7-26" TYPE="PRO" LDCTYPE="PRO" LDCATR="FALSE">
    <extent>
      <charseq START="1406" END="1408">she</charseq>
    </extent>
    <head>
      <charseq START="1406" END="1408">she</charseq>
    </head>
  </entity_mention>
  <entity_mention ID="CNN_IP_20030403.1600.00-2-E7-32" TYPE="PRO" LDCTYPE="PRO" LDCATR="FALSE">
    <extent>
      <charseq START="1627" END="1629">her</charseq>
    </extent>
    <head>
      <charseq START="1627" END="1629">her</charseq>
    </head>
  </entity_mention>
  <entity_mention ID="CNN_IP_20030403.1600.00-2-E7-33" TYPE="PRO" LDCTYPE="PRO" LDCATR="FALSE">
    <extent>
      <charseq START="1637" END="1639">She</charseq>
    </extent>
    <head>
      <charseq START="1637" END="1639">She</charseq>
    </head>
  </entity_mention>
  <entity_mention ID="CNN_IP_20030403.1600.00-2-E7-34" TYPE="PRO" LDCTYPE="PRO" LDCATR="FALSE">
    <extent>
      <charseq START="1664" END="1666">her</charseq>
    </extent>
    <head>
      <charseq START="1664" END="1666">her</charseq>
    </head>
  </entity_mention>
  <entity_mention ID="CNN_IP_20030403.1600.00-2-E7-37" TYPE="PRO" LDCTYPE="PRO" LDCATR="FALSE">
    <extent>
      <charseq START="1760" END="1762">her</charseq>
    </extent>
    <head>
      <charseq START="1760" END="1762">her</charseq>
    </head>
  </entity_mention>
  <entity_mention ID="CNN_IP_20030403.1600.00-2-E7-39" TYPE="PRO" LDCTYPE="PRO" LDCATR="FALSE">
    <extent>
      <charseq START="1811" END="1813">she</charseq>
    </extent>
    <head>
      <charseq START="1811" END="1813">she</charseq>
    </head>
  </entity_mention>
  <entity_mention ID="CNN_IP_20030403.1600.00-2-E7-40" TYPE="PRO" LDCTYPE="PRO" LDCATR="FALSE">
    <extent>
      <charseq START="1823" END="1825">she</charseq>
    </extent>
    <head>
      <charseq START="1823" END="1825">she</charseq>
    </head>
  </entity_mention>
  <entity_mention ID="CNN_IP_20030403.1600.00-2-E7-41" TYPE="PRO" LDCTYPE="PRO" LDCATR="FALSE">
    <extent>
      <charseq START="1875" END="1877">she</charseq>
    </extent>
    <head>
      <charseq START="1875" END="1877">she</charseq>
    </head>
  </entity_mention>
  <entity_mention ID="CNN_IP_20030403.1600.00-2-E7-42" TYPE="PRO" LDCTYPE="PRO" LDCATR="FALSE">
    <extent>
      <charseq START="1909" END="1911">she</charseq>
    </extent>
    <head>
      <charseq START="1909" END="1911">she</charseq>
    </head>
  </entity_mention>
  <entity_mention ID="CNN_IP_20030403.1600.00-2-E7-43" TYPE="PRO" LDCTYPE="PRO" LDCATR="FALSE">
    <extent>
      <charseq START="1989" END="1991">she</charseq>
    </extent>
    <head>
      <charseq START="1989" END="1991">she</charseq>
    </head>
  </entity_mention>
  <entity_mention ID="CNN_IP_20030403.1600.00-2-E7-44" TYPE="NAM" LDCTYPE="NAM" LDCATR="TRUE">
    <extent>
      <charseq START="1997" END="2006">our Jessie</charseq>
    </extent>
    <head>
      <charseq START="2001" END="2006">Jessie</charseq>
    </head>
  </entity_mention>
  <entity_mention ID="CNN_IP_20030403.1600.00-2-E7-49" TYPE="PRO" LDCTYPE="PRO" LDCATR="FALSE">
    <extent>
      <charseq START="2197" END="2199">she</charseq>
    </extent>
    <head>
      <charseq START="2197" END="2199">she</charseq>
    </head>
  </entity_mention>
  <entity_mention ID="CNN_IP_20030403.1600.00-2-E7-51" TYPE="PRO" LDCTYPE="PRO" LDCATR="FALSE">
    <extent>
      <charseq START="2238" END="2240">her</charseq>
    </extent>
    <head>
      <charseq START="2238" END="2240">her</charseq>
    </head>
  </entity_mention>
  <entity_mention ID="CNN_IP_20030403.1600.00-2-E7-53" TYPE="PRO" LDCTYPE="PRO" LDCATR="FALSE">
    <extent>
      <charseq START="2275" END="2277">her</charseq>
    </extent>
    <head>
      <charseq START="2275" END="2277">her</charseq>
    </head>
  </entity_mention>
  <entity_mention ID="CNN_IP_20030403.1600.00-2-E7-54" TYPE="PRO" LDCTYPE="PRO" LDCATR="FALSE">
    <extent>
      <charseq START="2298" END="2300">she</charseq>
    </extent>
    <head>
      <charseq START="2298" END="2300">she</charseq>
    </head>
  </entity_mention>
  <entity_mention ID="CNN_IP_20030403.1600.00-2-E7-55" TYPE="PRO" LDCTYPE="PRO" LDCATR="FALSE">
    <extent>
      <charseq START="2322" END="2324">she</charseq>
    </extent>
    <head>
      <charseq START="2322" END="2324">she</charseq>
    </head>
  </entity_mention>
  <entity_mention ID="CNN_IP_20030403.1600.00-2-E7-56" TYPE="PRO" LDCTYPE="PRO" LDCATR="FALSE">
    <extent>
      <charseq START="2352" END="2354">her</charseq>
    </extent>
    <head>
      <charseq START="2352" END="2354">her</charseq>
    </head>
  </entity_mention>
  <entity_mention ID="CNN_IP_20030403.1600.00-2-E7-57" TYPE="PRO" LDCTYPE="PRO" LDCATR="FALSE">
    <extent>
      <charseq START="2363" END="2364">we</charseq>
    </extent>
    <head>
      <charseq START="2363" END="2364">we</charseq>
    </head>
  </entity_mention>
  <entity_mention ID="CNN_IP_20030403.1600.00-2-E7-58" TYPE="PRO" LDCTYPE="PRO" LDCATR="FALSE">
    <extent>
      <charseq START="2371" END="2373">she</charseq>
    </extent>
    <head>
      <charseq START="2371" END="2373">she</charseq>
    </head>
  </entity_mention>
  <entity_mention ID="CNN_IP_20030403.1600.00-2-E7-59" TYPE="PRO" LDCTYPE="PRO" LDCATR="FALSE">
    <extent>
      <charseq START="2378" END="2380">her</charseq>
    </extent>
    <head>
      <charseq START="2378" END="2380">her</charseq>
    </head>
  </entity_mention>
  <entity_mention ID="CNN_IP_20030403.1600.00-2-E7-60" TYPE="PRO" LDCTYPE="PRO" LDCATR="FALSE">
    <extent>
      <charseq START="2407" END="2409">she</charseq>
    </extent>
    <head>
      <charseq START="2407" END="2409">she</charseq>
    </head>
  </entity_mention>
  <entity_mention ID="CNN_IP_20030403.1600.00-2-E7-64" TYPE="PRO" LDCTYPE="PRO" LDCATR="FALSE">
    <extent>
      <charseq START="2541" END="2543">she</charseq>
    </extent>
    <head>
      <charseq START="2541" END="2543">she</charseq>
    </head>
  </entity_mention>
  <entity_mention ID="CNN_IP_20030403.1600.00-2-E7-67" TYPE="PRO" LDCTYPE="PRO" LDCATR="FALSE">
    <extent>
      <charseq START="2584" END="2586">she</charseq>
    </extent>
    <head>
      <charseq START="2584" END="2586">she</charseq>
    </head>
  </entity_mention>
  <entity_mention ID="CNN_IP_20030403.1600.00-2-E7-71" TYPE="PRO" LDCTYPE="PRO" LDCATR="FALSE">
    <extent>
      <charseq START="2667" END="2669">her</charseq>
    </extent>
    <head>
      <charseq START="2667" END="2669">her</charseq>
    </head>
  </entity_mention>
  <entity_mention ID="CNN_IP_20030403.1600.00-2-E7-74" TYPE="PRO" LDCTYPE="PRO" LDCATR="FALSE">
    <extent>
      <charseq START="2702" END="2704">she</charseq>
    </extent>
    <head>
      <charseq START="2702" END="2704">she</charseq>
    </head>
  </entity_mention>
  <entity_mention ID="CNN_IP_20030403.1600.00-2-E7-75" TYPE="PRO" LDCTYPE="PRO" LDCATR="FALSE">
    <extent>
      <charseq START="2713" END="2713">I</charseq>
    </extent>
    <head>
      <charseq START="2713" END="2713">I</charseq>
    </head>
  </entity_mention>
  <entity_mention ID="CNN_IP_20030403.1600.00-2-E7-78" TYPE="PRO" LDCTYPE="PRO" LDCATR="FALSE">
    <extent>
      <charseq START="2776" END="2778">she</charseq>
    </extent>
    <head>
      <charseq START="2776" END="2778">she</charseq>
    </head>
  </entity_mention>
  <entity_mention ID="CNN_IP_20030403.1600.00-2-E7-79" TYPE="PRO" LDCTYPE="PRO" LDCATR="FALSE">
    <extent>
      <charseq START="2812" END="2814">She</charseq>
    </extent>
    <head>
      <charseq START="2812" END="2814">She</charseq>
    </head>
  </entity_mention>
  <entity_mention ID="CNN_IP_20030403.1600.00-2-E7-83" TYPE="NAM" LDCTYPE="NAM" LDCATR="FALSE">
    <extent>
      <charseq START="2886" END="2898">Jessica Lynch</charseq>
    </extent>
    <head>
      <charseq START="2886" END="2898">Jessica Lynch</charseq>
    </head>
  </entity_mention>
  <entity_mention ID="CNN_IP_20030403.1600.00-2-E7-84" TYPE="NAM" LDCTYPE="NAM" LDCATR="FALSE">
    <extent>
      <charseq START="2905" END="2911">Jessica</charseq>
    </extent>
    <head>
      <charseq START="2905" END="2911">Jessica</charseq>
    </head>
  </entity_mention>
  <entity_mention ID="CNN_IP_20030403.1600.00-2-E7-89" TYPE="PRO" LDCTYPE="PRO" LDCATR="FALSE">
    <extent>
      <charseq START="2971" END="2973">her</charseq>
    </extent>
    <head>
      <charseq START="2971" END="2973">her</charseq>
    </head>
  </entity_mention>
  <entity_mention ID="CNN_IP_20030403.1600.00-2-E7-90" TYPE="PRO" LDCTYPE="PRO" LDCATR="FALSE">
    <extent>
      <charseq START="3018" END="3020">she</charseq>
    </extent>
    <head>
      <charseq START="3018" END="3020">she</charseq>
    </head>
  </entity_mention>
  <entity_mention ID="CNN_IP_20030403.1600.00-2-E7-91" TYPE="PRO" LDCTYPE="PRO" LDCATR="FALSE">
    <extent>
      <charseq START="3027" END="3029">she</charseq>
    </extent>
    <head>
      <charseq START="3027" END="3029">she</charseq>
    </head>
  </entity_mention>
  <entity_mention ID="CNN_IP_20030403.1600.00-2-E7-92" TYPE="PRO" LDCTYPE="PRO" LDCATR="FALSE">
    <extent>
      <charseq START="3056" END="3058">she</charseq>
    </extent>
    <head>
      <charseq START="3056" END="3058">she</charseq>
    </head>
  </entity_mention>
  <entity_mention ID="CNN_IP_20030403.1600.00-2-E7-96" TYPE="PRO" LDCTYPE="PRO" LDCATR="FALSE">
    <extent>
      <charseq START="3141" END="3143">her</charseq>
    </extent>
    <head>
      <charseq START="3141" END="3143">her</charseq>
    </head>
  </entity_mention>
  <entity_mention ID="CNN_IP_20030403.1600.00-2-E7-99" TYPE="PRO" LDCTYPE="PRO" LDCATR="FALSE">
    <extent>
      <charseq START="3248" END="3250">she</charseq>
    </extent>
    <head>
      <charseq START="3248" END="3250">she</charseq>
    </head>
  </entity_mention>
  <entity_mention ID="CNN_IP_20030403.1600.00-2-E7-100" TYPE="PRO" LDCTYPE="PRO" LDCATR="FALSE">
    <extent>
      <charseq START="3275" END="3277">her</charseq>
    </extent>
    <head>
      <charseq START="3275" END="3277">her</charseq>
    </head>
  </entity_mention>
  <entity_mention ID="CNN_IP_20030403.1600.00-2-E7-105" TYPE="PRO" LDCTYPE="PRO" LDCATR="FALSE">
    <extent>
      <charseq START="3387" END="3389">her</charseq>
    </extent>
    <head>
      <charseq START="3387" END="3389">her</charseq>
    </head>
  </entity_mention>
  <entity_mention ID="CNN_IP_20030403.1600.00-2-E7-107" TYPE="PRO" LDCTYPE="PRO" LDCATR="FALSE">
    <extent>
      <charseq START="3458" END="3460">Her</charseq>
    </extent>
    <head>
      <charseq START="3458" END="3460">Her</charseq>
    </head>
  </entity_mention>
  <entity_mention ID="CNN_IP_20030403.1600.00-2-E7-110" TYPE="NOM" LDCTYPE="NOM" LDCATR="FALSE">
    <extent>
      <charseq START="3507" END="3520">their
daughter</charseq>
    </extent>
    <head>
      <charseq START="3513" END="3520">daughter</charseq>
    </head>
  </entity_mention>
  <entity_mention ID="CNN_IP_20030403.1600.00-2-E7-113" TYPE="NAM" LDCTYPE="NAM" LDCATR="FALSE">
    <extent>
      <charseq START="207" END="219">Jessica Lynch</charseq>
    </extent>
    <head>
      <charseq START="207" END="219">Jessica Lynch</charseq>
    </head>
  </entity_mention>
  <entity_mention ID="CNN_IP_20030403.1600.00-2-E7-123" TYPE="NAM" LDCTYPE="NAM" LDCATR="FALSE">
    <extent>
      <charseq START="497" END="502">Jessie</charseq>
    </extent>
    <head>
      <charseq START="497" END="502">Jessie</charseq>
    </head>
  </entity_mention>
  <entity_attributes>
    <name NAME="Jessie">
      <charseq START="2001" END="2006">Jessie</charseq>
    </name>
    <name NAME="Jessica Lynch">
      <charseq START="2886" END="2898">Jessica Lynch</charseq>
    </name>
    <name NAME="Jessica">
      <charseq START="2905" END="2911">Jessica</charseq>
    </name>
    <name NAME="Jessica Lynch">
      <charseq START="207" END="219">Jessica Lynch</charseq>
    </name>
    <name NAME="Jessie">
      <charseq START="497" END="502">Jessie</charseq>
    </name>
  </entity_attributes>
</entity>
<entity ID="CNN_IP_20030403.1600.00-2-E8" TYPE="PER" SUBTYPE="Individual" CLASS="SPC">
  <entity_mention ID="CNN_IP_20030403.1600.00-2-E8-1" TYPE="NAM" LDCTYPE="NAM">
    <extent>
      <charseq START="148" END="151">Wolf</charseq>
    </extent>
    <head>
      <charseq START="148" END="151">Wolf</charseq>
    </head>
  </entity_mention>
  <entity_attributes>
    <name NAME="Wolf">
      <charseq START="148" END="151">Wolf</charseq>
    </name>
  </entity_attributes>
</entity>
<entity ID="CNN_IP_20030403.1600.00-2-E9" TYPE="VEH" SUBTYPE="Land" CLASS="USP">
  <entity_mention ID="CNN_IP_20030403.1600.00-2-E9-72" TYPE="NOM" LDCTYPE="NOM">
    <extent>
      <charseq START="2683" END="2696">the Army jeeps</charseq>
    </extent>
    <head>
      <charseq START="2692" END="2696">jeeps</charseq>
    </head>
  </entity_mention>
</entity>
<entity ID="CNN_IP_20030403.1600.00-2-E10" TYPE="ORG" SUBTYPE="Government" CLASS="SPC">
  <entity_mention ID="CNN_IP_20030403.1600.00-2-E10-73" TYPE="NAM" LDCTYPE="NAMPRE">
    <extent>
      <charseq START="2687" END="2690">Army</charseq>
    </extent>
    <head>
      <charseq START="2687" END="2690">Army</charseq>
    </head>
  </entity_mention>
  <entity_attributes>
    <name NAME="Army">
      <charseq START="2687" END="2690">Army</charseq>
    </name>
  </entity_attributes>
</entity>
<entity ID="CNN_IP_20030403.1600.00-2-E11" TYPE="PER" SUBTYPE="Group" CLASS="USP">
  <entity_mention ID="CNN_IP_20030403.1600.00-2-E11-76" TYPE="PRO" LDCTYPE="PRO">
    <extent>
      <charseq START="2750" END="2751">we</charseq>
    </extent>
    <head>
      <charseq START="2750" END="2751">we</charseq>
    </head>
  </entity_mention>
</entity>
<entity ID="CNN_IP_20030403.1600.00-2-E13" TYPE="WEA" SUBTYPE="Projectile" CLASS="GEN">
  <entity_mention ID="CNN_IP_20030403.1600.00-2-E13-103" TYPE="NOM" LDCTYPE="NOMPRE">
    <extent>
      <charseq START="3341" END="3346">bullet</charseq>
    </extent>
    <head>
      <charseq START="3341" END="3346">bullet</charseq>
    </head>
  </entity_mention>
</entity>
<entity ID="CNN_IP_20030403.1600.00-2-E15" TYPE="PER" SUBTYPE="Group" CLASS="USP">
  <entity_mention ID="CNN_IP_20030403.1600.00-2-E15-108" TYPE="PRO" LDCTYPE="PRO">
    <extent>
      <charseq START="154" END="155">we</charseq>
    </extent>
    <head>
      <charseq START="154" END="155">we</charseq>
    </head>
  </entity_mention>
</entity>
<entity ID="CNN_IP_20030403.1600.00-2-E16" TYPE="PER" SUBTYPE="Group" CLASS="SPC">
  <entity_mention ID="CNN_IP_20030403.1600.00-2-E16-9" TYPE="PRO" LDCTYPE="PRO">
    <extent>
      <charseq START="843" END="844">We</charseq>
    </extent>
    <head>
      <charseq START="843" END="844">We</charseq>
    </head>
  </entity_mention>
  <entity_mention ID="CNN_IP_20030403.1600.00-2-E16-10" TYPE="PRO" LDCTYPE="PRO">
    <extent>
      <charseq START="874" END="875">We</charseq>
    </extent>
    <head>
      <charseq START="874" END="875">We</charseq>
    </head>
  </entity_mention>
  <entity_mention ID="CNN_IP_20030403.1600.00-2-E16-12" TYPE="PRO" LDCTYPE="PRO">
    <extent>
      <charseq START="911" END="912">we</charseq>
    </extent>
    <head>
      <charseq START="911" END="912">we</charseq>
    </head>
  </entity_mention>
  <entity_mention ID="CNN_IP_20030403.1600.00-2-E16-25" TYPE="PRO" LDCTYPE="PRO">
    <extent>
      <charseq START="1370" END="1371">we</charseq>
    </extent>
    <head>
      <charseq START="1370" END="1371">we</charseq>
    </head>
  </entity_mention>
  <entity_mention ID="CNN_IP_20030403.1600.00-2-E16-35" TYPE="PRO" LDCTYPE="PRO">
    <extent>
      <charseq START="1687" END="1688">we</charseq>
    </extent>
    <head>
      <charseq START="1687" END="1688">we</charseq>
    </head>
  </entity_mention>
  <entity_mention ID="CNN_IP_20030403.1600.00-2-E16-36" TYPE="PRO" LDCTYPE="PRO">
    <extent>
      <charseq START="1747" END="1748">We</charseq>
    </extent>
    <head>
      <charseq START="1747" END="1748">We</charseq>
    </head>
  </entity_mention>
  <entity_mention ID="CNN_IP_20030403.1600.00-2-E16-45" TYPE="PRO" LDCTYPE="PRO">
    <extent>
      <charseq START="1997" END="1999">our</charseq>
    </extent>
    <head>
      <charseq START="1997" END="1999">our</charseq>
    </head>
  </entity_mention>
  <entity_mention ID="CNN_IP_20030403.1600.00-2-E16-48" TYPE="PRO" LDCTYPE="PRO">
    <extent>
      <charseq START="2189" END="2190">We</charseq>
    </extent>
    <head>
      <charseq START="2189" END="2190">We</charseq>
    </head>
  </entity_mention>
  <entity_mention ID="CNN_IP_20030403.1600.00-2-E16-61" TYPE="PRO" LDCTYPE="PRO">
    <extent>
      <charseq START="2434" END="2435">we</charseq>
    </extent>
    <head>
      <charseq START="2434" END="2435">we</charseq>
    </head>
  </entity_mention>
  <entity_mention ID="CNN_IP_20030403.1600.00-2-E16-62" TYPE="PRO" LDCTYPE="PRO">
    <extent>
      <charseq START="2524" END="2526">you</charseq>
    </extent>
    <head>
      <charseq START="2524" END="2526">you</charseq>
    </head>
  </entity_mention>
  <entity_mention ID="CNN_IP_20030403.1600.00-2-E16-65" TYPE="PRO" LDCTYPE="PRO">
    <extent>
      <charseq START="2553" END="2555">you</charseq>
    </extent>
    <head>
      <charseq START="2553" END="2555">you</charseq>
    </head>
  </entity_mention>
  <entity_mention ID="CNN_IP_20030403.1600.00-2-E16-66" TYPE="PRO" LDCTYPE="PRO">
    <extent>
      <charseq START="2575" END="2577">You</charseq>
    </extent>
    <head>
      <charseq START="2575" END="2577">You</charseq>
    </head>
  </entity_mention>
  <entity_mention ID="CNN_IP_20030403.1600.00-2-E16-68" TYPE="PRO" LDCTYPE="PRO">
    <extent>
      <charseq START="2613" END="2615">you</charseq>
    </extent>
    <head>
      <charseq START="2613" END="2615">you</charseq>
    </head>
  </entity_mention>
  <entity_mention ID="CNN_IP_20030403.1600.00-2-E16-69" TYPE="PRO" LDCTYPE="PRO">
    <extent>
      <charseq START="2626" END="2629">your</charseq>
    </extent>
    <head>
      <charseq START="2626" END="2629">your</charseq>
    </head>
  </entity_mention>
  <entity_mention ID="CNN_IP_20030403.1600.00-2-E16-77" TYPE="PRO" LDCTYPE="PRO">
    <extent>
      <charseq START="2768" END="2769">we</charseq>
    </extent>
    <head>
      <charseq START="2768" END="2769">we</charseq>
    </head>
  </entity_mention>
  <entity_mention ID="CNN_IP_20030403.1600.00-2-E16-88" TYPE="PRO" LDCTYPE="PRO">
    <extent>
      <charseq START="2951" END="2954">they</charseq>
    </extent>
    <head>
      <charseq START="2951" END="2954">they</charseq>
    </head>
  </entity_mention>
  <entity_mention ID="CNN_IP_20030403.1600.00-2-E16-93" TYPE="PRO" LDCTYPE="PRO">
    <extent>
      <charseq START="3047" END="3050">They</charseq>
    </extent>
    <head>
      <charseq START="3047" END="3050">They</charseq>
    </head>
  </entity_mention>
  <entity_mention ID="CNN_IP_20030403.1600.00-2-E16-94" TYPE="PRO" LDCTYPE="PRO">
    <extent>
      <charseq START="3078" END="3081">they</charseq>
    </extent>
    <head>
      <charseq START="3078" END="3081">they</charseq>
    </head>
  </entity_mention>
  <entity_mention ID="CNN_IP_20030403.1600.00-2-E16-101" TYPE="PRO" LDCTYPE="PRO">
    <extent>
      <charseq START="3285" END="3288">They</charseq>
    </extent>
    <head>
      <charseq START="3285" END="3288">They</charseq>
    </head>
  </entity_mention>
  <entity_mention ID="CNN_IP_20030403.1600.00-2-E16-106" TYPE="NOM" LDCTYPE="NOM">
    <extent>
      <charseq START="3458" END="3468">Her parents</charseq>
    </extent>
    <head>
      <charseq START="3462" END="3468">parents</charseq>
    </head>
  </entity_mention>
  <entity_mention ID="CNN_IP_20030403.1600.00-2-E16-109" TYPE="PRO" LDCTYPE="PRO">
    <extent>
      <charseq START="3475" END="3478">they</charseq>
    </extent>
    <head>
      <charseq START="3475" END="3478">they</charseq>
    </head>
  </entity_mention>
  <entity_mention ID="CNN_IP_20030403.1600.00-2-E16-111" TYPE="PRO" LDCTYPE="PRO">
    <extent>
      <charseq START="3507" END="3511">their</charseq>
    </extent>
    <head>
      <charseq START="3507" END="3511">their</charseq>
    </head>
  </entity_mention>
  <entity_mention ID="CNN_IP_20030403.1600.00-2-E16-112" TYPE="NOM" LDCTYPE="NOM">
    <extent>
      <charseq START="192" END="257">the parents of Jessica Lynch,
who live in Palestine, West Virginia</charseq>
    </extent>
    <head>
      <charseq START="196" END="202">parents</charseq>
    </head>
  </entity_mention>
  <entity_mention ID="CNN_IP_20030403.1600.00-2-E16-114" TYPE="PRO" LDCTYPE="WHQ">
    <extent>
      <charseq START="222" END="224">who</charseq>
    </extent>
    <head>
      <charseq START="222" END="224">who</charseq>
    </head>
  </entity_mention>
  <entity_mention ID="CNN_IP_20030403.1600.00-2-E16-118" TYPE="PRO" LDCTYPE="PRO">
    <extent>
      <charseq START="333" END="336">They</charseq>
    </extent>
    <head>
      <charseq START="333" END="336">They</charseq>
    </head>
  </entity_mention>
  <entity_mention ID="CNN_IP_20030403.1600.00-2-E16-120" TYPE="PRO" LDCTYPE="PRO">
    <extent>
      <charseq START="440" END="441">We</charseq>
    </extent>
    <head>
      <charseq START="440" END="441">We</charseq>
    </head>
  </entity_mention>
  <entity_mention ID="CNN_IP_20030403.1600.00-2-E16-127" TYPE="PRO" LDCTYPE="PRO">
    <extent>
      <charseq START="550" END="551">We</charseq>
    </extent>
    <head>
      <charseq START="550" END="551">We</charseq>
    </head>
  </entity_mention>
</entity>
<entity ID="CNN_IP_20030403.1600.00-2-E18" TYPE="GPE" SUBTYPE="Population-Center" CLASS="SPC">
  <entity_mention ID="CNN_IP_20030403.1600.00-2-E18-115" TYPE="NAM" LDCTYPE="NAM" ROLE="LOC">
    <extent>
      <charseq START="234" END="257">Palestine, West Virginia</charseq>
    </extent>
    <head>
      <charseq START="234" END="242">Palestine</charseq>
    </head>
  </entity_mention>
  <entity_attributes>
    <name NAME="Palestine">
      <charseq START="234" END="242">Palestine</charseq>
    </name>
  </entity_attributes>
</entity>
<entity ID="CNN_IP_20030403.1600.00-2-E19" TYPE="GPE" SUBTYPE="State-or-Province" CLASS="SPC">
  <entity_mention ID="CNN_IP_20030403.1600.00-2-E19-116" TYPE="NAM" LDCTYPE="NAM" ROLE="LOC">
    <extent>
      <charseq START="245" END="257">West Virginia</charseq>
    </extent>
    <head>
      <charseq START="245" END="257">West Virginia</charseq>
    </head>
  </entity_mention>
  <entity_attributes>
    <name NAME="West Virginia">
      <charseq START="245" END="257">West Virginia</charseq>
    </name>
  </entity_attributes>
</entity>
<entity ID="CNN_IP_20030403.1600.00-2-E20" TYPE="PER" SUBTYPE="Individual" CLASS="SPC">
  <entity_mention ID="CNN_IP_20030403.1600.00-2-E20-117" TYPE="PRO" LDCTYPE="PRO">
    <extent>
      <charseq START="288" END="288">I</charseq>
    </extent>
    <head>
      <charseq START="288" END="288">I</charseq>
    </head>
  </entity_mention>
</entity>
<entity ID="CNN_IP_20030403.1600.00-2-E21" TYPE="PER" SUBTYPE="Group" CLASS="USP">
  <entity_mention ID="CNN_IP_20030403.1600.00-2-E21-119" TYPE="PRO" LDCTYPE="PRO">
    <extent>
      <charseq START="371" END="371">s</charseq>
    </extent>
    <head>
      <charseq START="371" END="371">s</charseq>
    </head>
  </entity_mention>
</entity>
<entity ID="CNN_IP_20030403.1600.00-2-E22" TYPE="PER" SUBTYPE="Group" CLASS="USP">
  <entity_mention ID="CNN_IP_20030403.1600.00-2-E22-63" TYPE="PRO" LDCTYPE="PRO">
    <extent>
      <charseq START="2533" END="2534">us</charseq>
    </extent>
    <head>
      <charseq START="2533" END="2534">us</charseq>
    </head>
  </entity_mention>
  <entity_mention ID="CNN_IP_20030403.1600.00-2-E22-86" TYPE="NOM" LDCTYPE="BAR">
    <extent>
      <charseq START="2933" END="2941">reporters</charseq>
    </extent>
    <head>
      <charseq START="2933" END="2941">reporters</charseq>
    </head>
  </entity_mention>
  <entity_mention ID="CNN_IP_20030403.1600.00-2-E22-87" TYPE="NOM" LDCTYPE="BAR">
    <extent>
      <charseq START="322" END="330">reporters</charseq>
    </extent>
    <head>
      <charseq START="322" END="330">reporters</charseq>
    </head>
  </entity_mention>
  <entity_mention ID="CNN_IP_20030403.1600.00-2-E22-121" TYPE="PRO" LDCTYPE="PRO">
    <extent>
      <charseq START="454" END="458">y'all</charseq>
    </extent>
    <head>
      <charseq START="454" END="458">y'all</charseq>
    </head>
  </entity_mention>
  <entity_mention ID="CNN_IP_20030403.1600.00-2-E22-122" TYPE="PRO" LDCTYPE="PRO">
    <extent>
      <charseq START="480" END="482">you</charseq>
    </extent>
    <head>
      <charseq START="480" END="482">you</charseq>
    </head>
  </entity_mention>
</entity>
<entity ID="CNN_IP_20030403.1600.00-2-E23" TYPE="PER" SUBTYPE="Group" CLASS="USP">
  <entity_mention ID="CNN_IP_20030403.1600.00-2-E23-124" TYPE="PRO" LDCTYPE="PTV">
    <extent>
      <charseq START="508" END="547">all of the other troops that are missing</charseq>
    </extent>
    <head>
      <charseq START="508" END="510">all</charseq>
    </head>
  </entity_mention>
  <entity_mention ID="CNN_IP_20030403.1600.00-2-E23-125" TYPE="NOM" LDCTYPE="NOM">
    <extent>
      <charseq START="515" END="547">the other troops that are missing</charseq>
    </extent>
    <head>
      <charseq START="525" END="530">troops</charseq>
    </head>
  </entity_mention>
  <entity_mention ID="CNN_IP_20030403.1600.00-2-E23-126" TYPE="PRO" LDCTYPE="WHQ">
    <extent>
      <charseq START="532" END="535">that</charseq>
    </extent>
    <head>
      <charseq START="532" END="535">that</charseq>
    </head>
  </entity_mention>
</entity>
<timex2 ID="CNN_IP_20030403.1600.00-2-T1">
  <timex2_mention ID="CNN_IP_20030403.1600.00-2-T1-1">
    <extent>
      <charseq START="1615" END="1622">tomorrow</charseq>
    </extent>
  </timex2_mention>
</timex2>
<timex2 ID="CNN_IP_20030403.1600.00-2-T2">
  <timex2_mention ID="CNN_IP_20030403.1600.00-2-T2-1">
    <extent>
      <charseq START="1862" END="1873">this morning</charseq>
    </extent>
  </timex2_mention>
</timex2>
<timex2 ID="CNN_IP_20030403.1600.00-2-T3">
  <timex2_mention ID="CNN_IP_20030403.1600.00-2-T3-1">
    <extent>
      <charseq START="1954" END="1967">this
afternoon</charseq>
    </extent>
  </timex2_mention>
</timex2>
<timex2 ID="CNN_IP_20030403.1600.00-2-T4">
  <timex2_mention ID="CNN_IP_20030403.1600.00-2-T4-1">
    <extent>
      <charseq START="2467" END="2474">tomorrow</charseq>
    </extent>
  </timex2_mention>
</timex2>
<timex2 ID="CNN_IP_20030403.1600.00-2-T5">
  <timex2_mention ID="CNN_IP_20030403.1600.00-2-T5-1">
    <extent>
      <charseq START="2500" END="2504">today</charseq>
    </extent>
  </timex2_mention>
</timex2>
<timex2 ID="CNN_IP_20030403.1600.00-2-T6">
  <timex2_mention ID="CNN_IP_20030403.1600.00-2-T6-1">
    <extent>
      <charseq START="2975" END="2979">today</charseq>
    </extent>
  </timex2_mention>
</timex2>
<timex2 ID="CNN_IP_20030403.1600.00-2-T7">
  <timex2_mention ID="CNN_IP_20030403.1600.00-2-T7-1">
    <extent>
      <charseq START="38" END="62">2003-04-03T16:00:00-05:00</charseq>
    </extent>
  </timex2_mention>
</timex2>
<timex2 ID="CNN_IP_20030403.1600.00-2-T8">
  <timex2_mention ID="CNN_IP_20030403.1600.00-2-T8-1">
    <extent>
      <charseq START="429" END="437">afternoon</charseq>
    </extent>
  </timex2_mention>
</timex2>
<timex2 ID="CNN_IP_20030403.1600.00-2-T9">
  <timex2_mention ID="CNN_IP_20030403.1600.00-2-T9-1">
    <extent>
      <charseq START="569" END="575">all day</charseq>
    </extent>
  </timex2_mention>
</timex2>
<relation ID="CNN_IP_20030403.1600.00-2-R1" TYPE="PER-SOC" SUBTYPE="Family" TENSE="Unspecified" MODALITY="Asserted">
  <relation_argument REFID="CNN_IP_20030403.1600.00-2-E16" ROLE="Arg-1"/>
  <relation_argument REFID="CNN_IP_20030403.1600.00-2-E7" ROLE="Arg-2"/>
  <relation_mention ID="CNN_IP_20030403.1600.00-2-R1-1" LEXICALCONDITION="Possessive">
    <extent>
      <charseq START="192" END="257">the parents of Jessica Lynch,
who live in Palestine, West Virginia</charseq>
    </extent>
    <relation_mention_argument REFID="CNN_IP_20030403.1600.00-2-E16-112" ROLE="Arg-1">
      <extent>
        <charseq START="192" END="257">the parents of Jessica Lynch,
who live in Palestine, West Virginia</charseq>
      </extent>
    </relation_mention_argument>
    <relation_mention_argument REFID="CNN_IP_20030403.1600.00-2-E7-113" ROLE="Arg-2">
      <extent>
        <charseq START="207" END="219">Jessica Lynch</charseq>
      </extent>
    </relation_mention_argument>
  </relation_mention>
  <relation_mention ID="CNN_IP_20030403.1600.00-2-R1-2" LEXICALCONDITION="Possessive">
    <extent>
      <charseq START="1997" END="2006">our Jessie</charseq>
    </extent>
    <relation_mention_argument REFID="CNN_IP_20030403.1600.00-2-E16-45" ROLE="Arg-1">
      <extent>
        <charseq START="1997" END="1999">our</charseq>
      </extent>
    </relation_mention_argument>
    <relation_mention_argument REFID="CNN_IP_20030403.1600.00-2-E7-44" ROLE="Arg-2">
      <extent>
        <charseq START="1997" END="2006">our Jessie</charseq>
      </extent>
    </relation_mention_argument>
  </relation_mention>
  <relation_mention ID="CNN_IP_20030403.1600.00-2-R1-3" LEXICALCONDITION="Possessive">
    <extent>
      <charseq START="3458" END="3468">Her parents</charseq>
    </extent>
    <relation_mention_argument REFID="CNN_IP_20030403.1600.00-2-E7-107" ROLE="Arg-2">
      <extent>
        <charseq START="3458" END="3460">Her</charseq>
      </extent>
    </relation_mention_argument>
    <relation_mention_argument REFID="CNN_IP_20030403.1600.00-2-E16-106" ROLE="Arg-1">
      <extent>
        <charseq START="3458" END="3468">Her parents</charseq>
      </extent>
    </relation_mention_argument>
  </relation_mention>
  <relation_mention ID="CNN_IP_20030403.1600.00-2-R1-4" LEXICALCONDITION="Possessive">
    <extent>
      <charseq START="3507" END="3520">their
daughter</charseq>
    </extent>
    <relation_mention_argument REFID="CNN_IP_20030403.1600.00-2-E16-111" ROLE="Arg-1">
      <extent>
        <charseq START="3507" END="3511">their</charseq>
      </extent>
    </relation_mention_argument>
    <relation_mention_argument REFID="CNN_IP_20030403.1600.00-2-E7-110" ROLE="Arg-2">
      <extent>
        <charseq START="3507" END="3520">their
daughter</charseq>
      </extent>
    </relation_mention_argument>
  </relation_mention>
</relation>
<relation ID="CNN_IP_20030403.1600.00-2-R2" TYPE="PART-WHOLE" SUBTYPE="Geographical" TENSE="Unspecified" MODALITY="Asserted">
  <relation_argument REFID="CNN_IP_20030403.1600.00-2-E18" ROLE="Arg-1"/>
  <relation_argument REFID="CNN_IP_20030403.1600.00-2-E19" ROLE="Arg-2"/>
  <relation_mention ID="CNN_IP_20030403.1600.00-2-R2-1" LEXICALCONDITION="Formulaic">
    <extent>
      <charseq START="234" END="257">Palestine, West Virginia</charseq>
    </extent>
    <relation_mention_argument REFID="CNN_IP_20030403.1600.00-2-E18-115" ROLE="Arg-1">
      <extent>
        <charseq START="234" END="257">Palestine, West Virginia</charseq>
      </extent>
    </relation_mention_argument>
    <relation_mention_argument REFID="CNN_IP_20030403.1600.00-2-E19-116" ROLE="Arg-2">
      <extent>
        <charseq START="245" END="257">West Virginia</charseq>
      </extent>
    </relation_mention_argument>
  </relation_mention>
</relation>
<relation ID="CNN_IP_20030403.1600.00-2-R3" TYPE="GEN-AFF" SUBTYPE="Citizen-Resident-Religion-Ethnicity" TENSE="Unspecified" MODALITY="Asserted">
  <relation_argument REFID="CNN_IP_20030403.1600.00-2-E16" ROLE="Arg-1"/>
  <relation_argument REFID="CNN_IP_20030403.1600.00-2-E18" ROLE="Arg-2"/>
  <relation_mention ID="CNN_IP_20030403.1600.00-2-R3-1" LEXICALCONDITION="Verbal">
    <extent>
      <charseq START="222" END="257">who live in Palestine, West Virginia</charseq>
    </extent>
    <relation_mention_argument REFID="CNN_IP_20030403.1600.00-2-E16-114" ROLE="Arg-1">
      <extent>
        <charseq START="222" END="224">who</charseq>
      </extent>
    </relation_mention_argument>
    <relation_mention_argument REFID="CNN_IP_20030403.1600.00-2-E18-115" ROLE="Arg-2">
      <extent>
        <charseq START="234" END="257">Palestine, West Virginia</charseq>
      </extent>
    </relation_mention_argument>
  </relation_mention>
</relation>
<relation ID="CNN_IP_20030403.1600.00-2-R5" TYPE="ART" SUBTYPE="User-Owner-Inventor-Manufacturer" TENSE="Unspecified" MODALITY="Asserted">
  <relation_argument REFID="CNN_IP_20030403.1600.00-2-E10" ROLE="Arg-1"/>
  <relation_argument REFID="CNN_IP_20030403.1600.00-2-E9" ROLE="Arg-2"/>
  <relation_mention ID="CNN_IP_20030403.1600.00-2-R5-1" LEXICALCONDITION="PreMod">
    <extent>
      <charseq START="2683" END="2696">the Army jeeps</charseq>
    </extent>
    <relation_mention_argument REFID="CNN_IP_20030403.1600.00-2-E10-73" ROLE="Arg-1">
      <extent>
        <charseq START="2687" END="2690">Army</charseq>
      </extent>
    </relation_mention_argument>
    <relation_mention_argument REFID="CNN_IP_20030403.1600.00-2-E9-72" ROLE="Arg-2">
      <extent>
        <charseq START="2683" END="2696">the Army jeeps</charseq>
      </extent>
    </relation_mention_argument>
  </relation_mention>
</relation>
<relation ID="CNN_IP_20030403.1600.00-2-R6" TYPE="PER-SOC" SUBTYPE="Family" TENSE="Unspecified" MODALITY="Asserted">
  <relation_argument REFID="CNN_IP_20030403.1600.00-2-E2" ROLE="Arg-1"/>
  <relation_argument REFID="CNN_IP_20030403.1600.00-2-E7" ROLE="Arg-2"/>
  <relation_mention ID="CNN_IP_20030403.1600.00-2-R6-1" LEXICALCONDITION="Preposition">
    <extent>
      <charseq START="2872" END="2898">the father of Jessica Lynch</charseq>
    </extent>
    <relation_mention_argument REFID="CNN_IP_20030403.1600.00-2-E2-82" ROLE="Arg-1">
      <extent>
        <charseq START="2872" END="2898">the father of Jessica Lynch</charseq>
      </extent>
    </relation_mention_argument>
    <relation_mention_argument REFID="CNN_IP_20030403.1600.00-2-E7-83" ROLE="Arg-2">
      <extent>
        <charseq START="2886" END="2898">Jessica Lynch</charseq>
      </extent>
    </relation_mention_argument>
  </relation_mention>
</relation>
<relation ID="CNN_IP_20030403.1600.00-2-R7" TYPE="PER-SOC" SUBTYPE="Family" TENSE="Unspecified" MODALITY="Asserted">
  <relation_argument REFID="CNN_IP_20030403.1600.00-2-E7" ROLE="Arg-1"/>
  <relation_argument REFID="CNN_IP_20030403.1600.00-2-E6" ROLE="Arg-2"/>
  <relation_mention ID="CNN_IP_20030403.1600.00-2-R7-1" LEXICALCONDITION="Possessive">
    <extent>
      <charseq START="2905" END="2920">Jessica's mother</charseq>
    </extent>
    <relation_mention_argument REFID="CNN_IP_20030403.1600.00-2-E7-84" ROLE="Arg-1">
      <extent>
        <charseq START="2905" END="2911">Jessica</charseq>
      </extent>
    </relation_mention_argument>
    <relation_mention_argument REFID="CNN_IP_20030403.1600.00-2-E6-85" ROLE="Arg-2">
      <extent>
        <charseq START="2905" END="2920">Jessica's mother</charseq>
      </extent>
    </relation_mention_argument>
  </relation_mention>
</relation>
<event ID="CNN_IP_20030403.1600.00-2-EV1" TYPE="Life" SUBTYPE="Injure" MODALITY="Other" POLARITY="Positive" GENERICITY="Specific" TENSE="Past">
  <event_argument REFID="CNN_IP_20030403.1600.00-2-E7" ROLE="Victim"/>
  <event_mention ID="CNN_IP_20030403.1600.00-2-EV1-1">
    <extent>
      <charseq START="1406" END="1436">she had multiple gunshot
wounds</charseq>
    </extent>
    <ldc_scope>
      <charseq START="1364" END="1456">Also, we have heard and seen reports that she had multiple gunshot
wounds, and knife stabbing</charseq>
    </ldc_scope>
    <anchor>
      <charseq START="1431" END="1436">wounds</charseq>
    </anchor>
    <event_mention_argument REFID="CNN_IP_20030403.1600.00-2-E7-26" ROLE="Victim">
      <extent>
        <charseq START="1406" END="1408">she</charseq>
      </extent>
    </event_mention_argument>
  </event_mention>
</event>
<event ID="CNN_IP_20030403.1600.00-2-EV2" TYPE="Conflict" SUBTYPE="Attack" MODALITY="Other" POLARITY="Positive" GENERICITY="Specific" TENSE="Past">
  <event_argument REFID="CNN_IP_20030403.1600.00-2-E7" ROLE="Target"/>
  <event_argument REFID="CNN_IP_20030403.1600.00-2-E4" ROLE="Instrument"/>
  <event_mention ID="CNN_IP_20030403.1600.00-2-EV2-1">
    <extent>
      <charseq START="1406" END="1456">she had multiple gunshot
wounds, and knife stabbing</charseq>
    </extent>
    <ldc_scope>
      <charseq START="1364" END="1456">Also, we have heard and seen reports that she had multiple gunshot
wounds, and knife stabbing</charseq>
    </ldc_scope>
    <anchor>
      <charseq START="1449" END="1456">stabbing</charseq>
    </anchor>
    <event_mention_argument REFID="CNN_IP_20030403.1600.00-2-E7-26" ROLE="Target">
      <extent>
        <charseq START="1406" END="1408">she</charseq>
      </extent>
    </event_mention_argument>
    <event_mention_argument REFID="CNN_IP_20030403.1600.00-2-E4-30" ROLE="Instrument">
      <extent>
        <charseq START="1443" END="1447">knife</charseq>
      </extent>
    </event_mention_argument>
  </event_mention>
</event>
<event ID="CNN_IP_20030403.1600.00-2-EV3" TYPE="Life" SUBTYPE="Injure" MODALITY="Other" POLARITY="Positive" GENERICITY="Generic" TENSE="Past">
  <event_mention ID="CNN_IP_20030403.1600.00-2-EV3-1">
    <extent>
      <charseq START="1522" END="1527">wounds</charseq>
    </extent>
    <ldc_scope>
      <charseq START="1496" END="1585">He
looked for the gunshot wounds for the knife stabbing, and there is no
injury whatsoever</charseq>
    </ldc_scope>
    <anchor>
      <charseq START="1522" END="1527">wounds</charseq>
    </anchor>
  </event_mention>
</event>
<event ID="CNN_IP_20030403.1600.00-2-EV4" TYPE="Life" SUBTYPE="Injure" MODALITY="Other" POLARITY="Positive" GENERICITY="Generic" TENSE="Past">
  <event_argument REFID="CNN_IP_20030403.1600.00-2-E4" ROLE="Instrument"/>
  <event_mention ID="CNN_IP_20030403.1600.00-2-EV4-1">
    <extent>
      <charseq START="1537" END="1550">knife stabbing</charseq>
    </extent>
    <ldc_scope>
      <charseq START="1496" END="1585">He
looked for the gunshot wounds for the knife stabbing, and there is no
injury whatsoever</charseq>
    </ldc_scope>
    <anchor>
      <charseq START="1543" END="1550">stabbing</charseq>
    </anchor>
    <event_mention_argument REFID="CNN_IP_20030403.1600.00-2-E4-29" ROLE="Instrument">
      <extent>
        <charseq START="1537" END="1541">knife</charseq>
      </extent>
    </event_mention_argument>
  </event_mention>
</event>
<event ID="CNN_IP_20030403.1600.00-2-EV5" TYPE="Life" SUBTYPE="Injure" MODALITY="Other" POLARITY="Negative" GENERICITY="Generic" TENSE="Past">
  <event_mention ID="CNN_IP_20030403.1600.00-2-EV5-1">
    <extent>
      <charseq START="1569" END="1574">injury</charseq>
    </extent>
    <ldc_scope>
      <charseq START="1496" END="1585">He
looked for the gunshot wounds for the knife stabbing, and there is no
injury whatsoever</charseq>
    </ldc_scope>
    <anchor>
      <charseq START="1569" END="1574">injury</charseq>
    </anchor>
  </event_mention>
</event>
<event ID="CNN_IP_20030403.1600.00-2-EV6" TYPE="Life" SUBTYPE="Injure" MODALITY="Asserted" POLARITY="Positive" GENERICITY="Specific" TENSE="Past">
  <event_argument REFID="CNN_IP_20030403.1600.00-2-E7" ROLE="Victim"/>
  <event_mention ID="CNN_IP_20030403.1600.00-2-EV6-1">
    <extent>
      <charseq START="1637" END="1653">She
has fractured</charseq>
    </extent>
    <ldc_scope>
      <charseq START="1637" END="1680">She
has fractured legs and her right forearm</charseq>
    </ldc_scope>
    <anchor>
      <charseq START="1645" END="1653">fractured</charseq>
    </anchor>
    <event_mention_argument REFID="CNN_IP_20030403.1600.00-2-E7-33" ROLE="Victim">
      <extent>
        <charseq START="1637" END="1639">She</charseq>
      </extent>
    </event_mention_argument>
  </event_mention>
</event>
<event ID="CNN_IP_20030403.1600.00-2-EV7" TYPE="Life" SUBTYPE="Injure" MODALITY="Other" POLARITY="Negative" GENERICITY="Generic" TENSE="Past">
  <event_mention ID="CNN_IP_20030403.1600.00-2-EV7-1">
    <extent>
      <charseq START="2053" END="2058">wounds</charseq>
    </extent>
    <ldc_scope>
      <charseq START="2028" END="2124">If those weren't gunshot wounds to cause the broken bones, do they know
what caused the fractures</charseq>
    </ldc_scope>
    <anchor>
      <charseq START="2053" END="2058">wounds</charseq>
    </anchor>
  </event_mention>
</event>
<event ID="CNN_IP_20030403.1600.00-2-EV8" TYPE="Life" SUBTYPE="Injure" MODALITY="Asserted" POLARITY="Positive" GENERICITY="Specific" TENSE="Past">
  <event_mention ID="CNN_IP_20030403.1600.00-2-EV8-1">
    <extent>
      <charseq START="2116" END="2124">fractures</charseq>
    </extent>
    <ldc_scope>
      <charseq START="2028" END="2124">If those weren't gunshot wounds to cause the broken bones, do they know
what caused the fractures</charseq>
    </ldc_scope>
    <anchor>
      <charseq START="2116" END="2124">fractures</charseq>
    </anchor>
  </event_mention>
</event>
<event ID="CNN_IP_20030403.1600.00-2-EV9" TYPE="Life" SUBTYPE="Injure" MODALITY="Asserted" POLARITY="Positive" GENERICITY="Specific" TENSE="Past">
  <event_mention ID="CNN_IP_20030403.1600.00-2-EV9-1">
    <extent>
      <charseq START="2183" END="2186">them</charseq>
    </extent>
    <ldc_scope>
      <charseq START="2140" END="2186">They have no idea at this time what caused them</charseq>
    </ldc_scope>
    <anchor>
      <charseq START="2183" END="2186">them</charseq>
    </anchor>
  </event_mention>
</event>
<event ID="CNN_IP_20030403.1600.00-2-EV10" TYPE="Contact" SUBTYPE="Phone-Write" MODALITY="Asserted" POLARITY="Positive" GENERICITY="Specific" TENSE="Past">
  <event_argument REFID="CNN_IP_20030403.1600.00-2-E7" ROLE="Entity"/>
  <event_argument REFID="CNN_IP_20030403.1600.00-2-E16" ROLE="Entity"/>
  <event_mention ID="CNN_IP_20030403.1600.00-2-EV10-1">
    <extent>
      <charseq START="2541" END="2572">she said to you on the telephone</charseq>
    </extent>
    <ldc_scope>
      <charseq START="2520" END="2572">Can you tell us what she said to you on the telephone</charseq>
    </ldc_scope>
    <anchor>
      <charseq START="2564" END="2572">telephone</charseq>
    </anchor>
    <event_mention_argument REFID="CNN_IP_20030403.1600.00-2-E7-64" ROLE="Entity">
      <extent>
        <charseq START="2541" END="2543">she</charseq>
      </extent>
    </event_mention_argument>
    <event_mention_argument REFID="CNN_IP_20030403.1600.00-2-E16-65" ROLE="Entity">
      <extent>
        <charseq START="2553" END="2555">you</charseq>
      </extent>
    </event_mention_argument>
  </event_mention>
</event>
<event ID="CNN_IP_20030403.1600.00-2-EV11" TYPE="Life" SUBTYPE="Injure" MODALITY="Asserted" POLARITY="Negative" GENERICITY="Generic" TENSE="Past">
  <event_argument REFID="CNN_IP_20030403.1600.00-2-E13" ROLE="Instrument"/>
  <event_argument REFID="CNN_IP_20030403.1600.00-2-E4" ROLE="Instrument"/>
  <event_argument REFID="CNN_IP_20030403.1600.00-2-E7" ROLE="Victim"/>
  <event_mention ID="CNN_IP_20030403.1600.00-2-EV11-1">
    <extent>
      <charseq START="3341" END="3389">bullet or knife entry wounds,
suggesting that her</charseq>
    </extent>
    <ldc_scope>
      <charseq START="3285" END="3455">They did go
on to say the doctors could not find either bullet or knife entry wounds,
suggesting that her broken bones came from some other source, and it is
not clear yet</charseq>
    </ldc_scope>
    <anchor>
      <charseq START="3363" END="3368">wounds</charseq>
    </anchor>
    <event_mention_argument REFID="CNN_IP_20030403.1600.00-2-E13-103" ROLE="Instrument">
      <extent>
        <charseq START="3341" END="3346">bullet</charseq>
      </extent>
    </event_mention_argument>
    <event_mention_argument REFID="CNN_IP_20030403.1600.00-2-E4-104" ROLE="Instrument">
      <extent>
        <charseq START="3351" END="3355">knife</charseq>
      </extent>
    </event_mention_argument>
    <event_mention_argument REFID="CNN_IP_20030403.1600.00-2-E7-105" ROLE="Victim">
      <extent>
        <charseq START="3387" END="3389">her</charseq>
      </extent>
    </event_mention_argument>
  </event_mention>
</event>
<event ID="CNN_IP_20030403.1600.00-2-EV12" TYPE="Life" SUBTYPE="Injure" MODALITY="Asserted" POLARITY="Positive" GENERICITY="Specific" TENSE="Past">
  <event_argument REFID="CNN_IP_20030403.1600.00-2-E7" ROLE="Victim"/>
  <event_mention ID="CNN_IP_20030403.1600.00-2-EV12-1">
    <extent>
      <charseq START="3387" END="3402">her broken bones</charseq>
    </extent>
    <ldc_scope>
      <charseq START="3285" END="3455">They did go
on to say the doctors could not find either bullet or knife entry wounds,
suggesting that her broken bones came from some other source, and it is
not clear yet</charseq>
    </ldc_scope>
    <anchor>
      <charseq START="3391" END="3402">broken bones</charseq>
    </anchor>
    <event_mention_argument REFID="CNN_IP_20030403.1600.00-2-E7-105" ROLE="Victim">
      <extent>
        <charseq START="3387" END="3389">her</charseq>
      </extent>
    </event_mention_argument>
  </event_mention>
</event>
<event ID="CNN_IP_20030403.1600.00-2-EV13" TYPE="Life" SUBTYPE="Injure" MODALITY="Asserted" POLARITY="Positive" GENERICITY="Specific" TENSE="Past">
  <event_argument REFID="CNN_IP_20030403.1600.00-2-E7" ROLE="Victim"/>
  <event_mention ID="CNN_IP_20030403.1600.00-2-EV13-1">
    <extent>
      <charseq START="3507" END="3531">their
daughter's injuries</charseq>
    </extent>
    <ldc_scope>
      <charseq START="3458" END="3531">Her parents said they don't know yet what caused their
daughter's injuries</charseq>
    </ldc_scope>
    <anchor>
      <charseq START="3524" END="3531">injuries</charseq>
    </anchor>
    <event_mention_argument REFID="CNN_IP_20030403.1600.00-2-E7-110" ROLE="Victim">
      <extent>
        <charseq START="3507" END="3520">their
daughter</charseq>
      </extent>
    </event_mention_argument>
  </event_mention>
</event>
</document>
</source_file>
