<?xml version="1.0"?>
<!DOCTYPE AGSet SYSTEM "ag-1.1.dtd">
<AGSet id="CNN_IP_20030417.1600.06" version="1.0" xmlns="http://www.ldc.upenn.edu/atlas/ag/" xmlns:xlink="http://www.w3.org/1999/xlink" xmlns:dc="http://purl.org/DC/documents/rec-dces-19990702.htm">
<Metadata>
<MetadataElement name="author">LDC</MetadataElement>
<MetadataElement name="encoding">UTF-8</MetadataElement>
<MetadataElement name="source"></MetadataElement>
<MetadataElement name="type">text</MetadataElement>
<MetadataElement name="uri">CNN_IP_20030417.1600.06.sgm</MetadataElement>
<MetadataElement name="version">3.1</MetadataElement>
</Metadata>
<Timeline id="CNN_IP_20030417.1600.06:T1">
<Signal id="CNN_IP_20030417.1600.06:T1:1" mimeClass="text" mimeType="NULL" encoding="unknown" unit="char" xlink:type="simple" xlink:href="URI" track="NULL"></Signal>
</Timeline>
<AG id="CNN_IP_20030417.1600.06:1" timeline="CNN_IP_20030417.1600.06:T1">
<Metadata>
<MetadataElement name="docid">CNN_IP_20030417.1600.06</MetadataElement>
</Metadata>
<Anchor id="CNN_IP_20030417.1600.06:1:2t" offset="117.000000"></Anchor>
<Anchor id="CNN_IP_20030417.1600.06:1:2u" offset="141.000000"></Anchor>
<Anchor id="CNN_IP_20030417.1600.06:1:1" offset="279.000000"></Anchor>
<Anchor id="CNN_IP_20030417.1600.06:1:35" offset="279.000000"></Anchor>
<Anchor id="CNN_IP_20030417.1600.06:1:3" offset="283.000000"></Anchor>
<Anchor id="CNN_IP_20030417.1600.06:1:4" offset="291.000000"></Anchor>
<Anchor id="CNN_IP_20030417.1600.06:1:9" offset="293.000000"></Anchor>
<Anchor id="CNN_IP_20030417.1600.06:1:B" offset="293.000000"></Anchor>
<Anchor id="CNN_IP_20030417.1600.06:1:A" offset="295.000000"></Anchor>
<Anchor id="CNN_IP_20030417.1600.06:1:C" offset="295.000000"></Anchor>
<Anchor id="CNN_IP_20030417.1600.06:1:D" offset="302.000000"></Anchor>
<Anchor id="CNN_IP_20030417.1600.06:1:G" offset="302.000000"></Anchor>
<Anchor id="CNN_IP_20030417.1600.06:1:F" offset="306.000000"></Anchor>
<Anchor id="CNN_IP_20030417.1600.06:1:H" offset="306.000000"></Anchor>
<Anchor id="CNN_IP_20030417.1600.06:1:3r" offset="317.000000"></Anchor>
<Anchor id="CNN_IP_20030417.1600.06:1:3t" offset="317.000000"></Anchor>
<Anchor id="CNN_IP_20030417.1600.06:1:2" offset="339.000000"></Anchor>
<Anchor id="CNN_IP_20030417.1600.06:1:3s" offset="339.000000"></Anchor>
<Anchor id="CNN_IP_20030417.1600.06:1:3u" offset="339.000000"></Anchor>
<Anchor id="CNN_IP_20030417.1600.06:1:I" offset="356.000000"></Anchor>
<Anchor id="CNN_IP_20030417.1600.06:1:K" offset="356.000000"></Anchor>
<Anchor id="CNN_IP_20030417.1600.06:1:J" offset="382.000000"></Anchor>
<Anchor id="CNN_IP_20030417.1600.06:1:L" offset="382.000000"></Anchor>
<Anchor id="CNN_IP_20030417.1600.06:1:31" offset="384.000000"></Anchor>
<Anchor id="CNN_IP_20030417.1600.06:1:32" offset="388.000000"></Anchor>
<Anchor id="CNN_IP_20030417.1600.06:1:36" offset="388.000000"></Anchor>
<Anchor id="CNN_IP_20030417.1600.06:1:3N" offset="391.000000"></Anchor>
<Anchor id="CNN_IP_20030417.1600.06:1:3x" offset="391.000000"></Anchor>
<Anchor id="CNN_IP_20030417.1600.06:1:49" offset="391.000000"></Anchor>
<Anchor id="CNN_IP_20030417.1600.06:1:Q" offset="391.000000"></Anchor>
<Anchor id="CNN_IP_20030417.1600.06:1:Z" offset="391.000000"></Anchor>
<Anchor id="CNN_IP_20030417.1600.06:1:f" offset="391.000000"></Anchor>
<Anchor id="CNN_IP_20030417.1600.06:1:h" offset="391.000000"></Anchor>
<Anchor id="CNN_IP_20030417.1600.06:1:g" offset="396.000000"></Anchor>
<Anchor id="CNN_IP_20030417.1600.06:1:i" offset="396.000000"></Anchor>
<Anchor id="CNN_IP_20030417.1600.06:1:b" offset="404.000000"></Anchor>
<Anchor id="CNN_IP_20030417.1600.06:1:3O" offset="411.000000"></Anchor>
<Anchor id="CNN_IP_20030417.1600.06:1:a" offset="411.000000"></Anchor>
<Anchor id="CNN_IP_20030417.1600.06:1:c" offset="411.000000"></Anchor>
<Anchor id="CNN_IP_20030417.1600.06:1:S" offset="413.000000"></Anchor>
<Anchor id="CNN_IP_20030417.1600.06:1:R" offset="425.000000"></Anchor>
<Anchor id="CNN_IP_20030417.1600.06:1:U" offset="425.000000"></Anchor>
<Anchor id="CNN_IP_20030417.1600.06:1:p" offset="431.000000"></Anchor>
<Anchor id="CNN_IP_20030417.1600.06:1:r" offset="431.000000"></Anchor>
<Anchor id="CNN_IP_20030417.1600.06:1:s" offset="433.000000"></Anchor>
<Anchor id="CNN_IP_20030417.1600.06:1:3z" offset="441.000000"></Anchor>
<Anchor id="CNN_IP_20030417.1600.06:1:40" offset="446.000000"></Anchor>
<Anchor id="CNN_IP_20030417.1600.06:1:4B" offset="454.000000"></Anchor>
<Anchor id="CNN_IP_20030417.1600.06:1:4C" offset="459.000000"></Anchor>
<Anchor id="CNN_IP_20030417.1600.06:1:v" offset="466.000000"></Anchor>
<Anchor id="CNN_IP_20030417.1600.06:1:x" offset="466.000000"></Anchor>
<Anchor id="CNN_IP_20030417.1600.06:1:w" offset="474.000000"></Anchor>
<Anchor id="CNN_IP_20030417.1600.06:1:y" offset="474.000000"></Anchor>
<Anchor id="CNN_IP_20030417.1600.06:1:2x" offset="479.000000"></Anchor>
<Anchor id="CNN_IP_20030417.1600.06:1:2y" offset="486.000000"></Anchor>
<Anchor id="CNN_IP_20030417.1600.06:1:3y" offset="486.000000"></Anchor>
<Anchor id="CNN_IP_20030417.1600.06:1:4A" offset="486.000000"></Anchor>
<Anchor id="CNN_IP_20030417.1600.06:1:q" offset="486.000000"></Anchor>
<Anchor id="CNN_IP_20030417.1600.06:1:13" offset="489.000000"></Anchor>
<Anchor id="CNN_IP_20030417.1600.06:1:15" offset="489.000000"></Anchor>
<Anchor id="CNN_IP_20030417.1600.06:1:4K" offset="489.000000"></Anchor>
<Anchor id="CNN_IP_20030417.1600.06:1:14" offset="490.000000"></Anchor>
<Anchor id="CNN_IP_20030417.1600.06:1:16" offset="490.000000"></Anchor>
<Anchor id="CNN_IP_20030417.1600.06:1:17" offset="513.000000"></Anchor>
<Anchor id="CNN_IP_20030417.1600.06:1:19" offset="523.000000"></Anchor>
<Anchor id="CNN_IP_20030417.1600.06:1:1A" offset="532.000000"></Anchor>
<Anchor id="CNN_IP_20030417.1600.06:1:4M" offset="537.000000"></Anchor>
<Anchor id="CNN_IP_20030417.1600.06:1:4N" offset="539.000000"></Anchor>
<Anchor id="CNN_IP_20030417.1600.06:1:18" offset="550.000000"></Anchor>
<Anchor id="CNN_IP_20030417.1600.06:1:4L" offset="550.000000"></Anchor>
<Anchor id="CNN_IP_20030417.1600.06:1:3e" offset="553.000000"></Anchor>
<Anchor id="CNN_IP_20030417.1600.06:1:1D" offset="557.000000"></Anchor>
<Anchor id="CNN_IP_20030417.1600.06:1:1S" offset="557.000000"></Anchor>
<Anchor id="CNN_IP_20030417.1600.06:1:1V" offset="557.000000"></Anchor>
<Anchor id="CNN_IP_20030417.1600.06:1:1m" offset="557.000000"></Anchor>
<Anchor id="CNN_IP_20030417.1600.06:1:3W" offset="557.000000"></Anchor>
<Anchor id="CNN_IP_20030417.1600.06:1:1U" offset="561.000000"></Anchor>
<Anchor id="CNN_IP_20030417.1600.06:1:1W" offset="561.000000"></Anchor>
<Anchor id="CNN_IP_20030417.1600.06:1:1o" offset="576.000000"></Anchor>
<Anchor id="CNN_IP_20030417.1600.06:1:1n" offset="584.000000"></Anchor>
<Anchor id="CNN_IP_20030417.1600.06:1:1p" offset="584.000000"></Anchor>
<Anchor id="CNN_IP_20030417.1600.06:1:3X" offset="584.000000"></Anchor>
<Anchor id="CNN_IP_20030417.1600.06:1:1g" offset="586.000000"></Anchor>
<Anchor id="CNN_IP_20030417.1600.06:1:1i" offset="586.000000"></Anchor>
<Anchor id="CNN_IP_20030417.1600.06:1:1h" offset="590.000000"></Anchor>
<Anchor id="CNN_IP_20030417.1600.06:1:1j" offset="590.000000"></Anchor>
<Anchor id="CNN_IP_20030417.1600.06:1:1G" offset="592.000000"></Anchor>
<Anchor id="CNN_IP_20030417.1600.06:1:1F" offset="604.000000"></Anchor>
<Anchor id="CNN_IP_20030417.1600.06:1:1H" offset="604.000000"></Anchor>
<Anchor id="CNN_IP_20030417.1600.06:1:1s" offset="632.000000"></Anchor>
<Anchor id="CNN_IP_20030417.1600.06:1:1u" offset="632.000000"></Anchor>
<Anchor id="CNN_IP_20030417.1600.06:1:1t" offset="640.000000"></Anchor>
<Anchor id="CNN_IP_20030417.1600.06:1:1v" offset="640.000000"></Anchor>
<Anchor id="CNN_IP_20030417.1600.06:1:3f" offset="640.000000"></Anchor>
<Anchor id="CNN_IP_20030417.1600.06:1:1z" offset="643.000000"></Anchor>
<Anchor id="CNN_IP_20030417.1600.06:1:21" offset="643.000000"></Anchor>
<Anchor id="CNN_IP_20030417.1600.06:1:3G" offset="643.000000"></Anchor>
<Anchor id="CNN_IP_20030417.1600.06:1:4S" offset="643.000000"></Anchor>
<Anchor id="CNN_IP_20030417.1600.06:1:20" offset="644.000000"></Anchor>
<Anchor id="CNN_IP_20030417.1600.06:1:22" offset="644.000000"></Anchor>
<Anchor id="CNN_IP_20030417.1600.06:1:4V" offset="646.000000"></Anchor>
<Anchor id="CNN_IP_20030417.1600.06:1:4W" offset="649.000000"></Anchor>
<Anchor id="CNN_IP_20030417.1600.06:1:3I" offset="654.000000"></Anchor>
<Anchor id="CNN_IP_20030417.1600.06:1:3J" offset="661.000000"></Anchor>
<Anchor id="CNN_IP_20030417.1600.06:1:23" offset="670.000000"></Anchor>
<Anchor id="CNN_IP_20030417.1600.06:1:25" offset="670.000000"></Anchor>
<Anchor id="CNN_IP_20030417.1600.06:1:24" offset="676.000000"></Anchor>
<Anchor id="CNN_IP_20030417.1600.06:1:26" offset="676.000000"></Anchor>
<Anchor id="CNN_IP_20030417.1600.06:1:2D" offset="688.000000"></Anchor>
<Anchor id="CNN_IP_20030417.1600.06:1:2G" offset="697.000000"></Anchor>
<Anchor id="CNN_IP_20030417.1600.06:1:2F" offset="703.000000"></Anchor>
<Anchor id="CNN_IP_20030417.1600.06:1:2H" offset="703.000000"></Anchor>
<Anchor id="CNN_IP_20030417.1600.06:1:3H" offset="703.000000"></Anchor>
<Anchor id="CNN_IP_20030417.1600.06:1:4U" offset="703.000000"></Anchor>
<Anchor id="CNN_IP_20030417.1600.06:1:2M" offset="766.000000"></Anchor>
<Anchor id="CNN_IP_20030417.1600.06:1:2N" offset="766.000000"></Anchor>
<Anchor id="CNN_IP_20030417.1600.06:1:2O" offset="766.000000"></Anchor>
<Anchor id="CNN_IP_20030417.1600.06:1:2P" offset="766.000000"></Anchor>
<Anchor id="CNN_IP_20030417.1600.06:1:2V" offset="770.000000"></Anchor>
<Anchor id="CNN_IP_20030417.1600.06:1:2X" offset="770.000000"></Anchor>
<Anchor id="CNN_IP_20030417.1600.06:1:2W" offset="782.000000"></Anchor>
<Anchor id="CNN_IP_20030417.1600.06:1:2Y" offset="782.000000"></Anchor>
<Anchor id="CNN_IP_20030417.1600.06:1:2Z" offset="785.000000"></Anchor>
<Anchor id="CNN_IP_20030417.1600.06:1:2b" offset="785.000000"></Anchor>
<Anchor id="CNN_IP_20030417.1600.06:1:2a" offset="786.000000"></Anchor>
<Anchor id="CNN_IP_20030417.1600.06:1:2c" offset="786.000000"></Anchor>
<Anchor id="CNN_IP_20030417.1600.06:1:2h" offset="794.000000"></Anchor>
<Anchor id="CNN_IP_20030417.1600.06:1:2j" offset="794.000000"></Anchor>
<Anchor id="CNN_IP_20030417.1600.06:1:2i" offset="796.000000"></Anchor>
<Anchor id="CNN_IP_20030417.1600.06:1:2k" offset="796.000000"></Anchor>
<Anchor id="CNN_IP_20030417.1600.06:1:2p" offset="810.000000"></Anchor>
<Anchor id="CNN_IP_20030417.1600.06:1:2r" offset="810.000000"></Anchor>
<Anchor id="CNN_IP_20030417.1600.06:1:2q" offset="811.000000"></Anchor>
<Anchor id="CNN_IP_20030417.1600.06:1:2s" offset="811.000000"></Anchor>
<Anchor id="CNN_IP_20030417.1600.06:1:10"></Anchor>
<Anchor id="CNN_IP_20030417.1600.06:1:11"></Anchor>
<Anchor id="CNN_IP_20030417.1600.06:1:12"></Anchor>
<Anchor id="CNN_IP_20030417.1600.06:1:1B"></Anchor>
<Anchor id="CNN_IP_20030417.1600.06:1:1C"></Anchor>
<Anchor id="CNN_IP_20030417.1600.06:1:1I"></Anchor>
<Anchor id="CNN_IP_20030417.1600.06:1:1J"></Anchor>
<Anchor id="CNN_IP_20030417.1600.06:1:1K"></Anchor>
<Anchor id="CNN_IP_20030417.1600.06:1:1L"></Anchor>
<Anchor id="CNN_IP_20030417.1600.06:1:1X"></Anchor>
<Anchor id="CNN_IP_20030417.1600.06:1:1Y"></Anchor>
<Anchor id="CNN_IP_20030417.1600.06:1:1Z"></Anchor>
<Anchor id="CNN_IP_20030417.1600.06:1:1a"></Anchor>
<Anchor id="CNN_IP_20030417.1600.06:1:1b"></Anchor>
<Anchor id="CNN_IP_20030417.1600.06:1:1c"></Anchor>
<Anchor id="CNN_IP_20030417.1600.06:1:1k"></Anchor>
<Anchor id="CNN_IP_20030417.1600.06:1:1l"></Anchor>
<Anchor id="CNN_IP_20030417.1600.06:1:1q"></Anchor>
<Anchor id="CNN_IP_20030417.1600.06:1:1r"></Anchor>
<Anchor id="CNN_IP_20030417.1600.06:1:27"></Anchor>
<Anchor id="CNN_IP_20030417.1600.06:1:28"></Anchor>
<Anchor id="CNN_IP_20030417.1600.06:1:29"></Anchor>
<Anchor id="CNN_IP_20030417.1600.06:1:2A"></Anchor>
<Anchor id="CNN_IP_20030417.1600.06:1:2B"></Anchor>
<Anchor id="CNN_IP_20030417.1600.06:1:2C"></Anchor>
<Anchor id="CNN_IP_20030417.1600.06:1:2I"></Anchor>
<Anchor id="CNN_IP_20030417.1600.06:1:2J"></Anchor>
<Anchor id="CNN_IP_20030417.1600.06:1:2K"></Anchor>
<Anchor id="CNN_IP_20030417.1600.06:1:2L"></Anchor>
<Anchor id="CNN_IP_20030417.1600.06:1:2Q"></Anchor>
<Anchor id="CNN_IP_20030417.1600.06:1:2R"></Anchor>
<Anchor id="CNN_IP_20030417.1600.06:1:2S"></Anchor>
<Anchor id="CNN_IP_20030417.1600.06:1:2U"></Anchor>
<Anchor id="CNN_IP_20030417.1600.06:1:2d"></Anchor>
<Anchor id="CNN_IP_20030417.1600.06:1:2e"></Anchor>
<Anchor id="CNN_IP_20030417.1600.06:1:2f"></Anchor>
<Anchor id="CNN_IP_20030417.1600.06:1:2g"></Anchor>
<Anchor id="CNN_IP_20030417.1600.06:1:2l"></Anchor>
<Anchor id="CNN_IP_20030417.1600.06:1:2m"></Anchor>
<Anchor id="CNN_IP_20030417.1600.06:1:2n"></Anchor>
<Anchor id="CNN_IP_20030417.1600.06:1:2o"></Anchor>
<Anchor id="CNN_IP_20030417.1600.06:1:2v"></Anchor>
<Anchor id="CNN_IP_20030417.1600.06:1:2w"></Anchor>
<Anchor id="CNN_IP_20030417.1600.06:1:2z"></Anchor>
<Anchor id="CNN_IP_20030417.1600.06:1:30"></Anchor>
<Anchor id="CNN_IP_20030417.1600.06:1:33"></Anchor>
<Anchor id="CNN_IP_20030417.1600.06:1:34"></Anchor>
<Anchor id="CNN_IP_20030417.1600.06:1:37"></Anchor>
<Anchor id="CNN_IP_20030417.1600.06:1:38"></Anchor>
<Anchor id="CNN_IP_20030417.1600.06:1:39"></Anchor>
<Anchor id="CNN_IP_20030417.1600.06:1:3A"></Anchor>
<Anchor id="CNN_IP_20030417.1600.06:1:3B"></Anchor>
<Anchor id="CNN_IP_20030417.1600.06:1:3C"></Anchor>
<Anchor id="CNN_IP_20030417.1600.06:1:3D"></Anchor>
<Anchor id="CNN_IP_20030417.1600.06:1:3F"></Anchor>
<Anchor id="CNN_IP_20030417.1600.06:1:3K"></Anchor>
<Anchor id="CNN_IP_20030417.1600.06:1:3L"></Anchor>
<Anchor id="CNN_IP_20030417.1600.06:1:3M"></Anchor>
<Anchor id="CNN_IP_20030417.1600.06:1:3P"></Anchor>
<Anchor id="CNN_IP_20030417.1600.06:1:3Q"></Anchor>
<Anchor id="CNN_IP_20030417.1600.06:1:3R"></Anchor>
<Anchor id="CNN_IP_20030417.1600.06:1:3S"></Anchor>
<Anchor id="CNN_IP_20030417.1600.06:1:3U"></Anchor>
<Anchor id="CNN_IP_20030417.1600.06:1:3V"></Anchor>
<Anchor id="CNN_IP_20030417.1600.06:1:3Y"></Anchor>
<Anchor id="CNN_IP_20030417.1600.06:1:3Z"></Anchor>
<Anchor id="CNN_IP_20030417.1600.06:1:3a"></Anchor>
<Anchor id="CNN_IP_20030417.1600.06:1:3b"></Anchor>
<Anchor id="CNN_IP_20030417.1600.06:1:3c"></Anchor>
<Anchor id="CNN_IP_20030417.1600.06:1:3d"></Anchor>
<Anchor id="CNN_IP_20030417.1600.06:1:3g"></Anchor>
<Anchor id="CNN_IP_20030417.1600.06:1:3h"></Anchor>
<Anchor id="CNN_IP_20030417.1600.06:1:3i"></Anchor>
<Anchor id="CNN_IP_20030417.1600.06:1:3j"></Anchor>
<Anchor id="CNN_IP_20030417.1600.06:1:3k"></Anchor>
<Anchor id="CNN_IP_20030417.1600.06:1:3l"></Anchor>
<Anchor id="CNN_IP_20030417.1600.06:1:3m"></Anchor>
<Anchor id="CNN_IP_20030417.1600.06:1:3n"></Anchor>
<Anchor id="CNN_IP_20030417.1600.06:1:3o"></Anchor>
<Anchor id="CNN_IP_20030417.1600.06:1:3p"></Anchor>
<Anchor id="CNN_IP_20030417.1600.06:1:3q"></Anchor>
<Anchor id="CNN_IP_20030417.1600.06:1:3v"></Anchor>
<Anchor id="CNN_IP_20030417.1600.06:1:3w"></Anchor>
<Anchor id="CNN_IP_20030417.1600.06:1:41"></Anchor>
<Anchor id="CNN_IP_20030417.1600.06:1:42"></Anchor>
<Anchor id="CNN_IP_20030417.1600.06:1:43"></Anchor>
<Anchor id="CNN_IP_20030417.1600.06:1:44"></Anchor>
<Anchor id="CNN_IP_20030417.1600.06:1:45"></Anchor>
<Anchor id="CNN_IP_20030417.1600.06:1:46"></Anchor>
<Anchor id="CNN_IP_20030417.1600.06:1:47"></Anchor>
<Anchor id="CNN_IP_20030417.1600.06:1:48"></Anchor>
<Anchor id="CNN_IP_20030417.1600.06:1:4D"></Anchor>
<Anchor id="CNN_IP_20030417.1600.06:1:4F"></Anchor>
<Anchor id="CNN_IP_20030417.1600.06:1:4G"></Anchor>
<Anchor id="CNN_IP_20030417.1600.06:1:4H"></Anchor>
<Anchor id="CNN_IP_20030417.1600.06:1:4I"></Anchor>
<Anchor id="CNN_IP_20030417.1600.06:1:4J"></Anchor>
<Anchor id="CNN_IP_20030417.1600.06:1:4O"></Anchor>
<Anchor id="CNN_IP_20030417.1600.06:1:4P"></Anchor>
<Anchor id="CNN_IP_20030417.1600.06:1:4Q"></Anchor>
<Anchor id="CNN_IP_20030417.1600.06:1:4R"></Anchor>
<Anchor id="CNN_IP_20030417.1600.06:1:4X"></Anchor>
<Anchor id="CNN_IP_20030417.1600.06:1:4Y"></Anchor>
<Anchor id="CNN_IP_20030417.1600.06:1:4Z"></Anchor>
<Anchor id="CNN_IP_20030417.1600.06:1:4a"></Anchor>
<Anchor id="CNN_IP_20030417.1600.06:1:4b"></Anchor>
<Anchor id="CNN_IP_20030417.1600.06:1:4c"></Anchor>
<Anchor id="CNN_IP_20030417.1600.06:1:4d"></Anchor>
<Anchor id="CNN_IP_20030417.1600.06:1:4e"></Anchor>
<Anchor id="CNN_IP_20030417.1600.06:1:4l"></Anchor>
<Anchor id="CNN_IP_20030417.1600.06:1:4m"></Anchor>
<Anchor id="CNN_IP_20030417.1600.06:1:5"></Anchor>
<Anchor id="CNN_IP_20030417.1600.06:1:6"></Anchor>
<Anchor id="CNN_IP_20030417.1600.06:1:7"></Anchor>
<Anchor id="CNN_IP_20030417.1600.06:1:8"></Anchor>
<Anchor id="CNN_IP_20030417.1600.06:1:M"></Anchor>
<Anchor id="CNN_IP_20030417.1600.06:1:N"></Anchor>
<Anchor id="CNN_IP_20030417.1600.06:1:O"></Anchor>
<Anchor id="CNN_IP_20030417.1600.06:1:P"></Anchor>
<Anchor id="CNN_IP_20030417.1600.06:1:V"></Anchor>
<Anchor id="CNN_IP_20030417.1600.06:1:W"></Anchor>
<Anchor id="CNN_IP_20030417.1600.06:1:X"></Anchor>
<Anchor id="CNN_IP_20030417.1600.06:1:Y"></Anchor>
<Anchor id="CNN_IP_20030417.1600.06:1:d"></Anchor>
<Anchor id="CNN_IP_20030417.1600.06:1:e"></Anchor>
<Anchor id="CNN_IP_20030417.1600.06:1:j"></Anchor>
<Anchor id="CNN_IP_20030417.1600.06:1:k"></Anchor>
<Anchor id="CNN_IP_20030417.1600.06:1:l"></Anchor>
<Anchor id="CNN_IP_20030417.1600.06:1:m"></Anchor>
<Anchor id="CNN_IP_20030417.1600.06:1:n"></Anchor>
<Anchor id="CNN_IP_20030417.1600.06:1:o"></Anchor>
<Anchor id="CNN_IP_20030417.1600.06:1:t"></Anchor>
<Anchor id="CNN_IP_20030417.1600.06:1:u"></Anchor>
<Anchor id="CNN_IP_20030417.1600.06:1:z"></Anchor>
<Annotation id="CNN_IP_20030417.1600.06:1:E14" type="composite_entity" start="CNN_IP_20030417.1600.06:1:29" end="CNN_IP_20030417.1600.06:1:2A">
<Feature name="composite_entity_class">GEN</Feature>
<Feature name="id">CE8</Feature>
</Annotation>
<Annotation id="CNN_IP_20030417.1600.06:1:E15" type="entity" start="CNN_IP_20030417.1600.06:1:2B" end="CNN_IP_20030417.1600.06:1:2C">
<Feature name="class">ATR</Feature>
<Feature name="class_difficultDecision">FALSE</Feature>
<Feature name="composite_entity">CNN_IP_20030417.1600.06:1:E14</Feature>
<Feature name="id">E17</Feature>
<Feature name="subtype">Exploding</Feature>
<Feature name="subtype_difficultDecision">FALSE</Feature>
<Feature name="type">WEA</Feature>
<Feature name="type_difficultDecision">FALSE</Feature>
</Annotation>
<Annotation id="CNN_IP_20030417.1600.06:1:E18" type="entity" start="CNN_IP_20030417.1600.06:1:2I" end="CNN_IP_20030417.1600.06:1:2J">
<Feature name="class">SPC</Feature>
<Feature name="class_difficultDecision">FALSE</Feature>
<Feature name="composite_entity">CNN_IP_20030417.1600.06:1:E19</Feature>
<Feature name="id">E18</Feature>
<Feature name="subtype">Individual</Feature>
<Feature name="subtype_difficultDecision">FALSE</Feature>
<Feature name="type">PER</Feature>
<Feature name="type_difficultDecision">FALSE</Feature>
</Annotation>
<Annotation id="CNN_IP_20030417.1600.06:1:E19" type="composite_entity" start="CNN_IP_20030417.1600.06:1:2K" end="CNN_IP_20030417.1600.06:1:2L">
<Feature name="composite_entity_class">SPC</Feature>
<Feature name="id">CE9</Feature>
</Annotation>
<Annotation id="CNN_IP_20030417.1600.06:1:E1C" type="entity" start="CNN_IP_20030417.1600.06:1:2Q" end="CNN_IP_20030417.1600.06:1:2R">
<Feature name="class">SPC</Feature>
<Feature name="class_difficultDecision">FALSE</Feature>
<Feature name="composite_entity">CNN_IP_20030417.1600.06:1:E1D</Feature>
<Feature name="id">E19</Feature>
<Feature name="subtype">Individual</Feature>
<Feature name="subtype_difficultDecision">FALSE</Feature>
<Feature name="type">PER</Feature>
<Feature name="type_difficultDecision">FALSE</Feature>
</Annotation>
<Annotation id="CNN_IP_20030417.1600.06:1:E1D" type="composite_entity" start="CNN_IP_20030417.1600.06:1:2S" end="CNN_IP_20030417.1600.06:1:2U">
<Feature name="composite_entity_class">SPC</Feature>
<Feature name="id">CE10</Feature>
</Annotation>
<Annotation id="CNN_IP_20030417.1600.06:1:E1J" type="entity" start="CNN_IP_20030417.1600.06:1:2d" end="CNN_IP_20030417.1600.06:1:2e">
<Feature name="class">SPC</Feature>
<Feature name="class_difficultDecision">FALSE</Feature>
<Feature name="composite_entity">CNN_IP_20030417.1600.06:1:E1K</Feature>
<Feature name="id">E20</Feature>
<Feature name="subtype">MED</Feature>
<Feature name="subtype_difficultDecision">FALSE</Feature>
<Feature name="type">ORG</Feature>
<Feature name="type_difficultDecision">FALSE</Feature>
</Annotation>
<Annotation id="CNN_IP_20030417.1600.06:1:E1K" type="composite_entity" start="CNN_IP_20030417.1600.06:1:2f" end="CNN_IP_20030417.1600.06:1:2g">
<Feature name="composite_entity_class">SPC</Feature>
<Feature name="id">CE11</Feature>
</Annotation>
<Annotation id="CNN_IP_20030417.1600.06:1:E1N" type="entity" start="CNN_IP_20030417.1600.06:1:2l" end="CNN_IP_20030417.1600.06:1:2m">
<Feature name="class">GEN</Feature>
<Feature name="class_difficultDecision">FALSE</Feature>
<Feature name="composite_entity">CNN_IP_20030417.1600.06:1:E1O</Feature>
<Feature name="id">E21</Feature>
<Feature name="subtype">Group</Feature>
<Feature name="subtype_difficultDecision">FALSE</Feature>
<Feature name="type">PER</Feature>
<Feature name="type_difficultDecision">FALSE</Feature>
</Annotation>
<Annotation id="CNN_IP_20030417.1600.06:1:E1O" type="composite_entity" start="CNN_IP_20030417.1600.06:1:2n" end="CNN_IP_20030417.1600.06:1:2o">
<Feature name="composite_entity_class">GEN</Feature>
<Feature name="id">CE12</Feature>
</Annotation>
<Annotation id="CNN_IP_20030417.1600.06:1:E1S" type="value" start="CNN_IP_20030417.1600.06:1:2v" end="CNN_IP_20030417.1600.06:1:2w">
<Feature name="id">Q1</Feature>
<Feature name="subtype"></Feature>
<Feature name="subtype_difficultDecision">FALSE</Feature>
<Feature name="type">TIME</Feature>
<Feature name="type_difficultDecision">FALSE</Feature>
</Annotation>
<Annotation id="CNN_IP_20030417.1600.06:1:E1V" type="value" start="CNN_IP_20030417.1600.06:1:2z" end="CNN_IP_20030417.1600.06:1:30">
<Feature name="id">Q2</Feature>
<Feature name="subtype"></Feature>
<Feature name="subtype_difficultDecision">FALSE</Feature>
<Feature name="type">TIME</Feature>
<Feature name="type_difficultDecision">FALSE</Feature>
</Annotation>
<Annotation id="CNN_IP_20030417.1600.06:1:E1X" type="value" start="CNN_IP_20030417.1600.06:1:33" end="CNN_IP_20030417.1600.06:1:34">
<Feature name="id">Q3</Feature>
<Feature name="subtype"></Feature>
<Feature name="subtype_difficultDecision">FALSE</Feature>
<Feature name="type">TIME</Feature>
<Feature name="type_difficultDecision">FALSE</Feature>
</Annotation>
<Annotation id="CNN_IP_20030417.1600.06:1:E1Z" type="relation" start="CNN_IP_20030417.1600.06:1:37" end="CNN_IP_20030417.1600.06:1:38">
<Feature name="id">R1</Feature>
<Feature name="modality">Asserted</Feature>
<Feature name="subtype">Located</Feature>
<Feature name="subtype_difficultDecision">FALSE</Feature>
<Feature name="tense">Unspecified</Feature>
<Feature name="type">PHYS</Feature>
<Feature name="type_difficultDecision">FALSE</Feature>
</Annotation>
<Annotation id="CNN_IP_20030417.1600.06:1:E1a" type="relation_mention_argument" start="CNN_IP_20030417.1600.06:1:39" end="CNN_IP_20030417.1600.06:1:3A">
<Feature name="argnum">1</Feature>
<Feature name="indexing_type">charseq</Feature>
<Feature name="object_mention">CNN_IP_20030417.1600.06:1:E1</Feature>
<Feature name="relation_mention">CNN_IP_20030417.1600.06:1:E1Y</Feature>
<Feature name="subrole"></Feature>
</Annotation>
<Annotation id="CNN_IP_20030417.1600.06:1:E1b" type="relation_mention_argument" start="CNN_IP_20030417.1600.06:1:3B" end="CNN_IP_20030417.1600.06:1:3C">
<Feature name="argnum">2</Feature>
<Feature name="indexing_type">charseq</Feature>
<Feature name="object_mention">CNN_IP_20030417.1600.06:1:E9</Feature>
<Feature name="relation_mention">CNN_IP_20030417.1600.06:1:E1Y</Feature>
<Feature name="subrole"></Feature>
</Annotation>
<Annotation id="CNN_IP_20030417.1600.06:1:E1c" type="relation_mention_argument" start="CNN_IP_20030417.1600.06:1:3D" end="CNN_IP_20030417.1600.06:1:3F">
<Feature name="argnum">3</Feature>
<Feature name="indexing_type">charseq</Feature>
<Feature name="object_mention">CNN_IP_20030417.1600.06:1:E1W</Feature>
<Feature name="relation_mention">CNN_IP_20030417.1600.06:1:E1Y</Feature>
<Feature name="subrole">Within</Feature>
</Annotation>
<Annotation id="CNN_IP_20030417.1600.06:1:E1h" type="relation" start="CNN_IP_20030417.1600.06:1:3P" end="CNN_IP_20030417.1600.06:1:3Q">
<Feature name="id">R3</Feature>
<Feature name="modality">Asserted</Feature>
<Feature name="subtype">Employment</Feature>
<Feature name="subtype_difficultDecision">FALSE</Feature>
<Feature name="tense">Unspecified</Feature>
<Feature name="type">ORG-AFF</Feature>
<Feature name="type_difficultDecision">FALSE</Feature>
</Annotation>
<Annotation id="CNN_IP_20030417.1600.06:1:E1i" type="relation_mention_argument" start="CNN_IP_20030417.1600.06:1:3R" end="CNN_IP_20030417.1600.06:1:3S">
<Feature name="argnum">1</Feature>
<Feature name="indexing_type">charseq</Feature>
<Feature name="object_mention">CNN_IP_20030417.1600.06:1:EI</Feature>
<Feature name="relation_mention">CNN_IP_20030417.1600.06:1:E1g</Feature>
<Feature name="subrole"></Feature>
</Annotation>
<Annotation id="CNN_IP_20030417.1600.06:1:E1j" type="relation_mention_argument" start="CNN_IP_20030417.1600.06:1:3U" end="CNN_IP_20030417.1600.06:1:3V">
<Feature name="argnum">2</Feature>
<Feature name="indexing_type">charseq</Feature>
<Feature name="object_mention">CNN_IP_20030417.1600.06:1:EL</Feature>
<Feature name="relation_mention">CNN_IP_20030417.1600.06:1:E1g</Feature>
<Feature name="subrole"></Feature>
</Annotation>
<Annotation id="CNN_IP_20030417.1600.06:1:E1l" type="relation" start="CNN_IP_20030417.1600.06:1:3Y" end="CNN_IP_20030417.1600.06:1:3Z">
<Feature name="id">R4</Feature>
<Feature name="modality">Asserted</Feature>
<Feature name="subtype">CRRE</Feature>
<Feature name="subtype_difficultDecision">FALSE</Feature>
<Feature name="tense">Unspecified</Feature>
<Feature name="type">GEN-AFF</Feature>
<Feature name="type_difficultDecision">FALSE</Feature>
</Annotation>
<Annotation id="CNN_IP_20030417.1600.06:1:E1m" type="relation_mention_argument" start="CNN_IP_20030417.1600.06:1:3a" end="CNN_IP_20030417.1600.06:1:3b">
<Feature name="argnum">1</Feature>
<Feature name="indexing_type">charseq</Feature>
<Feature name="object_mention">CNN_IP_20030417.1600.06:1:Et</Feature>
<Feature name="relation_mention">CNN_IP_20030417.1600.06:1:E1k</Feature>
<Feature name="subrole"></Feature>
</Annotation>
<Annotation id="CNN_IP_20030417.1600.06:1:E1n" type="relation_mention_argument" start="CNN_IP_20030417.1600.06:1:3c" end="CNN_IP_20030417.1600.06:1:3d">
<Feature name="argnum">2</Feature>
<Feature name="indexing_type">charseq</Feature>
<Feature name="object_mention">CNN_IP_20030417.1600.06:1:Ek</Feature>
<Feature name="relation_mention">CNN_IP_20030417.1600.06:1:E1k</Feature>
<Feature name="subrole"></Feature>
</Annotation>
<Annotation id="CNN_IP_20030417.1600.06:1:E1p" type="relation" start="CNN_IP_20030417.1600.06:1:3g" end="CNN_IP_20030417.1600.06:1:3h">
<Feature name="id">R5</Feature>
<Feature name="modality">Asserted</Feature>
<Feature name="subtype">Located</Feature>
<Feature name="subtype_difficultDecision">FALSE</Feature>
<Feature name="tense">Unspecified</Feature>
<Feature name="type">PHYS</Feature>
<Feature name="type_difficultDecision">FALSE</Feature>
</Annotation>
<Annotation id="CNN_IP_20030417.1600.06:1:E1q" type="relation_mention_argument" start="CNN_IP_20030417.1600.06:1:3i" end="CNN_IP_20030417.1600.06:1:3j">
<Feature name="argnum">1</Feature>
<Feature name="indexing_type">charseq</Feature>
<Feature name="object_mention">CNN_IP_20030417.1600.06:1:Ed</Feature>
<Feature name="relation_mention">CNN_IP_20030417.1600.06:1:E1o</Feature>
<Feature name="subrole"></Feature>
</Annotation>
<Annotation id="CNN_IP_20030417.1600.06:1:E1r" type="relation_mention_argument" start="CNN_IP_20030417.1600.06:1:3k" end="CNN_IP_20030417.1600.06:1:3l">
<Feature name="argnum">2</Feature>
<Feature name="indexing_type">charseq</Feature>
<Feature name="object_mention">CNN_IP_20030417.1600.06:1:Ew</Feature>
<Feature name="relation_mention">CNN_IP_20030417.1600.06:1:E1o</Feature>
<Feature name="subrole"></Feature>
</Annotation>
<Annotation id="CNN_IP_20030417.1600.06:1:E1s" type="event" start="CNN_IP_20030417.1600.06:1:3K" end="CNN_IP_20030417.1600.06:1:3L">
<Feature name="genericity">Specific</Feature>
<Feature name="id">V10</Feature>
<Feature name="modality">Asserted</Feature>
<Feature name="polarity">Positive</Feature>
<Feature name="subtype">Injure</Feature>
<Feature name="subtype_difficultDecision">FALSE</Feature>
<Feature name="tense">Past</Feature>
<Feature name="type">Life</Feature>
<Feature name="type_difficultDecision">FALSE</Feature>
</Annotation>
<Annotation id="CNN_IP_20030417.1600.06:1:E1t" type="event_mention_participant" start="CNN_IP_20030417.1600.06:1:3M" end="CNN_IP_20030417.1600.06:1:3m">
<Feature name="event_mention">CNN_IP_20030417.1600.06:1:E1e</Feature>
<Feature name="indexing_type">charseq</Feature>
<Feature name="object_mention">CNN_IP_20030417.1600.06:1:E11</Feature>
<Feature name="role">Instrument</Feature>
<Feature name="subrole"></Feature>
</Annotation>
<Annotation id="CNN_IP_20030417.1600.06:1:E1w" type="event" start="CNN_IP_20030417.1600.06:1:3v" end="CNN_IP_20030417.1600.06:1:3w">
<Feature name="genericity">Specific</Feature>
<Feature name="id">V2</Feature>
<Feature name="modality">Asserted</Feature>
<Feature name="polarity">Positive</Feature>
<Feature name="subtype">Attack</Feature>
<Feature name="subtype_difficultDecision">FALSE</Feature>
<Feature name="tense">Unspecified</Feature>
<Feature name="type">Conflict</Feature>
<Feature name="type_difficultDecision">FALSE</Feature>
</Annotation>
<Annotation id="CNN_IP_20030417.1600.06:1:E1z" type="event" start="CNN_IP_20030417.1600.06:1:41" end="CNN_IP_20030417.1600.06:1:42">
<Feature name="genericity">Specific</Feature>
<Feature name="id">V3</Feature>
<Feature name="modality">Asserted</Feature>
<Feature name="polarity">Positive</Feature>
<Feature name="subtype">Die</Feature>
<Feature name="subtype_difficultDecision">FALSE</Feature>
<Feature name="tense">Past</Feature>
<Feature name="type">Life</Feature>
<Feature name="type_difficultDecision">FALSE</Feature>
</Annotation>
<Annotation id="CNN_IP_20030417.1600.06:1:E20" type="event_mention_participant" start="CNN_IP_20030417.1600.06:1:43" end="CNN_IP_20030417.1600.06:1:44">
<Feature name="event_mention">CNN_IP_20030417.1600.06:1:E1x</Feature>
<Feature name="indexing_type">charseq</Feature>
<Feature name="object_mention">CNN_IP_20030417.1600.06:1:EQ</Feature>
<Feature name="role">Victim</Feature>
<Feature name="subrole"></Feature>
</Annotation>
<Annotation id="CNN_IP_20030417.1600.06:1:E21" type="event_mention_participant" start="CNN_IP_20030417.1600.06:1:45" end="CNN_IP_20030417.1600.06:1:46">
<Feature name="event_mention">CNN_IP_20030417.1600.06:1:E1x</Feature>
<Feature name="indexing_type">charseq</Feature>
<Feature name="object_mention">CNN_IP_20030417.1600.06:1:EU</Feature>
<Feature name="role">Place</Feature>
<Feature name="subrole"></Feature>
</Annotation>
<Annotation id="CNN_IP_20030417.1600.06:1:E22" type="event_mention_participant" start="CNN_IP_20030417.1600.06:1:47" end="CNN_IP_20030417.1600.06:1:48">
<Feature name="event_mention">CNN_IP_20030417.1600.06:1:E1x</Feature>
<Feature name="indexing_type">charseq</Feature>
<Feature name="object_mention">CNN_IP_20030417.1600.06:1:E1U</Feature>
<Feature name="role">Time</Feature>
<Feature name="subrole">Within</Feature>
</Annotation>
<Annotation id="CNN_IP_20030417.1600.06:1:E25" type="event" start="CNN_IP_20030417.1600.06:1:4D" end="CNN_IP_20030417.1600.06:1:4F">
<Feature name="genericity">Specific</Feature>
<Feature name="id">V4</Feature>
<Feature name="modality">Asserted</Feature>
<Feature name="polarity">Positive</Feature>
<Feature name="subtype">Attack</Feature>
<Feature name="subtype_difficultDecision">FALSE</Feature>
<Feature name="tense">Past</Feature>
<Feature name="type">Conflict</Feature>
<Feature name="type_difficultDecision">FALSE</Feature>
</Annotation>
<Annotation id="CNN_IP_20030417.1600.06:1:E26" type="event_mention_participant" start="CNN_IP_20030417.1600.06:1:4G" end="CNN_IP_20030417.1600.06:1:4H">
<Feature name="event_mention">CNN_IP_20030417.1600.06:1:E23</Feature>
<Feature name="indexing_type">charseq</Feature>
<Feature name="object_mention">CNN_IP_20030417.1600.06:1:EU</Feature>
<Feature name="role">Place</Feature>
<Feature name="subrole"></Feature>
</Annotation>
<Annotation id="CNN_IP_20030417.1600.06:1:E27" type="event_mention_participant" start="CNN_IP_20030417.1600.06:1:4I" end="CNN_IP_20030417.1600.06:1:4J">
<Feature name="event_mention">CNN_IP_20030417.1600.06:1:E23</Feature>
<Feature name="indexing_type">charseq</Feature>
<Feature name="object_mention">CNN_IP_20030417.1600.06:1:E1U</Feature>
<Feature name="role">Time</Feature>
<Feature name="subrole">Within</Feature>
</Annotation>
<Annotation id="CNN_IP_20030417.1600.06:1:E2A" type="event_mention_participant" start="CNN_IP_20030417.1600.06:1:3n" end="CNN_IP_20030417.1600.06:1:3o">
<Feature name="event_mention">CNN_IP_20030417.1600.06:1:E1e</Feature>
<Feature name="indexing_type">charseq</Feature>
<Feature name="object_mention">CNN_IP_20030417.1600.06:1:Ez</Feature>
<Feature name="role">Victim</Feature>
<Feature name="subrole"></Feature>
</Annotation>
<Annotation id="CNN_IP_20030417.1600.06:1:E2B" type="event_mention_participant" start="CNN_IP_20030417.1600.06:1:4Q" end="CNN_IP_20030417.1600.06:1:4R">
<Feature name="event_mention">CNN_IP_20030417.1600.06:1:E28</Feature>
<Feature name="indexing_type">charseq</Feature>
<Feature name="object_mention">CNN_IP_20030417.1600.06:1:Ea</Feature>
<Feature name="role">Victim</Feature>
<Feature name="subrole"></Feature>
</Annotation>
<Annotation id="CNN_IP_20030417.1600.06:1:E2C" type="event_mention_participant" start="CNN_IP_20030417.1600.06:1:3p" end="CNN_IP_20030417.1600.06:1:3q">
<Feature name="event_mention">CNN_IP_20030417.1600.06:1:E1e</Feature>
<Feature name="indexing_type">charseq</Feature>
<Feature name="object_mention">CNN_IP_20030417.1600.06:1:E16</Feature>
<Feature name="role">Agent</Feature>
<Feature name="subrole"></Feature>
</Annotation>
<Annotation id="CNN_IP_20030417.1600.06:1:E2G" type="event" start="CNN_IP_20030417.1600.06:1:4X" end="CNN_IP_20030417.1600.06:1:4Y">
<Feature name="genericity">Specific</Feature>
<Feature name="id">V11</Feature>
<Feature name="modality">Asserted</Feature>
<Feature name="polarity">Positive</Feature>
<Feature name="subtype">Die</Feature>
<Feature name="subtype_difficultDecision">FALSE</Feature>
<Feature name="tense">Past</Feature>
<Feature name="type">Life</Feature>
<Feature name="type_difficultDecision">FALSE</Feature>
</Annotation>
<Annotation id="CNN_IP_20030417.1600.06:1:E2H" type="event_mention_participant" start="CNN_IP_20030417.1600.06:1:4Z" end="CNN_IP_20030417.1600.06:1:4a">
<Feature name="event_mention">CNN_IP_20030417.1600.06:1:E2D</Feature>
<Feature name="indexing_type">charseq</Feature>
<Feature name="object_mention">CNN_IP_20030417.1600.06:1:E11</Feature>
<Feature name="role">Instrument</Feature>
<Feature name="subrole"></Feature>
</Annotation>
<Annotation id="CNN_IP_20030417.1600.06:1:E2I" type="event_mention_participant" start="CNN_IP_20030417.1600.06:1:4b" end="CNN_IP_20030417.1600.06:1:4c">
<Feature name="event_mention">CNN_IP_20030417.1600.06:1:E2D</Feature>
<Feature name="indexing_type">charseq</Feature>
<Feature name="object_mention">CNN_IP_20030417.1600.06:1:Ez</Feature>
<Feature name="role">Victim</Feature>
<Feature name="subrole"></Feature>
</Annotation>
<Annotation id="CNN_IP_20030417.1600.06:1:E2J" type="event_mention_participant" start="CNN_IP_20030417.1600.06:1:4d" end="CNN_IP_20030417.1600.06:1:4e">
<Feature name="event_mention">CNN_IP_20030417.1600.06:1:E2D</Feature>
<Feature name="indexing_type">charseq</Feature>
<Feature name="object_mention">CNN_IP_20030417.1600.06:1:E16</Feature>
<Feature name="role">Agent</Feature>
<Feature name="subrole"></Feature>
</Annotation>
<Annotation id="CNN_IP_20030417.1600.06:1:E3" type="entity" start="CNN_IP_20030417.1600.06:1:5" end="CNN_IP_20030417.1600.06:1:6">
<Feature name="class">SPC</Feature>
<Feature name="class_difficultDecision">FALSE</Feature>
<Feature name="composite_entity">CNN_IP_20030417.1600.06:1:E4</Feature>
<Feature name="id">E1</Feature>
<Feature name="subtype">Group</Feature>
<Feature name="subtype_difficultDecision">FALSE</Feature>
<Feature name="type">PER</Feature>
<Feature name="type_difficultDecision">FALSE</Feature>
</Annotation>
<Annotation id="CNN_IP_20030417.1600.06:1:E4" type="composite_entity" start="CNN_IP_20030417.1600.06:1:7" end="CNN_IP_20030417.1600.06:1:8">
<Feature name="composite_entity_class">SPC</Feature>
<Feature name="id">CE1</Feature>
</Annotation>
<Annotation id="CNN_IP_20030417.1600.06:1:EB" type="entity" start="CNN_IP_20030417.1600.06:1:M" end="CNN_IP_20030417.1600.06:1:N">
<Feature name="class">SPC</Feature>
<Feature name="class_difficultDecision">FALSE</Feature>
<Feature name="composite_entity">CNN_IP_20030417.1600.06:1:EC</Feature>
<Feature name="id">E2</Feature>
<Feature name="subtype">Address</Feature>
<Feature name="subtype_difficultDecision">FALSE</Feature>
<Feature name="type">LOC</Feature>
<Feature name="type_difficultDecision">FALSE</Feature>
</Annotation>
<Annotation id="CNN_IP_20030417.1600.06:1:EC" type="composite_entity" start="CNN_IP_20030417.1600.06:1:O" end="CNN_IP_20030417.1600.06:1:P">
<Feature name="composite_entity_class">SPC</Feature>
<Feature name="id">CE2</Feature>
</Annotation>
<Annotation id="CNN_IP_20030417.1600.06:1:EG" type="entity" start="CNN_IP_20030417.1600.06:1:V" end="CNN_IP_20030417.1600.06:1:W">
<Feature name="class">SPC</Feature>
<Feature name="class_difficultDecision">FALSE</Feature>
<Feature name="composite_entity">CNN_IP_20030417.1600.06:1:EH</Feature>
<Feature name="id">E3</Feature>
<Feature name="subtype">Individual</Feature>
<Feature name="subtype_difficultDecision">FALSE</Feature>
<Feature name="type">PER</Feature>
<Feature name="type_difficultDecision">FALSE</Feature>
</Annotation>
<Annotation id="CNN_IP_20030417.1600.06:1:EH" type="composite_entity" start="CNN_IP_20030417.1600.06:1:X" end="CNN_IP_20030417.1600.06:1:Y">
<Feature name="composite_entity_class">SPC</Feature>
<Feature name="id">CE3</Feature>
</Annotation>
<Annotation id="CNN_IP_20030417.1600.06:1:EK" type="entity" start="CNN_IP_20030417.1600.06:1:d" end="CNN_IP_20030417.1600.06:1:e">
<Feature name="class">ATR</Feature>
<Feature name="class_difficultDecision">FALSE</Feature>
<Feature name="composite_entity">CNN_IP_20030417.1600.06:1:EH</Feature>
<Feature name="id">E4</Feature>
<Feature name="subtype">Individual</Feature>
<Feature name="subtype_difficultDecision">FALSE</Feature>
<Feature name="type">PER</Feature>
<Feature name="type_difficultDecision">FALSE</Feature>
</Annotation>
<Annotation id="CNN_IP_20030417.1600.06:1:EO" type="composite_entity" start="CNN_IP_20030417.1600.06:1:l" end="CNN_IP_20030417.1600.06:1:m">
<Feature name="composite_entity_class">SPC</Feature>
<Feature name="id">CE4</Feature>
</Annotation>
<Annotation id="CNN_IP_20030417.1600.06:1:EP" type="entity" start="CNN_IP_20030417.1600.06:1:n" end="CNN_IP_20030417.1600.06:1:o">
<Feature name="class">ATR</Feature>
<Feature name="class_difficultDecision">FALSE</Feature>
<Feature name="composite_entity">CNN_IP_20030417.1600.06:1:EO</Feature>
<Feature name="id">E6</Feature>
<Feature name="subtype">GOV</Feature>
<Feature name="subtype_difficultDecision">FALSE</Feature>
<Feature name="type">ORG</Feature>
<Feature name="type_difficultDecision">FALSE</Feature>
</Annotation>
<Annotation id="CNN_IP_20030417.1600.06:1:ES" type="entity" start="CNN_IP_20030417.1600.06:1:t" end="CNN_IP_20030417.1600.06:1:u">
<Feature name="class">ATR</Feature>
<Feature name="class_difficultDecision">FALSE</Feature>
<Feature name="composite_entity">CNN_IP_20030417.1600.06:1:EH</Feature>
<Feature name="id">E7</Feature>
<Feature name="subtype">Individual</Feature>
<Feature name="subtype_difficultDecision">FALSE</Feature>
<Feature name="type">PER</Feature>
<Feature name="type_difficultDecision">FALSE</Feature>
</Annotation>
<Annotation id="CNN_IP_20030417.1600.06:1:EW" type="entity" start="CNN_IP_20030417.1600.06:1:z" end="CNN_IP_20030417.1600.06:1:10">
<Feature name="class">SPC</Feature>
<Feature name="class_difficultDecision">FALSE</Feature>
<Feature name="composite_entity">CNN_IP_20030417.1600.06:1:EX</Feature>
<Feature name="id">E8</Feature>
<Feature name="subtype">Population-Center</Feature>
<Feature name="subtype_difficultDecision">FALSE</Feature>
<Feature name="type">GPE</Feature>
<Feature name="type_difficultDecision">FALSE</Feature>
</Annotation>
<Annotation id="CNN_IP_20030417.1600.06:1:EX" type="composite_entity" start="CNN_IP_20030417.1600.06:1:11" end="CNN_IP_20030417.1600.06:1:12">
<Feature name="composite_entity_class">SPC</Feature>
<Feature name="id">CE5</Feature>
</Annotation>
<Annotation id="CNN_IP_20030417.1600.06:1:Ec" type="entity" start="CNN_IP_20030417.1600.06:1:1B" end="CNN_IP_20030417.1600.06:1:1C">
<Feature name="class">ATR</Feature>
<Feature name="class_difficultDecision">FALSE</Feature>
<Feature name="composite_entity">CNN_IP_20030417.1600.06:1:EH</Feature>
<Feature name="id">E9</Feature>
<Feature name="subtype">Individual</Feature>
<Feature name="subtype_difficultDecision">FALSE</Feature>
<Feature name="type">PER</Feature>
<Feature name="type_difficultDecision">FALSE</Feature>
</Annotation>
<Annotation id="CNN_IP_20030417.1600.06:1:Ef" type="entity" start="CNN_IP_20030417.1600.06:1:1I" end="CNN_IP_20030417.1600.06:1:1J">
<Feature name="class">SPC</Feature>
<Feature name="class_difficultDecision">FALSE</Feature>
<Feature name="composite_entity">CNN_IP_20030417.1600.06:1:Eg</Feature>
<Feature name="id">E10</Feature>
<Feature name="subtype">Individual</Feature>
<Feature name="subtype_difficultDecision">FALSE</Feature>
<Feature name="type">PER</Feature>
<Feature name="type_difficultDecision">FALSE</Feature>
</Annotation>
<Annotation id="CNN_IP_20030417.1600.06:1:Eg" type="composite_entity" start="CNN_IP_20030417.1600.06:1:1K" end="CNN_IP_20030417.1600.06:1:1L">
<Feature name="composite_entity_class">SPC</Feature>
<Feature name="id">CE6</Feature>
</Annotation>
<Annotation id="CNN_IP_20030417.1600.06:1:En" type="composite_entity" start="CNN_IP_20030417.1600.06:1:1Z" end="CNN_IP_20030417.1600.06:1:1a">
<Feature name="composite_entity_class">SPC</Feature>
<Feature name="id">CE7</Feature>
</Annotation>
<Annotation id="CNN_IP_20030417.1600.06:1:Eo" type="entity" start="CNN_IP_20030417.1600.06:1:1b" end="CNN_IP_20030417.1600.06:1:1c">
<Feature name="class">ATR</Feature>
<Feature name="class_difficultDecision">FALSE</Feature>
<Feature name="composite_entity">CNN_IP_20030417.1600.06:1:En</Feature>
<Feature name="id">E13</Feature>
<Feature name="subtype">State-or-Province</Feature>
<Feature name="subtype_difficultDecision">FALSE</Feature>
<Feature name="type">GPE</Feature>
<Feature name="type_difficultDecision">FALSE</Feature>
</Annotation>
<Annotation id="CNN_IP_20030417.1600.06:1:Es" type="entity" start="CNN_IP_20030417.1600.06:1:1k" end="CNN_IP_20030417.1600.06:1:1l">
<Feature name="class">ATR</Feature>
<Feature name="class_difficultDecision">FALSE</Feature>
<Feature name="composite_entity">CNN_IP_20030417.1600.06:1:Eg</Feature>
<Feature name="id">E14</Feature>
<Feature name="subtype">Individual</Feature>
<Feature name="subtype_difficultDecision">FALSE</Feature>
<Feature name="type">PER</Feature>
<Feature name="type_difficultDecision">FALSE</Feature>
</Annotation>
<Annotation id="CNN_IP_20030417.1600.06:1:Ev" type="entity" start="CNN_IP_20030417.1600.06:1:1q" end="CNN_IP_20030417.1600.06:1:1r">
<Feature name="class">ATR</Feature>
<Feature name="class_difficultDecision">FALSE</Feature>
<Feature name="composite_entity">CNN_IP_20030417.1600.06:1:Eg</Feature>
<Feature name="id">E15</Feature>
<Feature name="subtype">Individual</Feature>
<Feature name="subtype_difficultDecision">FALSE</Feature>
<Feature name="type">PER</Feature>
<Feature name="type_difficultDecision">FALSE</Feature>
</Annotation>
<Annotation id="CNN_IP_20030417.1600.06:1:E1R" type="value_mention" start="CNN_IP_20030417.1600.06:1:2t" end="CNN_IP_20030417.1600.06:1:2u">
<Feature name="id">QM1</Feature>
<Feature name="indexing_type">charseq</Feature>
<Feature name="value">CNN_IP_20030417.1600.06:1:E1S</Feature>
</Annotation>
<Annotation id="CNN_IP_20030417.1600.06:1:E1" type="entity_mention" start="CNN_IP_20030417.1600.06:1:1" end="CNN_IP_20030417.1600.06:1:2">
<Feature name="entity">CNN_IP_20030417.1600.06:1:E3</Feature>
<Feature name="entity_difficultDecision">FALSE</Feature>
<Feature name="head">CNN_IP_20030417.1600.06:1:E2</Feature>
<Feature name="id">EM1</Feature>
<Feature name="indexing_type">charseq</Feature>
<Feature name="role"></Feature>
<Feature name="role_difficultDecision">FALSE</Feature>
<Feature name="type">NOM</Feature>
<Feature name="type_difficultDecision">FALSE</Feature>
</Annotation>
<Annotation id="CNN_IP_20030417.1600.06:1:E1Y" type="relation_mention" start="CNN_IP_20030417.1600.06:1:35" end="CNN_IP_20030417.1600.06:1:36">
<Feature name="id">RM1</Feature>
<Feature name="indexing_type">charseq</Feature>
<Feature name="lexical_condition">Verbal</Feature>
<Feature name="lexical_condition_difficultDecision">FALSE</Feature>
<Feature name="relation">CNN_IP_20030417.1600.06:1:E1Z</Feature>
<Feature name="relation_difficultDecision">FALSE</Feature>
</Annotation>
<Annotation id="CNN_IP_20030417.1600.06:1:E2" type="entity_mention_head" start="CNN_IP_20030417.1600.06:1:3" end="CNN_IP_20030417.1600.06:1:4">
<Feature name="indexing_type">charseq</Feature>
</Annotation>
<Annotation id="CNN_IP_20030417.1600.06:1:E5" type="entity_mention" start="CNN_IP_20030417.1600.06:1:9" end="CNN_IP_20030417.1600.06:1:A">
<Feature name="entity">CNN_IP_20030417.1600.06:1:E3</Feature>
<Feature name="entity_difficultDecision">FALSE</Feature>
<Feature name="head">CNN_IP_20030417.1600.06:1:E6</Feature>
<Feature name="id">EM2</Feature>
<Feature name="indexing_type">charseq</Feature>
<Feature name="role"></Feature>
<Feature name="role_difficultDecision">FALSE</Feature>
<Feature name="type">WHQ</Feature>
<Feature name="type_difficultDecision">FALSE</Feature>
</Annotation>
<Annotation id="CNN_IP_20030417.1600.06:1:E6" type="entity_mention_head" start="CNN_IP_20030417.1600.06:1:B" end="CNN_IP_20030417.1600.06:1:C">
<Feature name="indexing_type">charseq</Feature>
</Annotation>
<Annotation id="CNN_IP_20030417.1600.06:1:E7" type="entity_mention" start="CNN_IP_20030417.1600.06:1:D" end="CNN_IP_20030417.1600.06:1:F">
<Feature name="entity">CNN_IP_20030417.1600.06:1:E3</Feature>
<Feature name="entity_difficultDecision">FALSE</Feature>
<Feature name="head">CNN_IP_20030417.1600.06:1:E8</Feature>
<Feature name="id">EM3</Feature>
<Feature name="indexing_type">charseq</Feature>
<Feature name="role"></Feature>
<Feature name="role_difficultDecision">FALSE</Feature>
<Feature name="type">PRO</Feature>
<Feature name="type_difficultDecision">FALSE</Feature>
</Annotation>
<Annotation id="CNN_IP_20030417.1600.06:1:E8" type="entity_mention_head" start="CNN_IP_20030417.1600.06:1:G" end="CNN_IP_20030417.1600.06:1:H">
<Feature name="indexing_type">charseq</Feature>
</Annotation>
<Annotation id="CNN_IP_20030417.1600.06:1:E1u" type="event_mention" start="CNN_IP_20030417.1600.06:1:3r" end="CNN_IP_20030417.1600.06:1:3s">
<Feature name="anchor">CNN_IP_20030417.1600.06:1:E1v</Feature>
<Feature name="event">CNN_IP_20030417.1600.06:1:E1w</Feature>
<Feature name="event_difficultDecision">FALSE</Feature>
<Feature name="id">VM2</Feature>
<Feature name="indexing_type">charseq</Feature>
</Annotation>
<Annotation id="CNN_IP_20030417.1600.06:1:E1v" type="event_mention_anchor" start="CNN_IP_20030417.1600.06:1:3t" end="CNN_IP_20030417.1600.06:1:3u">
<Feature name="indexing_type">charseq</Feature>
</Annotation>
<Annotation id="CNN_IP_20030417.1600.06:1:E9" type="entity_mention" start="CNN_IP_20030417.1600.06:1:I" end="CNN_IP_20030417.1600.06:1:J">
<Feature name="entity">CNN_IP_20030417.1600.06:1:EB</Feature>
<Feature name="entity_difficultDecision">FALSE</Feature>
<Feature name="head">CNN_IP_20030417.1600.06:1:EA</Feature>
<Feature name="id">EM4</Feature>
<Feature name="indexing_type">charseq</Feature>
<Feature name="role"></Feature>
<Feature name="role_difficultDecision">FALSE</Feature>
<Feature name="type">NAM</Feature>
<Feature name="type_difficultDecision">FALSE</Feature>
</Annotation>
<Annotation id="CNN_IP_20030417.1600.06:1:EA" type="entity_mention_head" start="CNN_IP_20030417.1600.06:1:K" end="CNN_IP_20030417.1600.06:1:L">
<Feature name="indexing_type">charseq</Feature>
</Annotation>
<Annotation id="CNN_IP_20030417.1600.06:1:E1W" type="value_mention" start="CNN_IP_20030417.1600.06:1:31" end="CNN_IP_20030417.1600.06:1:32">
<Feature name="id">QM3</Feature>
<Feature name="indexing_type">charseq</Feature>
<Feature name="value">CNN_IP_20030417.1600.06:1:E1X</Feature>
</Annotation>
<Annotation id="CNN_IP_20030417.1600.06:1:EL" type="entity_mention" start="CNN_IP_20030417.1600.06:1:f" end="CNN_IP_20030417.1600.06:1:g">
<Feature name="entity">CNN_IP_20030417.1600.06:1:EP</Feature>
<Feature name="entity_difficultDecision">FALSE</Feature>
<Feature name="head">CNN_IP_20030417.1600.06:1:EM</Feature>
<Feature name="id">EM7</Feature>
<Feature name="indexing_type">charseq</Feature>
<Feature name="role"></Feature>
<Feature name="role_difficultDecision">FALSE</Feature>
<Feature name="type">NAMPRE</Feature>
<Feature name="type_difficultDecision">FALSE</Feature>
</Annotation>
<Annotation id="CNN_IP_20030417.1600.06:1:EM" type="entity_mention_head" start="CNN_IP_20030417.1600.06:1:h" end="CNN_IP_20030417.1600.06:1:i">
<Feature name="indexing_type">charseq</Feature>
</Annotation>
<Annotation id="CNN_IP_20030417.1600.06:1:E1g" type="relation_mention" start="CNN_IP_20030417.1600.06:1:3N" end="CNN_IP_20030417.1600.06:1:3O">
<Feature name="id">RM3</Feature>
<Feature name="indexing_type">charseq</Feature>
<Feature name="lexical_condition">PreMod</Feature>
<Feature name="lexical_condition_difficultDecision">FALSE</Feature>
<Feature name="relation">CNN_IP_20030417.1600.06:1:E1h</Feature>
<Feature name="relation_difficultDecision">FALSE</Feature>
</Annotation>
<Annotation id="CNN_IP_20030417.1600.06:1:EI" type="entity_mention" start="CNN_IP_20030417.1600.06:1:Z" end="CNN_IP_20030417.1600.06:1:a">
<Feature name="entity">CNN_IP_20030417.1600.06:1:EK</Feature>
<Feature name="entity_difficultDecision">FALSE</Feature>
<Feature name="head">CNN_IP_20030417.1600.06:1:EJ</Feature>
<Feature name="id">EM6</Feature>
<Feature name="indexing_type">charseq</Feature>
<Feature name="role"></Feature>
<Feature name="role_difficultDecision">FALSE</Feature>
<Feature name="type">NOMPRE</Feature>
<Feature name="type_difficultDecision">FALSE</Feature>
</Annotation>
<Annotation id="CNN_IP_20030417.1600.06:1:ED" type="entity_mention" start="CNN_IP_20030417.1600.06:1:Q" end="CNN_IP_20030417.1600.06:1:R">
<Feature name="entity">CNN_IP_20030417.1600.06:1:EG</Feature>
<Feature name="entity_difficultDecision">FALSE</Feature>
<Feature name="head">CNN_IP_20030417.1600.06:1:EF</Feature>
<Feature name="id">EM5</Feature>
<Feature name="indexing_type">charseq</Feature>
<Feature name="role"></Feature>
<Feature name="role_difficultDecision">FALSE</Feature>
<Feature name="type">NAM</Feature>
<Feature name="type_difficultDecision">FALSE</Feature>
</Annotation>
<Annotation id="CNN_IP_20030417.1600.06:1:E1x" type="event_mention" start="CNN_IP_20030417.1600.06:1:3x" end="CNN_IP_20030417.1600.06:1:3y">
<Feature name="anchor">CNN_IP_20030417.1600.06:1:E1y</Feature>
<Feature name="event">CNN_IP_20030417.1600.06:1:E1z</Feature>
<Feature name="event_difficultDecision">FALSE</Feature>
<Feature name="id">VM3</Feature>
<Feature name="indexing_type">charseq</Feature>
</Annotation>
<Annotation id="CNN_IP_20030417.1600.06:1:E23" type="event_mention" start="CNN_IP_20030417.1600.06:1:49" end="CNN_IP_20030417.1600.06:1:4A">
<Feature name="anchor">CNN_IP_20030417.1600.06:1:E24</Feature>
<Feature name="event">CNN_IP_20030417.1600.06:1:E25</Feature>
<Feature name="event_difficultDecision">FALSE</Feature>
<Feature name="id">VM4</Feature>
<Feature name="indexing_type">charseq</Feature>
</Annotation>
<Annotation id="CNN_IP_20030417.1600.06:1:EJ" type="entity_mention_head" start="CNN_IP_20030417.1600.06:1:b" end="CNN_IP_20030417.1600.06:1:c">
<Feature name="indexing_type">charseq</Feature>
</Annotation>
<Annotation id="CNN_IP_20030417.1600.06:1:EF" type="entity_mention_head" start="CNN_IP_20030417.1600.06:1:S" end="CNN_IP_20030417.1600.06:1:U">
<Feature name="indexing_type">charseq</Feature>
</Annotation>
<Annotation id="CNN_IP_20030417.1600.06:1:ER" type="entity_mention_head" start="CNN_IP_20030417.1600.06:1:r" end="CNN_IP_20030417.1600.06:1:s">
<Feature name="indexing_type">charseq</Feature>
</Annotation>
<Annotation id="CNN_IP_20030417.1600.06:1:EQ" type="entity_mention" start="CNN_IP_20030417.1600.06:1:p" end="CNN_IP_20030417.1600.06:1:q">
<Feature name="entity">CNN_IP_20030417.1600.06:1:ES</Feature>
<Feature name="entity_difficultDecision">FALSE</Feature>
<Feature name="head">CNN_IP_20030417.1600.06:1:ER</Feature>
<Feature name="id">EM8</Feature>
<Feature name="indexing_type">charseq</Feature>
<Feature name="role"></Feature>
<Feature name="role_difficultDecision">FALSE</Feature>
<Feature name="type">PTV</Feature>
<Feature name="type_difficultDecision">FALSE</Feature>
</Annotation>
<Annotation id="CNN_IP_20030417.1600.06:1:E1y" type="event_mention_anchor" start="CNN_IP_20030417.1600.06:1:3z" end="CNN_IP_20030417.1600.06:1:40">
<Feature name="indexing_type">charseq</Feature>
</Annotation>
<Annotation id="CNN_IP_20030417.1600.06:1:E24" type="event_mention_anchor" start="CNN_IP_20030417.1600.06:1:4B" end="CNN_IP_20030417.1600.06:1:4C">
<Feature name="indexing_type">charseq</Feature>
</Annotation>
<Annotation id="CNN_IP_20030417.1600.06:1:EU" type="entity_mention" start="CNN_IP_20030417.1600.06:1:v" end="CNN_IP_20030417.1600.06:1:w">
<Feature name="entity">CNN_IP_20030417.1600.06:1:EW</Feature>
<Feature name="entity_difficultDecision">FALSE</Feature>
<Feature name="head">CNN_IP_20030417.1600.06:1:EV</Feature>
<Feature name="id">EM9</Feature>
<Feature name="indexing_type">charseq</Feature>
<Feature name="role">LOC</Feature>
<Feature name="role_difficultDecision">FALSE</Feature>
<Feature name="type">NAM</Feature>
<Feature name="type_difficultDecision">FALSE</Feature>
</Annotation>
<Annotation id="CNN_IP_20030417.1600.06:1:EV" type="entity_mention_head" start="CNN_IP_20030417.1600.06:1:x" end="CNN_IP_20030417.1600.06:1:y">
<Feature name="indexing_type">charseq</Feature>
</Annotation>
<Annotation id="CNN_IP_20030417.1600.06:1:E1U" type="value_mention" start="CNN_IP_20030417.1600.06:1:2x" end="CNN_IP_20030417.1600.06:1:2y">
<Feature name="id">QM2</Feature>
<Feature name="indexing_type">charseq</Feature>
<Feature name="value">CNN_IP_20030417.1600.06:1:E1V</Feature>
</Annotation>
<Annotation id="CNN_IP_20030417.1600.06:1:EY" type="entity_mention" start="CNN_IP_20030417.1600.06:1:13" end="CNN_IP_20030417.1600.06:1:14">
<Feature name="entity">CNN_IP_20030417.1600.06:1:EG</Feature>
<Feature name="entity_difficultDecision">FALSE</Feature>
<Feature name="head">CNN_IP_20030417.1600.06:1:EZ</Feature>
<Feature name="id">EM10</Feature>
<Feature name="indexing_type">charseq</Feature>
<Feature name="role"></Feature>
<Feature name="role_difficultDecision">FALSE</Feature>
<Feature name="type">PRO</Feature>
<Feature name="type_difficultDecision">FALSE</Feature>
</Annotation>
<Annotation id="CNN_IP_20030417.1600.06:1:EZ" type="entity_mention_head" start="CNN_IP_20030417.1600.06:1:15" end="CNN_IP_20030417.1600.06:1:16">
<Feature name="indexing_type">charseq</Feature>
</Annotation>
<Annotation id="CNN_IP_20030417.1600.06:1:E28" type="event_mention" start="CNN_IP_20030417.1600.06:1:4K" end="CNN_IP_20030417.1600.06:1:4L">
<Feature name="anchor">CNN_IP_20030417.1600.06:1:E29</Feature>
<Feature name="event">CNN_IP_20030417.1600.06:1:E1z</Feature>
<Feature name="event_difficultDecision">FALSE</Feature>
<Feature name="id">VM5</Feature>
<Feature name="indexing_type">charseq</Feature>
</Annotation>
<Annotation id="CNN_IP_20030417.1600.06:1:Ea" type="entity_mention" start="CNN_IP_20030417.1600.06:1:17" end="CNN_IP_20030417.1600.06:1:18">
<Feature name="entity">CNN_IP_20030417.1600.06:1:Ec</Feature>
<Feature name="entity_difficultDecision">FALSE</Feature>
<Feature name="head">CNN_IP_20030417.1600.06:1:Eb</Feature>
<Feature name="id">EM11</Feature>
<Feature name="indexing_type">charseq</Feature>
<Feature name="role"></Feature>
<Feature name="role_difficultDecision">FALSE</Feature>
<Feature name="type">NOM</Feature>
<Feature name="type_difficultDecision">FALSE</Feature>
</Annotation>
<Annotation id="CNN_IP_20030417.1600.06:1:Eb" type="entity_mention_head" start="CNN_IP_20030417.1600.06:1:19" end="CNN_IP_20030417.1600.06:1:1A">
<Feature name="indexing_type">charseq</Feature>
</Annotation>
<Annotation id="CNN_IP_20030417.1600.06:1:E29" type="event_mention_anchor" start="CNN_IP_20030417.1600.06:1:4M" end="CNN_IP_20030417.1600.06:1:4N">
<Feature name="indexing_type">charseq</Feature>
</Annotation>
<Annotation id="CNN_IP_20030417.1600.06:1:E1o" type="relation_mention" start="CNN_IP_20030417.1600.06:1:3e" end="CNN_IP_20030417.1600.06:1:3f">
<Feature name="id">RM5</Feature>
<Feature name="indexing_type">charseq</Feature>
<Feature name="lexical_condition">Verbal</Feature>
<Feature name="lexical_condition_difficultDecision">FALSE</Feature>
<Feature name="relation">CNN_IP_20030417.1600.06:1:E1p</Feature>
<Feature name="relation_difficultDecision">FALSE</Feature>
</Annotation>
<Annotation id="CNN_IP_20030417.1600.06:1:Ek" type="entity_mention" start="CNN_IP_20030417.1600.06:1:1S" end="CNN_IP_20030417.1600.06:1:1U">
<Feature name="entity">CNN_IP_20030417.1600.06:1:Eo</Feature>
<Feature name="entity_difficultDecision">FALSE</Feature>
<Feature name="head">CNN_IP_20030417.1600.06:1:El</Feature>
<Feature name="id">EM14</Feature>
<Feature name="indexing_type">charseq</Feature>
<Feature name="role">GPE</Feature>
<Feature name="role_difficultDecision">FALSE</Feature>
<Feature name="type">NAMPRE</Feature>
<Feature name="type_difficultDecision">FALSE</Feature>
</Annotation>
<Annotation id="CNN_IP_20030417.1600.06:1:El" type="entity_mention_head" start="CNN_IP_20030417.1600.06:1:1V" end="CNN_IP_20030417.1600.06:1:1W">
<Feature name="indexing_type">charseq</Feature>
</Annotation>
<Annotation id="CNN_IP_20030417.1600.06:1:E1k" type="relation_mention" start="CNN_IP_20030417.1600.06:1:3W" end="CNN_IP_20030417.1600.06:1:3X">
<Feature name="id">RM4</Feature>
<Feature name="indexing_type">charseq</Feature>
<Feature name="lexical_condition">PreMod</Feature>
<Feature name="lexical_condition_difficultDecision">FALSE</Feature>
<Feature name="relation">CNN_IP_20030417.1600.06:1:E1l</Feature>
<Feature name="relation_difficultDecision">FALSE</Feature>
</Annotation>
<Annotation id="CNN_IP_20030417.1600.06:1:Et" type="entity_mention" start="CNN_IP_20030417.1600.06:1:1m" end="CNN_IP_20030417.1600.06:1:1n">
<Feature name="entity">CNN_IP_20030417.1600.06:1:Ev</Feature>
<Feature name="entity_difficultDecision">FALSE</Feature>
<Feature name="head">CNN_IP_20030417.1600.06:1:Eu</Feature>
<Feature name="id">EM17</Feature>
<Feature name="indexing_type">charseq</Feature>
<Feature name="role"></Feature>
<Feature name="role_difficultDecision">FALSE</Feature>
<Feature name="type">NOMPRE</Feature>
<Feature name="type_difficultDecision">FALSE</Feature>
</Annotation>
<Annotation id="CNN_IP_20030417.1600.06:1:Ed" type="entity_mention" start="CNN_IP_20030417.1600.06:1:1D" end="CNN_IP_20030417.1600.06:1:1F">
<Feature name="entity">CNN_IP_20030417.1600.06:1:Ef</Feature>
<Feature name="entity_difficultDecision">FALSE</Feature>
<Feature name="head">CNN_IP_20030417.1600.06:1:Ee</Feature>
<Feature name="id">EM12</Feature>
<Feature name="indexing_type">charseq</Feature>
<Feature name="role"></Feature>
<Feature name="role_difficultDecision">FALSE</Feature>
<Feature name="type">NAM</Feature>
<Feature name="type_difficultDecision">FALSE</Feature>
</Annotation>
<Annotation id="CNN_IP_20030417.1600.06:1:Eu" type="entity_mention_head" start="CNN_IP_20030417.1600.06:1:1o" end="CNN_IP_20030417.1600.06:1:1p">
<Feature name="indexing_type">charseq</Feature>
</Annotation>
<Annotation id="CNN_IP_20030417.1600.06:1:Eq" type="entity_mention" start="CNN_IP_20030417.1600.06:1:1g" end="CNN_IP_20030417.1600.06:1:1h">
<Feature name="entity">CNN_IP_20030417.1600.06:1:Es</Feature>
<Feature name="entity_difficultDecision">FALSE</Feature>
<Feature name="head">CNN_IP_20030417.1600.06:1:Er</Feature>
<Feature name="id">EM16</Feature>
<Feature name="indexing_type">charseq</Feature>
<Feature name="role"></Feature>
<Feature name="role_difficultDecision">FALSE</Feature>
<Feature name="type">NOMPRE</Feature>
<Feature name="type_difficultDecision">FALSE</Feature>
</Annotation>
<Annotation id="CNN_IP_20030417.1600.06:1:Er" type="entity_mention_head" start="CNN_IP_20030417.1600.06:1:1i" end="CNN_IP_20030417.1600.06:1:1j">
<Feature name="indexing_type">charseq</Feature>
</Annotation>
<Annotation id="CNN_IP_20030417.1600.06:1:Ee" type="entity_mention_head" start="CNN_IP_20030417.1600.06:1:1G" end="CNN_IP_20030417.1600.06:1:1H">
<Feature name="indexing_type">charseq</Feature>
</Annotation>
<Annotation id="CNN_IP_20030417.1600.06:1:Ew" type="entity_mention" start="CNN_IP_20030417.1600.06:1:1s" end="CNN_IP_20030417.1600.06:1:1t">
<Feature name="entity">CNN_IP_20030417.1600.06:1:EB</Feature>
<Feature name="entity_difficultDecision">FALSE</Feature>
<Feature name="head">CNN_IP_20030417.1600.06:1:Ex</Feature>
<Feature name="id">EM18</Feature>
<Feature name="indexing_type">charseq</Feature>
<Feature name="role"></Feature>
<Feature name="role_difficultDecision">FALSE</Feature>
<Feature name="type">NAM</Feature>
<Feature name="type_difficultDecision">FALSE</Feature>
</Annotation>
<Annotation id="CNN_IP_20030417.1600.06:1:Ex" type="entity_mention_head" start="CNN_IP_20030417.1600.06:1:1u" end="CNN_IP_20030417.1600.06:1:1v">
<Feature name="indexing_type">charseq</Feature>
</Annotation>
<Annotation id="CNN_IP_20030417.1600.06:1:E10" type="entity_mention_head" start="CNN_IP_20030417.1600.06:1:21" end="CNN_IP_20030417.1600.06:1:22">
<Feature name="indexing_type">charseq</Feature>
</Annotation>
<Annotation id="CNN_IP_20030417.1600.06:1:Ez" type="entity_mention" start="CNN_IP_20030417.1600.06:1:1z" end="CNN_IP_20030417.1600.06:1:20">
<Feature name="entity">CNN_IP_20030417.1600.06:1:Ef</Feature>
<Feature name="entity_difficultDecision">FALSE</Feature>
<Feature name="head">CNN_IP_20030417.1600.06:1:E10</Feature>
<Feature name="id">EM20</Feature>
<Feature name="indexing_type">charseq</Feature>
<Feature name="role"></Feature>
<Feature name="role_difficultDecision">FALSE</Feature>
<Feature name="type">PRO</Feature>
<Feature name="type_difficultDecision">FALSE</Feature>
</Annotation>
<Annotation id="CNN_IP_20030417.1600.06:1:E1e" type="event_mention" start="CNN_IP_20030417.1600.06:1:3G" end="CNN_IP_20030417.1600.06:1:3H">
<Feature name="anchor">CNN_IP_20030417.1600.06:1:E1f</Feature>
<Feature name="event">CNN_IP_20030417.1600.06:1:E1s</Feature>
<Feature name="event_difficultDecision">FALSE</Feature>
<Feature name="id">VM7</Feature>
<Feature name="indexing_type">charseq</Feature>
</Annotation>
<Annotation id="CNN_IP_20030417.1600.06:1:E2D" type="event_mention" start="CNN_IP_20030417.1600.06:1:4S" end="CNN_IP_20030417.1600.06:1:4U">
<Feature name="anchor">CNN_IP_20030417.1600.06:1:E2F</Feature>
<Feature name="event">CNN_IP_20030417.1600.06:1:E2G</Feature>
<Feature name="event_difficultDecision">FALSE</Feature>
<Feature name="id">VM8</Feature>
<Feature name="indexing_type">charseq</Feature>
</Annotation>
<Annotation id="CNN_IP_20030417.1600.06:1:E2F" type="event_mention_anchor" start="CNN_IP_20030417.1600.06:1:4V" end="CNN_IP_20030417.1600.06:1:4W">
<Feature name="indexing_type">charseq</Feature>
</Annotation>
<Annotation id="CNN_IP_20030417.1600.06:1:E1f" type="event_mention_anchor" start="CNN_IP_20030417.1600.06:1:3I" end="CNN_IP_20030417.1600.06:1:3J">
<Feature name="indexing_type">charseq</Feature>
</Annotation>
<Annotation id="CNN_IP_20030417.1600.06:1:E11" type="entity_mention" start="CNN_IP_20030417.1600.06:1:23" end="CNN_IP_20030417.1600.06:1:24">
<Feature name="entity">CNN_IP_20030417.1600.06:1:E15</Feature>
<Feature name="entity_difficultDecision">FALSE</Feature>
<Feature name="head">CNN_IP_20030417.1600.06:1:E12</Feature>
<Feature name="id">EM21</Feature>
<Feature name="indexing_type">charseq</Feature>
<Feature name="role"></Feature>
<Feature name="role_difficultDecision">FALSE</Feature>
<Feature name="type">NOMPRE</Feature>
<Feature name="type_difficultDecision">FALSE</Feature>
</Annotation>
<Annotation id="CNN_IP_20030417.1600.06:1:E12" type="entity_mention_head" start="CNN_IP_20030417.1600.06:1:25" end="CNN_IP_20030417.1600.06:1:26">
<Feature name="indexing_type">charseq</Feature>
</Annotation>
<Annotation id="CNN_IP_20030417.1600.06:1:E16" type="entity_mention" start="CNN_IP_20030417.1600.06:1:2D" end="CNN_IP_20030417.1600.06:1:2F">
<Feature name="entity">CNN_IP_20030417.1600.06:1:E18</Feature>
<Feature name="entity_difficultDecision">FALSE</Feature>
<Feature name="head">CNN_IP_20030417.1600.06:1:E17</Feature>
<Feature name="id">EM22</Feature>
<Feature name="indexing_type">charseq</Feature>
<Feature name="role"></Feature>
<Feature name="role_difficultDecision">FALSE</Feature>
<Feature name="type">NOM</Feature>
<Feature name="type_difficultDecision">FALSE</Feature>
</Annotation>
<Annotation id="CNN_IP_20030417.1600.06:1:E17" type="entity_mention_head" start="CNN_IP_20030417.1600.06:1:2G" end="CNN_IP_20030417.1600.06:1:2H">
<Feature name="indexing_type">charseq</Feature>
</Annotation>
<Annotation id="CNN_IP_20030417.1600.06:1:E1A" type="entity_mention" start="CNN_IP_20030417.1600.06:1:2M" end="CNN_IP_20030417.1600.06:1:2N">
<Feature name="entity">CNN_IP_20030417.1600.06:1:E1C</Feature>
<Feature name="entity_difficultDecision">FALSE</Feature>
<Feature name="head">CNN_IP_20030417.1600.06:1:E1B</Feature>
<Feature name="id">EM23</Feature>
<Feature name="indexing_type">charseq</Feature>
<Feature name="role"></Feature>
<Feature name="role_difficultDecision">FALSE</Feature>
<Feature name="type">PRO</Feature>
<Feature name="type_difficultDecision">FALSE</Feature>
</Annotation>
<Annotation id="CNN_IP_20030417.1600.06:1:E1B" type="entity_mention_head" start="CNN_IP_20030417.1600.06:1:2O" end="CNN_IP_20030417.1600.06:1:2P">
<Feature name="indexing_type">charseq</Feature>
</Annotation>
<Annotation id="CNN_IP_20030417.1600.06:1:E1F" type="entity_mention" start="CNN_IP_20030417.1600.06:1:2V" end="CNN_IP_20030417.1600.06:1:2W">
<Feature name="entity">CNN_IP_20030417.1600.06:1:E1C</Feature>
<Feature name="entity_difficultDecision">FALSE</Feature>
<Feature name="head">CNN_IP_20030417.1600.06:1:E1G</Feature>
<Feature name="id">EM24</Feature>
<Feature name="indexing_type">charseq</Feature>
<Feature name="role"></Feature>
<Feature name="role_difficultDecision">FALSE</Feature>
<Feature name="type">NAM</Feature>
<Feature name="type_difficultDecision">FALSE</Feature>
</Annotation>
<Annotation id="CNN_IP_20030417.1600.06:1:E1G" type="entity_mention_head" start="CNN_IP_20030417.1600.06:1:2X" end="CNN_IP_20030417.1600.06:1:2Y">
<Feature name="indexing_type">charseq</Feature>
</Annotation>
<Annotation id="CNN_IP_20030417.1600.06:1:E1H" type="entity_mention" start="CNN_IP_20030417.1600.06:1:2Z" end="CNN_IP_20030417.1600.06:1:2a">
<Feature name="entity">CNN_IP_20030417.1600.06:1:E1J</Feature>
<Feature name="entity_difficultDecision">FALSE</Feature>
<Feature name="head">CNN_IP_20030417.1600.06:1:E1I</Feature>
<Feature name="id">EM25</Feature>
<Feature name="indexing_type">charseq</Feature>
<Feature name="role"></Feature>
<Feature name="role_difficultDecision">FALSE</Feature>
<Feature name="type">PRO</Feature>
<Feature name="type_difficultDecision">FALSE</Feature>
</Annotation>
<Annotation id="CNN_IP_20030417.1600.06:1:E1I" type="entity_mention_head" start="CNN_IP_20030417.1600.06:1:2b" end="CNN_IP_20030417.1600.06:1:2c">
<Feature name="indexing_type">charseq</Feature>
</Annotation>
<Annotation id="CNN_IP_20030417.1600.06:1:E1L" type="entity_mention" start="CNN_IP_20030417.1600.06:1:2h" end="CNN_IP_20030417.1600.06:1:2i">
<Feature name="entity">CNN_IP_20030417.1600.06:1:E1N</Feature>
<Feature name="entity_difficultDecision">FALSE</Feature>
<Feature name="head">CNN_IP_20030417.1600.06:1:E1M</Feature>
<Feature name="id">EM26</Feature>
<Feature name="indexing_type">charseq</Feature>
<Feature name="role"></Feature>
<Feature name="role_difficultDecision">FALSE</Feature>
<Feature name="type">PRO</Feature>
<Feature name="type_difficultDecision">FALSE</Feature>
</Annotation>
<Annotation id="CNN_IP_20030417.1600.06:1:E1M" type="entity_mention_head" start="CNN_IP_20030417.1600.06:1:2j" end="CNN_IP_20030417.1600.06:1:2k">
<Feature name="indexing_type">charseq</Feature>
</Annotation>
<Annotation id="CNN_IP_20030417.1600.06:1:E1P" type="entity_mention" start="CNN_IP_20030417.1600.06:1:2p" end="CNN_IP_20030417.1600.06:1:2q">
<Feature name="entity">CNN_IP_20030417.1600.06:1:E1J</Feature>
<Feature name="entity_difficultDecision">FALSE</Feature>
<Feature name="head">CNN_IP_20030417.1600.06:1:E1Q</Feature>
<Feature name="id">EM27</Feature>
<Feature name="indexing_type">charseq</Feature>
<Feature name="role"></Feature>
<Feature name="role_difficultDecision">FALSE</Feature>
<Feature name="type">PRO</Feature>
<Feature name="type_difficultDecision">FALSE</Feature>
</Annotation>
<Annotation id="CNN_IP_20030417.1600.06:1:E1Q" type="entity_mention_head" start="CNN_IP_20030417.1600.06:1:2r" end="CNN_IP_20030417.1600.06:1:2s">
<Feature name="indexing_type">charseq</Feature>
</Annotation>
</AG>
</AGSet>
