<?xml version="1.0"?>
<!DOCTYPE source_file SYSTEM "apf.v5.1.1.dtd">
<source_file URI="CNN_IP_20030412.1600.05.sgm" SOURCE="broadcast conversation" TYPE="text" AUTHOR="LDC" ENCODING="UTF-8">
<document DOCID="CNN_IP_20030412.1600.05">
<entity ID="CNN_IP_20030412.1600.05-E1" TYPE="PER" SUBTYPE="Group" CLASS="USP">
  <entity_mention ID="CNN_IP_20030412.1600.05-E1-2" TYPE="NOM" LDCTYPE="BAR">
    <extent>
      <charseq START="563" END="568">others</charseq>
    </extent>
    <head>
      <charseq START="563" END="568">others</charseq>
    </head>
  </entity_mention>
  <entity_mention ID="CNN_IP_20030412.1600.05-E1-3" TYPE="PRO" LDCTYPE="PRO">
    <extent>
      <charseq START="598" END="602">their</charseq>
    </extent>
    <head>
      <charseq START="598" END="602">their</charseq>
    </head>
  </entity_mention>
</entity>
<entity ID="CNN_IP_20030412.1600.05-E2" TYPE="PER" SUBTYPE="Indeterminate" CLASS="NEG">
  <entity_mention ID="CNN_IP_20030412.1600.05-E2-4" TYPE="PRO" LDCTYPE="PRO">
    <extent>
      <charseq START="614" END="619">Nobody</charseq>
    </extent>
    <head>
      <charseq START="614" END="619">Nobody</charseq>
    </head>
  </entity_mention>
</entity>
<entity ID="CNN_IP_20030412.1600.05-E3" TYPE="PER" SUBTYPE="Group" CLASS="SPC">
  <entity_mention ID="CNN_IP_20030412.1600.05-E3-6" TYPE="NAM" LDCTYPE="NAM" LDCATR="FALSE">
    <extent>
      <charseq START="657" END="666">Devil Docs</charseq>
    </extent>
    <head>
      <charseq START="657" END="666">Devil Docs</charseq>
    </head>
  </entity_mention>
  <entity_mention ID="CNN_IP_20030412.1600.05-E3-7" TYPE="NOM" LDCTYPE="NOM" LDCATR="TRUE">
    <extent>
      <charseq START="669" END="682">Naval corpsmen</charseq>
    </extent>
    <head>
      <charseq START="675" END="682">corpsmen</charseq>
    </head>
  </entity_mention>
  <entity_mention ID="CNN_IP_20030412.1600.05-E3-9" TYPE="PRO" LDCTYPE="WHQ" LDCATR="FALSE">
    <extent>
      <charseq START="684" END="686">who</charseq>
    </extent>
    <head>
      <charseq START="684" END="686">who</charseq>
    </head>
  </entity_mention>
  <entity_mention ID="CNN_IP_20030412.1600.05-E3-10" TYPE="PRO" LDCTYPE="PRO" LDCATR="FALSE">
    <extent>
      <charseq START="771" END="774">They</charseq>
    </extent>
    <head>
      <charseq START="771" END="774">They</charseq>
    </head>
  </entity_mention>
  <entity_mention ID="CNN_IP_20030412.1600.05-E3-18" TYPE="NOM" LDCTYPE="NOM" LDCATR="FALSE">
    <extent>
      <charseq START="1005" END="1018">the Devil Docs</charseq>
    </extent>
    <head>
      <charseq START="1009" END="1018">Devil Docs</charseq>
    </head>
  </entity_mention>
  <entity_mention ID="CNN_IP_20030412.1600.05-E3-52" TYPE="NAM" LDCTYPE="NAM" LDCATR="FALSE">
    <extent>
      <charseq START="1909" END="1922">the Devil Docs</charseq>
    </extent>
    <head>
      <charseq START="1913" END="1922">Devil Docs</charseq>
    </head>
  </entity_mention>
  <entity_mention ID="CNN_IP_20030412.1600.05-E3-64" TYPE="NAM" LDCTYPE="NAM" LDCATR="FALSE">
    <extent>
      <charseq START="337" END="350">the Devil Docs</charseq>
    </extent>
    <head>
      <charseq START="341" END="350">Devil Docs</charseq>
    </head>
  </entity_mention>
  <entity_mention ID="CNN_IP_20030412.1600.05-E3-65" TYPE="PRO" LDCTYPE="PRO" LDCATR="FALSE">
    <extent>
      <charseq START="379" END="382">they</charseq>
    </extent>
    <head>
      <charseq START="379" END="382">they</charseq>
    </head>
  </entity_mention>
  <entity_attributes>
    <name NAME="Devil Docs">
      <charseq START="657" END="666">Devil Docs</charseq>
    </name>
    <name NAME="Devil Docs">
      <charseq START="1913" END="1922">Devil Docs</charseq>
    </name>
    <name NAME="Devil Docs">
      <charseq START="341" END="350">Devil Docs</charseq>
    </name>
  </entity_attributes>
</entity>
<entity ID="CNN_IP_20030412.1600.05-E4" TYPE="ORG" SUBTYPE="Government" CLASS="SPC">
  <entity_mention ID="CNN_IP_20030412.1600.05-E4-8" TYPE="NAM" LDCTYPE="NAMPRE" LDCATR="TRUE">
    <extent>
      <charseq START="669" END="673">Naval</charseq>
    </extent>
    <head>
      <charseq START="669" END="673">Naval</charseq>
    </head>
  </entity_mention>
  <entity_mention ID="CNN_IP_20030412.1600.05-E4-19" TYPE="NAM" LDCTYPE="NAM" LDCATR="FALSE">
    <extent>
      <charseq START="1041" END="1048">The Navy</charseq>
    </extent>
    <head>
      <charseq START="1045" END="1048">Navy</charseq>
    </head>
  </entity_mention>
  <entity_attributes>
    <name NAME="Naval">
      <charseq START="669" END="673">Naval</charseq>
    </name>
    <name NAME="Navy">
      <charseq START="1045" END="1048">Navy</charseq>
    </name>
  </entity_attributes>
</entity>
<entity ID="CNN_IP_20030412.1600.05-E6" TYPE="PER" SUBTYPE="Group" CLASS="GEN">
  <entity_mention ID="CNN_IP_20030412.1600.05-E6-11" TYPE="PRO" LDCTYPE="HLS">
    <extent>
      <charseq START="802" END="812">the injured</charseq>
    </extent>
    <head>
      <charseq START="806" END="812">injured</charseq>
    </head>
  </entity_mention>
  <entity_mention ID="CNN_IP_20030412.1600.05-E6-12" TYPE="PRO" LDCTYPE="PRO">
    <extent>
      <charseq START="822" END="825">they</charseq>
    </extent>
    <head>
      <charseq START="822" END="825">they</charseq>
    </head>
  </entity_mention>
</entity>
<entity ID="CNN_IP_20030412.1600.05-E7" TYPE="GPE" SUBTYPE="Nation" CLASS="SPC">
  <entity_mention ID="CNN_IP_20030412.1600.05-E7-1" TYPE="NAM" LDCTYPE="NAM" ROLE="LOC" LDCATR="FALSE">
    <extent>
      <charseq START="221" END="224">Iraq</charseq>
    </extent>
    <head>
      <charseq START="221" END="224">Iraq</charseq>
    </head>
  </entity_mention>
  <entity_mention ID="CNN_IP_20030412.1600.05-E7-13" TYPE="NOM" LDCTYPE="NOM" ROLE="GPE" LDCATR="TRUE">
    <extent>
      <charseq START="827" END="831">Iraqi</charseq>
    </extent>
    <head>
      <charseq START="827" END="831">Iraqi</charseq>
    </head>
  </entity_mention>
  <entity_attributes>
    <name NAME="Iraq">
      <charseq START="221" END="224">Iraq</charseq>
    </name>
  </entity_attributes>
</entity>
<entity ID="CNN_IP_20030412.1600.05-E8" TYPE="PER" SUBTYPE="Group" CLASS="GEN">
  <entity_mention ID="CNN_IP_20030412.1600.05-E8-14" TYPE="NOM" LDCTYPE="BAR">
    <extent>
      <charseq START="836" END="858">coalition force members</charseq>
    </extent>
    <head>
      <charseq START="852" END="858">members</charseq>
    </head>
  </entity_mention>
</entity>
<entity ID="CNN_IP_20030412.1600.05-E9" TYPE="ORG" SUBTYPE="Non-Governmental" CLASS="SPC">
  <entity_mention ID="CNN_IP_20030412.1600.05-E9-15" TYPE="NOM" LDCTYPE="NOM">
    <extent>
      <charseq START="836" END="850">coalition force</charseq>
    </extent>
    <head>
      <charseq START="846" END="850">force</charseq>
    </head>
  </entity_mention>
</entity>
<entity ID="CNN_IP_20030412.1600.05-E10" TYPE="GPE" SUBTYPE="Nation" CLASS="SPC">
  <entity_mention ID="CNN_IP_20030412.1600.05-E10-16" TYPE="NAM" LDCTYPE="NAMPRE" ROLE="GPE">
    <extent>
      <charseq START="836" END="844">coalition</charseq>
    </extent>
    <head>
      <charseq START="836" END="844">coalition</charseq>
    </head>
  </entity_mention>
  <entity_attributes>
    <name NAME="coalition">
      <charseq START="836" END="844">coalition</charseq>
    </name>
  </entity_attributes>
</entity>
<entity ID="CNN_IP_20030412.1600.05-E11" TYPE="FAC" SUBTYPE="Path" CLASS="GEN">
  <entity_mention ID="CNN_IP_20030412.1600.05-E11-17" TYPE="NOM" LDCTYPE="NOM">
    <extent>
      <charseq START="923" END="933">the streets</charseq>
    </extent>
    <head>
      <charseq START="927" END="933">streets</charseq>
    </head>
  </entity_mention>
</entity>
<entity ID="CNN_IP_20030412.1600.05-E12" TYPE="FAC" SUBTYPE="Building-Grounds" CLASS="SPC">
  <entity_mention ID="CNN_IP_20030412.1600.05-E12-20" TYPE="NOM" LDCTYPE="NOM">
    <extent>
      <charseq START="1061" END="1085">a helicopter landing zone</charseq>
    </extent>
    <head>
      <charseq START="1082" END="1085">zone</charseq>
    </head>
  </entity_mention>
</entity>
<entity ID="CNN_IP_20030412.1600.05-E13" TYPE="VEH" SUBTYPE="Air" CLASS="SPC">
  <entity_mention ID="CNN_IP_20030412.1600.05-E13-21" TYPE="NOM" LDCTYPE="NOMPRE">
    <extent>
      <charseq START="1063" END="1072">helicopter</charseq>
    </extent>
    <head>
      <charseq START="1063" END="1072">helicopter</charseq>
    </head>
  </entity_mention>
</entity>
<entity ID="CNN_IP_20030412.1600.05-E14" TYPE="FAC" SUBTYPE="Subarea-Facility" CLASS="SPC">
  <entity_mention ID="CNN_IP_20030412.1600.05-E14-22" TYPE="NOM" LDCTYPE="NOM">
    <extent>
      <charseq START="1110" END="1132">a mobile
operating room</charseq>
    </extent>
    <head>
      <charseq START="1129" END="1132">room</charseq>
    </head>
  </entity_mention>
</entity>
<entity ID="CNN_IP_20030412.1600.05-E15" TYPE="PER" SUBTYPE="Group" CLASS="USP">
  <entity_mention ID="CNN_IP_20030412.1600.05-E15-23" TYPE="NOM" LDCTYPE="NOM">
    <extent>
      <charseq START="1177" END="1215">the closest
front line surgical company</charseq>
    </extent>
    <head>
      <charseq START="1209" END="1215">company</charseq>
    </head>
  </entity_mention>
</entity>
<entity ID="CNN_IP_20030412.1600.05-E16" TYPE="PER" SUBTYPE="Group" CLASS="GEN">
  <entity_mention ID="CNN_IP_20030412.1600.05-E16-24" TYPE="NOM" LDCTYPE="BAR">
    <extent>
      <charseq START="1218" END="1225">Corpsmen</charseq>
    </extent>
    <head>
      <charseq START="1218" END="1225">Corpsmen</charseq>
    </head>
  </entity_mention>
</entity>
<entity ID="CNN_IP_20030412.1600.05-E17" TYPE="PER" SUBTYPE="Group" CLASS="GEN">
  <entity_mention ID="CNN_IP_20030412.1600.05-E17-25" TYPE="NOM" LDCTYPE="BAR">
    <extent>
      <charseq START="1240" END="1247">patients</charseq>
    </extent>
    <head>
      <charseq START="1240" END="1247">patients</charseq>
    </head>
  </entity_mention>
</entity>
<entity ID="CNN_IP_20030412.1600.05-E18" TYPE="VEH" SUBTYPE="Land" CLASS="GEN">
  <entity_mention ID="CNN_IP_20030412.1600.05-E18-26" TYPE="NOM" LDCTYPE="BAR">
    <extent>
      <charseq START="1252" END="1260">ambulance</charseq>
    </extent>
    <head>
      <charseq START="1252" END="1260">ambulance</charseq>
    </head>
  </entity_mention>
</entity>
<entity ID="CNN_IP_20030412.1600.05-E19" TYPE="FAC" SUBTYPE="Building-Grounds" CLASS="USP">
  <entity_mention ID="CNN_IP_20030412.1600.05-E19-27" TYPE="NOM" LDCTYPE="NOM">
    <extent>
      <charseq START="1292" END="1304">a triage tent</charseq>
    </extent>
    <head>
      <charseq START="1301" END="1304">tent</charseq>
    </head>
  </entity_mention>
  <entity_mention ID="CNN_IP_20030412.1600.05-E19-28" TYPE="PRO" LDCTYPE="PRO">
    <extent>
      <charseq START="1313" END="1317">there</charseq>
    </extent>
    <head>
      <charseq START="1313" END="1317">there</charseq>
    </head>
  </entity_mention>
  <entity_mention ID="CNN_IP_20030412.1600.05-E19-33" TYPE="PRO" LDCTYPE="PRO">
    <extent>
      <charseq START="1407" END="1410">here</charseq>
    </extent>
    <head>
      <charseq START="1407" END="1410">here</charseq>
    </head>
  </entity_mention>
</entity>
<entity ID="CNN_IP_20030412.1600.05-E20" TYPE="PER" SUBTYPE="Group" CLASS="USP">
  <entity_mention ID="CNN_IP_20030412.1600.05-E20-29" TYPE="NOM" LDCTYPE="NOM">
    <extent>
      <charseq START="1319" END="1329">the doctors</charseq>
    </extent>
    <head>
      <charseq START="1323" END="1329">doctors</charseq>
    </head>
  </entity_mention>
  <entity_mention ID="CNN_IP_20030412.1600.05-E20-30" TYPE="PRO" LDCTYPE="PRO">
    <extent>
      <charseq START="1337" END="1341">their</charseq>
    </extent>
    <head>
      <charseq START="1337" END="1341">their</charseq>
    </head>
  </entity_mention>
</entity>
<entity ID="CNN_IP_20030412.1600.05-E21" TYPE="PER" SUBTYPE="Group" CLASS="USP">
  <entity_mention ID="CNN_IP_20030412.1600.05-E21-31" TYPE="PRO" LDCTYPE="PRO">
    <extent>
      <charseq START="1368" END="1369">we</charseq>
    </extent>
    <head>
      <charseq START="1368" END="1369">we</charseq>
    </head>
  </entity_mention>
</entity>
<entity ID="CNN_IP_20030412.1600.05-E22" TYPE="PER" SUBTYPE="Group" CLASS="SPC">
  <entity_mention ID="CNN_IP_20030412.1600.05-E22-32" TYPE="NOM" LDCTYPE="NOM">
    <extent>
      <charseq START="1380" END="1390">32 patients</charseq>
    </extent>
    <head>
      <charseq START="1383" END="1390">patients</charseq>
    </head>
  </entity_mention>
  <entity_mention ID="CNN_IP_20030412.1600.05-E22-35" TYPE="PRO" LDCTYPE="PRO">
    <extent>
      <charseq START="1458" END="1472">those
delivered</charseq>
    </extent>
    <head>
      <charseq START="1458" END="1462">those</charseq>
    </head>
  </entity_mention>
</entity>
<entity ID="CNN_IP_20030412.1600.05-E24" TYPE="PER" SUBTYPE="Group" CLASS="SPC">
  <entity_mention ID="CNN_IP_20030412.1600.05-E24-34" TYPE="PRO" LDCTYPE="PTV">
    <extent>
      <charseq START="1452" END="1472">29 of those
delivered</charseq>
    </extent>
    <head>
      <charseq START="1452" END="1453">29</charseq>
    </head>
  </entity_mention>
  <entity_mention ID="CNN_IP_20030412.1600.05-E24-37" TYPE="NOM" LDCTYPE="BAR">
    <extent>
      <charseq START="1475" END="1481">Marines</charseq>
    </extent>
    <head>
      <charseq START="1475" END="1481">Marines</charseq>
    </head>
  </entity_mention>
  <entity_mention ID="CNN_IP_20030412.1600.05-E24-40" TYPE="PRO" LDCTYPE="PRO">
    <extent>
      <charseq START="1533" END="1537">Their</charseq>
    </extent>
    <head>
      <charseq START="1533" END="1537">Their</charseq>
    </head>
  </entity_mention>
  <entity_mention ID="CNN_IP_20030412.1600.05-E24-45" TYPE="PRO" LDCTYPE="PRO">
    <extent>
      <charseq START="1682" END="1686">their</charseq>
    </extent>
    <head>
      <charseq START="1682" END="1686">their</charseq>
    </head>
  </entity_mention>
  <entity_mention ID="CNN_IP_20030412.1600.05-E24-47" TYPE="NOM" LDCTYPE="BAR">
    <extent>
      <charseq START="1720" END="1730">the Marines</charseq>
    </extent>
    <head>
      <charseq START="1724" END="1730">Marines</charseq>
    </head>
  </entity_mention>
</entity>
<entity ID="CNN_IP_20030412.1600.05-E25" TYPE="LOC" SUBTYPE="Region-General" CLASS="SPC">
  <entity_mention ID="CNN_IP_20030412.1600.05-E25-38" TYPE="NOM" LDCTYPE="NOM">
    <extent>
      <charseq START="1510" END="1530">the center of Baghdad</charseq>
    </extent>
    <head>
      <charseq START="1514" END="1519">center</charseq>
    </head>
  </entity_mention>
</entity>
<entity ID="CNN_IP_20030412.1600.05-E26" TYPE="GPE" SUBTYPE="Population-Center" CLASS="SPC">
  <entity_mention ID="CNN_IP_20030412.1600.05-E26-39" TYPE="NAM" LDCTYPE="NAM" ROLE="GPE" LDCATR="TRUE">
    <extent>
      <charseq START="1524" END="1530">Baghdad</charseq>
    </extent>
    <head>
      <charseq START="1524" END="1530">Baghdad</charseq>
    </head>
  </entity_mention>
  <entity_mention ID="CNN_IP_20030412.1600.05-E26-55" TYPE="NAM" LDCTYPE="NAM" ROLE="GPE" LDCATR="FALSE">
    <extent>
      <charseq START="1160" END="1166">Baghdad</charseq>
    </extent>
    <head>
      <charseq START="1160" END="1166">Baghdad</charseq>
    </head>
  </entity_mention>
  <entity_mention ID="CNN_IP_20030412.1600.05-E26-66" TYPE="NAM" LDCTYPE="NAM" ROLE="LOC" LDCATR="FALSE">
    <extent>
      <charseq START="397" END="403">Baghdad</charseq>
    </extent>
    <head>
      <charseq START="397" END="403">Baghdad</charseq>
    </head>
  </entity_mention>
  <entity_attributes>
    <name NAME="Baghdad">
      <charseq START="1524" END="1530">Baghdad</charseq>
    </name>
    <name NAME="Baghdad">
      <charseq START="1160" END="1166">Baghdad</charseq>
    </name>
    <name NAME="Baghdad">
      <charseq START="397" END="403">Baghdad</charseq>
    </name>
  </entity_attributes>
</entity>
<entity ID="CNN_IP_20030412.1600.05-E27" TYPE="WEA" SUBTYPE="Exploding" CLASS="USP">
  <entity_mention ID="CNN_IP_20030412.1600.05-E27-41" TYPE="NOM" LDCTYPE="BAR">
    <extent>
      <charseq START="1587" END="1611">rocket-propelled
grenades</charseq>
    </extent>
    <head>
      <charseq START="1604" END="1611">grenades</charseq>
    </head>
  </entity_mention>
</entity>
<entity ID="CNN_IP_20030412.1600.05-E28" TYPE="VEH" SUBTYPE="Air" CLASS="GEN">
  <entity_mention ID="CNN_IP_20030412.1600.05-E28-42" TYPE="NOM" LDCTYPE="NOMPRE">
    <extent>
      <charseq START="1587" END="1592">rocket</charseq>
    </extent>
    <head>
      <charseq START="1587" END="1592">rocket</charseq>
    </head>
  </entity_mention>
</entity>
<entity ID="CNN_IP_20030412.1600.05-E29" TYPE="WEA" SUBTYPE="Projectile" CLASS="GEN">
  <entity_mention ID="CNN_IP_20030412.1600.05-E29-43" TYPE="NOM" LDCTYPE="NOMPRE">
    <extent>
      <charseq START="1617" END="1622">bullet</charseq>
    </extent>
    <head>
      <charseq START="1617" END="1622">bullet</charseq>
    </head>
  </entity_mention>
</entity>
<entity ID="CNN_IP_20030412.1600.05-E30" TYPE="WEA" SUBTYPE="Shooting" CLASS="USP">
  <entity_mention ID="CNN_IP_20030412.1600.05-E30-44" TYPE="NOM" LDCTYPE="BAR">
    <extent>
      <charseq START="1636" END="1657">semi-automatic weapons</charseq>
    </extent>
    <head>
      <charseq START="1651" END="1657">weapons</charseq>
    </head>
  </entity_mention>
</entity>
<entity ID="CNN_IP_20030412.1600.05-E31" TYPE="PER" SUBTYPE="Group" CLASS="SPC">
  <entity_mention ID="CNN_IP_20030412.1600.05-E31-46" TYPE="PRO" LDCTYPE="PTV">
    <extent>
      <charseq START="1713" END="1730">Two of the Marines</charseq>
    </extent>
    <head>
      <charseq START="1713" END="1715">Two</charseq>
    </head>
  </entity_mention>
</entity>
<entity ID="CNN_IP_20030412.1600.05-E32" TYPE="PER" SUBTYPE="Group" CLASS="USP">
  <entity_mention ID="CNN_IP_20030412.1600.05-E32-48" TYPE="NOM" LDCTYPE="NOM">
    <extent>
      <charseq START="1751" END="1771">many of the survivors</charseq>
    </extent>
    <head>
      <charseq START="1763" END="1771">survivors</charseq>
    </head>
  </entity_mention>
</entity>
<entity ID="CNN_IP_20030412.1600.05-E33" TYPE="PER" SUBTYPE="Individual" CLASS="SPC">
  <entity_mention ID="CNN_IP_20030412.1600.05-E33-49" TYPE="NAM" LDCTYPE="NAM" LDCATR="TRUE">
    <extent>
      <charseq START="1882" END="1897">Dr.
Sanjay Gupta</charseq>
    </extent>
    <head>
      <charseq START="1886" END="1897">Sanjay Gupta</charseq>
    </head>
  </entity_mention>
  <entity_mention ID="CNN_IP_20030412.1600.05-E33-50" TYPE="NOM" LDCTYPE="NOMPRE" LDCATR="TRUE">
    <extent>
      <charseq START="1882" END="1883">Dr</charseq>
    </extent>
    <head>
      <charseq START="1882" END="1883">Dr</charseq>
    </head>
  </entity_mention>
  <entity_mention ID="CNN_IP_20030412.1600.05-E33-60" TYPE="NOM" LDCTYPE="NOM" LDCATR="TRUE">
    <extent>
      <charseq START="268" END="292">CNN medical correspondent</charseq>
    </extent>
    <head>
      <charseq START="280" END="292">correspondent</charseq>
    </head>
  </entity_mention>
  <entity_mention ID="CNN_IP_20030412.1600.05-E33-62" TYPE="NAM" LDCTYPE="NAM" LDCATR="TRUE">
    <extent>
      <charseq START="295" END="310">Dr. Sanjay Gupta</charseq>
    </extent>
    <head>
      <charseq START="299" END="310">Sanjay Gupta</charseq>
    </head>
  </entity_mention>
  <entity_mention ID="CNN_IP_20030412.1600.05-E33-63" TYPE="NOM" LDCTYPE="NOMPRE" LDCATR="TRUE">
    <extent>
      <charseq START="295" END="296">Dr</charseq>
    </extent>
    <head>
      <charseq START="295" END="296">Dr</charseq>
    </head>
  </entity_mention>
  <entity_mention ID="CNN_IP_20030412.1600.05-E33-68" TYPE="NAM" LDCTYPE="NAM" LDCATR="TRUE">
    <extent>
      <charseq START="427" END="438">SANJAY GUPTA</charseq>
    </extent>
    <head>
      <charseq START="427" END="438">SANJAY GUPTA</charseq>
    </head>
  </entity_mention>
  <entity_mention ID="CNN_IP_20030412.1600.05-E33-69" TYPE="NOM" LDCTYPE="NOM" LDCATR="TRUE">
    <extent>
      <charseq START="441" END="465">CNN MEDICAL CORRESPONDENT</charseq>
    </extent>
    <head>
      <charseq START="453" END="465">CORRESPONDENT</charseq>
    </head>
  </entity_mention>
  <entity_attributes>
    <name NAME="Sanjay Gupta">
      <charseq START="1886" END="1897">Sanjay Gupta</charseq>
    </name>
    <name NAME="Sanjay Gupta">
      <charseq START="299" END="310">Sanjay Gupta</charseq>
    </name>
    <name NAME="SANJAY GUPTA">
      <charseq START="427" END="438">SANJAY GUPTA</charseq>
    </name>
  </entity_attributes>
</entity>
<entity ID="CNN_IP_20030412.1600.05-E34" TYPE="LOC" SUBTYPE="Region-General" CLASS="USP">
  <entity_mention ID="CNN_IP_20030412.1600.05-E34-53" TYPE="NOM" LDCTYPE="NOM">
    <extent>
      <charseq START="1924" END="1938">outside Baghdad</charseq>
    </extent>
    <head>
      <charseq START="1932" END="1938">Baghdad</charseq>
    </head>
  </entity_mention>
</entity>
<entity ID="CNN_IP_20030412.1600.05-E35" TYPE="LOC" SUBTYPE="Region-General" CLASS="USP">
  <entity_mention ID="CNN_IP_20030412.1600.05-E35-54" TYPE="NOM" LDCTYPE="NOM">
    <extent>
      <charseq START="1143" END="1166">the outskirts of Baghdad</charseq>
    </extent>
    <head>
      <charseq START="1147" END="1155">outskirts</charseq>
    </head>
  </entity_mention>
</entity>
<entity ID="CNN_IP_20030412.1600.05-E36" TYPE="PER" SUBTYPE="Individual" CLASS="SPC">
  <entity_mention ID="CNN_IP_20030412.1600.05-E36-56" TYPE="NAM" LDCTYPE="NAM">
    <extent>
      <charseq START="183" END="190">WOODRUFF</charseq>
    </extent>
    <head>
      <charseq START="183" END="190">WOODRUFF</charseq>
    </head>
  </entity_mention>
  <entity_attributes>
    <name NAME="WOODRUFF">
      <charseq START="183" END="190">WOODRUFF</charseq>
    </name>
  </entity_attributes>
</entity>
<entity ID="CNN_IP_20030412.1600.05-E37" TYPE="PER" SUBTYPE="Individual" CLASS="GEN">
  <entity_mention ID="CNN_IP_20030412.1600.05-E37-57" TYPE="NOM" LDCTYPE="NOM">
    <extent>
      <charseq START="247" END="265">the military
doctor</charseq>
    </extent>
    <head>
      <charseq START="260" END="265">doctor</charseq>
    </head>
  </entity_mention>
</entity>
<entity ID="CNN_IP_20030412.1600.05-E38" TYPE="ORG" SUBTYPE="Government" CLASS="GEN">
  <entity_mention ID="CNN_IP_20030412.1600.05-E38-58" TYPE="NOM" LDCTYPE="NOMPRE">
    <extent>
      <charseq START="251" END="258">military</charseq>
    </extent>
    <head>
      <charseq START="251" END="258">military</charseq>
    </head>
  </entity_mention>
</entity>
<entity ID="CNN_IP_20030412.1600.05-E40" TYPE="ORG" SUBTYPE="Media" CLASS="SPC">
  <entity_mention ID="CNN_IP_20030412.1600.05-E40-51" TYPE="NAM" LDCTYPE="NAM" LDCATR="FALSE">
    <extent>
      <charseq START="1900" END="1902">CNN</charseq>
    </extent>
    <head>
      <charseq START="1900" END="1902">CNN</charseq>
    </head>
  </entity_mention>
  <entity_mention ID="CNN_IP_20030412.1600.05-E40-61" TYPE="NAM" LDCTYPE="NAMPRE" LDCATR="FALSE">
    <extent>
      <charseq START="268" END="270">CNN</charseq>
    </extent>
    <head>
      <charseq START="268" END="270">CNN</charseq>
    </head>
  </entity_mention>
  <entity_mention ID="CNN_IP_20030412.1600.05-E40-70" TYPE="NAM" LDCTYPE="NAMPRE" LDCATR="TRUE">
    <extent>
      <charseq START="441" END="443">CNN</charseq>
    </extent>
    <head>
      <charseq START="441" END="443">CNN</charseq>
    </head>
  </entity_mention>
  <entity_attributes>
    <name NAME="CNN">
      <charseq START="1900" END="1902">CNN</charseq>
    </name>
    <name NAME="CNN">
      <charseq START="268" END="270">CNN</charseq>
    </name>
    <name NAME="CNN">
      <charseq START="441" END="443">CNN</charseq>
    </name>
  </entity_attributes>
</entity>
<timex2 ID="CNN_IP_20030412.1600.05-T1">
  <timex2_mention ID="CNN_IP_20030412.1600.05-T1-1">
    <extent>
      <charseq START="36" END="60">2003-04-12T16:00:00-05:00</charseq>
    </extent>
  </timex2_mention>
</timex2>
<timex2 ID="CNN_IP_20030412.1600.05-T2">
  <timex2_mention ID="CNN_IP_20030412.1600.05-T2-1">
    <extent>
      <charseq START="232" END="234">now</charseq>
    </extent>
  </timex2_mention>
</timex2>
<timex2 ID="CNN_IP_20030412.1600.05-T3">
  <timex2_mention ID="CNN_IP_20030412.1600.05-T3-1">
    <extent>
      <charseq START="1354" END="1363">45 minutes</charseq>
    </extent>
  </timex2_mention>
</timex2>
<timex2 ID="CNN_IP_20030412.1600.05-T4">
  <timex2_mention ID="CNN_IP_20030412.1600.05-T4-1">
    <extent>
      <charseq START="375" END="377">now</charseq>
    </extent>
  </timex2_mention>
</timex2>
<relation ID="CNN_IP_20030412.1600.05-R4" TYPE="PHYS" SUBTYPE="Located" TENSE="Unspecified" MODALITY="Other">
  <relation_argument REFID="CNN_IP_20030412.1600.05-E37" ROLE="Arg-1"/>
  <relation_argument REFID="CNN_IP_20030412.1600.05-E7" ROLE="Arg-2"/>
  <relation_argument REFID="CNN_IP_20030412.1600.05-T2" ROLE="Time-Holds"/>
  <relation_mention ID="CNN_IP_20030412.1600.05-R4-1" LEXICALCONDITION="Verbal">
    <extent>
      <charseq START="193" END="265">One of the toughest jobs in Iraq right now is that of the military
doctor</charseq>
    </extent>
    <relation_mention_argument REFID="CNN_IP_20030412.1600.05-E37-57" ROLE="Arg-1">
      <extent>
        <charseq START="247" END="265">the military
doctor</charseq>
      </extent>
    </relation_mention_argument>
    <relation_mention_argument REFID="CNN_IP_20030412.1600.05-E7-1" ROLE="Arg-2">
      <extent>
        <charseq START="221" END="224">Iraq</charseq>
      </extent>
    </relation_mention_argument>
    <relation_mention_argument REFID="CNN_IP_20030412.1600.05-T2-1" ROLE="Time-Holds">
      <extent>
        <charseq START="232" END="234">now</charseq>
      </extent>
    </relation_mention_argument>
  </relation_mention>
</relation>
<relation ID="CNN_IP_20030412.1600.05-R5" TYPE="ORG-AFF" SUBTYPE="Employment" TENSE="Unspecified" MODALITY="Asserted">
  <relation_argument REFID="CNN_IP_20030412.1600.05-E37" ROLE="Arg-1"/>
  <relation_argument REFID="CNN_IP_20030412.1600.05-E38" ROLE="Arg-2"/>
  <relation_mention ID="CNN_IP_20030412.1600.05-R5-1" LEXICALCONDITION="PreMod">
    <extent>
      <charseq START="247" END="265">the military
doctor</charseq>
    </extent>
    <relation_mention_argument REFID="CNN_IP_20030412.1600.05-E37-57" ROLE="Arg-1">
      <extent>
        <charseq START="247" END="265">the military
doctor</charseq>
      </extent>
    </relation_mention_argument>
    <relation_mention_argument REFID="CNN_IP_20030412.1600.05-E38-58" ROLE="Arg-2">
      <extent>
        <charseq START="251" END="258">military</charseq>
      </extent>
    </relation_mention_argument>
  </relation_mention>
</relation>
<relation ID="CNN_IP_20030412.1600.05-R6" TYPE="ORG-AFF" SUBTYPE="Employment" TENSE="Unspecified" MODALITY="Asserted">
  <relation_argument REFID="CNN_IP_20030412.1600.05-E33" ROLE="Arg-1"/>
  <relation_argument REFID="CNN_IP_20030412.1600.05-E40" ROLE="Arg-2"/>
  <relation_mention ID="CNN_IP_20030412.1600.05-R6-1" LEXICALCONDITION="PreMod">
    <extent>
      <charseq START="268" END="292">CNN medical correspondent</charseq>
    </extent>
    <relation_mention_argument REFID="CNN_IP_20030412.1600.05-E33-60" ROLE="Arg-1">
      <extent>
        <charseq START="268" END="292">CNN medical correspondent</charseq>
      </extent>
    </relation_mention_argument>
    <relation_mention_argument REFID="CNN_IP_20030412.1600.05-E40-61" ROLE="Arg-2">
      <extent>
        <charseq START="268" END="270">CNN</charseq>
      </extent>
    </relation_mention_argument>
  </relation_mention>
  <relation_mention ID="CNN_IP_20030412.1600.05-R6-2" LEXICALCONDITION="PreMod">
    <extent>
      <charseq START="441" END="465">CNN MEDICAL CORRESPONDENT</charseq>
    </extent>
    <relation_mention_argument REFID="CNN_IP_20030412.1600.05-E33-69" ROLE="Arg-1">
      <extent>
        <charseq START="441" END="465">CNN MEDICAL CORRESPONDENT</charseq>
      </extent>
    </relation_mention_argument>
    <relation_mention_argument REFID="CNN_IP_20030412.1600.05-E40-70" ROLE="Arg-2">
      <extent>
        <charseq START="441" END="443">CNN</charseq>
      </extent>
    </relation_mention_argument>
  </relation_mention>
  <relation_mention ID="CNN_IP_20030412.1600.05-R6-3" LEXICALCONDITION="Formulaic">
    <extent>
      <charseq START="1882" END="1938">Dr.
Sanjay Gupta, CNN with the Devil Docs outside Baghdad</charseq>
    </extent>
    <relation_mention_argument REFID="CNN_IP_20030412.1600.05-E33-49" ROLE="Arg-1">
      <extent>
        <charseq START="1882" END="1897">Dr.
Sanjay Gupta</charseq>
      </extent>
    </relation_mention_argument>
    <relation_mention_argument REFID="CNN_IP_20030412.1600.05-E40-51" ROLE="Arg-2">
      <extent>
        <charseq START="1900" END="1902">CNN</charseq>
      </extent>
    </relation_mention_argument>
  </relation_mention>
</relation>
<relation ID="CNN_IP_20030412.1600.05-R7" TYPE="PER-SOC" SUBTYPE="Business" TENSE="Unspecified" MODALITY="Asserted">
  <relation_argument REFID="CNN_IP_20030412.1600.05-E33" ROLE="Arg-1"/>
  <relation_argument REFID="CNN_IP_20030412.1600.05-E3" ROLE="Arg-2"/>
  <relation_mention ID="CNN_IP_20030412.1600.05-R7-1" LEXICALCONDITION="Verbal">
    <extent>
      <charseq START="268" END="403">CNN medical correspondent, Dr. Sanjay Gupta, has been traveling
with the Devil Docs throughout the war and now they are close to Baghdad</charseq>
    </extent>
    <relation_mention_argument REFID="CNN_IP_20030412.1600.05-E33-62" ROLE="Arg-1">
      <extent>
        <charseq START="295" END="310">Dr. Sanjay Gupta</charseq>
      </extent>
    </relation_mention_argument>
    <relation_mention_argument REFID="CNN_IP_20030412.1600.05-E3-64" ROLE="Arg-2">
      <extent>
        <charseq START="337" END="350">the Devil Docs</charseq>
      </extent>
    </relation_mention_argument>
  </relation_mention>
  <relation_mention ID="CNN_IP_20030412.1600.05-R7-2" LEXICALCONDITION="Formulaic">
    <extent>
      <charseq START="1882" END="1938">Dr.
Sanjay Gupta, CNN with the Devil Docs outside Baghdad</charseq>
    </extent>
    <relation_mention_argument REFID="CNN_IP_20030412.1600.05-E33-49" ROLE="Arg-1">
      <extent>
        <charseq START="1882" END="1897">Dr.
Sanjay Gupta</charseq>
      </extent>
    </relation_mention_argument>
    <relation_mention_argument REFID="CNN_IP_20030412.1600.05-E3-52" ROLE="Arg-2">
      <extent>
        <charseq START="1909" END="1922">the Devil Docs</charseq>
      </extent>
    </relation_mention_argument>
  </relation_mention>
</relation>
<relation ID="CNN_IP_20030412.1600.05-R8" TYPE="PHYS" SUBTYPE="Near" TENSE="Present" MODALITY="Asserted">
  <relation_argument REFID="CNN_IP_20030412.1600.05-E3" ROLE="Arg-1"/>
  <relation_argument REFID="CNN_IP_20030412.1600.05-E26" ROLE="Arg-2"/>
  <relation_argument REFID="CNN_IP_20030412.1600.05-T4" ROLE="Time-Holds"/>
  <relation_mention ID="CNN_IP_20030412.1600.05-R8-1" LEXICALCONDITION="Verbal">
    <extent>
      <charseq START="268" END="403">CNN medical correspondent, Dr. Sanjay Gupta, has been traveling
with the Devil Docs throughout the war and now they are close to Baghdad</charseq>
    </extent>
    <relation_mention_argument REFID="CNN_IP_20030412.1600.05-E3-65" ROLE="Arg-1">
      <extent>
        <charseq START="379" END="382">they</charseq>
      </extent>
    </relation_mention_argument>
    <relation_mention_argument REFID="CNN_IP_20030412.1600.05-E26-66" ROLE="Arg-2">
      <extent>
        <charseq START="397" END="403">Baghdad</charseq>
      </extent>
    </relation_mention_argument>
    <relation_mention_argument REFID="CNN_IP_20030412.1600.05-T4-1" ROLE="Time-Holds">
      <extent>
        <charseq START="375" END="377">now</charseq>
      </extent>
    </relation_mention_argument>
  </relation_mention>
</relation>
<relation ID="CNN_IP_20030412.1600.05-R9" TYPE="ORG-AFF" SUBTYPE="Employment" TENSE="Unspecified" MODALITY="Asserted">
  <relation_argument REFID="CNN_IP_20030412.1600.05-E3" ROLE="Arg-1"/>
  <relation_argument REFID="CNN_IP_20030412.1600.05-E4" ROLE="Arg-2"/>
  <relation_mention ID="CNN_IP_20030412.1600.05-R9-1" LEXICALCONDITION="PreMod">
    <extent>
      <charseq START="669" END="682">Naval corpsmen</charseq>
    </extent>
    <relation_mention_argument REFID="CNN_IP_20030412.1600.05-E3-7" ROLE="Arg-1">
      <extent>
        <charseq START="669" END="682">Naval corpsmen</charseq>
      </extent>
    </relation_mention_argument>
    <relation_mention_argument REFID="CNN_IP_20030412.1600.05-E4-8" ROLE="Arg-2">
      <extent>
        <charseq START="669" END="673">Naval</charseq>
      </extent>
    </relation_mention_argument>
  </relation_mention>
</relation>
<relation ID="CNN_IP_20030412.1600.05-R10" TYPE="GEN-AFF" SUBTYPE="Citizen-Resident-Religion-Ethnicity" TENSE="Unspecified" MODALITY="Other">
  <relation_argument REFID="CNN_IP_20030412.1600.05-E3" ROLE="Arg-1"/>
  <relation_argument REFID="CNN_IP_20030412.1600.05-E7" ROLE="Arg-2"/>
  <relation_mention ID="CNN_IP_20030412.1600.05-R10-1" LEXICALCONDITION="Other">
    <extent>
      <charseq START="771" END="858">They are often the first faces the injured see, be they Iraqi or
coalition force members</charseq>
    </extent>
    <relation_mention_argument REFID="CNN_IP_20030412.1600.05-E3-10" ROLE="Arg-1">
      <extent>
        <charseq START="771" END="774">They</charseq>
      </extent>
    </relation_mention_argument>
    <relation_mention_argument REFID="CNN_IP_20030412.1600.05-E7-13" ROLE="Arg-2">
      <extent>
        <charseq START="827" END="831">Iraqi</charseq>
      </extent>
    </relation_mention_argument>
  </relation_mention>
</relation>
<relation ID="CNN_IP_20030412.1600.05-R11" TYPE="ORG-AFF" SUBTYPE="Membership" TENSE="Unspecified" MODALITY="Asserted">
  <relation_argument REFID="CNN_IP_20030412.1600.05-E8" ROLE="Arg-1"/>
  <relation_argument REFID="CNN_IP_20030412.1600.05-E9" ROLE="Arg-2"/>
  <relation_mention ID="CNN_IP_20030412.1600.05-R11-1" LEXICALCONDITION="PreMod">
    <extent>
      <charseq START="836" END="858">coalition force members</charseq>
    </extent>
    <relation_mention_argument REFID="CNN_IP_20030412.1600.05-E8-14" ROLE="Arg-1">
      <extent>
        <charseq START="836" END="858">coalition force members</charseq>
      </extent>
    </relation_mention_argument>
    <relation_mention_argument REFID="CNN_IP_20030412.1600.05-E9-15" ROLE="Arg-2">
      <extent>
        <charseq START="836" END="850">coalition force</charseq>
      </extent>
    </relation_mention_argument>
  </relation_mention>
</relation>
<relation ID="CNN_IP_20030412.1600.05-R12" TYPE="PART-WHOLE" SUBTYPE="Subsidiary" TENSE="Unspecified" MODALITY="Asserted">
  <relation_argument REFID="CNN_IP_20030412.1600.05-E9" ROLE="Arg-1"/>
  <relation_argument REFID="CNN_IP_20030412.1600.05-E10" ROLE="Arg-2"/>
  <relation_mention ID="CNN_IP_20030412.1600.05-R12-1" LEXICALCONDITION="PreMod">
    <extent>
      <charseq START="836" END="850">coalition force</charseq>
    </extent>
    <relation_mention_argument REFID="CNN_IP_20030412.1600.05-E9-15" ROLE="Arg-1">
      <extent>
        <charseq START="836" END="850">coalition force</charseq>
      </extent>
    </relation_mention_argument>
    <relation_mention_argument REFID="CNN_IP_20030412.1600.05-E10-16" ROLE="Arg-2">
      <extent>
        <charseq START="836" END="844">coalition</charseq>
      </extent>
    </relation_mention_argument>
  </relation_mention>
</relation>
<relation ID="CNN_IP_20030412.1600.05-R13" TYPE="PHYS" SUBTYPE="Near" TENSE="Unspecified" MODALITY="Asserted">
  <relation_argument REFID="CNN_IP_20030412.1600.05-E12" ROLE="Arg-1"/>
  <relation_argument REFID="CNN_IP_20030412.1600.05-E14" ROLE="Arg-2"/>
  <relation_mention ID="CNN_IP_20030412.1600.05-R13-1" LEXICALCONDITION="Preposition">
    <extent>
      <charseq START="1061" END="1166">a helicopter landing zone just a 100 meters from a mobile
operating room, just on the outskirts of Baghdad</charseq>
    </extent>
    <relation_mention_argument REFID="CNN_IP_20030412.1600.05-E12-20" ROLE="Arg-1">
      <extent>
        <charseq START="1061" END="1085">a helicopter landing zone</charseq>
      </extent>
    </relation_mention_argument>
    <relation_mention_argument REFID="CNN_IP_20030412.1600.05-E14-22" ROLE="Arg-2">
      <extent>
        <charseq START="1110" END="1132">a mobile
operating room</charseq>
      </extent>
    </relation_mention_argument>
  </relation_mention>
</relation>
<relation ID="CNN_IP_20030412.1600.05-R14" TYPE="PART-WHOLE" SUBTYPE="Geographical" TENSE="Unspecified" MODALITY="Asserted">
  <relation_argument REFID="CNN_IP_20030412.1600.05-E12" ROLE="Arg-1"/>
  <relation_argument REFID="CNN_IP_20030412.1600.05-E35" ROLE="Arg-2"/>
  <relation_mention ID="CNN_IP_20030412.1600.05-R14-1" LEXICALCONDITION="Preposition">
    <extent>
      <charseq START="1061" END="1166">a helicopter landing zone just a 100 meters from a mobile
operating room, just on the outskirts of Baghdad</charseq>
    </extent>
    <relation_mention_argument REFID="CNN_IP_20030412.1600.05-E12-20" ROLE="Arg-1">
      <extent>
        <charseq START="1061" END="1085">a helicopter landing zone</charseq>
      </extent>
    </relation_mention_argument>
    <relation_mention_argument REFID="CNN_IP_20030412.1600.05-E35-54" ROLE="Arg-2">
      <extent>
        <charseq START="1143" END="1166">the outskirts of Baghdad</charseq>
      </extent>
    </relation_mention_argument>
  </relation_mention>
</relation>
<relation ID="CNN_IP_20030412.1600.05-R15" TYPE="PHYS" SUBTYPE="Near" TENSE="Unspecified" MODALITY="Asserted">
  <relation_argument REFID="CNN_IP_20030412.1600.05-E35" ROLE="Arg-1"/>
  <relation_argument REFID="CNN_IP_20030412.1600.05-E26" ROLE="Arg-2"/>
  <relation_mention ID="CNN_IP_20030412.1600.05-R15-1" LEXICALCONDITION="Preposition">
    <extent>
      <charseq START="1143" END="1166">the outskirts of Baghdad</charseq>
    </extent>
    <relation_mention_argument REFID="CNN_IP_20030412.1600.05-E35-54" ROLE="Arg-1">
      <extent>
        <charseq START="1143" END="1166">the outskirts of Baghdad</charseq>
      </extent>
    </relation_mention_argument>
    <relation_mention_argument REFID="CNN_IP_20030412.1600.05-E26-55" ROLE="Arg-2">
      <extent>
        <charseq START="1160" END="1166">Baghdad</charseq>
      </extent>
    </relation_mention_argument>
  </relation_mention>
</relation>
<relation ID="CNN_IP_20030412.1600.05-R16" TYPE="PER-SOC" SUBTYPE="Business" TENSE="Unspecified" MODALITY="Other">
  <relation_argument REFID="CNN_IP_20030412.1600.05-E16" ROLE="Arg-1"/>
  <relation_argument REFID="CNN_IP_20030412.1600.05-E17" ROLE="Arg-2"/>
  <relation_mention ID="CNN_IP_20030412.1600.05-R16-1" LEXICALCONDITION="Verbal">
    <extent>
      <charseq START="1218" END="1304">Corpsmen quickly take patients by ambulance
away from the blowing sand to a triage tent</charseq>
    </extent>
    <relation_mention_argument REFID="CNN_IP_20030412.1600.05-E16-24" ROLE="Arg-1">
      <extent>
        <charseq START="1218" END="1225">Corpsmen</charseq>
      </extent>
    </relation_mention_argument>
    <relation_mention_argument REFID="CNN_IP_20030412.1600.05-E17-25" ROLE="Arg-2">
      <extent>
        <charseq START="1240" END="1247">patients</charseq>
      </extent>
    </relation_mention_argument>
  </relation_mention>
</relation>
<relation ID="CNN_IP_20030412.1600.05-R17" TYPE="ART" SUBTYPE="User-Owner-Inventor-Manufacturer" TENSE="Unspecified" MODALITY="Asserted">
  <relation_argument REFID="CNN_IP_20030412.1600.05-E16" ROLE="Arg-1"/>
  <relation_argument REFID="CNN_IP_20030412.1600.05-E18" ROLE="Arg-2"/>
  <relation_mention ID="CNN_IP_20030412.1600.05-R17-1" LEXICALCONDITION="Verbal">
    <extent>
      <charseq START="1218" END="1304">Corpsmen quickly take patients by ambulance
away from the blowing sand to a triage tent</charseq>
    </extent>
    <relation_mention_argument REFID="CNN_IP_20030412.1600.05-E16-24" ROLE="Arg-1">
      <extent>
        <charseq START="1218" END="1225">Corpsmen</charseq>
      </extent>
    </relation_mention_argument>
    <relation_mention_argument REFID="CNN_IP_20030412.1600.05-E18-26" ROLE="Arg-2">
      <extent>
        <charseq START="1252" END="1260">ambulance</charseq>
      </extent>
    </relation_mention_argument>
  </relation_mention>
</relation>
<relation ID="CNN_IP_20030412.1600.05-R18" TYPE="PHYS" SUBTYPE="Located" TENSE="Unspecified" MODALITY="Other">
  <relation_argument REFID="CNN_IP_20030412.1600.05-E16" ROLE="Arg-1"/>
  <relation_argument REFID="CNN_IP_20030412.1600.05-E19" ROLE="Arg-2"/>
  <relation_mention ID="CNN_IP_20030412.1600.05-R18-1" LEXICALCONDITION="Verbal">
    <extent>
      <charseq START="1218" END="1304">Corpsmen quickly take patients by ambulance
away from the blowing sand to a triage tent</charseq>
    </extent>
    <relation_mention_argument REFID="CNN_IP_20030412.1600.05-E16-24" ROLE="Arg-1">
      <extent>
        <charseq START="1218" END="1225">Corpsmen</charseq>
      </extent>
    </relation_mention_argument>
    <relation_mention_argument REFID="CNN_IP_20030412.1600.05-E19-27" ROLE="Arg-2">
      <extent>
        <charseq START="1292" END="1304">a triage tent</charseq>
      </extent>
    </relation_mention_argument>
  </relation_mention>
</relation>
<relation ID="CNN_IP_20030412.1600.05-R19" TYPE="PHYS" SUBTYPE="Located" TENSE="Unspecified" MODALITY="Other">
  <relation_argument REFID="CNN_IP_20030412.1600.05-E17" ROLE="Arg-1"/>
  <relation_argument REFID="CNN_IP_20030412.1600.05-E19" ROLE="Arg-2"/>
  <relation_mention ID="CNN_IP_20030412.1600.05-R19-1" LEXICALCONDITION="Verbal">
    <extent>
      <charseq START="1218" END="1304">Corpsmen quickly take patients by ambulance
away from the blowing sand to a triage tent</charseq>
    </extent>
    <relation_mention_argument REFID="CNN_IP_20030412.1600.05-E17-25" ROLE="Arg-1">
      <extent>
        <charseq START="1240" END="1247">patients</charseq>
      </extent>
    </relation_mention_argument>
    <relation_mention_argument REFID="CNN_IP_20030412.1600.05-E19-27" ROLE="Arg-2">
      <extent>
        <charseq START="1292" END="1304">a triage tent</charseq>
      </extent>
    </relation_mention_argument>
  </relation_mention>
</relation>
<relation ID="CNN_IP_20030412.1600.05-R20" TYPE="PHYS" SUBTYPE="Located" TENSE="Unspecified" MODALITY="Asserted">
  <relation_argument REFID="CNN_IP_20030412.1600.05-E20" ROLE="Arg-1"/>
  <relation_argument REFID="CNN_IP_20030412.1600.05-E19" ROLE="Arg-2"/>
  <relation_mention ID="CNN_IP_20030412.1600.05-R20-1" LEXICALCONDITION="Verbal">
    <extent>
      <charseq START="1307" END="1346">It is there the doctors
begin their work</charseq>
    </extent>
    <relation_mention_argument REFID="CNN_IP_20030412.1600.05-E20-29" ROLE="Arg-1">
      <extent>
        <charseq START="1319" END="1329">the doctors</charseq>
      </extent>
    </relation_mention_argument>
    <relation_mention_argument REFID="CNN_IP_20030412.1600.05-E19-28" ROLE="Arg-2">
      <extent>
        <charseq START="1313" END="1317">there</charseq>
      </extent>
    </relation_mention_argument>
  </relation_mention>
</relation>
<relation ID="CNN_IP_20030412.1600.05-R21" TYPE="PHYS" SUBTYPE="Located" TENSE="Unspecified" MODALITY="Asserted">
  <relation_argument REFID="CNN_IP_20030412.1600.05-E22" ROLE="Arg-1"/>
  <relation_argument REFID="CNN_IP_20030412.1600.05-E19" ROLE="Arg-2"/>
  <relation_argument REFID="CNN_IP_20030412.1600.05-T3" ROLE="Time-Within"/>
  <relation_mention ID="CNN_IP_20030412.1600.05-R21-1" LEXICALCONDITION="Verbal">
    <extent>
      <charseq START="1349" END="1530">Over 45 minutes as we watched, 32 patients were
delivered here, evaluated and nine operations started; 29 of those
delivered, Marines involved in a firefight in the center of Baghdad</charseq>
    </extent>
    <relation_mention_argument REFID="CNN_IP_20030412.1600.05-E22-32" ROLE="Arg-1">
      <extent>
        <charseq START="1380" END="1390">32 patients</charseq>
      </extent>
    </relation_mention_argument>
    <relation_mention_argument REFID="CNN_IP_20030412.1600.05-E19-33" ROLE="Arg-2">
      <extent>
        <charseq START="1407" END="1410">here</charseq>
      </extent>
    </relation_mention_argument>
    <relation_mention_argument REFID="CNN_IP_20030412.1600.05-T3-1" ROLE="Time-Within">
      <extent>
        <charseq START="1354" END="1363">45 minutes</charseq>
      </extent>
    </relation_mention_argument>
  </relation_mention>
</relation>
<relation ID="CNN_IP_20030412.1600.05-R22" TYPE="PHYS" SUBTYPE="Located" TENSE="Past" MODALITY="Asserted">
  <relation_argument REFID="CNN_IP_20030412.1600.05-E24" ROLE="Arg-1"/>
  <relation_argument REFID="CNN_IP_20030412.1600.05-E25" ROLE="Arg-2"/>
  <relation_mention ID="CNN_IP_20030412.1600.05-R22-1" LEXICALCONDITION="Verbal">
    <extent>
      <charseq START="1349" END="1530">Over 45 minutes as we watched, 32 patients were
delivered here, evaluated and nine operations started; 29 of those
delivered, Marines involved in a firefight in the center of Baghdad</charseq>
    </extent>
    <relation_mention_argument REFID="CNN_IP_20030412.1600.05-E24-37" ROLE="Arg-1">
      <extent>
        <charseq START="1475" END="1481">Marines</charseq>
      </extent>
    </relation_mention_argument>
    <relation_mention_argument REFID="CNN_IP_20030412.1600.05-E25-38" ROLE="Arg-2">
      <extent>
        <charseq START="1510" END="1530">the center of Baghdad</charseq>
      </extent>
    </relation_mention_argument>
  </relation_mention>
</relation>
<relation ID="CNN_IP_20030412.1600.05-R23" TYPE="PART-WHOLE" SUBTYPE="Geographical" TENSE="Unspecified" MODALITY="Asserted">
  <relation_argument REFID="CNN_IP_20030412.1600.05-E25" ROLE="Arg-1"/>
  <relation_argument REFID="CNN_IP_20030412.1600.05-E26" ROLE="Arg-2"/>
  <relation_mention ID="CNN_IP_20030412.1600.05-R23-1" LEXICALCONDITION="Preposition">
    <extent>
      <charseq START="1510" END="1530">the center of Baghdad</charseq>
    </extent>
    <relation_mention_argument REFID="CNN_IP_20030412.1600.05-E25-38" ROLE="Arg-1">
      <extent>
        <charseq START="1510" END="1530">the center of Baghdad</charseq>
      </extent>
    </relation_mention_argument>
    <relation_mention_argument REFID="CNN_IP_20030412.1600.05-E26-39" ROLE="Arg-2">
      <extent>
        <charseq START="1524" END="1530">Baghdad</charseq>
      </extent>
    </relation_mention_argument>
  </relation_mention>
</relation>
<relation ID="CNN_IP_20030412.1600.05-R24" TYPE="GEN-AFF" SUBTYPE="Citizen-Resident-Religion-Ethnicity" TENSE="Unspecified" MODALITY="Asserted">
  <relation_argument REFID="CNN_IP_20030412.1600.05-E31" ROLE="Arg-1"/>
  <relation_argument REFID="CNN_IP_20030412.1600.05-E24" ROLE="Arg-2"/>
  <relation_mention ID="CNN_IP_20030412.1600.05-R24-1" LEXICALCONDITION="Preposition">
    <extent>
      <charseq START="1713" END="1730">Two of the Marines</charseq>
    </extent>
    <relation_mention_argument REFID="CNN_IP_20030412.1600.05-E31-46" ROLE="Arg-1">
      <extent>
        <charseq START="1713" END="1730">Two of the Marines</charseq>
      </extent>
    </relation_mention_argument>
    <relation_mention_argument REFID="CNN_IP_20030412.1600.05-E24-47" ROLE="Arg-2">
      <extent>
        <charseq START="1720" END="1730">the Marines</charseq>
      </extent>
    </relation_mention_argument>
  </relation_mention>
</relation>
<relation ID="CNN_IP_20030412.1600.05-R25" TYPE="GEN-AFF" SUBTYPE="Citizen-Resident-Religion-Ethnicity" TENSE="Unspecified" MODALITY="Asserted">
  <relation_argument REFID="CNN_IP_20030412.1600.05-E24" ROLE="Arg-1"/>
  <relation_argument REFID="CNN_IP_20030412.1600.05-E24" ROLE="Arg-2"/>
  <relation_mention ID="CNN_IP_20030412.1600.05-R25-1" LEXICALCONDITION="Verbal">
    <extent>
      <charseq START="1349" END="1530">Over 45 minutes as we watched, 32 patients were
delivered here, evaluated and nine operations started; 29 of those
delivered, Marines involved in a firefight in the center of Baghdad</charseq>
    </extent>
    <relation_mention_argument REFID="CNN_IP_20030412.1600.05-E24-34" ROLE="Arg-1">
      <extent>
        <charseq START="1452" END="1472">29 of those
delivered</charseq>
      </extent>
    </relation_mention_argument>
    <relation_mention_argument REFID="CNN_IP_20030412.1600.05-E24-37" ROLE="Arg-2">
      <extent>
        <charseq START="1475" END="1481">Marines</charseq>
      </extent>
    </relation_mention_argument>
  </relation_mention>
</relation>
<relation ID="CNN_IP_20030412.1600.05-R26" TYPE="PHYS" SUBTYPE="Located" TENSE="Unspecified" MODALITY="Asserted">
  <relation_argument REFID="CNN_IP_20030412.1600.05-E33" ROLE="Arg-1"/>
  <relation_argument REFID="CNN_IP_20030412.1600.05-E34" ROLE="Arg-2"/>
  <relation_mention ID="CNN_IP_20030412.1600.05-R26-1" LEXICALCONDITION="Formulaic">
    <extent>
      <charseq START="1882" END="1938">Dr.
Sanjay Gupta, CNN with the Devil Docs outside Baghdad</charseq>
    </extent>
    <relation_mention_argument REFID="CNN_IP_20030412.1600.05-E33-49" ROLE="Arg-1">
      <extent>
        <charseq START="1882" END="1897">Dr.
Sanjay Gupta</charseq>
      </extent>
    </relation_mention_argument>
    <relation_mention_argument REFID="CNN_IP_20030412.1600.05-E34-53" ROLE="Arg-2">
      <extent>
        <charseq START="1924" END="1938">outside Baghdad</charseq>
      </extent>
    </relation_mention_argument>
  </relation_mention>
</relation>
<relation ID="CNN_IP_20030412.1600.05-R27" TYPE="PHYS" SUBTYPE="Located" TENSE="Unspecified" MODALITY="Asserted">
  <relation_argument REFID="CNN_IP_20030412.1600.05-E3" ROLE="Arg-1"/>
  <relation_argument REFID="CNN_IP_20030412.1600.05-E34" ROLE="Arg-2"/>
  <relation_mention ID="CNN_IP_20030412.1600.05-R27-1" LEXICALCONDITION="Preposition">
    <extent>
      <charseq START="1882" END="1938">Dr.
Sanjay Gupta, CNN with the Devil Docs outside Baghdad</charseq>
    </extent>
    <relation_mention_argument REFID="CNN_IP_20030412.1600.05-E3-52" ROLE="Arg-1">
      <extent>
        <charseq START="1909" END="1922">the Devil Docs</charseq>
      </extent>
    </relation_mention_argument>
    <relation_mention_argument REFID="CNN_IP_20030412.1600.05-E34-53" ROLE="Arg-2">
      <extent>
        <charseq START="1924" END="1938">outside Baghdad</charseq>
      </extent>
    </relation_mention_argument>
  </relation_mention>
</relation>
<event ID="CNN_IP_20030412.1600.05-EV1" TYPE="Movement" SUBTYPE="Transport" MODALITY="Asserted" POLARITY="Positive" GENERICITY="Generic" TENSE="Present">
  <event_argument REFID="CNN_IP_20030412.1600.05-E3" ROLE="Person"/>
  <event_argument REFID="CNN_IP_20030412.1600.05-E26" ROLE="Destination"/>
  <event_argument REFID="CNN_IP_20030412.1600.05-T4" ROLE="Time-Holds"/>
  <event_mention ID="CNN_IP_20030412.1600.05-EV1-1">
    <extent>
      <charseq START="268" END="403">CNN medical correspondent, Dr. Sanjay Gupta, has been traveling
with the Devil Docs throughout the war and now they are close to Baghdad</charseq>
    </extent>
    <ldc_scope>
      <charseq START="268" END="403">CNN medical correspondent, Dr. Sanjay Gupta, has been traveling
with the Devil Docs throughout the war and now they are close to Baghdad</charseq>
    </ldc_scope>
    <anchor>
      <charseq START="268" END="403">CNN medical correspondent, Dr. Sanjay Gupta, has been traveling
with the Devil Docs throughout the war and now they are close to Baghdad</charseq>
    </anchor>
    <event_mention_argument REFID="CNN_IP_20030412.1600.05-E3-65" ROLE="Person">
      <extent>
        <charseq START="379" END="382">they</charseq>
      </extent>
    </event_mention_argument>
    <event_mention_argument REFID="CNN_IP_20030412.1600.05-E26-66" ROLE="Destination">
      <extent>
        <charseq START="397" END="403">Baghdad</charseq>
      </extent>
    </event_mention_argument>
    <event_mention_argument REFID="CNN_IP_20030412.1600.05-T4-1" ROLE="Time-Holds">
      <extent>
        <charseq START="375" END="377">now</charseq>
      </extent>
    </event_mention_argument>
  </event_mention>
</event>
<event ID="CNN_IP_20030412.1600.05-EV2" TYPE="Life" SUBTYPE="Injure" MODALITY="Asserted" POLARITY="Positive" GENERICITY="Generic" TENSE="Unspecified">
  <event_argument REFID="CNN_IP_20030412.1600.05-E1" ROLE="Victim"/>
  <event_mention ID="CNN_IP_20030412.1600.05-EV2-1">
    <extent>
      <charseq START="559" END="611">For others, the stories can be seen in their injuries</charseq>
    </extent>
    <ldc_scope>
      <charseq START="559" END="611">For others, the stories can be seen in their injuries</charseq>
    </ldc_scope>
    <anchor>
      <charseq START="559" END="611">For others, the stories can be seen in their injuries</charseq>
    </anchor>
    <event_mention_argument REFID="CNN_IP_20030412.1600.05-E1-2" ROLE="Victim">
      <extent>
        <charseq START="563" END="568">others</charseq>
      </extent>
    </event_mention_argument>
  </event_mention>
</event>
<event ID="CNN_IP_20030412.1600.05-EV3" TYPE="Life" SUBTYPE="Injure" MODALITY="Other" POLARITY="Positive" GENERICITY="Generic" TENSE="Unspecified">
  <event_argument REFID="CNN_IP_20030412.1600.05-E6" ROLE="Victim"/>
  <event_argument REFID="CNN_IP_20030412.1600.05-E8" ROLE="Victim"/>
  <event_mention ID="CNN_IP_20030412.1600.05-EV3-1">
    <extent>
      <charseq START="771" END="858">They are often the first faces the injured see, be they Iraqi or
coalition force members</charseq>
    </extent>
    <ldc_scope>
      <charseq START="771" END="858">They are often the first faces the injured see, be they Iraqi or
coalition force members</charseq>
    </ldc_scope>
    <anchor>
      <charseq START="771" END="858">They are often the first faces the injured see, be they Iraqi or
coalition force members</charseq>
    </anchor>
    <event_mention_argument REFID="CNN_IP_20030412.1600.05-E6-11" ROLE="Victim">
      <extent>
        <charseq START="802" END="812">the injured</charseq>
      </extent>
    </event_mention_argument>
    <event_mention_argument REFID="CNN_IP_20030412.1600.05-E6-12" ROLE="Victim">
      <extent>
        <charseq START="822" END="825">they</charseq>
      </extent>
    </event_mention_argument>
    <event_mention_argument REFID="CNN_IP_20030412.1600.05-E8-14" ROLE="Victim">
      <extent>
        <charseq START="836" END="858">coalition force members</charseq>
      </extent>
    </event_mention_argument>
  </event_mention>
</event>
<event ID="CNN_IP_20030412.1600.05-EV4" TYPE="Movement" SUBTYPE="Transport" MODALITY="Asserted" POLARITY="Positive" GENERICITY="Generic" TENSE="Unspecified">
  <event_argument REFID="CNN_IP_20030412.1600.05-E18" ROLE="Vehicle"/>
  <event_argument REFID="CNN_IP_20030412.1600.05-E17" ROLE="Person"/>
  <event_argument REFID="CNN_IP_20030412.1600.05-E19" ROLE="Destination"/>
  <event_argument REFID="CNN_IP_20030412.1600.05-E16" ROLE="Agent"/>
  <event_mention ID="CNN_IP_20030412.1600.05-EV4-1">
    <extent>
      <charseq START="1218" END="1304">Corpsmen quickly take patients by ambulance
away from the blowing sand to a triage tent</charseq>
    </extent>
    <ldc_scope>
      <charseq START="1218" END="1304">Corpsmen quickly take patients by ambulance
away from the blowing sand to a triage tent</charseq>
    </ldc_scope>
    <anchor>
      <charseq START="1218" END="1304">Corpsmen quickly take patients by ambulance
away from the blowing sand to a triage tent</charseq>
    </anchor>
    <event_mention_argument REFID="CNN_IP_20030412.1600.05-E18-26" ROLE="Vehicle">
      <extent>
        <charseq START="1252" END="1260">ambulance</charseq>
      </extent>
    </event_mention_argument>
    <event_mention_argument REFID="CNN_IP_20030412.1600.05-E17-25" ROLE="Person">
      <extent>
        <charseq START="1240" END="1247">patients</charseq>
      </extent>
    </event_mention_argument>
    <event_mention_argument REFID="CNN_IP_20030412.1600.05-E19-27" ROLE="Destination">
      <extent>
        <charseq START="1292" END="1304">a triage tent</charseq>
      </extent>
    </event_mention_argument>
    <event_mention_argument REFID="CNN_IP_20030412.1600.05-E16-24" ROLE="Agent">
      <extent>
        <charseq START="1218" END="1225">Corpsmen</charseq>
      </extent>
    </event_mention_argument>
  </event_mention>
</event>
<event ID="CNN_IP_20030412.1600.05-EV5" TYPE="Movement" SUBTYPE="Transport" MODALITY="Asserted" POLARITY="Positive" GENERICITY="Specific" TENSE="Past">
  <event_argument REFID="CNN_IP_20030412.1600.05-E22" ROLE="Person"/>
  <event_argument REFID="CNN_IP_20030412.1600.05-E19" ROLE="Destination"/>
  <event_argument REFID="CNN_IP_20030412.1600.05-T3" ROLE="Time-Within"/>
  <event_mention ID="CNN_IP_20030412.1600.05-EV5-1">
    <extent>
      <charseq START="1349" END="1530">Over 45 minutes as we watched, 32 patients were
delivered here, evaluated and nine operations started; 29 of those
delivered, Marines involved in a firefight in the center of Baghdad</charseq>
    </extent>
    <ldc_scope>
      <charseq START="1349" END="1530">Over 45 minutes as we watched, 32 patients were
delivered here, evaluated and nine operations started; 29 of those
delivered, Marines involved in a firefight in the center of Baghdad</charseq>
    </ldc_scope>
    <anchor>
      <charseq START="1349" END="1530">Over 45 minutes as we watched, 32 patients were
delivered here, evaluated and nine operations started; 29 of those
delivered, Marines involved in a firefight in the center of Baghdad</charseq>
    </anchor>
    <event_mention_argument REFID="CNN_IP_20030412.1600.05-E22-32" ROLE="Person">
      <extent>
        <charseq START="1380" END="1390">32 patients</charseq>
      </extent>
    </event_mention_argument>
    <event_mention_argument REFID="CNN_IP_20030412.1600.05-E19-33" ROLE="Destination">
      <extent>
        <charseq START="1407" END="1410">here</charseq>
      </extent>
    </event_mention_argument>
    <event_mention_argument REFID="CNN_IP_20030412.1600.05-T3-1" ROLE="Time-Within">
      <extent>
        <charseq START="1354" END="1363">45 minutes</charseq>
      </extent>
    </event_mention_argument>
  </event_mention>
</event>
<event ID="CNN_IP_20030412.1600.05-EV6" TYPE="Conflict" SUBTYPE="Attack" MODALITY="Asserted" POLARITY="Positive" GENERICITY="Specific" TENSE="Past">
  <event_argument REFID="CNN_IP_20030412.1600.05-E24" ROLE="Attacker"/>
  <event_argument REFID="CNN_IP_20030412.1600.05-E25" ROLE="Place"/>
  <event_mention ID="CNN_IP_20030412.1600.05-EV6-1">
    <extent>
      <charseq START="1349" END="1530">Over 45 minutes as we watched, 32 patients were
delivered here, evaluated and nine operations started; 29 of those
delivered, Marines involved in a firefight in the center of Baghdad</charseq>
    </extent>
    <ldc_scope>
      <charseq START="1349" END="1530">Over 45 minutes as we watched, 32 patients were
delivered here, evaluated and nine operations started; 29 of those
delivered, Marines involved in a firefight in the center of Baghdad</charseq>
    </ldc_scope>
    <anchor>
      <charseq START="1349" END="1530">Over 45 minutes as we watched, 32 patients were
delivered here, evaluated and nine operations started; 29 of those
delivered, Marines involved in a firefight in the center of Baghdad</charseq>
    </anchor>
    <event_mention_argument REFID="CNN_IP_20030412.1600.05-E24-37" ROLE="Attacker">
      <extent>
        <charseq START="1475" END="1481">Marines</charseq>
      </extent>
    </event_mention_argument>
    <event_mention_argument REFID="CNN_IP_20030412.1600.05-E25-38" ROLE="Place">
      <extent>
        <charseq START="1510" END="1530">the center of Baghdad</charseq>
      </extent>
    </event_mention_argument>
  </event_mention>
</event>
<event ID="CNN_IP_20030412.1600.05-EV7" TYPE="Life" SUBTYPE="Injure" MODALITY="Asserted" POLARITY="Positive" GENERICITY="Specific" TENSE="Past">
  <event_argument REFID="CNN_IP_20030412.1600.05-E27" ROLE="Instrument"/>
  <event_argument REFID="CNN_IP_20030412.1600.05-E29" ROLE="Instrument"/>
  <event_argument REFID="CNN_IP_20030412.1600.05-E30" ROLE="Instrument"/>
  <event_argument REFID="CNN_IP_20030412.1600.05-E24" ROLE="Victim"/>
  <event_mention ID="CNN_IP_20030412.1600.05-EV7-1">
    <extent>
      <charseq START="1533" END="1657">Their stories could be seen in the shrapnel wounds of rocket-propelled
grenades and bullet wounds from semi-automatic weapons</charseq>
    </extent>
    <ldc_scope>
      <charseq START="1533" END="1657">Their stories could be seen in the shrapnel wounds of rocket-propelled
grenades and bullet wounds from semi-automatic weapons</charseq>
    </ldc_scope>
    <anchor>
      <charseq START="1533" END="1657">Their stories could be seen in the shrapnel wounds of rocket-propelled
grenades and bullet wounds from semi-automatic weapons</charseq>
    </anchor>
    <event_mention_argument REFID="CNN_IP_20030412.1600.05-E27-41" ROLE="Instrument">
      <extent>
        <charseq START="1587" END="1611">rocket-propelled
grenades</charseq>
      </extent>
    </event_mention_argument>
    <event_mention_argument REFID="CNN_IP_20030412.1600.05-E29-43" ROLE="Instrument">
      <extent>
        <charseq START="1617" END="1622">bullet</charseq>
      </extent>
    </event_mention_argument>
    <event_mention_argument REFID="CNN_IP_20030412.1600.05-E30-44" ROLE="Instrument">
      <extent>
        <charseq START="1636" END="1657">semi-automatic weapons</charseq>
      </extent>
    </event_mention_argument>
    <event_mention_argument REFID="CNN_IP_20030412.1600.05-E24-40" ROLE="Victim">
      <extent>
        <charseq START="1533" END="1537">Their</charseq>
      </extent>
    </event_mention_argument>
  </event_mention>
</event>
<event ID="CNN_IP_20030412.1600.05-EV8" TYPE="Conflict" SUBTYPE="Attack" MODALITY="Asserted" POLARITY="Positive" GENERICITY="Generic" TENSE="Unspecified">
  <event_mention ID="CNN_IP_20030412.1600.05-EV8-1">
    <extent>
      <charseq START="268" END="403">CNN medical correspondent, Dr. Sanjay Gupta, has been traveling
with the Devil Docs throughout the war and now they are close to Baghdad</charseq>
    </extent>
    <ldc_scope>
      <charseq START="268" END="403">CNN medical correspondent, Dr. Sanjay Gupta, has been traveling
with the Devil Docs throughout the war and now they are close to Baghdad</charseq>
    </ldc_scope>
    <anchor>
      <charseq START="268" END="403">CNN medical correspondent, Dr. Sanjay Gupta, has been traveling
with the Devil Docs throughout the war and now they are close to Baghdad</charseq>
    </anchor>
  </event_mention>
</event>
</document>
</source_file>
