<?xml version="1.0"?>
<!DOCTYPE source_file SYSTEM "apf.v5.1.1.dtd">
<source_file URI="CNN_CF_20030304.1900.06-1.sgm" SOURCE="broadcast conversation" TYPE="text" AUTHOR="LDC" ENCODING="UTF-8">
<document DOCID="CNN_CF_20030304.1900.06-1">
<entity ID="CNN_CF_20030304.1900.06-1-E1" TYPE="PER" SUBTYPE="Group" CLASS="SPC">
  <entity_mention ID="CNN_CF_20030304.1900.06-1-E1-63" TYPE="NOM" LDCTYPE="NOM">
    <extent>
      <charseq START="538" END="553">the good doctors</charseq>
    </extent>
    <head>
      <charseq START="547" END="553">doctors</charseq>
    </head>
  </entity_mention>
</entity>
<entity ID="CNN_CF_20030304.1900.06-1-E2" TYPE="PER" SUBTYPE="Group" CLASS="USP">
  <entity_mention ID="CNN_CF_20030304.1900.06-1-E2-5" TYPE="PRO" LDCTYPE="PRO">
    <extent>
      <charseq START="642" END="642">s</charseq>
    </extent>
    <head>
      <charseq START="642" END="642">s</charseq>
    </head>
  </entity_mention>
</entity>
<entity ID="CNN_CF_20030304.1900.06-1-E3" TYPE="PER" SUBTYPE="Individual" CLASS="SPC">
  <entity_mention ID="CNN_CF_20030304.1900.06-1-E3-6" TYPE="NAM" LDCTYPE="NAM">
    <extent>
      <charseq START="649" END="687">Michael Sheridan of Kalamazoo, Michigan</charseq>
    </extent>
    <head>
      <charseq START="649" END="664">Michael Sheridan</charseq>
    </head>
  </entity_mention>
  <entity_mention ID="CNN_CF_20030304.1900.06-1-E3-11" TYPE="NAM" LDCTYPE="NAM">
    <extent>
      <charseq START="858" END="864">Michael</charseq>
    </extent>
    <head>
      <charseq START="858" END="864">Michael</charseq>
    </head>
  </entity_mention>
  <entity_attributes>
    <name NAME="Michael">
      <charseq START="858" END="864">Michael</charseq>
    </name>
    <name NAME="Michael Sheridan">
      <charseq START="649" END="664">Michael Sheridan</charseq>
    </name>
  </entity_attributes>
</entity>
<entity ID="CNN_CF_20030304.1900.06-1-E4" TYPE="GPE" SUBTYPE="Population-Center" CLASS="SPC">
  <entity_mention ID="CNN_CF_20030304.1900.06-1-E4-7" TYPE="NAM" LDCTYPE="NAM" ROLE="GPE">
    <extent>
      <charseq START="669" END="677">Kalamazoo</charseq>
    </extent>
    <head>
      <charseq START="669" END="677">Kalamazoo</charseq>
    </head>
  </entity_mention>
  <entity_attributes>
    <name NAME="Kalamazoo">
      <charseq START="669" END="677">Kalamazoo</charseq>
    </name>
  </entity_attributes>
</entity>
<entity ID="CNN_CF_20030304.1900.06-1-E5" TYPE="GPE" SUBTYPE="State-or-Province" CLASS="SPC">
  <entity_mention ID="CNN_CF_20030304.1900.06-1-E5-8" TYPE="NAM" LDCTYPE="NAM" ROLE="GPE">
    <extent>
      <charseq START="680" END="687">Michigan</charseq>
    </extent>
    <head>
      <charseq START="680" END="687">Michigan</charseq>
    </head>
  </entity_mention>
  <entity_attributes>
    <name NAME="Michigan">
      <charseq START="680" END="687">Michigan</charseq>
    </name>
  </entity_attributes>
</entity>
<entity ID="CNN_CF_20030304.1900.06-1-E6" TYPE="PER" SUBTYPE="Individual" CLASS="GEN">
  <entity_mention ID="CNN_CF_20030304.1900.06-1-E6-9" TYPE="NOM" LDCTYPE="NOM">
    <extent>
      <charseq START="736" END="745">a doctor's</charseq>
    </extent>
    <head>
      <charseq START="738" END="743">doctor</charseq>
    </head>
  </entity_mention>
</entity>
<entity ID="CNN_CF_20030304.1900.06-1-E7" TYPE="PER" SUBTYPE="Individual" CLASS="GEN">
  <entity_mention ID="CNN_CF_20030304.1900.06-1-E7-10" TYPE="NOM" LDCTYPE="NOM">
    <extent>
      <charseq START="814" END="824">the patient</charseq>
    </extent>
    <head>
      <charseq START="818" END="824">patient</charseq>
    </head>
  </entity_mention>
</entity>
<entity ID="CNN_CF_20030304.1900.06-1-E8" TYPE="PER" SUBTYPE="Group" CLASS="USP">
  <entity_mention ID="CNN_CF_20030304.1900.06-1-E8-13" TYPE="NOM" LDCTYPE="BAR">
    <extent>
      <charseq START="913" END="927">ordinary people</charseq>
    </extent>
    <head>
      <charseq START="922" END="927">people</charseq>
    </head>
  </entity_mention>
</entity>
<entity ID="CNN_CF_20030304.1900.06-1-E9" TYPE="PER" SUBTYPE="Group" CLASS="SPC">
  <entity_mention ID="CNN_CF_20030304.1900.06-1-E9-15" TYPE="NOM" LDCTYPE="NOM">
    <extent>
      <charseq START="1048" END="1059">these people</charseq>
    </extent>
    <head>
      <charseq START="1054" END="1059">people</charseq>
    </head>
  </entity_mention>
</entity>
<entity ID="CNN_CF_20030304.1900.06-1-E10" TYPE="PER" SUBTYPE="Individual" CLASS="SPC">
  <entity_mention ID="CNN_CF_20030304.1900.06-1-E10-17" TYPE="NOM" LDCTYPE="NOM" LDCATR="FALSE">
    <extent>
      <charseq START="1120" END="1127">the lady</charseq>
    </extent>
    <head>
      <charseq START="1124" END="1127">lady</charseq>
    </head>
  </entity_mention>
  <entity_mention ID="CNN_CF_20030304.1900.06-1-E10-18" TYPE="NAM" LDCTYPE="NAM" LDCATR="FALSE">
    <extent>
      <charseq START="1133" END="1147">KATE COCINEFFER</charseq>
    </extent>
    <head>
      <charseq START="1133" END="1147">KATE COCINEFFER</charseq>
    </head>
  </entity_mention>
  <entity_mention ID="CNN_CF_20030304.1900.06-1-E10-19" TYPE="PRO" LDCTYPE="PRO" LDCATR="FALSE">
    <extent>
      <charseq START="1154" END="1154">I</charseq>
    </extent>
    <head>
      <charseq START="1154" END="1154">I</charseq>
    </head>
  </entity_mention>
  <entity_mention ID="CNN_CF_20030304.1900.06-1-E10-20" TYPE="NAM" LDCTYPE="NAM" LDCATR="TRUE">
    <extent>
      <charseq START="1158" END="1208">Kate Cocineffer (ph) from Santa Barbara, California</charseq>
    </extent>
    <head>
      <charseq START="1158" END="1172">Kate Cocineffer</charseq>
    </head>
  </entity_mention>
  <entity_mention ID="CNN_CF_20030304.1900.06-1-E10-23" TYPE="PRO" LDCTYPE="PRO" LDCATR="FALSE">
    <extent>
      <charseq START="1215" END="1215">I</charseq>
    </extent>
    <head>
      <charseq START="1215" END="1215">I</charseq>
    </head>
  </entity_mention>
  <entity_attributes>
    <name NAME="KATE COCINEFFER">
      <charseq START="1133" END="1147">KATE COCINEFFER</charseq>
    </name>
    <name NAME="Kate Cocineffer">
      <charseq START="1158" END="1172">Kate Cocineffer</charseq>
    </name>
  </entity_attributes>
</entity>
<entity ID="CNN_CF_20030304.1900.06-1-E12" TYPE="GPE" SUBTYPE="Population-Center" CLASS="SPC">
  <entity_mention ID="CNN_CF_20030304.1900.06-1-E12-21" TYPE="NAM" LDCTYPE="NAM" ROLE="GPE">
    <extent>
      <charseq START="1184" END="1196">Santa Barbara</charseq>
    </extent>
    <head>
      <charseq START="1184" END="1196">Santa Barbara</charseq>
    </head>
  </entity_mention>
  <entity_attributes>
    <name NAME="Santa Barbara">
      <charseq START="1184" END="1196">Santa Barbara</charseq>
    </name>
  </entity_attributes>
</entity>
<entity ID="CNN_CF_20030304.1900.06-1-E13" TYPE="GPE" SUBTYPE="State-or-Province" CLASS="SPC">
  <entity_mention ID="CNN_CF_20030304.1900.06-1-E13-22" TYPE="NAM" LDCTYPE="NAM" ROLE="GPE">
    <extent>
      <charseq START="1199" END="1208">California</charseq>
    </extent>
    <head>
      <charseq START="1199" END="1208">California</charseq>
    </head>
  </entity_mention>
  <entity_attributes>
    <name NAME="California">
      <charseq START="1199" END="1208">California</charseq>
    </name>
  </entity_attributes>
</entity>
<entity ID="CNN_CF_20030304.1900.06-1-E14" TYPE="PER" SUBTYPE="Indeterminate" CLASS="GEN">
  <entity_mention ID="CNN_CF_20030304.1900.06-1-E14-30" TYPE="PRO" LDCTYPE="PRO">
    <extent>
      <charseq START="1379" END="1381">You</charseq>
    </extent>
    <head>
      <charseq START="1379" END="1381">You</charseq>
    </head>
  </entity_mention>
  <entity_mention ID="CNN_CF_20030304.1900.06-1-E14-37" TYPE="PRO" LDCTYPE="PRO">
    <extent>
      <charseq START="1705" END="1707">You</charseq>
    </extent>
    <head>
      <charseq START="1705" END="1707">You</charseq>
    </head>
  </entity_mention>
</entity>
<entity ID="CNN_CF_20030304.1900.06-1-E15" TYPE="PER" SUBTYPE="Group" CLASS="SPC">
  <entity_mention ID="CNN_CF_20030304.1900.06-1-E15-31" TYPE="PRO" LDCTYPE="PRO">
    <extent>
      <charseq START="1398" END="1406">everybody</charseq>
    </extent>
    <head>
      <charseq START="1398" END="1406">everybody</charseq>
    </head>
  </entity_mention>
  <entity_mention ID="CNN_CF_20030304.1900.06-1-E15-32" TYPE="PRO" LDCTYPE="PRO">
    <extent>
      <charseq START="1479" END="1487">everybody</charseq>
    </extent>
    <head>
      <charseq START="1479" END="1487">everybody</charseq>
    </head>
  </entity_mention>
  <entity_mention ID="CNN_CF_20030304.1900.06-1-E15-33" TYPE="PRO" LDCTYPE="PRO">
    <extent>
      <charseq START="1511" END="1512">we</charseq>
    </extent>
    <head>
      <charseq START="1511" END="1512">we</charseq>
    </head>
  </entity_mention>
  <entity_mention ID="CNN_CF_20030304.1900.06-1-E15-38" TYPE="PRO" LDCTYPE="PRO">
    <extent>
      <charseq START="1739" END="1747">everybody</charseq>
    </extent>
    <head>
      <charseq START="1739" END="1747">everybody</charseq>
    </head>
  </entity_mention>
  <entity_mention ID="CNN_CF_20030304.1900.06-1-E15-39" TYPE="PRO" LDCTYPE="PRO">
    <extent>
      <charseq START="1762" END="1763">we</charseq>
    </extent>
    <head>
      <charseq START="1762" END="1763">we</charseq>
    </head>
  </entity_mention>
</entity>
<entity ID="CNN_CF_20030304.1900.06-1-E16" TYPE="PER" SUBTYPE="Group" CLASS="GEN">
  <entity_mention ID="CNN_CF_20030304.1900.06-1-E16-34" TYPE="NOM" LDCTYPE="BAR">
    <extent>
      <charseq START="1554" END="1584">People without health insurance</charseq>
    </extent>
    <head>
      <charseq START="1554" END="1559">People</charseq>
    </head>
  </entity_mention>
</entity>
<entity ID="CNN_CF_20030304.1900.06-1-E17" TYPE="FAC" SUBTYPE="Subarea-Facility" CLASS="GEN">
  <entity_mention ID="CNN_CF_20030304.1900.06-1-E17-35" TYPE="NOM" LDCTYPE="BAR">
    <extent>
      <charseq START="1592" END="1606">emergency rooms</charseq>
    </extent>
    <head>
      <charseq START="1602" END="1606">rooms</charseq>
    </head>
  </entity_mention>
</entity>
<entity ID="CNN_CF_20030304.1900.06-1-E18" TYPE="PER" SUBTYPE="Individual" CLASS="SPC">
  <entity_mention ID="CNN_CF_20030304.1900.06-1-E18-1" TYPE="NAM" LDCTYPE="NAM">
    <extent>
      <charseq START="176" END="180">NOVAK</charseq>
    </extent>
    <head>
      <charseq START="176" END="180">NOVAK</charseq>
    </head>
  </entity_mention>
  <entity_mention ID="CNN_CF_20030304.1900.06-1-E18-3" TYPE="NAM" LDCTYPE="NAM">
    <extent>
      <charseq START="603" END="607">NOVAK</charseq>
    </extent>
    <head>
      <charseq START="603" END="607">NOVAK</charseq>
    </head>
  </entity_mention>
  <entity_mention ID="CNN_CF_20030304.1900.06-1-E18-12" TYPE="NAM" LDCTYPE="NAM">
    <extent>
      <charseq START="870" END="874">NOVAK</charseq>
    </extent>
    <head>
      <charseq START="870" END="874">NOVAK</charseq>
    </head>
  </entity_mention>
  <entity_mention ID="CNN_CF_20030304.1900.06-1-E18-16" TYPE="NAM" LDCTYPE="NAM">
    <extent>
      <charseq START="1097" END="1101">NOVAK</charseq>
    </extent>
    <head>
      <charseq START="1097" END="1101">NOVAK</charseq>
    </head>
  </entity_mention>
  <entity_mention ID="CNN_CF_20030304.1900.06-1-E18-27" TYPE="NAM" LDCTYPE="NAM">
    <extent>
      <charseq START="1328" END="1332">NOVAK</charseq>
    </extent>
    <head>
      <charseq START="1328" END="1332">NOVAK</charseq>
    </head>
  </entity_mention>
  <entity_mention ID="CNN_CF_20030304.1900.06-1-E18-40" TYPE="NAM" LDCTYPE="NAM">
    <extent>
      <charseq START="1774" END="1778">NOVAK</charseq>
    </extent>
    <head>
      <charseq START="1774" END="1778">NOVAK</charseq>
    </head>
  </entity_mention>
  <entity_attributes>
    <name NAME="NOVAK">
      <charseq START="870" END="874">NOVAK</charseq>
    </name>
    <name NAME="NOVAK">
      <charseq START="1097" END="1101">NOVAK</charseq>
    </name>
    <name NAME="NOVAK">
      <charseq START="1328" END="1332">NOVAK</charseq>
    </name>
    <name NAME="NOVAK">
      <charseq START="1774" END="1778">NOVAK</charseq>
    </name>
    <name NAME="NOVAK">
      <charseq START="176" END="180">NOVAK</charseq>
    </name>
    <name NAME="NOVAK">
      <charseq START="603" END="607">NOVAK</charseq>
    </name>
  </entity_attributes>
</entity>
<entity ID="CNN_CF_20030304.1900.06-1-E19" TYPE="FAC" SUBTYPE="Subarea-Facility" CLASS="GEN">
  <entity_mention ID="CNN_CF_20030304.1900.06-1-E19-36" TYPE="NOM" LDCTYPE="NOMPRE">
    <extent>
      <charseq START="1665" END="1670">office</charseq>
    </extent>
    <head>
      <charseq START="1665" END="1670">office</charseq>
    </head>
  </entity_mention>
</entity>
<entity ID="CNN_CF_20030304.1900.06-1-E20" TYPE="PER" SUBTYPE="Individual" CLASS="SPC">
  <entity_mention ID="CNN_CF_20030304.1900.06-1-E20-41" TYPE="NAM" LDCTYPE="NAMPRE" LDCATR="TRUE">
    <extent>
      <charseq START="1794" END="1800">Clinton</charseq>
    </extent>
    <head>
      <charseq START="1794" END="1800">Clinton</charseq>
    </head>
  </entity_mention>
  <entity_mention ID="CNN_CF_20030304.1900.06-1-E20-42" TYPE="NAM" LDCTYPE="NAMPRE" LDCATR="TRUE">
    <extent>
      <charseq START="1821" END="1827">Clinton</charseq>
    </extent>
    <head>
      <charseq START="1821" END="1827">Clinton</charseq>
    </head>
  </entity_mention>
  <entity_attributes>
    <name NAME="Clinton">
      <charseq START="1794" END="1800">Clinton</charseq>
    </name>
    <name NAME="Clinton">
      <charseq START="1821" END="1827">Clinton</charseq>
    </name>
  </entity_attributes>
</entity>
<entity ID="CNN_CF_20030304.1900.06-1-E22" TYPE="PER" SUBTYPE="Group" CLASS="USP">
  <entity_mention ID="CNN_CF_20030304.1900.06-1-E22-43" TYPE="NOM" LDCTYPE="NOM">
    <extent>
      <charseq START="1838" END="1847">the people</charseq>
    </extent>
    <head>
      <charseq START="1842" END="1847">people</charseq>
    </head>
  </entity_mention>
  <entity_mention ID="CNN_CF_20030304.1900.06-1-E22-45" TYPE="PRO" LDCTYPE="PRO">
    <extent>
      <charseq START="1876" END="1879">They</charseq>
    </extent>
    <head>
      <charseq START="1876" END="1879">They</charseq>
    </head>
  </entity_mention>
  <entity_mention ID="CNN_CF_20030304.1900.06-1-E22-46" TYPE="PRO" LDCTYPE="PRO">
    <extent>
      <charseq START="1890" END="1893">they</charseq>
    </extent>
    <head>
      <charseq START="1890" END="1893">they</charseq>
    </head>
  </entity_mention>
</entity>
<entity ID="CNN_CF_20030304.1900.06-1-E23" TYPE="PER" SUBTYPE="Individual" CLASS="SPC">
  <entity_mention ID="CNN_CF_20030304.1900.06-1-E23-47" TYPE="NAM" LDCTYPE="NAM" LDCATR="FALSE">
    <extent>
      <charseq START="183" END="186">Dale</charseq>
    </extent>
    <head>
      <charseq START="183" END="186">Dale</charseq>
    </head>
  </entity_mention>
  <entity_mention ID="CNN_CF_20030304.1900.06-1-E23-48" TYPE="NOM" LDCTYPE="NOM" LDCATR="TRUE">
    <extent>
      <charseq START="191" END="221">a former president speechwriter</charseq>
    </extent>
    <head>
      <charseq START="210" END="221">speechwriter</charseq>
    </head>
  </entity_mention>
  <entity_attributes>
    <name NAME="Dale">
      <charseq START="183" END="186">Dale</charseq>
    </name>
  </entity_attributes>
</entity>
<entity ID="CNN_CF_20030304.1900.06-1-E25" TYPE="PER" SUBTYPE="Individual" CLASS="SPC">
  <entity_mention ID="CNN_CF_20030304.1900.06-1-E25-49" TYPE="NOM" LDCTYPE="NOMPRE">
    <extent>
      <charseq START="200" END="208">president</charseq>
    </extent>
    <head>
      <charseq START="200" END="208">president</charseq>
    </head>
  </entity_mention>
</entity>
<entity ID="CNN_CF_20030304.1900.06-1-E26" TYPE="PER" SUBTYPE="Individual" CLASS="SPC">
  <entity_mention ID="CNN_CF_20030304.1900.06-1-E26-51" TYPE="NAM" LDCTYPE="NAM" LDCATR="FALSE">
    <extent>
      <charseq START="228" END="240">Richard Lucia</charseq>
    </extent>
    <head>
      <charseq START="228" END="240">Richard Lucia</charseq>
    </head>
  </entity_mention>
  <entity_mention ID="CNN_CF_20030304.1900.06-1-E26-52" TYPE="NOM" LDCTYPE="NOM" LDCATR="TRUE">
    <extent>
      <charseq START="243" END="278">a junior of
Willingsboro, New Jersey</charseq>
    </extent>
    <head>
      <charseq START="245" END="250">junior</charseq>
    </head>
  </entity_mention>
  <entity_mention ID="CNN_CF_20030304.1900.06-1-E26-57" TYPE="NAM" LDCTYPE="NAM" LDCATR="FALSE">
    <extent>
      <charseq START="411" END="417">Richard</charseq>
    </extent>
    <head>
      <charseq START="411" END="417">Richard</charseq>
    </head>
  </entity_mention>
  <entity_mention ID="CNN_CF_20030304.1900.06-1-E26-58" TYPE="PRO" LDCTYPE="PRO" LDCATR="FALSE">
    <extent>
      <charseq START="420" END="422">you</charseq>
    </extent>
    <head>
      <charseq START="420" END="422">you</charseq>
    </head>
  </entity_mention>
  <entity_mention ID="CNN_CF_20030304.1900.06-1-E26-60" TYPE="NAM" LDCTYPE="NAM" LDCATR="FALSE">
    <extent>
      <charseq START="458" END="464">Richard</charseq>
    </extent>
    <head>
      <charseq START="458" END="464">Richard</charseq>
    </head>
  </entity_mention>
  <entity_attributes>
    <name NAME="Richard Lucia">
      <charseq START="228" END="240">Richard Lucia</charseq>
    </name>
    <name NAME="Richard">
      <charseq START="411" END="417">Richard</charseq>
    </name>
    <name NAME="Richard">
      <charseq START="458" END="464">Richard</charseq>
    </name>
  </entity_attributes>
</entity>
<entity ID="CNN_CF_20030304.1900.06-1-E28" TYPE="GPE" SUBTYPE="Population-Center" CLASS="SPC">
  <entity_mention ID="CNN_CF_20030304.1900.06-1-E28-53" TYPE="NAM" LDCTYPE="NAM" ROLE="GPE">
    <extent>
      <charseq START="255" END="266">Willingsboro</charseq>
    </extent>
    <head>
      <charseq START="255" END="266">Willingsboro</charseq>
    </head>
  </entity_mention>
  <entity_attributes>
    <name NAME="Willingsboro">
      <charseq START="255" END="266">Willingsboro</charseq>
    </name>
  </entity_attributes>
</entity>
<entity ID="CNN_CF_20030304.1900.06-1-E29" TYPE="GPE" SUBTYPE="State-or-Province" CLASS="SPC">
  <entity_mention ID="CNN_CF_20030304.1900.06-1-E29-54" TYPE="NAM" LDCTYPE="NAM" ROLE="GPE">
    <extent>
      <charseq START="269" END="278">New Jersey</charseq>
    </extent>
    <head>
      <charseq START="269" END="278">New Jersey</charseq>
    </head>
  </entity_mention>
  <entity_attributes>
    <name NAME="New Jersey">
      <charseq START="269" END="278">New Jersey</charseq>
    </name>
  </entity_attributes>
</entity>
<entity ID="CNN_CF_20030304.1900.06-1-E30" TYPE="PER" SUBTYPE="Individual" CLASS="USP">
  <entity_mention ID="CNN_CF_20030304.1900.06-1-E30-55" TYPE="PRO" LDCTYPE="PRO">
    <extent>
      <charseq START="291" END="298">somebody</charseq>
    </extent>
    <head>
      <charseq START="291" END="298">somebody</charseq>
    </head>
  </entity_mention>
</entity>
<entity ID="CNN_CF_20030304.1900.06-1-E31" TYPE="PER" SUBTYPE="Group" CLASS="NEG">
  <entity_mention ID="CNN_CF_20030304.1900.06-1-E31-56" TYPE="NOM" LDCTYPE="NOM">
    <extent>
      <charseq START="366" END="407">any good doctors left to
practice medicine</charseq>
    </extent>
    <head>
      <charseq START="375" END="381">doctors</charseq>
    </head>
  </entity_mention>
</entity>
<entity ID="CNN_CF_20030304.1900.06-1-E32" TYPE="PER" SUBTYPE="Individual" CLASS="SPC">
  <entity_mention ID="CNN_CF_20030304.1900.06-1-E32-4" TYPE="NAM" LDCTYPE="NAM">
    <extent>
      <charseq START="630" END="635">BEGALA</charseq>
    </extent>
    <head>
      <charseq START="630" END="635">BEGALA</charseq>
    </head>
  </entity_mention>
  <entity_mention ID="CNN_CF_20030304.1900.06-1-E32-14" TYPE="NAM" LDCTYPE="NAM">
    <extent>
      <charseq START="996" END="1001">BEGALA</charseq>
    </extent>
    <head>
      <charseq START="996" END="1001">BEGALA</charseq>
    </head>
  </entity_mention>
  <entity_mention ID="CNN_CF_20030304.1900.06-1-E32-24" TYPE="PRO" LDCTYPE="PRO">
    <extent>
      <charseq START="887" END="889">you</charseq>
    </extent>
    <head>
      <charseq START="887" END="889">you</charseq>
    </head>
  </entity_mention>
  <entity_mention ID="CNN_CF_20030304.1900.06-1-E32-25" TYPE="PRO" LDCTYPE="PRO">
    <extent>
      <charseq START="1233" END="1235">you</charseq>
    </extent>
    <head>
      <charseq START="1233" END="1235">you</charseq>
    </head>
  </entity_mention>
  <entity_mention ID="CNN_CF_20030304.1900.06-1-E32-26" TYPE="PRO" LDCTYPE="PRO">
    <extent>
      <charseq START="1277" END="1279">you</charseq>
    </extent>
    <head>
      <charseq START="1277" END="1279">you</charseq>
    </head>
  </entity_mention>
  <entity_mention ID="CNN_CF_20030304.1900.06-1-E32-28" TYPE="NAM" LDCTYPE="NAM">
    <extent>
      <charseq START="1362" END="1365">Paul</charseq>
    </extent>
    <head>
      <charseq START="1362" END="1365">Paul</charseq>
    </head>
  </entity_mention>
  <entity_mention ID="CNN_CF_20030304.1900.06-1-E32-29" TYPE="NAM" LDCTYPE="NAM">
    <extent>
      <charseq START="1371" END="1376">BEGALA</charseq>
    </extent>
    <head>
      <charseq START="1371" END="1376">BEGALA</charseq>
    </head>
  </entity_mention>
  <entity_mention ID="CNN_CF_20030304.1900.06-1-E32-44" TYPE="NAM" LDCTYPE="NAM">
    <extent>
      <charseq START="1868" END="1873">BEGALA</charseq>
    </extent>
    <head>
      <charseq START="1868" END="1873">BEGALA</charseq>
    </head>
  </entity_mention>
  <entity_mention ID="CNN_CF_20030304.1900.06-1-E32-59" TYPE="NAM" LDCTYPE="NAM">
    <extent>
      <charseq START="446" END="451">BEGALA</charseq>
    </extent>
    <head>
      <charseq START="446" END="451">BEGALA</charseq>
    </head>
  </entity_mention>
  <entity_attributes>
    <name NAME="BEGALA">
      <charseq START="996" END="1001">BEGALA</charseq>
    </name>
    <name NAME="Paul">
      <charseq START="1362" END="1365">Paul</charseq>
    </name>
    <name NAME="BEGALA">
      <charseq START="1371" END="1376">BEGALA</charseq>
    </name>
    <name NAME="BEGALA">
      <charseq START="1868" END="1873">BEGALA</charseq>
    </name>
    <name NAME="BEGALA">
      <charseq START="446" END="451">BEGALA</charseq>
    </name>
    <name NAME="BEGALA">
      <charseq START="630" END="635">BEGALA</charseq>
    </name>
  </entity_attributes>
</entity>
<entity ID="CNN_CF_20030304.1900.06-1-E33" TYPE="ORG" SUBTYPE="Commercial" CLASS="USP">
  <entity_mention ID="CNN_CF_20030304.1900.06-1-E33-2" TYPE="PRO" LDCTYPE="PRO">
    <extent>
      <charseq START="563" END="566">they</charseq>
    </extent>
    <head>
      <charseq START="563" END="566">they</charseq>
    </head>
  </entity_mention>
  <entity_mention ID="CNN_CF_20030304.1900.06-1-E33-61" TYPE="NOM" LDCTYPE="BAR">
    <extent>
      <charseq START="498" END="516">insurance companies</charseq>
    </extent>
    <head>
      <charseq START="508" END="516">companies</charseq>
    </head>
  </entity_mention>
  <entity_mention ID="CNN_CF_20030304.1900.06-1-E33-62" TYPE="PRO" LDCTYPE="WHQ">
    <extent>
      <charseq START="518" END="520">who</charseq>
    </extent>
    <head>
      <charseq START="518" END="520">who</charseq>
    </head>
  </entity_mention>
</entity>
<timex2 ID="CNN_CF_20030304.1900.06-1-T1">
  <timex2_mention ID="CNN_CF_20030304.1900.06-1-T1-1">
    <extent>
      <charseq START="38" END="62">2003-03-04T19:00:00-05:00</charseq>
    </extent>
  </timex2_mention>
</timex2>
</document>
</source_file>
