<?xml version="1.0"?>
<!DOCTYPE source_file SYSTEM "apf.v5.1.1.dtd">
<source_file URI="CNN_IP_20030402.1600.00-3.sgm" SOURCE="broadcast conversation" TYPE="text" AUTHOR="LDC" ENCODING="UTF-8">
<document DOCID="CNN_IP_20030402.1600.00-3">
<entity ID="CNN_IP_20030402.1600.00-3-E1" TYPE="PER" SUBTYPE="Group" CLASS="USP">
  <entity_mention ID="CNN_IP_20030402.1600.00-3-E1-96" TYPE="NOM" LDCTYPE="BAR">
    <extent>
      <charseq START="348" END="358">U.S. forces</charseq>
    </extent>
    <head>
      <charseq START="353" END="358">forces</charseq>
    </head>
  </entity_mention>
</entity>
<entity ID="CNN_IP_20030402.1600.00-3-E2" TYPE="FAC" SUBTYPE="Building-Grounds" CLASS="SPC">
  <entity_mention ID="CNN_IP_20030402.1600.00-3-E2-2" TYPE="NAM" LDCTYPE="NAM">
    <extent>
      <charseq START="363" END="393">the Saddam hospital in Nasiriya</charseq>
    </extent>
    <head>
      <charseq START="367" END="381">Saddam hospital</charseq>
    </head>
  </entity_mention>
  <entity_mention ID="CNN_IP_20030402.1600.00-3-E2-40" TYPE="NOM" LDCTYPE="NOM">
    <extent>
      <charseq START="1419" END="1431">that building</charseq>
    </extent>
    <head>
      <charseq START="1424" END="1431">building</charseq>
    </head>
  </entity_mention>
  <entity_attributes>
    <name NAME="Saddam hospital">
      <charseq START="367" END="381">Saddam hospital</charseq>
    </name>
  </entity_attributes>
</entity>
<entity ID="CNN_IP_20030402.1600.00-3-E3" TYPE="GPE" SUBTYPE="Population-Center" CLASS="SPC">
  <entity_mention ID="CNN_IP_20030402.1600.00-3-E3-3" TYPE="NAM" LDCTYPE="NAM" ROLE="LOC">
    <extent>
      <charseq START="386" END="393">Nasiriya</charseq>
    </extent>
    <head>
      <charseq START="386" END="393">Nasiriya</charseq>
    </head>
  </entity_mention>
  <entity_mention ID="CNN_IP_20030402.1600.00-3-E3-18" TYPE="NAM" LDCTYPE="NAM" ROLE="LOC">
    <extent>
      <charseq START="844" END="851">Nasiriya</charseq>
    </extent>
    <head>
      <charseq START="844" END="851">Nasiriya</charseq>
    </head>
  </entity_mention>
  <entity_attributes>
    <name NAME="Nasiriya">
      <charseq START="386" END="393">Nasiriya</charseq>
    </name>
    <name NAME="Nasiriya">
      <charseq START="844" END="851">Nasiriya</charseq>
    </name>
  </entity_attributes>
</entity>
<entity ID="CNN_IP_20030402.1600.00-3-E4" TYPE="PER" SUBTYPE="Group" CLASS="USP">
  <entity_mention ID="CNN_IP_20030402.1600.00-3-E4-4" TYPE="NOM" LDCTYPE="BAR">
    <extent>
      <charseq START="424" END="429">troops</charseq>
    </extent>
    <head>
      <charseq START="424" END="429">troops</charseq>
    </head>
  </entity_mention>
</entity>
<entity ID="CNN_IP_20030402.1600.00-3-E5" TYPE="ORG" SUBTYPE="Government" CLASS="SPC">
  <entity_mention ID="CNN_IP_20030402.1600.00-3-E5-6" TYPE="NAM" LDCTYPE="NAMPRE" LDCATR="TRUE">
    <extent>
      <charseq START="456" END="459">Army</charseq>
    </extent>
    <head>
      <charseq START="456" END="459">Army</charseq>
    </head>
  </entity_mention>
  <entity_mention ID="CNN_IP_20030402.1600.00-3-E5-17" TYPE="NAM" LDCTYPE="NAMPRE" LDCATR="TRUE">
    <extent>
      <charseq START="803" END="806">Army</charseq>
    </extent>
    <head>
      <charseq START="803" END="806">Army</charseq>
    </head>
  </entity_mention>
  <entity_mention ID="CNN_IP_20030402.1600.00-3-E5-49" TYPE="NAM" LDCTYPE="NAMPRE" LDCATR="TRUE">
    <extent>
      <charseq START="1698" END="1701">Army</charseq>
    </extent>
    <head>
      <charseq START="1698" END="1701">Army</charseq>
    </head>
  </entity_mention>
  <entity_attributes>
    <name NAME="Army">
      <charseq START="456" END="459">Army</charseq>
    </name>
    <name NAME="Army">
      <charseq START="803" END="806">Army</charseq>
    </name>
    <name NAME="Army">
      <charseq START="1698" END="1701">Army</charseq>
    </name>
  </entity_attributes>
</entity>
<entity ID="CNN_IP_20030402.1600.00-3-E6" TYPE="VEH" SUBTYPE="Air" CLASS="SPC">
  <entity_mention ID="CNN_IP_20030402.1600.00-3-E6-7" TYPE="NOM" LDCTYPE="NOM">
    <extent>
      <charseq START="472" END="493">a Blackhawk
helicopter</charseq>
    </extent>
    <head>
      <charseq START="484" END="493">helicopter</charseq>
    </head>
  </entity_mention>
</entity>
<entity ID="CNN_IP_20030402.1600.00-3-E7" TYPE="PER" SUBTYPE="Group" CLASS="SPC">
  <entity_mention ID="CNN_IP_20030402.1600.00-3-E7-9" TYPE="NOM" LDCTYPE="NOM">
    <extent>
      <charseq START="518" END="526">11 bodies</charseq>
    </extent>
    <head>
      <charseq START="521" END="526">bodies</charseq>
    </head>
  </entity_mention>
  <entity_mention ID="CNN_IP_20030402.1600.00-3-E7-13" TYPE="PRO" LDCTYPE="PRO">
    <extent>
      <charseq START="627" END="630">them</charseq>
    </extent>
    <head>
      <charseq START="627" END="630">them</charseq>
    </head>
  </entity_mention>
</entity>
<entity ID="CNN_IP_20030402.1600.00-3-E8" TYPE="ORG" SUBTYPE="Government" CLASS="SPC">
  <entity_mention ID="CNN_IP_20030402.1600.00-3-E8-10" TYPE="NOM" LDCTYPE="NOMPRE" LDCATR="FALSE">
    <extent>
      <charseq START="571" END="578">military</charseq>
    </extent>
    <head>
      <charseq START="571" END="578">military</charseq>
    </head>
  </entity_mention>
  <entity_mention ID="CNN_IP_20030402.1600.00-3-E8-30" TYPE="NOM" LDCTYPE="NOM" LDCATR="FALSE">
    <extent>
      <charseq START="1245" END="1256">the military</charseq>
    </extent>
    <head>
      <charseq START="1249" END="1256">military</charseq>
    </head>
  </entity_mention>
  <entity_mention ID="CNN_IP_20030402.1600.00-3-E8-35" TYPE="PRO" LDCTYPE="PRO" LDCATR="FALSE">
    <extent>
      <charseq START="1311" END="1314">they</charseq>
    </extent>
    <head>
      <charseq START="1311" END="1314">they</charseq>
    </head>
  </entity_mention>
  <entity_mention ID="CNN_IP_20030402.1600.00-3-E8-71" TYPE="NOM" LDCTYPE="NOMPRE" LDCATR="TRUE">
    <extent>
      <charseq START="2195" END="2202">military</charseq>
    </extent>
    <head>
      <charseq START="2195" END="2202">military</charseq>
    </head>
  </entity_mention>
</entity>
<entity ID="CNN_IP_20030402.1600.00-3-E10" TYPE="PER" SUBTYPE="Group" CLASS="USP">
  <entity_mention ID="CNN_IP_20030402.1600.00-3-E10-11" TYPE="NOM" LDCTYPE="BAR">
    <extent>
      <charseq START="571" END="588">military officials</charseq>
    </extent>
    <head>
      <charseq START="580" END="588">officials</charseq>
    </head>
  </entity_mention>
  <entity_mention ID="CNN_IP_20030402.1600.00-3-E10-12" TYPE="PRO" LDCTYPE="PRO">
    <extent>
      <charseq START="594" END="597">they</charseq>
    </extent>
    <head>
      <charseq START="594" END="597">they</charseq>
    </head>
  </entity_mention>
</entity>
<entity ID="CNN_IP_20030402.1600.00-3-E11" TYPE="PER" SUBTYPE="Group" CLASS="USP">
  <entity_mention ID="CNN_IP_20030402.1600.00-3-E11-15" TYPE="NOM" LDCTYPE="NOM">
    <extent>
      <charseq START="764" END="823">more than
a dozen other members of her Army maintenance unit</charseq>
    </extent>
    <head>
      <charseq START="788" END="794">members</charseq>
    </head>
  </entity_mention>
</entity>
<entity ID="CNN_IP_20030402.1600.00-3-E12" TYPE="ORG" SUBTYPE="Government" CLASS="SPC">
  <entity_mention ID="CNN_IP_20030402.1600.00-3-E12-16" TYPE="NOM" LDCTYPE="NOM">
    <extent>
      <charseq START="799" END="823">her Army maintenance unit</charseq>
    </extent>
    <head>
      <charseq START="820" END="823">unit</charseq>
    </head>
  </entity_mention>
</entity>
<entity ID="CNN_IP_20030402.1600.00-3-E14" TYPE="GPE" SUBTYPE="Population-Center" CLASS="SPC">
  <entity_mention ID="CNN_IP_20030402.1600.00-3-E14-19" TYPE="NAM" LDCTYPE="NAM" ROLE="LOC">
    <extent>
      <charseq START="900" END="923">Palestine, West Virginia</charseq>
    </extent>
    <head>
      <charseq START="900" END="908">Palestine</charseq>
    </head>
  </entity_mention>
  <entity_attributes>
    <name NAME="Palestine">
      <charseq START="900" END="908">Palestine</charseq>
    </name>
  </entity_attributes>
</entity>
<entity ID="CNN_IP_20030402.1600.00-3-E15" TYPE="GPE" SUBTYPE="State-or-Province" CLASS="SPC">
  <entity_mention ID="CNN_IP_20030402.1600.00-3-E15-20" TYPE="NAM" LDCTYPE="NAM" ROLE="LOC">
    <extent>
      <charseq START="911" END="923">West Virginia</charseq>
    </extent>
    <head>
      <charseq START="911" END="923">West Virginia</charseq>
    </head>
  </entity_mention>
  <entity_mention ID="CNN_IP_20030402.1600.00-3-E15-42" TYPE="NAM" LDCTYPE="NAM" ROLE="GPE">
    <extent>
      <charseq START="1512" END="1524">West Virginia</charseq>
    </extent>
    <head>
      <charseq START="1512" END="1524">West Virginia</charseq>
    </head>
  </entity_mention>
  <entity_mention ID="CNN_IP_20030402.1600.00-3-E15-52" TYPE="NAM" LDCTYPE="NAM" ROLE="GPE">
    <extent>
      <charseq START="1773" END="1798">Her state of West
Virginia</charseq>
    </extent>
    <head>
      <charseq START="1786" END="1798">West
Virginia</charseq>
    </head>
  </entity_mention>
  <entity_mention ID="CNN_IP_20030402.1600.00-3-E15-53" TYPE="NOM" LDCTYPE="NOM" ROLE="PER">
    <extent>
      <charseq START="1773" END="1781">Her state</charseq>
    </extent>
    <head>
      <charseq START="1777" END="1781">state</charseq>
    </head>
  </entity_mention>
  <entity_attributes>
    <name NAME="West Virginia">
      <charseq START="911" END="923">West Virginia</charseq>
    </name>
    <name NAME="West Virginia">
      <charseq START="1512" END="1524">West Virginia</charseq>
    </name>
    <name NAME="West Virginia">
      <charseq START="1786" END="1798">West
Virginia</charseq>
    </name>
  </entity_attributes>
</entity>
<entity ID="CNN_IP_20030402.1600.00-3-E16" TYPE="PER" SUBTYPE="Individual" CLASS="SPC">
  <entity_mention ID="CNN_IP_20030402.1600.00-3-E16-21" TYPE="NOM" LDCTYPE="NOM">
    <extent>
      <charseq START="989" END="1031">Her father, mother and other family members</charseq>
    </extent>
    <head>
      <charseq START="993" END="998">father</charseq>
    </head>
  </entity_mention>
  <entity_mention ID="CNN_IP_20030402.1600.00-3-E16-57" TYPE="NOM" LDCTYPE="NOM">
    <extent>
      <charseq START="1879" END="1900">Jessica Lynch's father</charseq>
    </extent>
    <head>
      <charseq START="1895" END="1900">father</charseq>
    </head>
  </entity_mention>
  <entity_mention ID="CNN_IP_20030402.1600.00-3-E16-58" TYPE="PRO" LDCTYPE="PRO">
    <extent>
      <charseq START="1931" END="1933">him</charseq>
    </extent>
    <head>
      <charseq START="1931" END="1933">him</charseq>
    </head>
  </entity_mention>
</entity>
<entity ID="CNN_IP_20030402.1600.00-3-E17" TYPE="PER" SUBTYPE="Individual" CLASS="SPC">
  <entity_mention ID="CNN_IP_20030402.1600.00-3-E17-22" TYPE="NOM" LDCTYPE="NOM">
    <extent>
      <charseq START="989" END="1031">Her father, mother and other family members</charseq>
    </extent>
    <head>
      <charseq START="1001" END="1006">mother</charseq>
    </head>
  </entity_mention>
</entity>
<entity ID="CNN_IP_20030402.1600.00-3-E18" TYPE="PER" SUBTYPE="Group" CLASS="SPC">
  <entity_mention ID="CNN_IP_20030402.1600.00-3-E18-23" TYPE="NOM" LDCTYPE="NOM" LDCATR="FALSE">
    <extent>
      <charseq START="989" END="1031">Her father, mother and other family members</charseq>
    </extent>
    <head>
      <charseq START="1025" END="1031">members</charseq>
    </head>
  </entity_mention>
  <entity_mention ID="CNN_IP_20030402.1600.00-3-E18-24" TYPE="NOM" LDCTYPE="NOMPRE" LDCATR="TRUE">
    <extent>
      <charseq START="1018" END="1023">family</charseq>
    </extent>
    <head>
      <charseq START="1018" END="1023">family</charseq>
    </head>
  </entity_mention>
</entity>
<entity ID="CNN_IP_20030402.1600.00-3-E20" TYPE="PER" SUBTYPE="Group" CLASS="SPC">
  <entity_mention ID="CNN_IP_20030402.1600.00-3-E20-25" TYPE="PRO" LDCTYPE="PRO">
    <extent>
      <charseq START="1037" END="1040">they</charseq>
    </extent>
    <head>
      <charseq START="1037" END="1040">they</charseq>
    </head>
  </entity_mention>
  <entity_mention ID="CNN_IP_20030402.1600.00-3-E20-26" TYPE="PRO" LDCTYPE="PRO">
    <extent>
      <charseq START="1070" END="1074">their</charseq>
    </extent>
    <head>
      <charseq START="1070" END="1074">their</charseq>
    </head>
  </entity_mention>
  <entity_mention ID="CNN_IP_20030402.1600.00-3-E20-27" TYPE="PRO" LDCTYPE="PRO">
    <extent>
      <charseq START="1115" END="1118">they</charseq>
    </extent>
    <head>
      <charseq START="1115" END="1118">they</charseq>
    </head>
  </entity_mention>
  <entity_mention ID="CNN_IP_20030402.1600.00-3-E20-68" TYPE="PRO" LDCTYPE="PRO">
    <extent>
      <charseq START="1124" END="1127">they</charseq>
    </extent>
    <head>
      <charseq START="1124" END="1127">they</charseq>
    </head>
  </entity_mention>
</entity>
<entity ID="CNN_IP_20030402.1600.00-3-E21" TYPE="PER" SUBTYPE="Group" CLASS="SPC">
  <entity_mention ID="CNN_IP_20030402.1600.00-3-E21-28" TYPE="NOM" LDCTYPE="NOM">
    <extent>
      <charseq START="1145" END="1156">her rescuers</charseq>
    </extent>
    <head>
      <charseq START="1149" END="1156">rescuers</charseq>
    </head>
  </entity_mention>
</entity>
<entity ID="CNN_IP_20030402.1600.00-3-E22" TYPE="PER" SUBTYPE="Individual" CLASS="SPC">
  <entity_mention ID="CNN_IP_20030402.1600.00-3-E22-29" TYPE="PRO" LDCTYPE="PRO">
    <extent>
      <charseq START="1222" END="1222">I</charseq>
    </extent>
    <head>
      <charseq START="1222" END="1222">I</charseq>
    </head>
  </entity_mention>
  <entity_mention ID="CNN_IP_20030402.1600.00-3-E22-32" TYPE="PRO" LDCTYPE="PRO">
    <extent>
      <charseq START="1292" END="1292">I</charseq>
    </extent>
    <head>
      <charseq START="1292" END="1292">I</charseq>
    </head>
  </entity_mention>
  <entity_mention ID="CNN_IP_20030402.1600.00-3-E22-33" TYPE="PRO" LDCTYPE="PRO">
    <extent>
      <charseq START="1343" END="1343">I</charseq>
    </extent>
    <head>
      <charseq START="1343" END="1343">I</charseq>
    </head>
  </entity_mention>
  <entity_mention ID="CNN_IP_20030402.1600.00-3-E22-34" TYPE="PRO" LDCTYPE="PRO">
    <extent>
      <charseq START="1473" END="1474">my</charseq>
    </extent>
    <head>
      <charseq START="1473" END="1474">my</charseq>
    </head>
  </entity_mention>
</entity>
<entity ID="CNN_IP_20030402.1600.00-3-E23" TYPE="GPE" SUBTYPE="Nation" CLASS="SPC">
  <entity_mention ID="CNN_IP_20030402.1600.00-3-E23-31" TYPE="PRO" LDCTYPE="PRO" ROLE="LOC">
    <extent>
      <charseq START="1273" END="1282">over there</charseq>
    </extent>
    <head>
      <charseq START="1278" END="1282">there</charseq>
    </head>
  </entity_mention>
  <entity_mention ID="CNN_IP_20030402.1600.00-3-E23-72" TYPE="PRO" LDCTYPE="PRO" ROLE="LOC">
    <extent>
      <charseq START="1300" END="1304">there</charseq>
    </extent>
    <head>
      <charseq START="1300" END="1304">there</charseq>
    </head>
  </entity_mention>
</entity>
<entity ID="CNN_IP_20030402.1600.00-3-E24" TYPE="PER" SUBTYPE="Individual" CLASS="SPC">
  <entity_mention ID="CNN_IP_20030402.1600.00-3-E24-1" TYPE="NAM" LDCTYPE="NAM" LDCATR="FALSE">
    <extent>
      <charseq START="136" END="181">rescued American prisoner of war Jessica Lynch</charseq>
    </extent>
    <head>
      <charseq START="169" END="181">Jessica Lynch</charseq>
    </head>
  </entity_mention>
  <entity_mention ID="CNN_IP_20030402.1600.00-3-E24-5" TYPE="NOM" LDCTYPE="NOM" LDCATR="FALSE">
    <extent>
      <charseq START="440" END="467">the 19-year-old Army private</charseq>
    </extent>
    <head>
      <charseq START="461" END="467">private</charseq>
    </head>
  </entity_mention>
  <entity_mention ID="CNN_IP_20030402.1600.00-3-E24-46" TYPE="PRO" LDCTYPE="PRO" LDCATR="FALSE">
    <extent>
      <charseq START="1650" END="1652">She</charseq>
    </extent>
    <head>
      <charseq START="1650" END="1652">She</charseq>
    </head>
  </entity_mention>
  <entity_mention ID="CNN_IP_20030402.1600.00-3-E24-51" TYPE="PRO" LDCTYPE="PRO" LDCATR="FALSE">
    <extent>
      <charseq START="1773" END="1775">Her</charseq>
    </extent>
    <head>
      <charseq START="1773" END="1775">Her</charseq>
    </head>
  </entity_mention>
  <entity_mention ID="CNN_IP_20030402.1600.00-3-E24-70" TYPE="NOM" LDCTYPE="NOMPRE" LDCATR="TRUE">
    <extent>
      <charseq START="136" END="167">rescued American prisoner of war</charseq>
    </extent>
    <head>
      <charseq START="153" END="160">prisoner</charseq>
    </head>
  </entity_mention>
  <entity_mention ID="CNN_IP_20030402.1600.00-3-E24-80" TYPE="PRO" LDCTYPE="PRO" LDCATR="FALSE">
    <extent>
      <charseq START="297" END="299">her</charseq>
    </extent>
    <head>
      <charseq START="297" END="299">her</charseq>
    </head>
  </entity_mention>
  <entity_mention ID="CNN_IP_20030402.1600.00-3-E24-81" TYPE="NAM" LDCTYPE="NAM" LDCATR="FALSE">
    <extent>
      <charseq START="310" END="314">Lynch</charseq>
    </extent>
    <head>
      <charseq START="310" END="314">Lynch</charseq>
    </head>
  </entity_mention>
  <entity_mention ID="CNN_IP_20030402.1600.00-3-E24-82" TYPE="NAM" LDCTYPE="NAM" LDCATR="FALSE">
    <extent>
      <charseq START="656" END="660">Lynch</charseq>
    </extent>
    <head>
      <charseq START="656" END="660">Lynch</charseq>
    </head>
  </entity_mention>
  <entity_mention ID="CNN_IP_20030402.1600.00-3-E24-83" TYPE="PRO" LDCTYPE="PRO" LDCATR="FALSE">
    <extent>
      <charseq START="638" END="640">she</charseq>
    </extent>
    <head>
      <charseq START="638" END="640">she</charseq>
    </head>
  </entity_mention>
  <entity_mention ID="CNN_IP_20030402.1600.00-3-E24-84" TYPE="PRO" LDCTYPE="PRO" LDCATR="FALSE">
    <extent>
      <charseq START="714" END="716">She</charseq>
    </extent>
    <head>
      <charseq START="714" END="716">She</charseq>
    </head>
  </entity_mention>
  <entity_mention ID="CNN_IP_20030402.1600.00-3-E24-85" TYPE="PRO" LDCTYPE="PRO" LDCATR="FALSE">
    <extent>
      <charseq START="756" END="758">She</charseq>
    </extent>
    <head>
      <charseq START="756" END="758">She</charseq>
    </head>
  </entity_mention>
  <entity_mention ID="CNN_IP_20030402.1600.00-3-E24-86" TYPE="PRO" LDCTYPE="PRO" LDCATR="FALSE">
    <extent>
      <charseq START="799" END="801">her</charseq>
    </extent>
    <head>
      <charseq START="799" END="801">her</charseq>
    </head>
  </entity_mention>
  <entity_mention ID="CNN_IP_20030402.1600.00-3-E24-87" TYPE="NAM" LDCTYPE="NAM" LDCATR="FALSE">
    <extent>
      <charseq START="965" END="977">Jessica Lynch</charseq>
    </extent>
    <head>
      <charseq START="965" END="977">Jessica Lynch</charseq>
    </head>
  </entity_mention>
  <entity_mention ID="CNN_IP_20030402.1600.00-3-E24-88" TYPE="PRO" LDCTYPE="PRO" LDCATR="FALSE">
    <extent>
      <charseq START="989" END="991">Her</charseq>
    </extent>
    <head>
      <charseq START="989" END="991">Her</charseq>
    </head>
  </entity_mention>
  <entity_mention ID="CNN_IP_20030402.1600.00-3-E24-89" TYPE="PRO" LDCTYPE="PRO" LDCATR="FALSE">
    <extent>
      <charseq START="1145" END="1147">her</charseq>
    </extent>
    <head>
      <charseq START="1145" END="1147">her</charseq>
    </head>
  </entity_mention>
  <entity_mention ID="CNN_IP_20030402.1600.00-3-E24-90" TYPE="PRO" LDCTYPE="PRO" LDCATR="FALSE">
    <extent>
      <charseq START="1445" END="1447">her</charseq>
    </extent>
    <head>
      <charseq START="1445" END="1447">her</charseq>
    </head>
  </entity_mention>
  <entity_mention ID="CNN_IP_20030402.1600.00-3-E24-91" TYPE="PRO" LDCTYPE="PRO" LDCATR="FALSE">
    <extent>
      <charseq START="1737" END="1739">she</charseq>
    </extent>
    <head>
      <charseq START="1737" END="1739">she</charseq>
    </head>
  </entity_mention>
  <entity_mention ID="CNN_IP_20030402.1600.00-3-E24-92" TYPE="PRO" LDCTYPE="PRO" LDCATR="FALSE">
    <extent>
      <charseq START="1813" END="1815">Her</charseq>
    </extent>
    <head>
      <charseq START="1813" END="1815">Her</charseq>
    </head>
  </entity_mention>
  <entity_mention ID="CNN_IP_20030402.1600.00-3-E24-93" TYPE="PRO" LDCTYPE="PRO" LDCATR="FALSE">
    <extent>
      <charseq START="1841" END="1843">Her</charseq>
    </extent>
    <head>
      <charseq START="1841" END="1843">Her</charseq>
    </head>
  </entity_mention>
  <entity_mention ID="CNN_IP_20030402.1600.00-3-E24-94" TYPE="NAM" LDCTYPE="NAM" LDCATR="FALSE">
    <extent>
      <charseq START="1879" END="1891">Jessica Lynch</charseq>
    </extent>
    <head>
      <charseq START="1879" END="1891">Jessica Lynch</charseq>
    </head>
  </entity_mention>
  <entity_attributes>
    <name NAME="Jessica Lynch">
      <charseq START="169" END="181">Jessica Lynch</charseq>
    </name>
    <name NAME="Lynch">
      <charseq START="310" END="314">Lynch</charseq>
    </name>
    <name NAME="Lynch">
      <charseq START="656" END="660">Lynch</charseq>
    </name>
    <name NAME="Jessica Lynch">
      <charseq START="965" END="977">Jessica Lynch</charseq>
    </name>
    <name NAME="Jessica Lynch">
      <charseq START="1879" END="1891">Jessica Lynch</charseq>
    </name>
  </entity_attributes>
</entity>
<entity ID="CNN_IP_20030402.1600.00-3-E25" TYPE="PER" SUBTYPE="Group" CLASS="SPC">
  <entity_mention ID="CNN_IP_20030402.1600.00-3-E25-37" TYPE="NOM" LDCTYPE="NOM" LDCATR="FALSE">
    <extent>
      <charseq START="1372" END="1383">the soldiers</charseq>
    </extent>
    <head>
      <charseq START="1376" END="1383">soldiers</charseq>
    </head>
  </entity_mention>
  <entity_mention ID="CNN_IP_20030402.1600.00-3-E25-41" TYPE="PRO" LDCTYPE="PRO" LDCATR="FALSE">
    <extent>
      <charseq START="1454" END="1457">They</charseq>
    </extent>
    <head>
      <charseq START="1454" END="1457">They</charseq>
    </head>
  </entity_mention>
  <entity_mention ID="CNN_IP_20030402.1600.00-3-E25-67" TYPE="NOM" LDCTYPE="BAR" LDCATR="TRUE">
    <extent>
      <charseq START="1463" END="1468">heroes</charseq>
    </extent>
    <head>
      <charseq START="1463" END="1468">heroes</charseq>
    </head>
  </entity_mention>
</entity>
<entity ID="CNN_IP_20030402.1600.00-3-E26" TYPE="PER" SUBTYPE="Group" CLASS="SPC">
  <entity_mention ID="CNN_IP_20030402.1600.00-3-E26-38" TYPE="NOM" LDCTYPE="NOM">
    <extent>
      <charseq START="1386" END="1451">the men and women that went into that building and
brought her out</charseq>
    </extent>
    <head>
      <charseq START="1390" END="1392">men</charseq>
    </head>
  </entity_mention>
  <entity_mention ID="CNN_IP_20030402.1600.00-3-E26-74" TYPE="PRO" LDCTYPE="WHQ">
    <extent>
      <charseq START="1404" END="1407">that</charseq>
    </extent>
    <head>
      <charseq START="1404" END="1407">that</charseq>
    </head>
  </entity_mention>
</entity>
<entity ID="CNN_IP_20030402.1600.00-3-E27" TYPE="PER" SUBTYPE="Group" CLASS="SPC">
  <entity_mention ID="CNN_IP_20030402.1600.00-3-E27-39" TYPE="NOM" LDCTYPE="NOM">
    <extent>
      <charseq START="1386" END="1451">the men and women that went into that building and
brought her out</charseq>
    </extent>
    <head>
      <charseq START="1398" END="1402">women</charseq>
    </head>
  </entity_mention>
  <entity_mention ID="CNN_IP_20030402.1600.00-3-E27-75" TYPE="PRO" LDCTYPE="WHQ">
    <extent>
      <charseq START="1404" END="1407">that</charseq>
    </extent>
    <head>
      <charseq START="1404" END="1407">that</charseq>
    </head>
  </entity_mention>
</entity>
<entity ID="CNN_IP_20030402.1600.00-3-E28" TYPE="PER" SUBTYPE="Individual" CLASS="SPC">
  <entity_mention ID="CNN_IP_20030402.1600.00-3-E28-43" TYPE="NAM" LDCTYPE="NAM" LDCATR="FALSE">
    <extent>
      <charseq START="1512" END="1560">West Virginia's United States Senator Robert Byrd</charseq>
    </extent>
    <head>
      <charseq START="1550" END="1560">Robert Byrd</charseq>
    </head>
  </entity_mention>
  <entity_mention ID="CNN_IP_20030402.1600.00-3-E28-44" TYPE="NOM" LDCTYPE="NOMPRE" LDCATR="FALSE">
    <extent>
      <charseq START="1528" END="1548">United States Senator</charseq>
    </extent>
    <head>
      <charseq START="1542" END="1548">Senator</charseq>
    </head>
  </entity_mention>
  <entity_mention ID="CNN_IP_20030402.1600.00-3-E28-56" TYPE="PRO" LDCTYPE="PRO" LDCATR="FALSE">
    <extent>
      <charseq START="1866" END="1866">I</charseq>
    </extent>
    <head>
      <charseq START="1866" END="1866">I</charseq>
    </head>
  </entity_mention>
  <entity_mention ID="CNN_IP_20030402.1600.00-3-E28-60" TYPE="NAM" LDCTYPE="NAM" LDCATR="FALSE">
    <extent>
      <charseq START="1995" END="2006">Senator Byrd</charseq>
    </extent>
    <head>
      <charseq START="2003" END="2006">Byrd</charseq>
    </head>
  </entity_mention>
  <entity_mention ID="CNN_IP_20030402.1600.00-3-E28-61" TYPE="NOM" LDCTYPE="NOMPRE" LDCATR="TRUE">
    <extent>
      <charseq START="1995" END="2001">Senator</charseq>
    </extent>
    <head>
      <charseq START="1995" END="2001">Senator</charseq>
    </head>
  </entity_mention>
  <entity_attributes>
    <name NAME="Robert Byrd">
      <charseq START="1550" END="1560">Robert Byrd</charseq>
    </name>
    <name NAME="Byrd">
      <charseq START="2003" END="2006">Byrd</charseq>
    </name>
  </entity_attributes>
</entity>
<entity ID="CNN_IP_20030402.1600.00-3-E30" TYPE="GPE" SUBTYPE="Nation" CLASS="SPC">
  <entity_mention ID="CNN_IP_20030402.1600.00-3-E30-45" TYPE="NAM" LDCTYPE="NAMPRE" ROLE="GPE" LDCATR="TRUE">
    <extent>
      <charseq START="1528" END="1540">United States</charseq>
    </extent>
    <head>
      <charseq START="1528" END="1540">United States</charseq>
    </head>
  </entity_mention>
  <entity_mention ID="CNN_IP_20030402.1600.00-3-E30-76" TYPE="NAM" LDCTYPE="NAMPRE" ROLE="GPE" LDCATR="TRUE">
    <extent>
      <charseq START="144" END="151">American</charseq>
    </extent>
    <head>
      <charseq START="144" END="151">American</charseq>
    </head>
  </entity_mention>
  <entity_mention ID="CNN_IP_20030402.1600.00-3-E30-95" TYPE="NAM" LDCTYPE="NAMPRE" ROLE="GPE" LDCATR="TRUE">
    <extent>
      <charseq START="348" END="350">U.S</charseq>
    </extent>
    <head>
      <charseq START="348" END="350">U.S</charseq>
    </head>
  </entity_mention>
  <entity_attributes>
    <name NAME="United States">
      <charseq START="1528" END="1540">United States</charseq>
    </name>
    <name NAME="American">
      <charseq START="144" END="151">American</charseq>
    </name>
    <name NAME="U.S">
      <charseq START="348" END="350">U.S</charseq>
    </name>
  </entity_attributes>
</entity>
<entity ID="CNN_IP_20030402.1600.00-3-E31" TYPE="PER" SUBTYPE="Group" CLASS="SPC">
  <entity_mention ID="CNN_IP_20030402.1600.00-3-E31-47" TYPE="NOM" LDCTYPE="NOM">
    <extent>
      <charseq START="1688" END="1724">the brave Army rangers and Navy
SEALS</charseq>
    </extent>
    <head>
      <charseq START="1703" END="1709">rangers</charseq>
    </head>
  </entity_mention>
</entity>
<entity ID="CNN_IP_20030402.1600.00-3-E32" TYPE="PER" SUBTYPE="Group" CLASS="SPC">
  <entity_mention ID="CNN_IP_20030402.1600.00-3-E32-48" TYPE="NOM" LDCTYPE="NOM">
    <extent>
      <charseq START="1688" END="1724">the brave Army rangers and Navy
SEALS</charseq>
    </extent>
    <head>
      <charseq START="1720" END="1724">SEALS</charseq>
    </head>
  </entity_mention>
</entity>
<entity ID="CNN_IP_20030402.1600.00-3-E34" TYPE="ORG" SUBTYPE="Government" CLASS="SPC">
  <entity_mention ID="CNN_IP_20030402.1600.00-3-E34-50" TYPE="NAM" LDCTYPE="NAMPRE">
    <extent>
      <charseq START="1715" END="1718">Navy</charseq>
    </extent>
    <head>
      <charseq START="1715" END="1718">Navy</charseq>
    </head>
  </entity_mention>
  <entity_attributes>
    <name NAME="Navy">
      <charseq START="1715" END="1718">Navy</charseq>
    </name>
  </entity_attributes>
</entity>
<entity ID="CNN_IP_20030402.1600.00-3-E35" TYPE="PER" SUBTYPE="Group" CLASS="SPC">
  <entity_mention ID="CNN_IP_20030402.1600.00-3-E35-54" TYPE="NOM" LDCTYPE="NOM">
    <extent>
      <charseq START="1813" END="1825">Her community</charseq>
    </extent>
    <head>
      <charseq START="1817" END="1825">community</charseq>
    </head>
  </entity_mention>
</entity>
<entity ID="CNN_IP_20030402.1600.00-3-E36" TYPE="PER" SUBTYPE="Group" CLASS="SPC">
  <entity_mention ID="CNN_IP_20030402.1600.00-3-E36-55" TYPE="NOM" LDCTYPE="NOM">
    <extent>
      <charseq START="1841" END="1850">Her family</charseq>
    </extent>
    <head>
      <charseq START="1845" END="1850">family</charseq>
    </head>
  </entity_mention>
</entity>
<entity ID="CNN_IP_20030402.1600.00-3-E37" TYPE="PER" SUBTYPE="Group" CLASS="GEN">
  <entity_mention ID="CNN_IP_20030402.1600.00-3-E37-59" TYPE="PRO" LDCTYPE="PRO">
    <extent>
      <charseq START="1935" END="1937">our</charseq>
    </extent>
    <head>
      <charseq START="1935" END="1937">our</charseq>
    </head>
  </entity_mention>
</entity>
<entity ID="CNN_IP_20030402.1600.00-3-E39" TYPE="GPE" SUBTYPE="Population-Center" CLASS="SPC">
  <entity_mention ID="CNN_IP_20030402.1600.00-3-E39-65" TYPE="NAM" LDCTYPE="NAM" ROLE="LOC">
    <extent>
      <charseq START="2074" END="2080">Baghdad</charseq>
    </extent>
    <head>
      <charseq START="2074" END="2080">Baghdad</charseq>
    </head>
  </entity_mention>
  <entity_attributes>
    <name NAME="Baghdad">
      <charseq START="2074" END="2080">Baghdad</charseq>
    </name>
  </entity_attributes>
</entity>
<entity ID="CNN_IP_20030402.1600.00-3-E41" TYPE="PER" SUBTYPE="Individual" CLASS="SPC">
  <entity_mention ID="CNN_IP_20030402.1600.00-3-E41-69" TYPE="NOM" LDCTYPE="NOM">
    <extent>
      <charseq START="2191" END="2210">our military
analyst</charseq>
    </extent>
    <head>
      <charseq START="2204" END="2210">analyst</charseq>
    </head>
  </entity_mention>
</entity>
<entity ID="CNN_IP_20030402.1600.00-3-E43" TYPE="PER" SUBTYPE="Indeterminate" CLASS="USP">
  <entity_mention ID="CNN_IP_20030402.1600.00-3-E43-73" TYPE="PRO" LDCTYPE="PRO">
    <extent>
      <charseq START="1333" END="1335">you</charseq>
    </extent>
    <head>
      <charseq START="1333" END="1335">you</charseq>
    </head>
  </entity_mention>
</entity>
<entity ID="CNN_IP_20030402.1600.00-3-E46" TYPE="FAC" SUBTYPE="Airport" CLASS="SPC">
  <entity_mention ID="CNN_IP_20030402.1600.00-3-E46-77" TYPE="NAM" LDCTYPE="NAM">
    <extent>
      <charseq START="208" END="235">Ramstein air base in Germany</charseq>
    </extent>
    <head>
      <charseq START="208" END="224">Ramstein air base</charseq>
    </head>
  </entity_mention>
  <entity_attributes>
    <name NAME="Ramstein air base">
      <charseq START="208" END="224">Ramstein air base</charseq>
    </name>
  </entity_attributes>
</entity>
<entity ID="CNN_IP_20030402.1600.00-3-E47" TYPE="GPE" SUBTYPE="Nation" CLASS="SPC">
  <entity_mention ID="CNN_IP_20030402.1600.00-3-E47-14" TYPE="NAM" LDCTYPE="NAM" ROLE="LOC">
    <extent>
      <charseq START="647" END="653">Germany</charseq>
    </extent>
    <head>
      <charseq START="647" END="653">Germany</charseq>
    </head>
  </entity_mention>
  <entity_mention ID="CNN_IP_20030402.1600.00-3-E47-78" TYPE="NAM" LDCTYPE="NAM" ROLE="LOC">
    <extent>
      <charseq START="229" END="235">Germany</charseq>
    </extent>
    <head>
      <charseq START="229" END="235">Germany</charseq>
    </head>
  </entity_mention>
  <entity_attributes>
    <name NAME="Germany">
      <charseq START="647" END="653">Germany</charseq>
    </name>
    <name NAME="Germany">
      <charseq START="229" END="235">Germany</charseq>
    </name>
  </entity_attributes>
</entity>
<entity ID="CNN_IP_20030402.1600.00-3-E48" TYPE="ORG" SUBTYPE="Media" CLASS="SPC">
  <entity_mention ID="CNN_IP_20030402.1600.00-3-E48-8" TYPE="PRO" LDCTYPE="PRO">
    <extent>
      <charseq START="496" END="497">We</charseq>
    </extent>
    <head>
      <charseq START="496" END="497">We</charseq>
    </head>
  </entity_mention>
  <entity_mention ID="CNN_IP_20030402.1600.00-3-E48-62" TYPE="PRO" LDCTYPE="PRO">
    <extent>
      <charseq START="2038" END="2039">We</charseq>
    </extent>
    <head>
      <charseq START="2038" END="2039">We</charseq>
    </head>
  </entity_mention>
  <entity_mention ID="CNN_IP_20030402.1600.00-3-E48-63" TYPE="PRO" LDCTYPE="PRO">
    <extent>
      <charseq START="2103" END="2104">We</charseq>
    </extent>
    <head>
      <charseq START="2103" END="2104">We</charseq>
    </head>
  </entity_mention>
  <entity_mention ID="CNN_IP_20030402.1600.00-3-E48-64" TYPE="PRO" LDCTYPE="PRO">
    <extent>
      <charseq START="2191" END="2193">our</charseq>
    </extent>
    <head>
      <charseq START="2191" END="2193">our</charseq>
    </head>
  </entity_mention>
  <entity_mention ID="CNN_IP_20030402.1600.00-3-E48-66" TYPE="PRO" LDCTYPE="PRO">
    <extent>
      <charseq START="2174" END="2175">we</charseq>
    </extent>
    <head>
      <charseq START="2174" END="2175">we</charseq>
    </head>
  </entity_mention>
  <entity_mention ID="CNN_IP_20030402.1600.00-3-E48-79" TYPE="NAM" LDCTYPE="NAM">
    <extent>
      <charseq START="266" END="268">CNN</charseq>
    </extent>
    <head>
      <charseq START="266" END="268">CNN</charseq>
    </head>
  </entity_mention>
  <entity_attributes>
    <name NAME="CNN">
      <charseq START="266" END="268">CNN</charseq>
    </name>
  </entity_attributes>
</entity>
<timex2 ID="CNN_IP_20030402.1600.00-3-T1">
  <timex2_mention ID="CNN_IP_20030402.1600.00-3-T1-1">
    <extent>
      <charseq START="38" END="62">2003-04-02T16:00:00-05:00</charseq>
    </extent>
  </timex2_mention>
</timex2>
<timex2 ID="CNN_IP_20030402.1600.00-3-T2">
  <timex2_mention ID="CNN_IP_20030402.1600.00-3-T2-1">
    <extent>
      <charseq START="237" END="263">just about an hour from now</charseq>
    </extent>
  </timex2_mention>
</timex2>
<timex2 ID="CNN_IP_20030402.1600.00-3-T3">
  <timex2_mention ID="CNN_IP_20030402.1600.00-3-T3-1">
    <extent>
      <charseq START="853" END="872">more than a week ago</charseq>
    </extent>
  </timex2_mention>
</timex2>
<timex2 ID="CNN_IP_20030402.1600.00-3-T4">
  <timex2_mention ID="CNN_IP_20030402.1600.00-3-T4-1">
    <extent>
      <charseq START="1902" END="1913">last evening</charseq>
    </extent>
  </timex2_mention>
</timex2>
<timex2 ID="CNN_IP_20030402.1600.00-3-T5">
  <timex2_mention ID="CNN_IP_20030402.1600.00-3-T5-1">
    <extent>
      <charseq START="1731" END="1735">today</charseq>
    </extent>
  </timex2_mention>
</timex2>
<relation ID="CNN_IP_20030402.1600.00-3-R2" TYPE="GEN-AFF" SUBTYPE="Citizen-Resident-Religion-Ethnicity" TENSE="Unspecified" MODALITY="Asserted">
  <relation_argument REFID="CNN_IP_20030402.1600.00-3-E24" ROLE="Arg-1"/>
  <relation_argument REFID="CNN_IP_20030402.1600.00-3-E30" ROLE="Arg-2"/>
  <relation_mention ID="CNN_IP_20030402.1600.00-3-R2-1" LEXICALCONDITION="PreMod">
    <extent>
      <charseq START="136" END="167">rescued American prisoner of war</charseq>
    </extent>
    <relation_mention_argument REFID="CNN_IP_20030402.1600.00-3-E24-70" ROLE="Arg-1">
      <extent>
        <charseq START="136" END="167">rescued American prisoner of war</charseq>
      </extent>
    </relation_mention_argument>
    <relation_mention_argument REFID="CNN_IP_20030402.1600.00-3-E30-76" ROLE="Arg-2">
      <extent>
        <charseq START="144" END="151">American</charseq>
      </extent>
    </relation_mention_argument>
  </relation_mention>
</relation>
<relation ID="CNN_IP_20030402.1600.00-3-R3" TYPE="PHYS" SUBTYPE="Located" TENSE="Unspecified" MODALITY="Other">
  <relation_argument REFID="CNN_IP_20030402.1600.00-3-E24" ROLE="Arg-1"/>
  <relation_argument REFID="CNN_IP_20030402.1600.00-3-E46" ROLE="Arg-2"/>
  <relation_argument REFID="CNN_IP_20030402.1600.00-3-T2" ROLE="Time-Starting"/>
  <relation_mention ID="CNN_IP_20030402.1600.00-3-R3-1" LEXICALCONDITION="Verbal">
    <extent>
      <charseq START="130" END="263">Well, rescued American prisoner of war Jessica Lynch is expected to
arrive at Ramstein air base in Germany just about an hour from now</charseq>
    </extent>
    <relation_mention_argument REFID="CNN_IP_20030402.1600.00-3-E24-1" ROLE="Arg-1">
      <extent>
        <charseq START="136" END="181">rescued American prisoner of war Jessica Lynch</charseq>
      </extent>
    </relation_mention_argument>
    <relation_mention_argument REFID="CNN_IP_20030402.1600.00-3-E46-77" ROLE="Arg-2">
      <extent>
        <charseq START="208" END="235">Ramstein air base in Germany</charseq>
      </extent>
    </relation_mention_argument>
    <relation_mention_argument REFID="CNN_IP_20030402.1600.00-3-T2-1" ROLE="Time-Starting">
      <extent>
        <charseq START="237" END="263">just about an hour from now</charseq>
      </extent>
    </relation_mention_argument>
  </relation_mention>
</relation>
<relation ID="CNN_IP_20030402.1600.00-3-R4" TYPE="PART-WHOLE" SUBTYPE="Geographical" TENSE="Unspecified" MODALITY="Asserted">
  <relation_argument REFID="CNN_IP_20030402.1600.00-3-E46" ROLE="Arg-1"/>
  <relation_argument REFID="CNN_IP_20030402.1600.00-3-E47" ROLE="Arg-2"/>
  <relation_mention ID="CNN_IP_20030402.1600.00-3-R4-1" LEXICALCONDITION="Preposition">
    <extent>
      <charseq START="208" END="235">Ramstein air base in Germany</charseq>
    </extent>
    <relation_mention_argument REFID="CNN_IP_20030402.1600.00-3-E46-77" ROLE="Arg-1">
      <extent>
        <charseq START="208" END="235">Ramstein air base in Germany</charseq>
      </extent>
    </relation_mention_argument>
    <relation_mention_argument REFID="CNN_IP_20030402.1600.00-3-E47-78" ROLE="Arg-2">
      <extent>
        <charseq START="229" END="235">Germany</charseq>
      </extent>
    </relation_mention_argument>
  </relation_mention>
</relation>
<relation ID="CNN_IP_20030402.1600.00-3-R5" TYPE="ORG-AFF" SUBTYPE="Employment" TENSE="Unspecified" MODALITY="Asserted">
  <relation_argument REFID="CNN_IP_20030402.1600.00-3-E1" ROLE="Arg-1"/>
  <relation_argument REFID="CNN_IP_20030402.1600.00-3-E30" ROLE="Arg-2"/>
  <relation_mention ID="CNN_IP_20030402.1600.00-3-R5-1" LEXICALCONDITION="PreMod">
    <extent>
      <charseq START="348" END="358">U.S. forces</charseq>
    </extent>
    <relation_mention_argument REFID="CNN_IP_20030402.1600.00-3-E1-96" ROLE="Arg-1">
      <extent>
        <charseq START="348" END="358">U.S. forces</charseq>
      </extent>
    </relation_mention_argument>
    <relation_mention_argument REFID="CNN_IP_20030402.1600.00-3-E30-95" ROLE="Arg-2">
      <extent>
        <charseq START="348" END="350">U.S</charseq>
      </extent>
    </relation_mention_argument>
  </relation_mention>
</relation>
<relation ID="CNN_IP_20030402.1600.00-3-R6" TYPE="PART-WHOLE" SUBTYPE="Geographical" TENSE="Unspecified" MODALITY="Asserted">
  <relation_argument REFID="CNN_IP_20030402.1600.00-3-E2" ROLE="Arg-1"/>
  <relation_argument REFID="CNN_IP_20030402.1600.00-3-E3" ROLE="Arg-2"/>
  <relation_mention ID="CNN_IP_20030402.1600.00-3-R6-1" LEXICALCONDITION="Preposition">
    <extent>
      <charseq START="363" END="393">the Saddam hospital in Nasiriya</charseq>
    </extent>
    <relation_mention_argument REFID="CNN_IP_20030402.1600.00-3-E2-2" ROLE="Arg-1">
      <extent>
        <charseq START="363" END="393">the Saddam hospital in Nasiriya</charseq>
      </extent>
    </relation_mention_argument>
    <relation_mention_argument REFID="CNN_IP_20030402.1600.00-3-E3-3" ROLE="Arg-2">
      <extent>
        <charseq START="386" END="393">Nasiriya</charseq>
      </extent>
    </relation_mention_argument>
  </relation_mention>
</relation>
<relation ID="CNN_IP_20030402.1600.00-3-R7" TYPE="ORG-AFF" SUBTYPE="Employment" TENSE="Unspecified" MODALITY="Asserted">
  <relation_argument REFID="CNN_IP_20030402.1600.00-3-E24" ROLE="Arg-1"/>
  <relation_argument REFID="CNN_IP_20030402.1600.00-3-E5" ROLE="Arg-2"/>
  <relation_mention ID="CNN_IP_20030402.1600.00-3-R7-1" LEXICALCONDITION="PreMod">
    <extent>
      <charseq START="440" END="467">the 19-year-old Army private</charseq>
    </extent>
    <relation_mention_argument REFID="CNN_IP_20030402.1600.00-3-E24-5" ROLE="Arg-1">
      <extent>
        <charseq START="440" END="467">the 19-year-old Army private</charseq>
      </extent>
    </relation_mention_argument>
    <relation_mention_argument REFID="CNN_IP_20030402.1600.00-3-E5-6" ROLE="Arg-2">
      <extent>
        <charseq START="456" END="459">Army</charseq>
      </extent>
    </relation_mention_argument>
  </relation_mention>
</relation>
<relation ID="CNN_IP_20030402.1600.00-3-R8" TYPE="PHYS" SUBTYPE="Located" TENSE="Unspecified" MODALITY="Other">
  <relation_argument REFID="CNN_IP_20030402.1600.00-3-E24" ROLE="Arg-1"/>
  <relation_argument REFID="CNN_IP_20030402.1600.00-3-E47" ROLE="Arg-2"/>
  <relation_mention ID="CNN_IP_20030402.1600.00-3-R8-1" LEXICALCONDITION="Verbal">
    <extent>
      <charseq START="633" END="711">When she's in Germany, Lynch will be treated for bullet wounds and
broken bones</charseq>
    </extent>
    <relation_mention_argument REFID="CNN_IP_20030402.1600.00-3-E24-83" ROLE="Arg-1">
      <extent>
        <charseq START="638" END="640">she</charseq>
      </extent>
    </relation_mention_argument>
    <relation_mention_argument REFID="CNN_IP_20030402.1600.00-3-E47-14" ROLE="Arg-2">
      <extent>
        <charseq START="647" END="653">Germany</charseq>
      </extent>
    </relation_mention_argument>
  </relation_mention>
</relation>
<relation ID="CNN_IP_20030402.1600.00-3-R9" TYPE="ORG-AFF" SUBTYPE="Employment" TENSE="Unspecified" MODALITY="Asserted">
  <relation_argument REFID="CNN_IP_20030402.1600.00-3-E10" ROLE="Arg-1"/>
  <relation_argument REFID="CNN_IP_20030402.1600.00-3-E8" ROLE="Arg-2"/>
  <relation_mention ID="CNN_IP_20030402.1600.00-3-R9-1" LEXICALCONDITION="PreMod">
    <extent>
      <charseq START="571" END="588">military officials</charseq>
    </extent>
    <relation_mention_argument REFID="CNN_IP_20030402.1600.00-3-E10-11" ROLE="Arg-1">
      <extent>
        <charseq START="571" END="588">military officials</charseq>
      </extent>
    </relation_mention_argument>
    <relation_mention_argument REFID="CNN_IP_20030402.1600.00-3-E8-10" ROLE="Arg-2">
      <extent>
        <charseq START="571" END="578">military</charseq>
      </extent>
    </relation_mention_argument>
  </relation_mention>
</relation>
<relation ID="CNN_IP_20030402.1600.00-3-R10" TYPE="PART-WHOLE" SUBTYPE="Subsidiary" TENSE="Unspecified" MODALITY="Asserted">
  <relation_argument REFID="CNN_IP_20030402.1600.00-3-E12" ROLE="Arg-1"/>
  <relation_argument REFID="CNN_IP_20030402.1600.00-3-E5" ROLE="Arg-2"/>
  <relation_mention ID="CNN_IP_20030402.1600.00-3-R10-1" LEXICALCONDITION="PreMod">
    <extent>
      <charseq START="799" END="823">her Army maintenance unit</charseq>
    </extent>
    <relation_mention_argument REFID="CNN_IP_20030402.1600.00-3-E12-16" ROLE="Arg-1">
      <extent>
        <charseq START="799" END="823">her Army maintenance unit</charseq>
      </extent>
    </relation_mention_argument>
    <relation_mention_argument REFID="CNN_IP_20030402.1600.00-3-E5-17" ROLE="Arg-2">
      <extent>
        <charseq START="803" END="806">Army</charseq>
      </extent>
    </relation_mention_argument>
  </relation_mention>
</relation>
<relation ID="CNN_IP_20030402.1600.00-3-R11" TYPE="ORG-AFF" SUBTYPE="Membership" TENSE="Unspecified" MODALITY="Asserted">
  <relation_argument REFID="CNN_IP_20030402.1600.00-3-E24" ROLE="Arg-1"/>
  <relation_argument REFID="CNN_IP_20030402.1600.00-3-E12" ROLE="Arg-2"/>
  <relation_mention ID="CNN_IP_20030402.1600.00-3-R11-1" LEXICALCONDITION="Possessive">
    <extent>
      <charseq START="799" END="823">her Army maintenance unit</charseq>
    </extent>
    <relation_mention_argument REFID="CNN_IP_20030402.1600.00-3-E24-86" ROLE="Arg-1">
      <extent>
        <charseq START="799" END="801">her</charseq>
      </extent>
    </relation_mention_argument>
    <relation_mention_argument REFID="CNN_IP_20030402.1600.00-3-E12-16" ROLE="Arg-2">
      <extent>
        <charseq START="799" END="823">her Army maintenance unit</charseq>
      </extent>
    </relation_mention_argument>
  </relation_mention>
</relation>
<relation ID="CNN_IP_20030402.1600.00-3-R12" TYPE="PHYS" SUBTYPE="Near" TENSE="Past" MODALITY="Asserted">
  <relation_argument REFID="CNN_IP_20030402.1600.00-3-E24" ROLE="Arg-1"/>
  <relation_argument REFID="CNN_IP_20030402.1600.00-3-E3" ROLE="Arg-2"/>
  <relation_argument REFID="CNN_IP_20030402.1600.00-3-T3" ROLE="Time-Within"/>
  <relation_mention ID="CNN_IP_20030402.1600.00-3-R12-1" LEXICALCONDITION="Verbal">
    <extent>
      <charseq START="756" END="872">She and more than
a dozen other members of her Army maintenance unit were ambushed near
Nasiriya more than a week ago</charseq>
    </extent>
    <relation_mention_argument REFID="CNN_IP_20030402.1600.00-3-E24-85" ROLE="Arg-1">
      <extent>
        <charseq START="756" END="758">She</charseq>
      </extent>
    </relation_mention_argument>
    <relation_mention_argument REFID="CNN_IP_20030402.1600.00-3-E3-18" ROLE="Arg-2">
      <extent>
        <charseq START="844" END="851">Nasiriya</charseq>
      </extent>
    </relation_mention_argument>
    <relation_mention_argument REFID="CNN_IP_20030402.1600.00-3-T3-1" ROLE="Time-Within">
      <extent>
        <charseq START="853" END="872">more than a week ago</charseq>
      </extent>
    </relation_mention_argument>
  </relation_mention>
</relation>
<relation ID="CNN_IP_20030402.1600.00-3-R13" TYPE="PHYS" SUBTYPE="Near" TENSE="Past" MODALITY="Asserted">
  <relation_argument REFID="CNN_IP_20030402.1600.00-3-E11" ROLE="Arg-1"/>
  <relation_argument REFID="CNN_IP_20030402.1600.00-3-E3" ROLE="Arg-2"/>
  <relation_argument REFID="CNN_IP_20030402.1600.00-3-T3" ROLE="Time-Within"/>
  <relation_mention ID="CNN_IP_20030402.1600.00-3-R13-1" LEXICALCONDITION="Verbal">
    <extent>
      <charseq START="756" END="872">She and more than
a dozen other members of her Army maintenance unit were ambushed near
Nasiriya more than a week ago</charseq>
    </extent>
    <relation_mention_argument REFID="CNN_IP_20030402.1600.00-3-E11-15" ROLE="Arg-1">
      <extent>
        <charseq START="764" END="823">more than
a dozen other members of her Army maintenance unit</charseq>
      </extent>
    </relation_mention_argument>
    <relation_mention_argument REFID="CNN_IP_20030402.1600.00-3-E3-18" ROLE="Arg-2">
      <extent>
        <charseq START="844" END="851">Nasiriya</charseq>
      </extent>
    </relation_mention_argument>
    <relation_mention_argument REFID="CNN_IP_20030402.1600.00-3-T3-1" ROLE="Time-Within">
      <extent>
        <charseq START="853" END="872">more than a week ago</charseq>
      </extent>
    </relation_mention_argument>
  </relation_mention>
</relation>
<relation ID="CNN_IP_20030402.1600.00-3-R14" TYPE="PART-WHOLE" SUBTYPE="Geographical" TENSE="Unspecified" MODALITY="Asserted">
  <relation_argument REFID="CNN_IP_20030402.1600.00-3-E14" ROLE="Arg-1"/>
  <relation_argument REFID="CNN_IP_20030402.1600.00-3-E15" ROLE="Arg-2"/>
  <relation_mention ID="CNN_IP_20030402.1600.00-3-R14-1" LEXICALCONDITION="Formulaic">
    <extent>
      <charseq START="900" END="923">Palestine, West Virginia</charseq>
    </extent>
    <relation_mention_argument REFID="CNN_IP_20030402.1600.00-3-E14-19" ROLE="Arg-1">
      <extent>
        <charseq START="900" END="923">Palestine, West Virginia</charseq>
      </extent>
    </relation_mention_argument>
    <relation_mention_argument REFID="CNN_IP_20030402.1600.00-3-E15-20" ROLE="Arg-2">
      <extent>
        <charseq START="911" END="923">West Virginia</charseq>
      </extent>
    </relation_mention_argument>
  </relation_mention>
</relation>
<relation ID="CNN_IP_20030402.1600.00-3-R15" TYPE="PER-SOC" SUBTYPE="Family" TENSE="Unspecified" MODALITY="Asserted">
  <relation_argument REFID="CNN_IP_20030402.1600.00-3-E24" ROLE="Arg-1"/>
  <relation_argument REFID="CNN_IP_20030402.1600.00-3-E17" ROLE="Arg-2"/>
  <relation_mention ID="CNN_IP_20030402.1600.00-3-R15-1" LEXICALCONDITION="Possessive">
    <extent>
      <charseq START="989" END="1031">Her father, mother and other family members</charseq>
    </extent>
    <relation_mention_argument REFID="CNN_IP_20030402.1600.00-3-E24-88" ROLE="Arg-1">
      <extent>
        <charseq START="989" END="991">Her</charseq>
      </extent>
    </relation_mention_argument>
    <relation_mention_argument REFID="CNN_IP_20030402.1600.00-3-E17-22" ROLE="Arg-2">
      <extent>
        <charseq START="989" END="1031">Her father, mother and other family members</charseq>
      </extent>
    </relation_mention_argument>
  </relation_mention>
</relation>
<relation ID="CNN_IP_20030402.1600.00-3-R16" TYPE="PER-SOC" SUBTYPE="Family" TENSE="Unspecified" MODALITY="Asserted">
  <relation_argument REFID="CNN_IP_20030402.1600.00-3-E24" ROLE="Arg-1"/>
  <relation_argument REFID="CNN_IP_20030402.1600.00-3-E18" ROLE="Arg-2"/>
  <relation_mention ID="CNN_IP_20030402.1600.00-3-R16-1" LEXICALCONDITION="Possessive">
    <extent>
      <charseq START="989" END="1031">Her father, mother and other family members</charseq>
    </extent>
    <relation_mention_argument REFID="CNN_IP_20030402.1600.00-3-E24-88" ROLE="Arg-1">
      <extent>
        <charseq START="989" END="991">Her</charseq>
      </extent>
    </relation_mention_argument>
    <relation_mention_argument REFID="CNN_IP_20030402.1600.00-3-E18-23" ROLE="Arg-2">
      <extent>
        <charseq START="989" END="1031">Her father, mother and other family members</charseq>
      </extent>
    </relation_mention_argument>
  </relation_mention>
</relation>
<relation ID="CNN_IP_20030402.1600.00-3-R17" TYPE="PER-SOC" SUBTYPE="Family" TENSE="Unspecified" MODALITY="Asserted">
  <relation_argument REFID="CNN_IP_20030402.1600.00-3-E24" ROLE="Arg-1"/>
  <relation_argument REFID="CNN_IP_20030402.1600.00-3-E16" ROLE="Arg-2"/>
  <relation_mention ID="CNN_IP_20030402.1600.00-3-R17-1" LEXICALCONDITION="Possessive">
    <extent>
      <charseq START="989" END="1031">Her father, mother and other family members</charseq>
    </extent>
    <relation_mention_argument REFID="CNN_IP_20030402.1600.00-3-E24-88" ROLE="Arg-1">
      <extent>
        <charseq START="989" END="991">Her</charseq>
      </extent>
    </relation_mention_argument>
    <relation_mention_argument REFID="CNN_IP_20030402.1600.00-3-E16-21" ROLE="Arg-2">
      <extent>
        <charseq START="989" END="1031">Her father, mother and other family members</charseq>
      </extent>
    </relation_mention_argument>
  </relation_mention>
  <relation_mention ID="CNN_IP_20030402.1600.00-3-R17-2" LEXICALCONDITION="Possessive">
    <extent>
      <charseq START="1879" END="1900">Jessica Lynch's father</charseq>
    </extent>
    <relation_mention_argument REFID="CNN_IP_20030402.1600.00-3-E24-94" ROLE="Arg-1">
      <extent>
        <charseq START="1879" END="1891">Jessica Lynch</charseq>
      </extent>
    </relation_mention_argument>
    <relation_mention_argument REFID="CNN_IP_20030402.1600.00-3-E16-57" ROLE="Arg-2">
      <extent>
        <charseq START="1879" END="1900">Jessica Lynch's father</charseq>
      </extent>
    </relation_mention_argument>
  </relation_mention>
</relation>
<relation ID="CNN_IP_20030402.1600.00-3-R18" TYPE="PHYS" SUBTYPE="Located" TENSE="Past" MODALITY="Asserted">
  <relation_argument REFID="CNN_IP_20030402.1600.00-3-E26" ROLE="Arg-1"/>
  <relation_argument REFID="CNN_IP_20030402.1600.00-3-E2" ROLE="Arg-2"/>
  <relation_mention ID="CNN_IP_20030402.1600.00-3-R18-1" LEXICALCONDITION="Verbal">
    <extent>
      <charseq START="1307" END="1451">But they are doing a job, you know, I don't know the thoughts
of the soldiers, the men and women that went into that building and
brought her out</charseq>
    </extent>
    <relation_mention_argument REFID="CNN_IP_20030402.1600.00-3-E26-74" ROLE="Arg-1">
      <extent>
        <charseq START="1404" END="1407">that</charseq>
      </extent>
    </relation_mention_argument>
    <relation_mention_argument REFID="CNN_IP_20030402.1600.00-3-E2-40" ROLE="Arg-2">
      <extent>
        <charseq START="1419" END="1431">that building</charseq>
      </extent>
    </relation_mention_argument>
  </relation_mention>
</relation>
<relation ID="CNN_IP_20030402.1600.00-3-R19" TYPE="PHYS" SUBTYPE="Located" TENSE="Past" MODALITY="Asserted">
  <relation_argument REFID="CNN_IP_20030402.1600.00-3-E27" ROLE="Arg-1"/>
  <relation_argument REFID="CNN_IP_20030402.1600.00-3-E2" ROLE="Arg-2"/>
  <relation_mention ID="CNN_IP_20030402.1600.00-3-R19-1" LEXICALCONDITION="Verbal">
    <extent>
      <charseq START="1307" END="1451">But they are doing a job, you know, I don't know the thoughts
of the soldiers, the men and women that went into that building and
brought her out</charseq>
    </extent>
    <relation_mention_argument REFID="CNN_IP_20030402.1600.00-3-E27-75" ROLE="Arg-1">
      <extent>
        <charseq START="1404" END="1407">that</charseq>
      </extent>
    </relation_mention_argument>
    <relation_mention_argument REFID="CNN_IP_20030402.1600.00-3-E2-40" ROLE="Arg-2">
      <extent>
        <charseq START="1419" END="1431">that building</charseq>
      </extent>
    </relation_mention_argument>
  </relation_mention>
</relation>
<relation ID="CNN_IP_20030402.1600.00-3-R20" TYPE="ORG-AFF" SUBTYPE="Employment" TENSE="Unspecified" MODALITY="Asserted">
  <relation_argument REFID="CNN_IP_20030402.1600.00-3-E28" ROLE="Arg-1"/>
  <relation_argument REFID="CNN_IP_20030402.1600.00-3-E30" ROLE="Arg-2"/>
  <relation_mention ID="CNN_IP_20030402.1600.00-3-R20-1" LEXICALCONDITION="PreMod">
    <extent>
      <charseq START="1528" END="1548">United States Senator</charseq>
    </extent>
    <relation_mention_argument REFID="CNN_IP_20030402.1600.00-3-E28-44" ROLE="Arg-1">
      <extent>
        <charseq START="1528" END="1548">United States Senator</charseq>
      </extent>
    </relation_mention_argument>
    <relation_mention_argument REFID="CNN_IP_20030402.1600.00-3-E30-45" ROLE="Arg-2">
      <extent>
        <charseq START="1528" END="1540">United States</charseq>
      </extent>
    </relation_mention_argument>
  </relation_mention>
</relation>
<relation ID="CNN_IP_20030402.1600.00-3-R21" TYPE="ORG-AFF" SUBTYPE="Employment" TENSE="Unspecified" MODALITY="Asserted">
  <relation_argument REFID="CNN_IP_20030402.1600.00-3-E28" ROLE="Arg-1"/>
  <relation_argument REFID="CNN_IP_20030402.1600.00-3-E15" ROLE="Arg-2"/>
  <relation_mention ID="CNN_IP_20030402.1600.00-3-R21-1" LEXICALCONDITION="Possessive">
    <extent>
      <charseq START="1512" END="1548">West Virginia's United States Senator</charseq>
    </extent>
    <relation_mention_argument REFID="CNN_IP_20030402.1600.00-3-E28-44" ROLE="Arg-1">
      <extent>
        <charseq START="1528" END="1548">United States Senator</charseq>
      </extent>
    </relation_mention_argument>
    <relation_mention_argument REFID="CNN_IP_20030402.1600.00-3-E15-42" ROLE="Arg-2">
      <extent>
        <charseq START="1512" END="1524">West Virginia</charseq>
      </extent>
    </relation_mention_argument>
  </relation_mention>
</relation>
<relation ID="CNN_IP_20030402.1600.00-3-R22" TYPE="ORG-AFF" SUBTYPE="Employment" TENSE="Unspecified" MODALITY="Asserted">
  <relation_argument REFID="CNN_IP_20030402.1600.00-3-E31" ROLE="Arg-1"/>
  <relation_argument REFID="CNN_IP_20030402.1600.00-3-E5" ROLE="Arg-2"/>
  <relation_mention ID="CNN_IP_20030402.1600.00-3-R22-1" LEXICALCONDITION="PreMod">
    <extent>
      <charseq START="1688" END="1724">the brave Army rangers and Navy
SEALS</charseq>
    </extent>
    <relation_mention_argument REFID="CNN_IP_20030402.1600.00-3-E31-47" ROLE="Arg-1">
      <extent>
        <charseq START="1688" END="1724">the brave Army rangers and Navy
SEALS</charseq>
      </extent>
    </relation_mention_argument>
    <relation_mention_argument REFID="CNN_IP_20030402.1600.00-3-E5-49" ROLE="Arg-2">
      <extent>
        <charseq START="1698" END="1701">Army</charseq>
      </extent>
    </relation_mention_argument>
  </relation_mention>
</relation>
<relation ID="CNN_IP_20030402.1600.00-3-R23" TYPE="ORG-AFF" SUBTYPE="Employment" TENSE="Unspecified" MODALITY="Asserted">
  <relation_argument REFID="CNN_IP_20030402.1600.00-3-E32" ROLE="Arg-1"/>
  <relation_argument REFID="CNN_IP_20030402.1600.00-3-E34" ROLE="Arg-2"/>
  <relation_mention ID="CNN_IP_20030402.1600.00-3-R23-1" LEXICALCONDITION="PreMod">
    <extent>
      <charseq START="1688" END="1724">the brave Army rangers and Navy
SEALS</charseq>
    </extent>
    <relation_mention_argument REFID="CNN_IP_20030402.1600.00-3-E32-48" ROLE="Arg-1">
      <extent>
        <charseq START="1688" END="1724">the brave Army rangers and Navy
SEALS</charseq>
      </extent>
    </relation_mention_argument>
    <relation_mention_argument REFID="CNN_IP_20030402.1600.00-3-E34-50" ROLE="Arg-2">
      <extent>
        <charseq START="1715" END="1718">Navy</charseq>
      </extent>
    </relation_mention_argument>
  </relation_mention>
</relation>
<relation ID="CNN_IP_20030402.1600.00-3-R24" TYPE="GEN-AFF" SUBTYPE="Citizen-Resident-Religion-Ethnicity" TENSE="Unspecified" MODALITY="Asserted">
  <relation_argument REFID="CNN_IP_20030402.1600.00-3-E24" ROLE="Arg-1"/>
  <relation_argument REFID="CNN_IP_20030402.1600.00-3-E15" ROLE="Arg-2"/>
  <relation_mention ID="CNN_IP_20030402.1600.00-3-R24-1" LEXICALCONDITION="Possessive">
    <extent>
      <charseq START="1773" END="1781">Her state</charseq>
    </extent>
    <relation_mention_argument REFID="CNN_IP_20030402.1600.00-3-E24-51" ROLE="Arg-1">
      <extent>
        <charseq START="1773" END="1775">Her</charseq>
      </extent>
    </relation_mention_argument>
    <relation_mention_argument REFID="CNN_IP_20030402.1600.00-3-E15-53" ROLE="Arg-2">
      <extent>
        <charseq START="1773" END="1781">Her state</charseq>
      </extent>
    </relation_mention_argument>
  </relation_mention>
</relation>
<relation ID="CNN_IP_20030402.1600.00-3-R25" TYPE="PER-SOC" SUBTYPE="Family" TENSE="Unspecified" MODALITY="Asserted">
  <relation_argument REFID="CNN_IP_20030402.1600.00-3-E24" ROLE="Arg-1"/>
  <relation_argument REFID="CNN_IP_20030402.1600.00-3-E36" ROLE="Arg-2"/>
  <relation_mention ID="CNN_IP_20030402.1600.00-3-R25-1" LEXICALCONDITION="Possessive">
    <extent>
      <charseq START="1841" END="1850">Her family</charseq>
    </extent>
    <relation_mention_argument REFID="CNN_IP_20030402.1600.00-3-E24-93" ROLE="Arg-1">
      <extent>
        <charseq START="1841" END="1843">Her</charseq>
      </extent>
    </relation_mention_argument>
    <relation_mention_argument REFID="CNN_IP_20030402.1600.00-3-E36-55" ROLE="Arg-2">
      <extent>
        <charseq START="1841" END="1850">Her family</charseq>
      </extent>
    </relation_mention_argument>
  </relation_mention>
</relation>
<relation ID="CNN_IP_20030402.1600.00-3-R26" TYPE="ORG-AFF" SUBTYPE="Employment" TENSE="Unspecified" MODALITY="Asserted">
  <relation_argument REFID="CNN_IP_20030402.1600.00-3-E41" ROLE="Arg-1"/>
  <relation_argument REFID="CNN_IP_20030402.1600.00-3-E48" ROLE="Arg-2"/>
  <relation_mention ID="CNN_IP_20030402.1600.00-3-R26-1" LEXICALCONDITION="Possessive">
    <extent>
      <charseq START="2191" END="2210">our military
analyst</charseq>
    </extent>
    <relation_mention_argument REFID="CNN_IP_20030402.1600.00-3-E41-69" ROLE="Arg-1">
      <extent>
        <charseq START="2191" END="2210">our military
analyst</charseq>
      </extent>
    </relation_mention_argument>
    <relation_mention_argument REFID="CNN_IP_20030402.1600.00-3-E48-64" ROLE="Arg-2">
      <extent>
        <charseq START="2191" END="2193">our</charseq>
      </extent>
    </relation_mention_argument>
  </relation_mention>
</relation>
<event ID="CNN_IP_20030402.1600.00-3-EV1" TYPE="Movement" SUBTYPE="Transport" MODALITY="Asserted" POLARITY="Positive" GENERICITY="Specific" TENSE="Unspecified">
  <event_argument REFID="CNN_IP_20030402.1600.00-3-E24" ROLE="Person"/>
  <event_argument REFID="CNN_IP_20030402.1600.00-3-E46" ROLE="Destination"/>
  <event_argument REFID="CNN_IP_20030402.1600.00-3-T2" ROLE="Time-Ending"/>
  <event_mention ID="CNN_IP_20030402.1600.00-3-EV1-1">
    <extent>
      <charseq START="136" END="263">rescued American prisoner of war Jessica Lynch is expected to
arrive at Ramstein air base in Germany just about an hour from now</charseq>
    </extent>
    <ldc_scope>
      <charseq START="130" END="263">Well, rescued American prisoner of war Jessica Lynch is expected to
arrive at Ramstein air base in Germany just about an hour from now</charseq>
    </ldc_scope>
    <anchor>
      <charseq START="198" END="203">arrive</charseq>
    </anchor>
    <event_mention_argument REFID="CNN_IP_20030402.1600.00-3-E24-1" ROLE="Person">
      <extent>
        <charseq START="136" END="181">rescued American prisoner of war Jessica Lynch</charseq>
      </extent>
    </event_mention_argument>
    <event_mention_argument REFID="CNN_IP_20030402.1600.00-3-E46-77" ROLE="Destination">
      <extent>
        <charseq START="208" END="235">Ramstein air base in Germany</charseq>
      </extent>
    </event_mention_argument>
    <event_mention_argument REFID="CNN_IP_20030402.1600.00-3-T2-1" ROLE="Time-Ending">
      <extent>
        <charseq START="237" END="263">just about an hour from now</charseq>
      </extent>
    </event_mention_argument>
  </event_mention>
  <event_mention ID="CNN_IP_20030402.1600.00-3-EV1-2">
    <extent>
      <charseq START="297" END="307">her arrival</charseq>
    </extent>
    <ldc_scope>
      <charseq START="266" END="307">CNN
will have live coverage of her arrival</charseq>
    </ldc_scope>
    <anchor>
      <charseq START="301" END="307">arrival</charseq>
    </anchor>
    <event_mention_argument REFID="CNN_IP_20030402.1600.00-3-E24-80" ROLE="Person">
      <extent>
        <charseq START="297" END="299">her</charseq>
      </extent>
    </event_mention_argument>
  </event_mention>
</event>
<event ID="CNN_IP_20030402.1600.00-3-EV2" TYPE="Conflict" SUBTYPE="Attack" MODALITY="Asserted" POLARITY="Positive" GENERICITY="Specific" TENSE="Past">
  <event_argument REFID="CNN_IP_20030402.1600.00-3-E1" ROLE="Attacker"/>
  <event_argument REFID="CNN_IP_20030402.1600.00-3-E3" ROLE="Place"/>
  <event_argument REFID="CNN_IP_20030402.1600.00-3-E2" ROLE="Target"/>
  <event_mention ID="CNN_IP_20030402.1600.00-3-EV2-1">
    <extent>
      <charseq START="340" END="393">raid by U.S. forces on the Saddam hospital in Nasiriya</charseq>
    </extent>
    <ldc_scope>
      <charseq START="310" END="393">Lynch was rescued in a daring
raid by U.S. forces on the Saddam hospital in Nasiriya</charseq>
    </ldc_scope>
    <anchor>
      <charseq START="340" END="343">raid</charseq>
    </anchor>
    <event_mention_argument REFID="CNN_IP_20030402.1600.00-3-E1-96" ROLE="Attacker">
      <extent>
        <charseq START="348" END="358">U.S. forces</charseq>
      </extent>
    </event_mention_argument>
    <event_mention_argument REFID="CNN_IP_20030402.1600.00-3-E3-3" ROLE="Place">
      <extent>
        <charseq START="386" END="393">Nasiriya</charseq>
      </extent>
    </event_mention_argument>
    <event_mention_argument REFID="CNN_IP_20030402.1600.00-3-E2-2" ROLE="Target">
      <extent>
        <charseq START="363" END="393">the Saddam hospital in Nasiriya</charseq>
      </extent>
    </event_mention_argument>
  </event_mention>
</event>
<event ID="CNN_IP_20030402.1600.00-3-EV3" TYPE="Conflict" SUBTYPE="Attack" MODALITY="Asserted" POLARITY="Positive" GENERICITY="Specific" TENSE="Past">
  <event_argument REFID="CNN_IP_20030402.1600.00-3-E3" ROLE="Place"/>
  <event_argument REFID="CNN_IP_20030402.1600.00-3-E24" ROLE="Target"/>
  <event_argument REFID="CNN_IP_20030402.1600.00-3-E11" ROLE="Target"/>
  <event_argument REFID="CNN_IP_20030402.1600.00-3-T3" ROLE="Time-Within"/>
  <event_mention ID="CNN_IP_20030402.1600.00-3-EV3-1">
    <extent>
      <charseq START="756" END="872">She and more than
a dozen other members of her Army maintenance unit were ambushed near
Nasiriya more than a week ago</charseq>
    </extent>
    <ldc_scope>
      <charseq START="756" END="872">She and more than
a dozen other members of her Army maintenance unit were ambushed near
Nasiriya more than a week ago</charseq>
    </ldc_scope>
    <anchor>
      <charseq START="830" END="837">ambushed</charseq>
    </anchor>
    <event_mention_argument REFID="CNN_IP_20030402.1600.00-3-E3-18" ROLE="Place">
      <extent>
        <charseq START="844" END="851">Nasiriya</charseq>
      </extent>
    </event_mention_argument>
    <event_mention_argument REFID="CNN_IP_20030402.1600.00-3-E24-85" ROLE="Target">
      <extent>
        <charseq START="756" END="758">She</charseq>
      </extent>
    </event_mention_argument>
    <event_mention_argument REFID="CNN_IP_20030402.1600.00-3-E11-15" ROLE="Target">
      <extent>
        <charseq START="764" END="823">more than
a dozen other members of her Army maintenance unit</charseq>
      </extent>
    </event_mention_argument>
    <event_mention_argument REFID="CNN_IP_20030402.1600.00-3-T3-1" ROLE="Time-Within">
      <extent>
        <charseq START="853" END="872">more than a week ago</charseq>
      </extent>
    </event_mention_argument>
  </event_mention>
</event>
<event ID="CNN_IP_20030402.1600.00-3-EV4" TYPE="Movement" SUBTYPE="Transport" MODALITY="Asserted" POLARITY="Positive" GENERICITY="Specific" TENSE="Past">
  <event_argument REFID="CNN_IP_20030402.1600.00-3-E26" ROLE="Person"/>
  <event_argument REFID="CNN_IP_20030402.1600.00-3-E27" ROLE="Person"/>
  <event_argument REFID="CNN_IP_20030402.1600.00-3-E2" ROLE="Destination"/>
  <event_mention ID="CNN_IP_20030402.1600.00-3-EV4-1">
    <extent>
      <charseq START="1404" END="1431">that went into that building</charseq>
    </extent>
    <ldc_scope>
      <charseq START="1307" END="1451">But they are doing a job, you know, I don't know the thoughts
of the soldiers, the men and women that went into that building and
brought her out</charseq>
    </ldc_scope>
    <anchor>
      <charseq START="1409" END="1412">went</charseq>
    </anchor>
    <event_mention_argument REFID="CNN_IP_20030402.1600.00-3-E26-74" ROLE="Person">
      <extent>
        <charseq START="1404" END="1407">that</charseq>
      </extent>
    </event_mention_argument>
    <event_mention_argument REFID="CNN_IP_20030402.1600.00-3-E27-75" ROLE="Person">
      <extent>
        <charseq START="1404" END="1407">that</charseq>
      </extent>
    </event_mention_argument>
    <event_mention_argument REFID="CNN_IP_20030402.1600.00-3-E2-40" ROLE="Destination">
      <extent>
        <charseq START="1419" END="1431">that building</charseq>
      </extent>
    </event_mention_argument>
  </event_mention>
</event>
<event ID="CNN_IP_20030402.1600.00-3-EV5" TYPE="Movement" SUBTYPE="Transport" MODALITY="Asserted" POLARITY="Positive" GENERICITY="Specific" TENSE="Past">
  <event_argument REFID="CNN_IP_20030402.1600.00-3-E24" ROLE="Person"/>
  <event_argument REFID="CNN_IP_20030402.1600.00-3-E2" ROLE="Origin"/>
  <event_argument REFID="CNN_IP_20030402.1600.00-3-E26" ROLE="Agent"/>
  <event_argument REFID="CNN_IP_20030402.1600.00-3-E27" ROLE="Agent"/>
  <event_mention ID="CNN_IP_20030402.1600.00-3-EV5-1">
    <extent>
      <charseq START="1404" END="1447">that went into that building and
brought her</charseq>
    </extent>
    <ldc_scope>
      <charseq START="1307" END="1451">But they are doing a job, you know, I don't know the thoughts
of the soldiers, the men and women that went into that building and
brought her out</charseq>
    </ldc_scope>
    <anchor>
      <charseq START="1437" END="1443">brought</charseq>
    </anchor>
    <event_mention_argument REFID="CNN_IP_20030402.1600.00-3-E24-90" ROLE="Person">
      <extent>
        <charseq START="1445" END="1447">her</charseq>
      </extent>
    </event_mention_argument>
    <event_mention_argument REFID="CNN_IP_20030402.1600.00-3-E2-40" ROLE="Origin">
      <extent>
        <charseq START="1419" END="1431">that building</charseq>
      </extent>
    </event_mention_argument>
    <event_mention_argument REFID="CNN_IP_20030402.1600.00-3-E26-74" ROLE="Agent">
      <extent>
        <charseq START="1404" END="1407">that</charseq>
      </extent>
    </event_mention_argument>
    <event_mention_argument REFID="CNN_IP_20030402.1600.00-3-E27-75" ROLE="Agent">
      <extent>
        <charseq START="1404" END="1407">that</charseq>
      </extent>
    </event_mention_argument>
  </event_mention>
</event>
<event ID="CNN_IP_20030402.1600.00-3-EV6" TYPE="Movement" SUBTYPE="Transport" MODALITY="Asserted" POLARITY="Positive" GENERICITY="Specific" TENSE="Unspecified">
  <event_argument REFID="CNN_IP_20030402.1600.00-3-E39" ROLE="Destination"/>
  <event_mention ID="CNN_IP_20030402.1600.00-3-EV6-1">
    <extent>
      <charseq START="2061" END="2080">march
toward Baghdad</charseq>
    </extent>
    <ldc_scope>
      <charseq START="2038" END="2100">We'll have more on the march
toward Baghdad after a quick break</charseq>
    </ldc_scope>
    <anchor>
      <charseq START="2061" END="2065">march</charseq>
    </anchor>
    <event_mention_argument REFID="CNN_IP_20030402.1600.00-3-E39-65" ROLE="Destination">
      <extent>
        <charseq START="2074" END="2080">Baghdad</charseq>
      </extent>
    </event_mention_argument>
  </event_mention>
</event>
<event ID="CNN_IP_20030402.1600.00-3-EV7" TYPE="Conflict" SUBTYPE="Attack" MODALITY="Other" POLARITY="Positive" GENERICITY="Generic" TENSE="Future">
  <event_mention ID="CNN_IP_20030402.1600.00-3-EV7-1">
    <extent>
      <charseq START="2128" END="2134">battles</charseq>
    </extent>
    <ldc_scope>
      <charseq START="2103" END="2210">We preview the potential battles
ahead and the strategies in play when we check in with our military
analyst</charseq>
    </ldc_scope>
    <anchor>
      <charseq START="2128" END="2134">battles</charseq>
    </anchor>
  </event_mention>
</event>
</document>
</source_file>
