<?xml version="1.0"?>
<!DOCTYPE source_file SYSTEM "apf.v5.1.1.dtd">
<source_file URI="CNN_IP_20030407.1600.05.sgm" SOURCE="broadcast conversation" TYPE="text" AUTHOR="LDC" ENCODING="UTF-8">
<document DOCID="CNN_IP_20030407.1600.05">
<entity ID="CNN_IP_20030407.1600.05-E1" TYPE="PER" SUBTYPE="Group" CLASS="GEN">
  <entity_mention ID="CNN_IP_20030407.1600.05-E1-2" TYPE="NOM" LDCTYPE="BAR">
    <extent>
      <charseq START="616" END="621">family</charseq>
    </extent>
    <head>
      <charseq START="616" END="621">family</charseq>
    </head>
  </entity_mention>
</entity>
<entity ID="CNN_IP_20030407.1600.05-E2" TYPE="PER" SUBTYPE="Group" CLASS="GEN">
  <entity_mention ID="CNN_IP_20030407.1600.05-E2-3" TYPE="NOM" LDCTYPE="BAR">
    <extent>
      <charseq START="624" END="630">friends</charseq>
    </extent>
    <head>
      <charseq START="624" END="630">friends</charseq>
    </head>
  </entity_mention>
</entity>
<entity ID="CNN_IP_20030407.1600.05-E3" TYPE="PER" SUBTYPE="Group" CLASS="GEN">
  <entity_mention ID="CNN_IP_20030407.1600.05-E3-5" TYPE="NOM" LDCTYPE="BAR">
    <extent>
      <charseq START="636" END="641">lovers</charseq>
    </extent>
    <head>
      <charseq START="636" END="641">lovers</charseq>
    </head>
  </entity_mention>
</entity>
<entity ID="CNN_IP_20030407.1600.05-E4" TYPE="PER" SUBTYPE="Individual" CLASS="SPC">
  <entity_mention ID="CNN_IP_20030407.1600.05-E4-7" TYPE="NAM" LDCTYPE="NAM">
    <extent>
      <charseq START="701" END="715">Melony Marshall</charseq>
    </extent>
    <head>
      <charseq START="701" END="715">Melony Marshall</charseq>
    </head>
  </entity_mention>
  <entity_mention ID="CNN_IP_20030407.1600.05-E4-8" TYPE="PRO" LDCTYPE="PRO">
    <extent>
      <charseq START="749" END="751">she</charseq>
    </extent>
    <head>
      <charseq START="749" END="751">she</charseq>
    </head>
  </entity_mention>
  <entity_mention ID="CNN_IP_20030407.1600.05-E4-9" TYPE="PRO" LDCTYPE="PRO">
    <extent>
      <charseq START="835" END="835">I</charseq>
    </extent>
    <head>
      <charseq START="835" END="835">I</charseq>
    </head>
  </entity_mention>
  <entity_mention ID="CNN_IP_20030407.1600.05-E4-11" TYPE="PRO" LDCTYPE="PRO">
    <extent>
      <charseq START="921" END="922">My</charseq>
    </extent>
    <head>
      <charseq START="921" END="922">My</charseq>
    </head>
  </entity_mention>
  <entity_mention ID="CNN_IP_20030407.1600.05-E4-12" TYPE="PRO" LDCTYPE="PRO">
    <extent>
      <charseq START="973" END="973">I</charseq>
    </extent>
    <head>
      <charseq START="973" END="973">I</charseq>
    </head>
  </entity_mention>
  <entity_mention ID="CNN_IP_20030407.1600.05-E4-13" TYPE="PRO" LDCTYPE="PRO">
    <extent>
      <charseq START="1098" END="1098">I</charseq>
    </extent>
    <head>
      <charseq START="1098" END="1098">I</charseq>
    </head>
  </entity_mention>
  <entity_mention ID="CNN_IP_20030407.1600.05-E4-14" TYPE="PRO" LDCTYPE="PRO">
    <extent>
      <charseq START="1124" END="1124">I</charseq>
    </extent>
    <head>
      <charseq START="1124" END="1124">I</charseq>
    </head>
  </entity_mention>
  <entity_mention ID="CNN_IP_20030407.1600.05-E4-15" TYPE="PRO" LDCTYPE="PRO">
    <extent>
      <charseq START="1153" END="1153">I</charseq>
    </extent>
    <head>
      <charseq START="1153" END="1153">I</charseq>
    </head>
  </entity_mention>
  <entity_mention ID="CNN_IP_20030407.1600.05-E4-16" TYPE="PRO" LDCTYPE="PRO">
    <extent>
      <charseq START="1165" END="1165">I</charseq>
    </extent>
    <head>
      <charseq START="1165" END="1165">I</charseq>
    </head>
  </entity_mention>
  <entity_mention ID="CNN_IP_20030407.1600.05-E4-17" TYPE="PRO" LDCTYPE="PRO">
    <extent>
      <charseq START="1195" END="1195">I</charseq>
    </extent>
    <head>
      <charseq START="1195" END="1195">I</charseq>
    </head>
  </entity_mention>
  <entity_mention ID="CNN_IP_20030407.1600.05-E4-18" TYPE="PRO" LDCTYPE="PRO">
    <extent>
      <charseq START="1223" END="1223">I</charseq>
    </extent>
    <head>
      <charseq START="1223" END="1223">I</charseq>
    </head>
  </entity_mention>
  <entity_mention ID="CNN_IP_20030407.1600.05-E4-19" TYPE="PRO" LDCTYPE="PRO">
    <extent>
      <charseq START="1256" END="1256">I</charseq>
    </extent>
    <head>
      <charseq START="1256" END="1256">I</charseq>
    </head>
  </entity_mention>
  <entity_attributes>
    <name NAME="Melony Marshall">
      <charseq START="701" END="715">Melony Marshall</charseq>
    </name>
  </entity_attributes>
</entity>
<entity ID="CNN_IP_20030407.1600.05-E5" TYPE="PER" SUBTYPE="Individual" CLASS="SPC">
  <entity_mention ID="CNN_IP_20030407.1600.05-E5-21" TYPE="NOM" LDCTYPE="BAR">
    <extent>
      <charseq START="808" END="817">sweetheart</charseq>
    </extent>
    <head>
      <charseq START="808" END="817">sweetheart</charseq>
    </head>
  </entity_mention>
  <entity_mention ID="CNN_IP_20030407.1600.05-E5-22" TYPE="PRO" LDCTYPE="PRO">
    <extent>
      <charseq START="824" END="826">you</charseq>
    </extent>
    <head>
      <charseq START="824" END="826">you</charseq>
    </head>
  </entity_mention>
  <entity_mention ID="CNN_IP_20030407.1600.05-E5-23" TYPE="PRO" LDCTYPE="PRO">
    <extent>
      <charseq START="933" END="935">you</charseq>
    </extent>
    <head>
      <charseq START="933" END="935">you</charseq>
    </head>
  </entity_mention>
  <entity_mention ID="CNN_IP_20030407.1600.05-E5-24" TYPE="PRO" LDCTYPE="PRO">
    <extent>
      <charseq START="1105" END="1107">you</charseq>
    </extent>
    <head>
      <charseq START="1105" END="1107">you</charseq>
    </head>
  </entity_mention>
</entity>
<entity ID="CNN_IP_20030407.1600.05-E6" TYPE="PER" SUBTYPE="Group" CLASS="SPC">
  <entity_mention ID="CNN_IP_20030407.1600.05-E6-25" TYPE="NOM" LDCTYPE="NOM">
    <extent>
      <charseq START="996" END="1007">seven people</charseq>
    </extent>
    <head>
      <charseq START="1002" END="1007">people</charseq>
    </head>
  </entity_mention>
  <entity_mention ID="CNN_IP_20030407.1600.05-E6-26" TYPE="PRO" LDCTYPE="PRO">
    <extent>
      <charseq START="1015" END="1018">they</charseq>
    </extent>
    <head>
      <charseq START="1015" END="1018">they</charseq>
    </head>
  </entity_mention>
</entity>
<entity ID="CNN_IP_20030407.1600.05-E7" TYPE="PER" SUBTYPE="Individual" CLASS="GEN">
  <entity_mention ID="CNN_IP_20030407.1600.05-E7-27" TYPE="PRO" LDCTYPE="PRO">
    <extent>
      <charseq START="1066" END="1068">you</charseq>
    </extent>
    <head>
      <charseq START="1066" END="1068">you</charseq>
    </head>
  </entity_mention>
</entity>
<entity ID="CNN_IP_20030407.1600.05-E8" TYPE="PER" SUBTYPE="Group" CLASS="GEN">
  <entity_mention ID="CNN_IP_20030407.1600.05-E8-28" TYPE="NOM" LDCTYPE="BAR">
    <extent>
      <charseq START="1090" END="1095">people</charseq>
    </extent>
    <head>
      <charseq START="1090" END="1095">people</charseq>
    </head>
  </entity_mention>
</entity>
<entity ID="CNN_IP_20030407.1600.05-E9" TYPE="PER" SUBTYPE="Group" CLASS="USP">
  <entity_mention ID="CNN_IP_20030407.1600.05-E9-29" TYPE="NOM" LDCTYPE="NOM">
    <extent>
      <charseq START="1215" END="1220">a band</charseq>
    </extent>
    <head>
      <charseq START="1217" END="1220">band</charseq>
    </head>
  </entity_mention>
</entity>
<entity ID="CNN_IP_20030407.1600.05-E10" TYPE="PER" SUBTYPE="Group" CLASS="USP">
  <entity_mention ID="CNN_IP_20030407.1600.05-E10-30" TYPE="NOM" LDCTYPE="NOM">
    <extent>
      <charseq START="1243" END="1253">a formation</charseq>
    </extent>
    <head>
      <charseq START="1245" END="1253">formation</charseq>
    </head>
  </entity_mention>
</entity>
<entity ID="CNN_IP_20030407.1600.05-E11" TYPE="PER" SUBTYPE="Individual" CLASS="SPC">
  <entity_mention ID="CNN_IP_20030407.1600.05-E11-35" TYPE="NAM" LDCTYPE="NAM" LDCATR="FALSE">
    <extent>
      <charseq START="1295" END="1317">Attack pilot John Davis</charseq>
    </extent>
    <head>
      <charseq START="1308" END="1317">John Davis</charseq>
    </head>
  </entity_mention>
  <entity_mention ID="CNN_IP_20030407.1600.05-E11-36" TYPE="PRO" LDCTYPE="PRO" LDCATR="FALSE">
    <extent>
      <charseq START="1334" END="1335">he</charseq>
    </extent>
    <head>
      <charseq START="1334" END="1335">he</charseq>
    </head>
  </entity_mention>
  <entity_mention ID="CNN_IP_20030407.1600.05-E11-37" TYPE="PRO" LDCTYPE="PRO" LDCATR="FALSE">
    <extent>
      <charseq START="1354" END="1356">his</charseq>
    </extent>
    <head>
      <charseq START="1354" END="1356">his</charseq>
    </head>
  </entity_mention>
  <entity_mention ID="CNN_IP_20030407.1600.05-E11-43" TYPE="PRO" LDCTYPE="PRO" LDCATR="FALSE">
    <extent>
      <charseq START="1453" END="1453">I</charseq>
    </extent>
    <head>
      <charseq START="1453" END="1453">I</charseq>
    </head>
  </entity_mention>
  <entity_mention ID="CNN_IP_20030407.1600.05-E11-44" TYPE="PRO" LDCTYPE="PRO" LDCATR="FALSE">
    <extent>
      <charseq START="1502" END="1502">I</charseq>
    </extent>
    <head>
      <charseq START="1502" END="1502">I</charseq>
    </head>
  </entity_mention>
  <entity_mention ID="CNN_IP_20030407.1600.05-E11-45" TYPE="PRO" LDCTYPE="PRO" LDCATR="FALSE">
    <extent>
      <charseq START="1536" END="1536">I</charseq>
    </extent>
    <head>
      <charseq START="1536" END="1536">I</charseq>
    </head>
  </entity_mention>
  <entity_mention ID="CNN_IP_20030407.1600.05-E11-46" TYPE="PRO" LDCTYPE="PRO" LDCATR="FALSE">
    <extent>
      <charseq START="1566" END="1566">I</charseq>
    </extent>
    <head>
      <charseq START="1566" END="1566">I</charseq>
    </head>
  </entity_mention>
  <entity_mention ID="CNN_IP_20030407.1600.05-E11-47" TYPE="PRO" LDCTYPE="PRO" LDCATR="FALSE">
    <extent>
      <charseq START="1605" END="1605">I</charseq>
    </extent>
    <head>
      <charseq START="1605" END="1605">I</charseq>
    </head>
  </entity_mention>
  <entity_mention ID="CNN_IP_20030407.1600.05-E11-48" TYPE="PRO" LDCTYPE="PRO" LDCATR="FALSE">
    <extent>
      <charseq START="1655" END="1655">I</charseq>
    </extent>
    <head>
      <charseq START="1655" END="1655">I</charseq>
    </head>
  </entity_mention>
  <entity_mention ID="CNN_IP_20030407.1600.05-E11-49" TYPE="PRO" LDCTYPE="PRO" LDCATR="FALSE">
    <extent>
      <charseq START="1786" END="1787">me</charseq>
    </extent>
    <head>
      <charseq START="1786" END="1787">me</charseq>
    </head>
  </entity_mention>
  <entity_mention ID="CNN_IP_20030407.1600.05-E11-50" TYPE="PRO" LDCTYPE="PRO" LDCATR="FALSE">
    <extent>
      <charseq START="1814" END="1814">I</charseq>
    </extent>
    <head>
      <charseq START="1814" END="1814">I</charseq>
    </head>
  </entity_mention>
  <entity_mention ID="CNN_IP_20030407.1600.05-E11-51" TYPE="PRO" LDCTYPE="PRO" LDCATR="FALSE">
    <extent>
      <charseq START="1835" END="1835">I</charseq>
    </extent>
    <head>
      <charseq START="1835" END="1835">I</charseq>
    </head>
  </entity_mention>
  <entity_mention ID="CNN_IP_20030407.1600.05-E11-58" TYPE="NOM" LDCTYPE="NOM" LDCATR="FALSE">
    <extent>
      <charseq START="1679" END="1693">a better
father</charseq>
    </extent>
    <head>
      <charseq START="1688" END="1693">father</charseq>
    </head>
  </entity_mention>
  <entity_mention ID="CNN_IP_20030407.1600.05-E11-83" TYPE="NOM" LDCTYPE="NOMPRE" LDCATR="FALSE">
    <extent>
      <charseq START="1295" END="1306">Attack pilot</charseq>
    </extent>
    <head>
      <charseq START="1302" END="1306">pilot</charseq>
    </head>
  </entity_mention>
  <entity_mention ID="CNN_IP_20030407.1600.05-E11-100" TYPE="NOM" LDCTYPE="NOM" LDCATR="FALSE">
    <extent>
      <charseq START="3072" END="3082">that father</charseq>
    </extent>
    <head>
      <charseq START="3077" END="3082">father</charseq>
    </head>
  </entity_mention>
  <entity_mention ID="CNN_IP_20030407.1600.05-E11-101" TYPE="NOM" LDCTYPE="NOM" LDCATR="TRUE">
    <extent>
      <charseq START="3087" END="3140">a better father than he gives
himself credit for being</charseq>
    </extent>
    <head>
      <charseq START="3096" END="3101">father</charseq>
    </head>
  </entity_mention>
  <entity_mention ID="CNN_IP_20030407.1600.05-E11-102" TYPE="PRO" LDCTYPE="PRO" LDCATR="FALSE">
    <extent>
      <charseq START="3108" END="3109">he</charseq>
    </extent>
    <head>
      <charseq START="3108" END="3109">he</charseq>
    </head>
  </entity_mention>
  <entity_mention ID="CNN_IP_20030407.1600.05-E11-103" TYPE="PRO" LDCTYPE="PRO" LDCATR="FALSE">
    <extent>
      <charseq START="3117" END="3123">himself</charseq>
    </extent>
    <head>
      <charseq START="3117" END="3123">himself</charseq>
    </head>
  </entity_mention>
  <entity_attributes>
    <name NAME="John Davis">
      <charseq START="1308" END="1317">John Davis</charseq>
    </name>
  </entity_attributes>
</entity>
<entity ID="CNN_IP_20030407.1600.05-E12" TYPE="PER" SUBTYPE="Group" CLASS="SPC">
  <entity_mention ID="CNN_IP_20030407.1600.05-E12-38" TYPE="NOM" LDCTYPE="NOM">
    <extent>
      <charseq START="1354" END="1365">his children</charseq>
    </extent>
    <head>
      <charseq START="1358" END="1365">children</charseq>
    </head>
  </entity_mention>
  <entity_mention ID="CNN_IP_20030407.1600.05-E12-55" TYPE="PRO" LDCTYPE="PRO">
    <extent>
      <charseq START="1580" END="1582">you</charseq>
    </extent>
    <head>
      <charseq START="1580" END="1582">you</charseq>
    </head>
  </entity_mention>
  <entity_mention ID="CNN_IP_20030407.1600.05-E12-56" TYPE="NOM" LDCTYPE="BAR">
    <extent>
      <charseq START="1520" END="1523">guys</charseq>
    </extent>
    <head>
      <charseq START="1520" END="1523">guys</charseq>
    </head>
  </entity_mention>
  <entity_mention ID="CNN_IP_20030407.1600.05-E12-57" TYPE="PRO" LDCTYPE="PRO">
    <extent>
      <charseq START="1516" END="1518">you</charseq>
    </extent>
    <head>
      <charseq START="1516" END="1518">you</charseq>
    </head>
  </entity_mention>
  <entity_mention ID="CNN_IP_20030407.1600.05-E12-59" TYPE="PRO" LDCTYPE="PRO">
    <extent>
      <charseq START="1778" END="1780">you</charseq>
    </extent>
    <head>
      <charseq START="1778" END="1780">you</charseq>
    </head>
  </entity_mention>
</entity>
<entity ID="CNN_IP_20030407.1600.05-E13" TYPE="PER" SUBTYPE="Individual" CLASS="SPC">
  <entity_mention ID="CNN_IP_20030407.1600.05-E13-39" TYPE="NAM" LDCTYPE="NAM">
    <extent>
      <charseq START="1412" END="1417">Keegan</charseq>
    </extent>
    <head>
      <charseq START="1412" END="1417">Keegan</charseq>
    </head>
  </entity_mention>
  <entity_attributes>
    <name NAME="Keegan">
      <charseq START="1412" END="1417">Keegan</charseq>
    </name>
  </entity_attributes>
</entity>
<entity ID="CNN_IP_20030407.1600.05-E14" TYPE="PER" SUBTYPE="Individual" CLASS="SPC">
  <entity_mention ID="CNN_IP_20030407.1600.05-E14-40" TYPE="NAM" LDCTYPE="NAM">
    <extent>
      <charseq START="1425" END="1431">Britney</charseq>
    </extent>
    <head>
      <charseq START="1425" END="1431">Britney</charseq>
    </head>
  </entity_mention>
  <entity_attributes>
    <name NAME="Britney">
      <charseq START="1425" END="1431">Britney</charseq>
    </name>
  </entity_attributes>
</entity>
<entity ID="CNN_IP_20030407.1600.05-E15" TYPE="PER" SUBTYPE="Individual" CLASS="SPC">
  <entity_mention ID="CNN_IP_20030407.1600.05-E15-42" TYPE="NAM" LDCTYPE="NAM">
    <extent>
      <charseq START="1442" END="1445">Josh</charseq>
    </extent>
    <head>
      <charseq START="1442" END="1445">Josh</charseq>
    </head>
  </entity_mention>
  <entity_attributes>
    <name NAME="Josh">
      <charseq START="1442" END="1445">Josh</charseq>
    </name>
  </entity_attributes>
</entity>
<entity ID="CNN_IP_20030407.1600.05-E16" TYPE="PER" SUBTYPE="Group" CLASS="GEN">
  <entity_mention ID="CNN_IP_20030407.1600.05-E16-1" TYPE="NOM" LDCTYPE="BAR">
    <extent>
      <charseq START="263" END="281">U.S. troops in
Iraq</charseq>
    </extent>
    <head>
      <charseq START="268" END="273">troops</charseq>
    </head>
  </entity_mention>
</entity>
<entity ID="CNN_IP_20030407.1600.05-E17" TYPE="PER" SUBTYPE="Group" CLASS="SPC">
  <entity_mention ID="CNN_IP_20030407.1600.05-E17-52" TYPE="PRO" LDCTYPE="PTV">
    <extent>
      <charseq START="1475" END="1499">the
rest of the battalion</charseq>
    </extent>
    <head>
      <charseq START="1479" END="1482">rest</charseq>
    </head>
  </entity_mention>
</entity>
<entity ID="CNN_IP_20030407.1600.05-E18" TYPE="PER" SUBTYPE="Group" CLASS="USP">
  <entity_mention ID="CNN_IP_20030407.1600.05-E18-41" TYPE="PRO" LDCTYPE="PRO">
    <extent>
      <charseq START="2564" END="2565">We</charseq>
    </extent>
    <head>
      <charseq START="2564" END="2565">We</charseq>
    </head>
  </entity_mention>
  <entity_mention ID="CNN_IP_20030407.1600.05-E18-53" TYPE="PRO" LDCTYPE="PRO">
    <extent>
      <charseq START="2602" END="2604">our</charseq>
    </extent>
    <head>
      <charseq START="2602" END="2604">our</charseq>
    </head>
  </entity_mention>
</entity>
<entity ID="CNN_IP_20030407.1600.05-E20" TYPE="PER" SUBTYPE="Individual" CLASS="SPC">
  <entity_mention ID="CNN_IP_20030407.1600.05-E20-60" TYPE="NAM" LDCTYPE="NAM" LDCATR="FALSE">
    <extent>
      <charseq START="1860" END="1873">Tiffany O'Neal</charseq>
    </extent>
    <head>
      <charseq START="1860" END="1873">Tiffany O'Neal</charseq>
    </head>
  </entity_mention>
  <entity_mention ID="CNN_IP_20030407.1600.05-E20-62" TYPE="NOM" LDCTYPE="NOM" LDCATR="TRUE">
    <extent>
      <charseq START="1876" END="1890">a military cook</charseq>
    </extent>
    <head>
      <charseq START="1887" END="1890">cook</charseq>
    </head>
  </entity_mention>
  <entity_mention ID="CNN_IP_20030407.1600.05-E20-64" TYPE="PRO" LDCTYPE="PRO" LDCATR="FALSE">
    <extent>
      <charseq START="1899" END="1901">her</charseq>
    </extent>
    <head>
      <charseq START="1899" END="1901">her</charseq>
    </head>
  </entity_mention>
  <entity_mention ID="CNN_IP_20030407.1600.05-E20-69" TYPE="PRO" LDCTYPE="PRO" LDCATR="FALSE">
    <extent>
      <charseq START="2031" END="2032">Me</charseq>
    </extent>
    <head>
      <charseq START="2031" END="2032">Me</charseq>
    </head>
  </entity_mention>
  <entity_mention ID="CNN_IP_20030407.1600.05-E20-70" TYPE="PRO" LDCTYPE="PRO" LDCATR="FALSE">
    <extent>
      <charseq START="2035" END="2035">I</charseq>
    </extent>
    <head>
      <charseq START="2035" END="2035">I</charseq>
    </head>
  </entity_mention>
  <entity_mention ID="CNN_IP_20030407.1600.05-E20-77" TYPE="PRO" LDCTYPE="PRO" LDCATR="FALSE">
    <extent>
      <charseq START="2206" END="2206">I</charseq>
    </extent>
    <head>
      <charseq START="2206" END="2206">I</charseq>
    </head>
  </entity_mention>
  <entity_attributes>
    <name NAME="Tiffany O'Neal">
      <charseq START="1860" END="1873">Tiffany O'Neal</charseq>
    </name>
  </entity_attributes>
</entity>
<entity ID="CNN_IP_20030407.1600.05-E21" TYPE="VEH" SUBTYPE="Air" CLASS="USP">
  <entity_mention ID="CNN_IP_20030407.1600.05-E21-54" TYPE="PRO" LDCTYPE="PTV">
    <extent>
      <charseq START="2594" END="2613">many of our aircraft</charseq>
    </extent>
    <head>
      <charseq START="2594" END="2597">many</charseq>
    </head>
  </entity_mention>
</entity>
<entity ID="CNN_IP_20030407.1600.05-E23" TYPE="ORG" SUBTYPE="Government" CLASS="SPC">
  <entity_mention ID="CNN_IP_20030407.1600.05-E23-63" TYPE="NOM" LDCTYPE="NOMPRE">
    <extent>
      <charseq START="1878" END="1885">military</charseq>
    </extent>
    <head>
      <charseq START="1878" END="1885">military</charseq>
    </head>
  </entity_mention>
</entity>
<entity ID="CNN_IP_20030407.1600.05-E24" TYPE="LOC" SUBTYPE="Land-Region-Natural" CLASS="GEN">
  <entity_mention ID="CNN_IP_20030407.1600.05-E24-65" TYPE="NOM" LDCTYPE="NOMPRE">
    <extent>
      <charseq START="1935" END="1940">desert</charseq>
    </extent>
    <head>
      <charseq START="1935" END="1940">desert</charseq>
    </head>
  </entity_mention>
</entity>
<entity ID="CNN_IP_20030407.1600.05-E25" TYPE="PER" SUBTYPE="Individual" CLASS="SPC">
  <entity_mention ID="CNN_IP_20030407.1600.05-E25-66" TYPE="NOM" LDCTYPE="NOM">
    <extent>
      <charseq START="1953" END="1960">a friend</charseq>
    </extent>
    <head>
      <charseq START="1955" END="1960">friend</charseq>
    </head>
  </entity_mention>
  <entity_mention ID="CNN_IP_20030407.1600.05-E25-67" TYPE="NAM" LDCTYPE="NAM">
    <extent>
      <charseq START="2003" END="2008">Ashley</charseq>
    </extent>
    <head>
      <charseq START="2003" END="2008">Ashley</charseq>
    </head>
  </entity_mention>
  <entity_mention ID="CNN_IP_20030407.1600.05-E25-68" TYPE="PRO" LDCTYPE="PRO">
    <extent>
      <charseq START="2020" END="2022">you</charseq>
    </extent>
    <head>
      <charseq START="2020" END="2022">you</charseq>
    </head>
  </entity_mention>
  <entity_attributes>
    <name NAME="Ashley">
      <charseq START="2003" END="2008">Ashley</charseq>
    </name>
  </entity_attributes>
</entity>
<entity ID="CNN_IP_20030407.1600.05-E26" TYPE="PER" SUBTYPE="Group" CLASS="SPC">
  <entity_mention ID="CNN_IP_20030407.1600.05-E26-71" TYPE="PRO" LDCTYPE="PRO">
    <extent>
      <charseq START="2086" END="2087">we</charseq>
    </extent>
    <head>
      <charseq START="2086" END="2087">we</charseq>
    </head>
  </entity_mention>
  <entity_mention ID="CNN_IP_20030407.1600.05-E26-72" TYPE="PRO" LDCTYPE="PRO">
    <extent>
      <charseq START="2104" END="2106">our</charseq>
    </extent>
    <head>
      <charseq START="2104" END="2106">our</charseq>
    </head>
  </entity_mention>
  <entity_mention ID="CNN_IP_20030407.1600.05-E26-73" TYPE="PRO" LDCTYPE="PRO">
    <extent>
      <charseq START="2136" END="2138">Our</charseq>
    </extent>
    <head>
      <charseq START="2136" END="2138">Our</charseq>
    </head>
  </entity_mention>
  <entity_mention ID="CNN_IP_20030407.1600.05-E26-74" TYPE="NOM" LDCTYPE="NOM">
    <extent>
      <charseq START="2244" END="2252">the cooks</charseq>
    </extent>
    <head>
      <charseq START="2248" END="2252">cooks</charseq>
    </head>
  </entity_mention>
  <entity_mention ID="CNN_IP_20030407.1600.05-E26-76" TYPE="PRO" LDCTYPE="PRO">
    <extent>
      <charseq START="2194" END="2195">we</charseq>
    </extent>
    <head>
      <charseq START="2194" END="2195">we</charseq>
    </head>
  </entity_mention>
  <entity_mention ID="CNN_IP_20030407.1600.05-E26-104" TYPE="NOM" LDCTYPE="NOM">
    <extent>
      <charseq START="2136" END="2153">Our
little section</charseq>
    </extent>
    <head>
      <charseq START="2147" END="2153">section</charseq>
    </head>
  </entity_mention>
</entity>
<entity ID="CNN_IP_20030407.1600.05-E27" TYPE="PER" SUBTYPE="Indeterminate" CLASS="NEG">
  <entity_mention ID="CNN_IP_20030407.1600.05-E27-78" TYPE="PRO" LDCTYPE="PRO">
    <extent>
      <charseq START="2214" END="2219">nobody</charseq>
    </extent>
    <head>
      <charseq START="2214" END="2219">nobody</charseq>
    </head>
  </entity_mention>
</entity>
<entity ID="CNN_IP_20030407.1600.05-E28" TYPE="PER" SUBTYPE="Individual" CLASS="SPC">
  <entity_mention ID="CNN_IP_20030407.1600.05-E28-4" TYPE="PRO" LDCTYPE="PRO" LDCATR="FALSE">
    <extent>
      <charseq START="2553" END="2554">my</charseq>
    </extent>
    <head>
      <charseq START="2553" END="2554">my</charseq>
    </head>
  </entity_mention>
  <entity_mention ID="CNN_IP_20030407.1600.05-E28-6" TYPE="PRO" LDCTYPE="PRO" LDCATR="FALSE">
    <extent>
      <charseq START="2654" END="2654">I</charseq>
    </extent>
    <head>
      <charseq START="2654" END="2654">I</charseq>
    </head>
  </entity_mention>
  <entity_mention ID="CNN_IP_20030407.1600.05-E28-34" TYPE="PRO" LDCTYPE="PRO" LDCATR="FALSE">
    <extent>
      <charseq START="2778" END="2778">I</charseq>
    </extent>
    <head>
      <charseq START="2778" END="2778">I</charseq>
    </head>
  </entity_mention>
  <entity_mention ID="CNN_IP_20030407.1600.05-E28-79" TYPE="PRO" LDCTYPE="PRO" LDCATR="FALSE">
    <extent>
      <charseq START="2271" END="2273">his</charseq>
    </extent>
    <head>
      <charseq START="2271" END="2273">his</charseq>
    </head>
  </entity_mention>
  <entity_mention ID="CNN_IP_20030407.1600.05-E28-80" TYPE="NAM" LDCTYPE="NAM" LDCATR="FALSE">
    <extent>
      <charseq START="2297" END="2318">Apache pilot Joe Bruhl</charseq>
    </extent>
    <head>
      <charseq START="2310" END="2318">Joe Bruhl</charseq>
    </head>
  </entity_mention>
  <entity_mention ID="CNN_IP_20030407.1600.05-E28-81" TYPE="NOM" LDCTYPE="NOMPRE" LDCATR="TRUE">
    <extent>
      <charseq START="2297" END="2308">Apache pilot</charseq>
    </extent>
    <head>
      <charseq START="2304" END="2308">pilot</charseq>
    </head>
  </entity_mention>
  <entity_mention ID="CNN_IP_20030407.1600.05-E28-84" TYPE="PRO" LDCTYPE="PRO" LDCATR="FALSE">
    <extent>
      <charseq START="2332" END="2334">his</charseq>
    </extent>
    <head>
      <charseq START="2332" END="2334">his</charseq>
    </head>
  </entity_mention>
  <entity_mention ID="CNN_IP_20030407.1600.05-E28-85" TYPE="PRO" LDCTYPE="PRO" LDCATR="FALSE">
    <extent>
      <charseq START="2396" END="2397">he</charseq>
    </extent>
    <head>
      <charseq START="2396" END="2397">he</charseq>
    </head>
  </entity_mention>
  <entity_mention ID="CNN_IP_20030407.1600.05-E28-86" TYPE="PRO" LDCTYPE="PRO" LDCATR="FALSE">
    <extent>
      <charseq START="2366" END="2368">his</charseq>
    </extent>
    <head>
      <charseq START="2366" END="2368">his</charseq>
    </head>
  </entity_mention>
  <entity_mention ID="CNN_IP_20030407.1600.05-E28-107" TYPE="PRO" LDCTYPE="PRO" LDCATR="FALSE">
    <extent>
      <charseq START="2473" END="2474">my</charseq>
    </extent>
    <head>
      <charseq START="2473" END="2474">my</charseq>
    </head>
  </entity_mention>
  <entity_mention ID="CNN_IP_20030407.1600.05-E28-112" TYPE="PRO" LDCTYPE="PRO" LDCATR="FALSE">
    <extent>
      <charseq START="2529" END="2529">I</charseq>
    </extent>
    <head>
      <charseq START="2529" END="2529">I</charseq>
    </head>
  </entity_mention>
  <entity_attributes>
    <name NAME="Joe Bruhl">
      <charseq START="2310" END="2318">Joe Bruhl</charseq>
    </name>
  </entity_attributes>
</entity>
<entity ID="CNN_IP_20030407.1600.05-E30" TYPE="VEH" SUBTYPE="Air" CLASS="GEN">
  <entity_mention ID="CNN_IP_20030407.1600.05-E30-82" TYPE="NAM" LDCTYPE="NAMPRE">
    <extent>
      <charseq START="2297" END="2302">Apache</charseq>
    </extent>
    <head>
      <charseq START="2297" END="2302">Apache</charseq>
    </head>
  </entity_mention>
  <entity_attributes>
    <name NAME="Apache">
      <charseq START="2297" END="2302">Apache</charseq>
    </name>
  </entity_attributes>
</entity>
<entity ID="CNN_IP_20030407.1600.05-E32" TYPE="PER" SUBTYPE="Group" CLASS="SPC">
  <entity_mention ID="CNN_IP_20030407.1600.05-E32-10" TYPE="PRO" LDCTYPE="PRO">
    <extent>
      <charseq START="2661" END="2663">you</charseq>
    </extent>
    <head>
      <charseq START="2661" END="2663">you</charseq>
    </head>
  </entity_mention>
  <entity_mention ID="CNN_IP_20030407.1600.05-E32-31" TYPE="PRO" LDCTYPE="PRO">
    <extent>
      <charseq START="2687" END="2689">you</charseq>
    </extent>
    <head>
      <charseq START="2687" END="2689">you</charseq>
    </head>
  </entity_mention>
  <entity_mention ID="CNN_IP_20030407.1600.05-E32-32" TYPE="PRO" LDCTYPE="PRO">
    <extent>
      <charseq START="2704" END="2706">you</charseq>
    </extent>
    <head>
      <charseq START="2704" END="2706">you</charseq>
    </head>
  </entity_mention>
  <entity_mention ID="CNN_IP_20030407.1600.05-E32-33" TYPE="PRO" LDCTYPE="PRO">
    <extent>
      <charseq START="2729" END="2731">you</charseq>
    </extent>
    <head>
      <charseq START="2729" END="2731">you</charseq>
    </head>
  </entity_mention>
  <entity_mention ID="CNN_IP_20030407.1600.05-E32-87" TYPE="NOM" LDCTYPE="NOM">
    <extent>
      <charseq START="2332" END="2341">his
family</charseq>
    </extent>
    <head>
      <charseq START="2336" END="2341">family</charseq>
    </head>
  </entity_mention>
</entity>
<entity ID="CNN_IP_20030407.1600.05-E33" TYPE="VEH" SUBTYPE="Air" CLASS="SPC">
  <entity_mention ID="CNN_IP_20030407.1600.05-E33-75" TYPE="PRO" LDCTYPE="PRO">
    <extent>
      <charseq START="2648" END="2651">mine</charseq>
    </extent>
    <head>
      <charseq START="2648" END="2651">mine</charseq>
    </head>
  </entity_mention>
</entity>
<entity ID="CNN_IP_20030407.1600.05-E34" TYPE="PER" SUBTYPE="Group" CLASS="SPC">
  <entity_mention ID="CNN_IP_20030407.1600.05-E34-89" TYPE="PRO" LDCTYPE="HLS">
    <extent>
      <charseq START="2879" END="2881">all</charseq>
    </extent>
    <head>
      <charseq START="2879" END="2881">all</charseq>
    </head>
  </entity_mention>
  <entity_mention ID="CNN_IP_20030407.1600.05-E34-90" TYPE="PRO" LDCTYPE="PRO">
    <extent>
      <charseq START="2907" END="2911">their</charseq>
    </extent>
    <head>
      <charseq START="2907" END="2911">their</charseq>
    </head>
  </entity_mention>
  <entity_mention ID="CNN_IP_20030407.1600.05-E34-91" TYPE="PRO" LDCTYPE="PRO">
    <extent>
      <charseq START="2943" END="2946">they</charseq>
    </extent>
    <head>
      <charseq START="2943" END="2946">they</charseq>
    </head>
  </entity_mention>
</entity>
<entity ID="CNN_IP_20030407.1600.05-E35" TYPE="ORG" SUBTYPE="Media" CLASS="SPC">
  <entity_mention ID="CNN_IP_20030407.1600.05-E35-94" TYPE="NAM" LDCTYPE="NAM">
    <extent>
      <charseq START="2997" END="2999">CNN</charseq>
    </extent>
    <head>
      <charseq START="2997" END="2999">CNN</charseq>
    </head>
  </entity_mention>
  <entity_attributes>
    <name NAME="CNN">
      <charseq START="2997" END="2999">CNN</charseq>
    </name>
  </entity_attributes>
</entity>
<entity ID="CNN_IP_20030407.1600.05-E36" TYPE="PER" SUBTYPE="Individual" CLASS="SPC">
  <entity_mention ID="CNN_IP_20030407.1600.05-E36-97" TYPE="PRO" LDCTYPE="PRO" LDCATR="FALSE">
    <extent>
      <charseq START="3066" END="3066">I</charseq>
    </extent>
    <head>
      <charseq START="3066" END="3066">I</charseq>
    </head>
  </entity_mention>
  <entity_mention ID="CNN_IP_20030407.1600.05-E36-98" TYPE="PRO" LDCTYPE="PRO" LDCATR="FALSE">
    <extent>
      <charseq START="3198" END="3198">I</charseq>
    </extent>
    <head>
      <charseq START="3198" END="3198">I</charseq>
    </head>
  </entity_mention>
  <entity_mention ID="CNN_IP_20030407.1600.05-E36-99" TYPE="NAM" LDCTYPE="NAM" LDCATR="TRUE">
    <extent>
      <charseq START="3202" END="3214">Judy Woodruff</charseq>
    </extent>
    <head>
      <charseq START="3202" END="3214">Judy Woodruff</charseq>
    </head>
  </entity_mention>
  <entity_attributes>
    <name NAME="Judy Woodruff">
      <charseq START="3202" END="3214">Judy Woodruff</charseq>
    </name>
  </entity_attributes>
</entity>
<entity ID="CNN_IP_20030407.1600.05-E39" TYPE="GPE" SUBTYPE="Nation" CLASS="SPC">
  <entity_mention ID="CNN_IP_20030407.1600.05-E39-88" TYPE="NAM" LDCTYPE="NAMPRE" ROLE="GPE" LDCATR="TRUE">
    <extent>
      <charseq START="263" END="265">U.S</charseq>
    </extent>
    <head>
      <charseq START="263" END="265">U.S</charseq>
    </head>
  </entity_mention>
  <entity_mention ID="CNN_IP_20030407.1600.05-E39-92" TYPE="NAM" LDCTYPE="NAM" ROLE="LOC" LDCATR="FALSE">
    <extent>
      <charseq START="2933" END="2939">the U.S</charseq>
    </extent>
    <head>
      <charseq START="2937" END="2939">U.S</charseq>
    </head>
  </entity_mention>
  <entity_attributes>
    <name NAME="U.S">
      <charseq START="263" END="265">U.S</charseq>
    </name>
    <name NAME="U.S">
      <charseq START="2937" END="2939">U.S</charseq>
    </name>
  </entity_attributes>
</entity>
<entity ID="CNN_IP_20030407.1600.05-E41" TYPE="GPE" SUBTYPE="Nation" CLASS="SPC">
  <entity_mention ID="CNN_IP_20030407.1600.05-E41-20" TYPE="NAM" LDCTYPE="NAM" ROLE="LOC">
    <extent>
      <charseq START="762" END="765">Iraq</charseq>
    </extent>
    <head>
      <charseq START="762" END="765">Iraq</charseq>
    </head>
  </entity_mention>
  <entity_mention ID="CNN_IP_20030407.1600.05-E41-96" TYPE="NAM" LDCTYPE="NAM" ROLE="LOC">
    <extent>
      <charseq START="3012" END="3015">Iraq</charseq>
    </extent>
    <head>
      <charseq START="3012" END="3015">Iraq</charseq>
    </head>
  </entity_mention>
  <entity_mention ID="CNN_IP_20030407.1600.05-E41-105" TYPE="NAM" LDCTYPE="NAM" ROLE="LOC">
    <extent>
      <charseq START="278" END="281">Iraq</charseq>
    </extent>
    <head>
      <charseq START="278" END="281">Iraq</charseq>
    </head>
  </entity_mention>
  <entity_attributes>
    <name NAME="Iraq">
      <charseq START="762" END="765">Iraq</charseq>
    </name>
    <name NAME="Iraq">
      <charseq START="3012" END="3015">Iraq</charseq>
    </name>
    <name NAME="Iraq">
      <charseq START="278" END="281">Iraq</charseq>
    </name>
  </entity_attributes>
</entity>
<entity ID="CNN_IP_20030407.1600.05-E42" TYPE="PER" SUBTYPE="Group" CLASS="USP">
  <entity_mention ID="CNN_IP_20030407.1600.05-E42-106" TYPE="PRO" LDCTYPE="PTV">
    <extent>
      <charseq START="284" END="304">at least some of them</charseq>
    </extent>
    <head>
      <charseq START="293" END="296">some</charseq>
    </head>
  </entity_mention>
</entity>
<entity ID="CNN_IP_20030407.1600.05-E43" TYPE="PER" SUBTYPE="Indeterminate" CLASS="USP">
  <entity_mention ID="CNN_IP_20030407.1600.05-E43-108" TYPE="PRO" LDCTYPE="PRO">
    <extent>
      <charseq START="149" END="151">you</charseq>
    </extent>
    <head>
      <charseq START="149" END="151">you</charseq>
    </head>
  </entity_mention>
</entity>
<entity ID="CNN_IP_20030407.1600.05-E44" TYPE="PER" SUBTYPE="Individual" CLASS="SPC">
  <entity_mention ID="CNN_IP_20030407.1600.05-E44-93" TYPE="NAM" LDCTYPE="NAM">
    <extent>
      <charseq START="2979" END="2990">Karl Penhaul</charseq>
    </extent>
    <head>
      <charseq START="2979" END="2990">Karl Penhaul</charseq>
    </head>
  </entity_mention>
  <entity_mention ID="CNN_IP_20030407.1600.05-E44-109" TYPE="NAM" LDCTYPE="NAM">
    <extent>
      <charseq START="307" END="318">Karl Penhaul</charseq>
    </extent>
    <head>
      <charseq START="307" END="318">Karl Penhaul</charseq>
    </head>
  </entity_mention>
  <entity_attributes>
    <name NAME="Karl Penhaul">
      <charseq START="2979" END="2990">Karl Penhaul</charseq>
    </name>
    <name NAME="Karl Penhaul">
      <charseq START="307" END="318">Karl Penhaul</charseq>
    </name>
  </entity_attributes>
</entity>
<entity ID="CNN_IP_20030407.1600.05-E45" TYPE="PER" SUBTYPE="Group" CLASS="SPC">
  <entity_mention ID="CNN_IP_20030407.1600.05-E45-110" TYPE="NOM" LDCTYPE="NOM">
    <extent>
      <charseq START="328" END="362">an Army attack
helicopter battalion</charseq>
    </extent>
    <head>
      <charseq START="354" END="362">battalion</charseq>
    </head>
  </entity_mention>
</entity>
<entity ID="CNN_IP_20030407.1600.05-E46" TYPE="ORG" SUBTYPE="Government" CLASS="SPC">
  <entity_mention ID="CNN_IP_20030407.1600.05-E46-111" TYPE="NAM" LDCTYPE="NAMPRE">
    <extent>
      <charseq START="331" END="334">Army</charseq>
    </extent>
    <head>
      <charseq START="331" END="334">Army</charseq>
    </head>
  </entity_mention>
  <entity_attributes>
    <name NAME="Army">
      <charseq START="331" END="334">Army</charseq>
    </name>
  </entity_attributes>
</entity>
<entity ID="CNN_IP_20030407.1600.05-E47" TYPE="VEH" SUBTYPE="Air" CLASS="GEN">
  <entity_mention ID="CNN_IP_20030407.1600.05-E47-113" TYPE="NOM" LDCTYPE="NOMPRE">
    <extent>
      <charseq START="336" END="352">attack
helicopter</charseq>
    </extent>
    <head>
      <charseq START="343" END="352">helicopter</charseq>
    </head>
  </entity_mention>
</entity>
<entity ID="CNN_IP_20030407.1600.05-E48" TYPE="GPE" SUBTYPE="Population-Center" CLASS="SPC">
  <entity_mention ID="CNN_IP_20030407.1600.05-E48-95" TYPE="NAM" LDCTYPE="NAM" ROLE="LOC" LDCATR="FALSE">
    <extent>
      <charseq START="3005" END="3015">Najaf, Iraq</charseq>
    </extent>
    <head>
      <charseq START="3005" END="3009">Najaf</charseq>
    </head>
  </entity_mention>
  <entity_mention ID="CNN_IP_20030407.1600.05-E48-114" TYPE="NAM" LDCTYPE="NAM" ROLE="LOC" LDCATR="FALSE">
    <extent>
      <charseq START="367" END="404">the town of Najaf in southeastern Iraq</charseq>
    </extent>
    <head>
      <charseq START="379" END="383">Najaf</charseq>
    </head>
  </entity_mention>
  <entity_mention ID="CNN_IP_20030407.1600.05-E48-115" TYPE="NOM" LDCTYPE="NOM" ROLE="LOC" LDCATR="TRUE">
    <extent>
      <charseq START="367" END="374">the town</charseq>
    </extent>
    <head>
      <charseq START="371" END="374">town</charseq>
    </head>
  </entity_mention>
  <entity_attributes>
    <name NAME="Najaf">
      <charseq START="3005" END="3009">Najaf</charseq>
    </name>
    <name NAME="Najaf">
      <charseq START="379" END="383">Najaf</charseq>
    </name>
  </entity_attributes>
</entity>
<entity ID="CNN_IP_20030407.1600.05-E50" TYPE="LOC" SUBTYPE="Region-General" CLASS="SPC">
  <entity_mention ID="CNN_IP_20030407.1600.05-E50-116" TYPE="NAM" LDCTYPE="NAM">
    <extent>
      <charseq START="388" END="404">southeastern Iraq</charseq>
    </extent>
    <head>
      <charseq START="401" END="404">Iraq</charseq>
    </head>
  </entity_mention>
  <entity_attributes>
    <name NAME="Iraq">
      <charseq START="401" END="404">Iraq</charseq>
    </name>
  </entity_attributes>
</entity>
<entity ID="CNN_IP_20030407.1600.05-E51" TYPE="PER" SUBTYPE="Group" CLASS="GEN">
  <entity_mention ID="CNN_IP_20030407.1600.05-E51-117" TYPE="NOM" LDCTYPE="BAR">
    <extent>
      <charseq START="479" END="486">soldiers</charseq>
    </extent>
    <head>
      <charseq START="479" END="486">soldiers</charseq>
    </head>
  </entity_mention>
  <entity_mention ID="CNN_IP_20030407.1600.05-E51-118" TYPE="NOM" LDCTYPE="BAR">
    <extent>
      <charseq START="592" END="599">soldiers</charseq>
    </extent>
    <head>
      <charseq START="592" END="599">soldiers</charseq>
    </head>
  </entity_mention>
</entity>
<timex2 ID="CNN_IP_20030407.1600.05-T1">
  <timex2_mention ID="CNN_IP_20030407.1600.05-T1-1">
    <extent>
      <charseq START="496" END="505">long hours</charseq>
    </extent>
  </timex2_mention>
</timex2>
<timex2 ID="CNN_IP_20030407.1600.05-T2">
  <timex2_mention ID="CNN_IP_20030407.1600.05-T2-1">
    <extent>
      <charseq START="36" END="60">2003-04-07T16:00:00-05:00</charseq>
    </extent>
  </timex2_mention>
</timex2>
<timex2 ID="CNN_IP_20030407.1600.05-T3">
  <timex2_mention ID="CNN_IP_20030407.1600.05-T3-1">
    <extent>
      <charseq START="531" END="543">a few moments</charseq>
    </extent>
  </timex2_mention>
</timex2>
<timex2 ID="CNN_IP_20030407.1600.05-T4">
  <timex2_mention ID="CNN_IP_20030407.1600.05-T4-1">
    <extent>
      <charseq START="729" END="765">just a month before she left
for Iraq</charseq>
    </extent>
  </timex2_mention>
</timex2>
<timex2 ID="CNN_IP_20030407.1600.05-T5">
  <timex2_mention ID="CNN_IP_20030407.1600.05-T5-1">
    <extent>
      <charseq START="862" END="869">two days</charseq>
    </extent>
  </timex2_mention>
</timex2>
<timex2 ID="CNN_IP_20030407.1600.05-T6">
  <timex2_mention ID="CNN_IP_20030407.1600.05-T6-1">
    <extent>
      <charseq START="952" END="960">every day</charseq>
    </extent>
  </timex2_mention>
</timex2>
<timex2 ID="CNN_IP_20030407.1600.05-T7">
  <timex2_mention ID="CNN_IP_20030407.1600.05-T7-1">
    <extent>
      <charseq START="1558" END="1588">the day I can be with you again</charseq>
    </extent>
  </timex2_mention>
</timex2>
<timex2 ID="CNN_IP_20030407.1600.05-T8">
  <timex2_mention ID="CNN_IP_20030407.1600.05-T8-1">
    <extent>
      <charseq START="2061" END="2083">For the
last two nights</charseq>
    </extent>
  </timex2_mention>
</timex2>
<timex2 ID="CNN_IP_20030407.1600.05-T9">
  <timex2_mention ID="CNN_IP_20030407.1600.05-T9-1">
    <extent>
      <charseq START="2501" END="2526">less than two days removed</charseq>
    </extent>
  </timex2_mention>
</timex2>
<relation ID="CNN_IP_20030407.1600.05-R1" TYPE="ORG-AFF" SUBTYPE="Employment" TENSE="Unspecified" MODALITY="Asserted">
  <relation_argument REFID="CNN_IP_20030407.1600.05-E16" ROLE="Arg-1"/>
  <relation_argument REFID="CNN_IP_20030407.1600.05-E39" ROLE="Arg-2"/>
  <relation_mention ID="CNN_IP_20030407.1600.05-R1-1" LEXICALCONDITION="PreMod">
    <extent>
      <charseq START="263" END="281">U.S. troops in
Iraq</charseq>
    </extent>
    <relation_mention_argument REFID="CNN_IP_20030407.1600.05-E16-1" ROLE="Arg-1">
      <extent>
        <charseq START="263" END="281">U.S. troops in
Iraq</charseq>
      </extent>
    </relation_mention_argument>
    <relation_mention_argument REFID="CNN_IP_20030407.1600.05-E39-88" ROLE="Arg-2">
      <extent>
        <charseq START="263" END="265">U.S</charseq>
      </extent>
    </relation_mention_argument>
  </relation_mention>
</relation>
<relation ID="CNN_IP_20030407.1600.05-R2" TYPE="PHYS" SUBTYPE="Located" TENSE="Unspecified" MODALITY="Asserted">
  <relation_argument REFID="CNN_IP_20030407.1600.05-E16" ROLE="Arg-1"/>
  <relation_argument REFID="CNN_IP_20030407.1600.05-E41" ROLE="Arg-2"/>
  <relation_mention ID="CNN_IP_20030407.1600.05-R2-1" LEXICALCONDITION="Preposition">
    <extent>
      <charseq START="263" END="281">U.S. troops in
Iraq</charseq>
    </extent>
    <relation_mention_argument REFID="CNN_IP_20030407.1600.05-E16-1" ROLE="Arg-1">
      <extent>
        <charseq START="263" END="281">U.S. troops in
Iraq</charseq>
      </extent>
    </relation_mention_argument>
    <relation_mention_argument REFID="CNN_IP_20030407.1600.05-E41-105" ROLE="Arg-2">
      <extent>
        <charseq START="278" END="281">Iraq</charseq>
      </extent>
    </relation_mention_argument>
  </relation_mention>
</relation>
<relation ID="CNN_IP_20030407.1600.05-R3" TYPE="PART-WHOLE" SUBTYPE="Geographical" TENSE="Unspecified" MODALITY="Asserted">
  <relation_argument REFID="CNN_IP_20030407.1600.05-E48" ROLE="Arg-1"/>
  <relation_argument REFID="CNN_IP_20030407.1600.05-E50" ROLE="Arg-2"/>
  <relation_mention ID="CNN_IP_20030407.1600.05-R3-1" LEXICALCONDITION="Preposition">
    <extent>
      <charseq START="367" END="404">the town of Najaf in southeastern Iraq</charseq>
    </extent>
    <relation_mention_argument REFID="CNN_IP_20030407.1600.05-E48-114" ROLE="Arg-1">
      <extent>
        <charseq START="367" END="404">the town of Najaf in southeastern Iraq</charseq>
      </extent>
    </relation_mention_argument>
    <relation_mention_argument REFID="CNN_IP_20030407.1600.05-E50-116" ROLE="Arg-2">
      <extent>
        <charseq START="388" END="404">southeastern Iraq</charseq>
      </extent>
    </relation_mention_argument>
  </relation_mention>
</relation>
<relation ID="CNN_IP_20030407.1600.05-R4" TYPE="ORG-AFF" SUBTYPE="Employment" TENSE="Unspecified" MODALITY="Asserted">
  <relation_argument REFID="CNN_IP_20030407.1600.05-E45" ROLE="Arg-1"/>
  <relation_argument REFID="CNN_IP_20030407.1600.05-E46" ROLE="Arg-2"/>
  <relation_mention ID="CNN_IP_20030407.1600.05-R4-1" LEXICALCONDITION="PreMod">
    <extent>
      <charseq START="328" END="362">an Army attack
helicopter battalion</charseq>
    </extent>
    <relation_mention_argument REFID="CNN_IP_20030407.1600.05-E45-110" ROLE="Arg-1">
      <extent>
        <charseq START="328" END="362">an Army attack
helicopter battalion</charseq>
      </extent>
    </relation_mention_argument>
    <relation_mention_argument REFID="CNN_IP_20030407.1600.05-E46-111" ROLE="Arg-2">
      <extent>
        <charseq START="331" END="334">Army</charseq>
      </extent>
    </relation_mention_argument>
  </relation_mention>
</relation>
<relation ID="CNN_IP_20030407.1600.05-R5" TYPE="ART" SUBTYPE="User-Owner-Inventor-Manufacturer" TENSE="Unspecified" MODALITY="Asserted">
  <relation_argument REFID="CNN_IP_20030407.1600.05-E45" ROLE="Arg-1"/>
  <relation_argument REFID="CNN_IP_20030407.1600.05-E47" ROLE="Arg-2"/>
  <relation_mention ID="CNN_IP_20030407.1600.05-R5-1" LEXICALCONDITION="PreMod">
    <extent>
      <charseq START="328" END="362">an Army attack
helicopter battalion</charseq>
    </extent>
    <relation_mention_argument REFID="CNN_IP_20030407.1600.05-E45-110" ROLE="Arg-1">
      <extent>
        <charseq START="328" END="362">an Army attack
helicopter battalion</charseq>
      </extent>
    </relation_mention_argument>
    <relation_mention_argument REFID="CNN_IP_20030407.1600.05-E47-113" ROLE="Arg-2">
      <extent>
        <charseq START="336" END="352">attack
helicopter</charseq>
      </extent>
    </relation_mention_argument>
  </relation_mention>
</relation>
<relation ID="CNN_IP_20030407.1600.05-R6" TYPE="PHYS" SUBTYPE="Located" TENSE="Unspecified" MODALITY="Asserted">
  <relation_argument REFID="CNN_IP_20030407.1600.05-E44" ROLE="Arg-1"/>
  <relation_argument REFID="CNN_IP_20030407.1600.05-E48" ROLE="Arg-2"/>
  <relation_mention ID="CNN_IP_20030407.1600.05-R6-1" LEXICALCONDITION="Verbal">
    <extent>
      <charseq START="307" END="404">Karl Penhaul is with an Army attack
helicopter battalion in the town of Najaf in southeastern Iraq</charseq>
    </extent>
    <relation_mention_argument REFID="CNN_IP_20030407.1600.05-E44-109" ROLE="Arg-1">
      <extent>
        <charseq START="307" END="318">Karl Penhaul</charseq>
      </extent>
    </relation_mention_argument>
    <relation_mention_argument REFID="CNN_IP_20030407.1600.05-E48-114" ROLE="Arg-2">
      <extent>
        <charseq START="367" END="404">the town of Najaf in southeastern Iraq</charseq>
      </extent>
    </relation_mention_argument>
  </relation_mention>
  <relation_mention ID="CNN_IP_20030407.1600.05-R6-2" LEXICALCONDITION="Preposition">
    <extent>
      <charseq START="2979" END="3015">Karl Penhaul, for CNN, An Najaf, Iraq</charseq>
    </extent>
    <relation_mention_argument REFID="CNN_IP_20030407.1600.05-E44-93" ROLE="Arg-1">
      <extent>
        <charseq START="2979" END="2990">Karl Penhaul</charseq>
      </extent>
    </relation_mention_argument>
    <relation_mention_argument REFID="CNN_IP_20030407.1600.05-E48-95" ROLE="Arg-2">
      <extent>
        <charseq START="3005" END="3015">Najaf, Iraq</charseq>
      </extent>
    </relation_mention_argument>
  </relation_mention>
</relation>
<relation ID="CNN_IP_20030407.1600.05-R7" TYPE="PHYS" SUBTYPE="Located" TENSE="Unspecified" MODALITY="Asserted">
  <relation_argument REFID="CNN_IP_20030407.1600.05-E45" ROLE="Arg-1"/>
  <relation_argument REFID="CNN_IP_20030407.1600.05-E48" ROLE="Arg-2"/>
  <relation_mention ID="CNN_IP_20030407.1600.05-R7-1" LEXICALCONDITION="Other">
    <extent>
      <charseq START="307" END="404">Karl Penhaul is with an Army attack
helicopter battalion in the town of Najaf in southeastern Iraq</charseq>
    </extent>
    <relation_mention_argument REFID="CNN_IP_20030407.1600.05-E45-110" ROLE="Arg-1">
      <extent>
        <charseq START="328" END="362">an Army attack
helicopter battalion</charseq>
      </extent>
    </relation_mention_argument>
    <relation_mention_argument REFID="CNN_IP_20030407.1600.05-E48-114" ROLE="Arg-2">
      <extent>
        <charseq START="367" END="404">the town of Najaf in southeastern Iraq</charseq>
      </extent>
    </relation_mention_argument>
  </relation_mention>
</relation>
<relation ID="CNN_IP_20030407.1600.05-R8" TYPE="PER-SOC" SUBTYPE="Family" TENSE="Unspecified" MODALITY="Asserted">
  <relation_argument REFID="CNN_IP_20030407.1600.05-E11" ROLE="Arg-1"/>
  <relation_argument REFID="CNN_IP_20030407.1600.05-E12" ROLE="Arg-2"/>
  <relation_mention ID="CNN_IP_20030407.1600.05-R8-1" LEXICALCONDITION="Possessive">
    <extent>
      <charseq START="1354" END="1365">his children</charseq>
    </extent>
    <relation_mention_argument REFID="CNN_IP_20030407.1600.05-E11-37" ROLE="Arg-1">
      <extent>
        <charseq START="1354" END="1356">his</charseq>
      </extent>
    </relation_mention_argument>
    <relation_mention_argument REFID="CNN_IP_20030407.1600.05-E12-38" ROLE="Arg-2">
      <extent>
        <charseq START="1354" END="1365">his children</charseq>
      </extent>
    </relation_mention_argument>
  </relation_mention>
</relation>
<relation ID="CNN_IP_20030407.1600.05-R9" TYPE="ORG-AFF" SUBTYPE="Employment" TENSE="Unspecified" MODALITY="Asserted">
  <relation_argument REFID="CNN_IP_20030407.1600.05-E20" ROLE="Arg-1"/>
  <relation_argument REFID="CNN_IP_20030407.1600.05-E23" ROLE="Arg-2"/>
  <relation_mention ID="CNN_IP_20030407.1600.05-R9-1" LEXICALCONDITION="PreMod">
    <extent>
      <charseq START="1876" END="1890">a military cook</charseq>
    </extent>
    <relation_mention_argument REFID="CNN_IP_20030407.1600.05-E20-62" ROLE="Arg-1">
      <extent>
        <charseq START="1876" END="1890">a military cook</charseq>
      </extent>
    </relation_mention_argument>
    <relation_mention_argument REFID="CNN_IP_20030407.1600.05-E23-63" ROLE="Arg-2">
      <extent>
        <charseq START="1878" END="1885">military</charseq>
      </extent>
    </relation_mention_argument>
  </relation_mention>
</relation>
<relation ID="CNN_IP_20030407.1600.05-R10" TYPE="ART" SUBTYPE="User-Owner-Inventor-Manufacturer" TENSE="Unspecified" MODALITY="Asserted">
  <relation_argument REFID="CNN_IP_20030407.1600.05-E28" ROLE="Arg-1"/>
  <relation_argument REFID="CNN_IP_20030407.1600.05-E30" ROLE="Arg-2"/>
  <relation_mention ID="CNN_IP_20030407.1600.05-R10-1" LEXICALCONDITION="PreMod">
    <extent>
      <charseq START="2297" END="2308">Apache pilot</charseq>
    </extent>
    <relation_mention_argument REFID="CNN_IP_20030407.1600.05-E28-81" ROLE="Arg-1">
      <extent>
        <charseq START="2297" END="2308">Apache pilot</charseq>
      </extent>
    </relation_mention_argument>
    <relation_mention_argument REFID="CNN_IP_20030407.1600.05-E30-82" ROLE="Arg-2">
      <extent>
        <charseq START="2297" END="2302">Apache</charseq>
      </extent>
    </relation_mention_argument>
  </relation_mention>
</relation>
<relation ID="CNN_IP_20030407.1600.05-R11" TYPE="PER-SOC" SUBTYPE="Family" TENSE="Unspecified" MODALITY="Asserted">
  <relation_argument REFID="CNN_IP_20030407.1600.05-E28" ROLE="Arg-1"/>
  <relation_argument REFID="CNN_IP_20030407.1600.05-E32" ROLE="Arg-2"/>
  <relation_mention ID="CNN_IP_20030407.1600.05-R11-1" LEXICALCONDITION="Possessive">
    <extent>
      <charseq START="2332" END="2341">his
family</charseq>
    </extent>
    <relation_mention_argument REFID="CNN_IP_20030407.1600.05-E28-84" ROLE="Arg-1">
      <extent>
        <charseq START="2332" END="2334">his</charseq>
      </extent>
    </relation_mention_argument>
    <relation_mention_argument REFID="CNN_IP_20030407.1600.05-E32-87" ROLE="Arg-2">
      <extent>
        <charseq START="2332" END="2341">his
family</charseq>
      </extent>
    </relation_mention_argument>
  </relation_mention>
</relation>
<relation ID="CNN_IP_20030407.1600.05-R12" TYPE="PER-SOC" SUBTYPE="Lasting-Personal" TENSE="Unspecified" MODALITY="Asserted">
  <relation_argument REFID="CNN_IP_20030407.1600.05-E20" ROLE="Arg-1"/>
  <relation_argument REFID="CNN_IP_20030407.1600.05-E25" ROLE="Arg-2"/>
  <relation_mention ID="CNN_IP_20030407.1600.05-R12-1" LEXICALCONDITION="Verbal">
    <extent>
      <charseq START="1860" END="1960">Tiffany O'Neal, a military cook, vents her frustration about the rigors
of desert warfare to a friend</charseq>
    </extent>
    <relation_mention_argument REFID="CNN_IP_20030407.1600.05-E20-60" ROLE="Arg-1">
      <extent>
        <charseq START="1860" END="1873">Tiffany O'Neal</charseq>
      </extent>
    </relation_mention_argument>
    <relation_mention_argument REFID="CNN_IP_20030407.1600.05-E25-66" ROLE="Arg-2">
      <extent>
        <charseq START="1953" END="1960">a friend</charseq>
      </extent>
    </relation_mention_argument>
  </relation_mention>
</relation>
<relation ID="CNN_IP_20030407.1600.05-R13" TYPE="ORG-AFF" SUBTYPE="Employment" TENSE="Unspecified" MODALITY="Asserted">
  <relation_argument REFID="CNN_IP_20030407.1600.05-E44" ROLE="Arg-1"/>
  <relation_argument REFID="CNN_IP_20030407.1600.05-E35" ROLE="Arg-2"/>
  <relation_mention ID="CNN_IP_20030407.1600.05-R13-1" LEXICALCONDITION="Preposition">
    <extent>
      <charseq START="2979" END="2999">Karl Penhaul, for CNN</charseq>
    </extent>
    <relation_mention_argument REFID="CNN_IP_20030407.1600.05-E44-93" ROLE="Arg-1">
      <extent>
        <charseq START="2979" END="2990">Karl Penhaul</charseq>
      </extent>
    </relation_mention_argument>
    <relation_mention_argument REFID="CNN_IP_20030407.1600.05-E35-94" ROLE="Arg-2">
      <extent>
        <charseq START="2997" END="2999">CNN</charseq>
      </extent>
    </relation_mention_argument>
  </relation_mention>
</relation>
<relation ID="CNN_IP_20030407.1600.05-R14" TYPE="PART-WHOLE" SUBTYPE="Geographical" TENSE="Unspecified" MODALITY="Asserted">
  <relation_argument REFID="CNN_IP_20030407.1600.05-E48" ROLE="Arg-1"/>
  <relation_argument REFID="CNN_IP_20030407.1600.05-E41" ROLE="Arg-2"/>
  <relation_mention ID="CNN_IP_20030407.1600.05-R14-1" LEXICALCONDITION="Formulaic">
    <extent>
      <charseq START="3005" END="3015">Najaf, Iraq</charseq>
    </extent>
    <relation_mention_argument REFID="CNN_IP_20030407.1600.05-E48-95" ROLE="Arg-1">
      <extent>
        <charseq START="3005" END="3015">Najaf, Iraq</charseq>
      </extent>
    </relation_mention_argument>
    <relation_mention_argument REFID="CNN_IP_20030407.1600.05-E41-96" ROLE="Arg-2">
      <extent>
        <charseq START="3012" END="3015">Iraq</charseq>
      </extent>
    </relation_mention_argument>
  </relation_mention>
</relation>
<relation ID="CNN_IP_20030407.1600.05-R15" TYPE="PER-SOC" SUBTYPE="Family" TENSE="Unspecified" MODALITY="Asserted">
  <relation_argument REFID="CNN_IP_20030407.1600.05-E51" ROLE="Arg-1"/>
  <relation_argument REFID="CNN_IP_20030407.1600.05-E1" ROLE="Arg-2"/>
  <relation_mention ID="CNN_IP_20030407.1600.05-R15-1" LEXICALCONDITION="Other">
    <extent>
      <charseq START="557" END="641">Away from the thick of the action, soldiers' minds turn to
family, friends and lovers</charseq>
    </extent>
    <relation_mention_argument REFID="CNN_IP_20030407.1600.05-E51-118" ROLE="Arg-1">
      <extent>
        <charseq START="592" END="599">soldiers</charseq>
      </extent>
    </relation_mention_argument>
    <relation_mention_argument REFID="CNN_IP_20030407.1600.05-E1-2" ROLE="Arg-2">
      <extent>
        <charseq START="616" END="621">family</charseq>
      </extent>
    </relation_mention_argument>
  </relation_mention>
</relation>
<relation ID="CNN_IP_20030407.1600.05-R16" TYPE="PER-SOC" SUBTYPE="Lasting-Personal" TENSE="Unspecified" MODALITY="Asserted">
  <relation_argument REFID="CNN_IP_20030407.1600.05-E51" ROLE="Arg-1"/>
  <relation_argument REFID="CNN_IP_20030407.1600.05-E2" ROLE="Arg-2"/>
  <relation_mention ID="CNN_IP_20030407.1600.05-R16-1" LEXICALCONDITION="Other">
    <extent>
      <charseq START="557" END="641">Away from the thick of the action, soldiers' minds turn to
family, friends and lovers</charseq>
    </extent>
    <relation_mention_argument REFID="CNN_IP_20030407.1600.05-E51-118" ROLE="Arg-1">
      <extent>
        <charseq START="592" END="599">soldiers</charseq>
      </extent>
    </relation_mention_argument>
    <relation_mention_argument REFID="CNN_IP_20030407.1600.05-E2-3" ROLE="Arg-2">
      <extent>
        <charseq START="624" END="630">friends</charseq>
      </extent>
    </relation_mention_argument>
  </relation_mention>
</relation>
<relation ID="CNN_IP_20030407.1600.05-R17" TYPE="PER-SOC" SUBTYPE="Lasting-Personal" TENSE="Unspecified" MODALITY="Asserted">
  <relation_argument REFID="CNN_IP_20030407.1600.05-E51" ROLE="Arg-1"/>
  <relation_argument REFID="CNN_IP_20030407.1600.05-E3" ROLE="Arg-2"/>
  <relation_mention ID="CNN_IP_20030407.1600.05-R17-1" LEXICALCONDITION="Other">
    <extent>
      <charseq START="557" END="641">Away from the thick of the action, soldiers' minds turn to
family, friends and lovers</charseq>
    </extent>
    <relation_mention_argument REFID="CNN_IP_20030407.1600.05-E51-118" ROLE="Arg-1">
      <extent>
        <charseq START="592" END="599">soldiers</charseq>
      </extent>
    </relation_mention_argument>
    <relation_mention_argument REFID="CNN_IP_20030407.1600.05-E3-5" ROLE="Arg-2">
      <extent>
        <charseq START="636" END="641">lovers</charseq>
      </extent>
    </relation_mention_argument>
  </relation_mention>
</relation>
<event ID="CNN_IP_20030407.1600.05-EV1" TYPE="Conflict" SUBTYPE="Attack" MODALITY="Asserted" POLARITY="Positive" GENERICITY="Specific" TENSE="Past">
  <event_argument REFID="CNN_IP_20030407.1600.05-E21" ROLE="Target"/>
  <event_mention ID="CNN_IP_20030407.1600.05-EV1-1">
    <extent>
      <charseq START="2594" END="2635">many of our aircraft
took significant hits</charseq>
    </extent>
    <ldc_scope>
      <charseq START="2564" END="2651">We did receive heavy fire and many of our aircraft
took significant hits, including mine</charseq>
    </ldc_scope>
    <anchor>
      <charseq START="2632" END="2635">hits</charseq>
    </anchor>
    <event_mention_argument REFID="CNN_IP_20030407.1600.05-E21-54" ROLE="Target">
      <extent>
        <charseq START="2594" END="2613">many of our aircraft</charseq>
      </extent>
    </event_mention_argument>
  </event_mention>
</event>
<event ID="CNN_IP_20030407.1600.05-EV2" TYPE="Contact" SUBTYPE="Phone-Write" MODALITY="Other" POLARITY="Positive" GENERICITY="Generic" TENSE="Unspecified">
  <event_mention ID="CNN_IP_20030407.1600.05-EV2-1">
    <extent>
      <charseq START="133" END="138">Letter</charseq>
    </extent>
    <ldc_scope>
      <charseq START="133" END="228">Letter writing, you know, is sometimes called a lost art in this age of
electronic communication</charseq>
    </ldc_scope>
    <anchor>
      <charseq START="133" END="138">Letter</charseq>
    </anchor>
  </event_mention>
</event>
<event ID="CNN_IP_20030407.1600.05-EV3" TYPE="Contact" SUBTYPE="Phone-Write" MODALITY="Other" POLARITY="Positive" GENERICITY="Generic" TENSE="Unspecified">
  <event_mention ID="CNN_IP_20030407.1600.05-EV3-1">
    <extent>
      <charseq START="216" END="228">communication</charseq>
    </extent>
    <ldc_scope>
      <charseq START="133" END="228">Letter writing, you know, is sometimes called a lost art in this age of
electronic communication</charseq>
    </ldc_scope>
    <anchor>
      <charseq START="216" END="228">communication</charseq>
    </anchor>
  </event_mention>
</event>
<event ID="CNN_IP_20030407.1600.05-EV4" TYPE="Conflict" SUBTYPE="Attack" MODALITY="Asserted" POLARITY="Positive" GENERICITY="Generic" TENSE="Unspecified">
  <event_mention ID="CNN_IP_20030407.1600.05-EV4-1">
    <extent>
      <charseq START="474" END="476">War</charseq>
    </extent>
    <ldc_scope>
      <charseq START="474" END="554">War, soldiers say, is long hours of boredom, followed by a few moments of
madness</charseq>
    </ldc_scope>
    <anchor>
      <charseq START="474" END="476">War</charseq>
    </anchor>
  </event_mention>
</event>
<event ID="CNN_IP_20030407.1600.05-EV5" TYPE="Contact" SUBTYPE="Phone-Write" MODALITY="Other" POLARITY="Positive" GENERICITY="Generic" TENSE="Unspecified">
  <event_mention ID="CNN_IP_20030407.1600.05-EV5-1">
    <extent>
      <charseq START="666" END="672">letters</charseq>
    </extent>
    <ldc_scope>
      <charseq START="644" END="698">No phones, no e-mail, letters are the only
link to home</charseq>
    </ldc_scope>
    <anchor>
      <charseq START="666" END="672">letters</charseq>
    </anchor>
  </event_mention>
</event>
<event ID="CNN_IP_20030407.1600.05-EV6" TYPE="Life" SUBTYPE="Marry" MODALITY="Asserted" POLARITY="Positive" GENERICITY="Specific" TENSE="Past">
  <event_argument REFID="CNN_IP_20030407.1600.05-E4" ROLE="Person"/>
  <event_argument REFID="CNN_IP_20030407.1600.05-T4" ROLE="Time-Within"/>
  <event_mention ID="CNN_IP_20030407.1600.05-EV6-1">
    <extent>
      <charseq START="701" END="765">Melony Marshall was married just a month before she left
for Iraq</charseq>
    </extent>
    <ldc_scope>
      <charseq START="701" END="765">Melony Marshall was married just a month before she left
for Iraq</charseq>
    </ldc_scope>
    <anchor>
      <charseq START="721" END="727">married</charseq>
    </anchor>
    <event_mention_argument REFID="CNN_IP_20030407.1600.05-E4-7" ROLE="Person">
      <extent>
        <charseq START="701" END="715">Melony Marshall</charseq>
      </extent>
    </event_mention_argument>
    <event_mention_argument REFID="CNN_IP_20030407.1600.05-T4-1" ROLE="Time-Within">
      <extent>
        <charseq START="729" END="765">just a month before she left
for Iraq</charseq>
      </extent>
    </event_mention_argument>
  </event_mention>
</event>
<event ID="CNN_IP_20030407.1600.05-EV7" TYPE="Contact" SUBTYPE="Phone-Write" MODALITY="Asserted" POLARITY="Positive" GENERICITY="Specific" TENSE="Past">
  <event_argument REFID="CNN_IP_20030407.1600.05-E4" ROLE="Entity"/>
  <event_argument REFID="CNN_IP_20030407.1600.05-T5" ROLE="Time-Before"/>
  <event_mention ID="CNN_IP_20030407.1600.05-EV7-1">
    <extent>
      <charseq START="835" END="869">I haven't received mail in two days</charseq>
    </extent>
    <ldc_scope>
      <charseq START="835" END="869">I haven't received mail in two days</charseq>
    </ldc_scope>
    <anchor>
      <charseq START="854" END="857">mail</charseq>
    </anchor>
    <event_mention_argument REFID="CNN_IP_20030407.1600.05-E4-9" ROLE="Entity">
      <extent>
        <charseq START="835" END="835">I</charseq>
      </extent>
    </event_mention_argument>
    <event_mention_argument REFID="CNN_IP_20030407.1600.05-T5-1" ROLE="Time-Before">
      <extent>
        <charseq START="862" END="869">two days</charseq>
      </extent>
    </event_mention_argument>
  </event_mention>
</event>
<event ID="CNN_IP_20030407.1600.05-EV8" TYPE="Contact" SUBTYPE="Phone-Write" MODALITY="Asserted" POLARITY="Positive" GENERICITY="Specific" TENSE="Unspecified">
  <event_argument REFID="CNN_IP_20030407.1600.05-E39" ROLE="Place"/>
  <event_argument REFID="CNN_IP_20030407.1600.05-E34" ROLE="Entity"/>
  <event_mention ID="CNN_IP_20030407.1600.05-EV8-1">
    <extent>
      <charseq START="2907" END="2939">their letters get back to the U.S</charseq>
    </extent>
    <ldc_scope>
      <charseq START="2837" END="2976">Different ranks, different anxieties, but all are hoping, by the time
their letters get back to the U.S., they too will soon be heading home</charseq>
    </ldc_scope>
    <anchor>
      <charseq START="2913" END="2919">letters</charseq>
    </anchor>
    <event_mention_argument REFID="CNN_IP_20030407.1600.05-E39-92" ROLE="Place">
      <extent>
        <charseq START="2933" END="2939">the U.S</charseq>
      </extent>
    </event_mention_argument>
    <event_mention_argument REFID="CNN_IP_20030407.1600.05-E34-90" ROLE="Entity">
      <extent>
        <charseq START="2907" END="2911">their</charseq>
      </extent>
    </event_mention_argument>
  </event_mention>
</event>
<event ID="CNN_IP_20030407.1600.05-EV9" TYPE="Conflict" SUBTYPE="Attack" MODALITY="Asserted" POLARITY="Positive" GENERICITY="Generic" TENSE="Unspecified">
  <event_argument REFID="CNN_IP_20030407.1600.05-E24" ROLE="Place"/>
  <event_mention ID="CNN_IP_20030407.1600.05-EV9-1">
    <extent>
      <charseq START="1935" END="1948">desert warfare</charseq>
    </extent>
    <ldc_scope>
      <charseq START="1860" END="1960">Tiffany O'Neal, a military cook, vents her frustration about the rigors
of desert warfare to a friend</charseq>
    </ldc_scope>
    <anchor>
      <charseq START="1942" END="1948">warfare</charseq>
    </anchor>
    <event_mention_argument REFID="CNN_IP_20030407.1600.05-E24-65" ROLE="Place">
      <extent>
        <charseq START="1935" END="1940">desert</charseq>
      </extent>
    </event_mention_argument>
  </event_mention>
</event>
<event ID="CNN_IP_20030407.1600.05-EV10" TYPE="Contact" SUBTYPE="Phone-Write" MODALITY="Asserted" POLARITY="Positive" GENERICITY="Specific" TENSE="Past">
  <event_argument REFID="CNN_IP_20030407.1600.05-E28" ROLE="Entity"/>
  <event_argument REFID="CNN_IP_20030407.1600.05-E32" ROLE="Entity"/>
  <event_mention ID="CNN_IP_20030407.1600.05-EV10-1">
    <extent>
      <charseq START="2271" END="2341">his previous letter home, Apache pilot Joe Bruhl didn't tell his
family</charseq>
    </extent>
    <ldc_scope>
      <charseq START="2268" END="2389">In his previous letter home, Apache pilot Joe Bruhl didn't tell his
family the full details about his first combat mission</charseq>
    </ldc_scope>
    <anchor>
      <charseq START="2284" END="2289">letter</charseq>
    </anchor>
    <event_mention_argument REFID="CNN_IP_20030407.1600.05-E28-79" ROLE="Entity">
      <extent>
        <charseq START="2271" END="2273">his</charseq>
      </extent>
    </event_mention_argument>
    <event_mention_argument REFID="CNN_IP_20030407.1600.05-E32-87" ROLE="Entity">
      <extent>
        <charseq START="2332" END="2341">his
family</charseq>
      </extent>
    </event_mention_argument>
  </event_mention>
</event>
<event ID="CNN_IP_20030407.1600.05-EV11" TYPE="Conflict" SUBTYPE="Attack" MODALITY="Other" POLARITY="Positive" GENERICITY="Generic" TENSE="Unspecified">
  <event_mention ID="CNN_IP_20030407.1600.05-EV11-1">
    <extent>
      <charseq START="2376" END="2381">combat</charseq>
    </extent>
    <ldc_scope>
      <charseq START="2268" END="2389">In his previous letter home, Apache pilot Joe Bruhl didn't tell his
family the full details about his first combat mission</charseq>
    </ldc_scope>
    <anchor>
      <charseq START="2376" END="2381">combat</charseq>
    </anchor>
  </event_mention>
</event>
<event ID="CNN_IP_20030407.1600.05-EV12" TYPE="Conflict" SUBTYPE="Attack" MODALITY="Other" POLARITY="Positive" GENERICITY="Generic" TENSE="Unspecified">
  <event_mention ID="CNN_IP_20030407.1600.05-EV12-1">
    <extent>
      <charseq START="336" END="341">attack</charseq>
    </extent>
    <ldc_scope>
      <charseq START="307" END="404">Karl Penhaul is with an Army attack
helicopter battalion in the town of Najaf in southeastern Iraq</charseq>
    </ldc_scope>
    <anchor>
      <charseq START="336" END="341">attack</charseq>
    </anchor>
  </event_mention>
  <event_mention ID="CNN_IP_20030407.1600.05-EV12-2">
    <extent>
      <charseq START="1295" END="1300">Attack</charseq>
    </extent>
    <ldc_scope>
      <charseq START="1295" END="1373">Attack pilot John Davis is feeling sad he's missing seeing his children
grow up</charseq>
    </ldc_scope>
    <anchor>
      <charseq START="1295" END="1300">Attack</charseq>
    </anchor>
  </event_mention>
</event>
<event ID="CNN_IP_20030407.1600.05-EV13" TYPE="Conflict" SUBTYPE="Attack" MODALITY="Asserted" POLARITY="Positive" GENERICITY="Specific" TENSE="Past">
  <event_argument REFID="CNN_IP_20030407.1600.05-E18" ROLE="Target"/>
  <event_mention ID="CNN_IP_20030407.1600.05-EV13-1">
    <extent>
      <charseq START="2564" END="2588">We did receive heavy fire</charseq>
    </extent>
    <ldc_scope>
      <charseq START="2564" END="2651">We did receive heavy fire and many of our aircraft
took significant hits, including mine</charseq>
    </ldc_scope>
    <anchor>
      <charseq START="2585" END="2588">fire</charseq>
    </anchor>
    <event_mention_argument REFID="CNN_IP_20030407.1600.05-E18-41" ROLE="Target">
      <extent>
        <charseq START="2564" END="2565">We</charseq>
      </extent>
    </event_mention_argument>
  </event_mention>
</event>
<event ID="CNN_IP_20030407.1600.05-EV14" TYPE="Movement" SUBTYPE="Transport" MODALITY="Asserted" POLARITY="Positive" GENERICITY="Specific" TENSE="Past">
  <event_argument REFID="CNN_IP_20030407.1600.05-E4" ROLE="Person"/>
  <event_argument REFID="CNN_IP_20030407.1600.05-E41" ROLE="Destination"/>
  <event_mention ID="CNN_IP_20030407.1600.05-EV14-1">
    <extent>
      <charseq START="749" END="765">she left
for Iraq</charseq>
    </extent>
    <ldc_scope>
      <charseq START="701" END="765">Melony Marshall was married just a month before she left
for Iraq</charseq>
    </ldc_scope>
    <anchor>
      <charseq START="753" END="756">left</charseq>
    </anchor>
    <event_mention_argument REFID="CNN_IP_20030407.1600.05-E4-8" ROLE="Person">
      <extent>
        <charseq START="749" END="751">she</charseq>
      </extent>
    </event_mention_argument>
    <event_mention_argument REFID="CNN_IP_20030407.1600.05-E41-20" ROLE="Destination">
      <extent>
        <charseq START="762" END="765">Iraq</charseq>
      </extent>
    </event_mention_argument>
  </event_mention>
</event>
</document>
</source_file>
