<?xml version="1.0"?>
<!DOCTYPE source_file SYSTEM "apf.v5.1.1.dtd">
<source_file URI="CNN_CF_20030304.1900.06-2.sgm" SOURCE="broadcast conversation" TYPE="text" AUTHOR="LDC" ENCODING="UTF-8">
<document DOCID="CNN_CF_20030304.1900.06-2">
<entity ID="CNN_CF_20030304.1900.06-2-E1" TYPE="PER" SUBTYPE="Individual" CLASS="SPC">
  <entity_mention ID="CNN_CF_20030304.1900.06-2-E1-4" TYPE="NAM" LDCTYPE="NAM" LDCATR="FALSE">
    <extent>
      <charseq START="1106" END="1117">BEN CHARLTON</charseq>
    </extent>
    <head>
      <charseq START="1106" END="1117">BEN CHARLTON</charseq>
    </head>
  </entity_mention>
  <entity_mention ID="CNN_CF_20030304.1900.06-2-E1-31" TYPE="PRO" LDCTYPE="PRO" LDCATR="FALSE">
    <extent>
      <charseq START="1124" END="1124">I</charseq>
    </extent>
    <head>
      <charseq START="1124" END="1124">I</charseq>
    </head>
  </entity_mention>
  <entity_mention ID="CNN_CF_20030304.1900.06-2-E1-32" TYPE="NAM" LDCTYPE="NAM" LDCATR="TRUE">
    <extent>
      <charseq START="1128" END="1172">Ben Charlton (ph) from East Lansing, Michigan</charseq>
    </extent>
    <head>
      <charseq START="1128" END="1139">Ben Charlton</charseq>
    </head>
  </entity_mention>
  <entity_mention ID="CNN_CF_20030304.1900.06-2-E1-33" TYPE="PRO" LDCTYPE="PRO" LDCATR="FALSE">
    <extent>
      <charseq START="1175" END="1175">I</charseq>
    </extent>
    <head>
      <charseq START="1175" END="1175">I</charseq>
    </head>
  </entity_mention>
  <entity_attributes>
    <name NAME="BEN CHARLTON">
      <charseq START="1106" END="1117">BEN CHARLTON</charseq>
    </name>
    <name NAME="Ben Charlton">
      <charseq START="1128" END="1139">Ben Charlton</charseq>
    </name>
  </entity_attributes>
</entity>
<entity ID="CNN_CF_20030304.1900.06-2-E2" TYPE="PER" SUBTYPE="Individual" CLASS="SPC">
  <entity_mention ID="CNN_CF_20030304.1900.06-2-E2-3" TYPE="NAM" LDCTYPE="NAM" LDCATR="FALSE">
    <extent>
      <charseq START="1061" END="1065">NOVAK</charseq>
    </extent>
    <head>
      <charseq START="1061" END="1065">NOVAK</charseq>
    </head>
  </entity_mention>
  <entity_mention ID="CNN_CF_20030304.1900.06-2-E2-5" TYPE="NAM" LDCTYPE="NAM" LDCATR="FALSE">
    <extent>
      <charseq START="1289" END="1293">NOVAK</charseq>
    </extent>
    <head>
      <charseq START="1289" END="1293">NOVAK</charseq>
    </head>
  </entity_mention>
  <entity_mention ID="CNN_CF_20030304.1900.06-2-E2-7" TYPE="NAM" LDCTYPE="NAM" LDCATR="FALSE">
    <extent>
      <charseq START="1963" END="1967">NOVAK</charseq>
    </extent>
    <head>
      <charseq START="1963" END="1967">NOVAK</charseq>
    </head>
  </entity_mention>
  <entity_mention ID="CNN_CF_20030304.1900.06-2-E2-8" TYPE="PRO" LDCTYPE="PRO" LDCATR="FALSE">
    <extent>
      <charseq START="1986" END="1986">I</charseq>
    </extent>
    <head>
      <charseq START="1986" END="1986">I</charseq>
    </head>
  </entity_mention>
  <entity_mention ID="CNN_CF_20030304.1900.06-2-E2-9" TYPE="NAM" LDCTYPE="NAM" LDCATR="TRUE">
    <extent>
      <charseq START="1990" END="2001">Robert Novak</charseq>
    </extent>
    <head>
      <charseq START="1990" END="2001">Robert Novak</charseq>
    </head>
  </entity_mention>
  <entity_mention ID="CNN_CF_20030304.1900.06-2-E2-13" TYPE="PRO" LDCTYPE="PRO" LDCATR="FALSE">
    <extent>
      <charseq START="1413" END="1413">I</charseq>
    </extent>
    <head>
      <charseq START="1413" END="1413">I</charseq>
    </head>
  </entity_mention>
  <entity_mention ID="CNN_CF_20030304.1900.06-2-E2-72" TYPE="NAM" LDCTYPE="NAM" LDCATR="FALSE">
    <extent>
      <charseq START="411" END="415">NOVAK</charseq>
    </extent>
    <head>
      <charseq START="411" END="415">NOVAK</charseq>
    </head>
  </entity_mention>
  <entity_mention ID="CNN_CF_20030304.1900.06-2-E2-74" TYPE="NAM" LDCTYPE="NAM" LDCATR="FALSE">
    <extent>
      <charseq START="176" END="180">NOVAK</charseq>
    </extent>
    <head>
      <charseq START="176" END="180">NOVAK</charseq>
    </head>
  </entity_mention>
  <entity_mention ID="CNN_CF_20030304.1900.06-2-E2-76" TYPE="NAM" LDCTYPE="NAM" LDCATR="FALSE">
    <extent>
      <charseq START="906" END="910">NOVAK</charseq>
    </extent>
    <head>
      <charseq START="906" END="910">NOVAK</charseq>
    </head>
  </entity_mention>
  <entity_attributes>
    <name NAME="NOVAK">
      <charseq START="1061" END="1065">NOVAK</charseq>
    </name>
    <name NAME="NOVAK">
      <charseq START="1289" END="1293">NOVAK</charseq>
    </name>
    <name NAME="NOVAK">
      <charseq START="1963" END="1967">NOVAK</charseq>
    </name>
    <name NAME="Robert Novak">
      <charseq START="1990" END="2001">Robert Novak</charseq>
    </name>
    <name NAME="NOVAK">
      <charseq START="411" END="415">NOVAK</charseq>
    </name>
    <name NAME="NOVAK">
      <charseq START="176" END="180">NOVAK</charseq>
    </name>
    <name NAME="NOVAK">
      <charseq START="906" END="910">NOVAK</charseq>
    </name>
  </entity_attributes>
</entity>
<entity ID="CNN_CF_20030304.1900.06-2-E3" TYPE="PER" SUBTYPE="Individual" CLASS="SPC">
  <entity_mention ID="CNN_CF_20030304.1900.06-2-E3-2" TYPE="NAM" LDCTYPE="NAM" LDCATR="FALSE">
    <extent>
      <charseq START="938" END="943">BEGALA</charseq>
    </extent>
    <head>
      <charseq START="938" END="943">BEGALA</charseq>
    </head>
  </entity_mention>
  <entity_mention ID="CNN_CF_20030304.1900.06-2-E3-6" TYPE="NAM" LDCTYPE="NAM" LDCATR="FALSE">
    <extent>
      <charseq START="1568" END="1573">BEGALA</charseq>
    </extent>
    <head>
      <charseq START="1568" END="1573">BEGALA</charseq>
    </head>
  </entity_mention>
  <entity_mention ID="CNN_CF_20030304.1900.06-2-E3-10" TYPE="NAM" LDCTYPE="NAM" LDCATR="TRUE">
    <extent>
      <charseq START="1922" END="1932">Paul Begala</charseq>
    </extent>
    <head>
      <charseq START="1922" END="1932">Paul Begala</charseq>
    </head>
  </entity_mention>
  <entity_mention ID="CNN_CF_20030304.1900.06-2-E3-11" TYPE="PRO" LDCTYPE="PRO" LDCATR="FALSE">
    <extent>
      <charseq START="1917" END="1917">I</charseq>
    </extent>
    <head>
      <charseq START="1917" END="1917">I</charseq>
    </head>
  </entity_mention>
  <entity_mention ID="CNN_CF_20030304.1900.06-2-E3-12" TYPE="PRO" LDCTYPE="PRO" LDCATR="FALSE">
    <extent>
      <charseq START="1654" END="1654">I</charseq>
    </extent>
    <head>
      <charseq START="1654" END="1654">I</charseq>
    </head>
  </entity_mention>
  <entity_mention ID="CNN_CF_20030304.1900.06-2-E3-14" TYPE="NAM" LDCTYPE="NAM" LDCATR="FALSE">
    <extent>
      <charseq START="1426" END="1429">Paul</charseq>
    </extent>
    <head>
      <charseq START="1426" END="1429">Paul</charseq>
    </head>
  </entity_mention>
  <entity_mention ID="CNN_CF_20030304.1900.06-2-E3-15" TYPE="PRO" LDCTYPE="PRO" LDCATR="FALSE">
    <extent>
      <charseq START="1448" END="1449">me</charseq>
    </extent>
    <head>
      <charseq START="1448" END="1449">me</charseq>
    </head>
  </entity_mention>
  <entity_mention ID="CNN_CF_20030304.1900.06-2-E3-17" TYPE="PRO" LDCTYPE="PRO" LDCATR="FALSE">
    <extent>
      <charseq START="592" END="592">I</charseq>
    </extent>
    <head>
      <charseq START="592" END="592">I</charseq>
    </head>
  </entity_mention>
  <entity_mention ID="CNN_CF_20030304.1900.06-2-E3-75" TYPE="NAM" LDCTYPE="NAM" LDCATR="FALSE">
    <extent>
      <charseq START="511" END="516">BEGALA</charseq>
    </extent>
    <head>
      <charseq START="511" END="516">BEGALA</charseq>
    </head>
  </entity_mention>
  <entity_attributes>
    <name NAME="BEGALA">
      <charseq START="938" END="943">BEGALA</charseq>
    </name>
    <name NAME="BEGALA">
      <charseq START="1568" END="1573">BEGALA</charseq>
    </name>
    <name NAME="Paul Begala">
      <charseq START="1922" END="1932">Paul Begala</charseq>
    </name>
    <name NAME="Paul">
      <charseq START="1426" END="1429">Paul</charseq>
    </name>
    <name NAME="BEGALA">
      <charseq START="511" END="516">BEGALA</charseq>
    </name>
  </entity_attributes>
</entity>
<entity ID="CNN_CF_20030304.1900.06-2-E4" TYPE="GPE" SUBTYPE="Nation" CLASS="SPC">
  <entity_mention ID="CNN_CF_20030304.1900.06-2-E4-16" TYPE="PRO" LDCTYPE="PRO" ROLE="GPE">
    <extent>
      <charseq START="1068" END="1069">We</charseq>
    </extent>
    <head>
      <charseq START="1068" END="1069">We</charseq>
    </head>
  </entity_mention>
  <entity_mention ID="CNN_CF_20030304.1900.06-2-E4-19" TYPE="PRO" LDCTYPE="PRO" ROLE="GPE">
    <extent>
      <charseq START="699" END="700">we</charseq>
    </extent>
    <head>
      <charseq START="699" END="700">we</charseq>
    </head>
  </entity_mention>
  <entity_mention ID="CNN_CF_20030304.1900.06-2-E4-20" TYPE="PRO" LDCTYPE="PRO" ROLE="GPE">
    <extent>
      <charseq START="743" END="745">our</charseq>
    </extent>
    <head>
      <charseq START="743" END="745">our</charseq>
    </head>
  </entity_mention>
  <entity_mention ID="CNN_CF_20030304.1900.06-2-E4-22" TYPE="PRO" LDCTYPE="PRO" ROLE="GPE">
    <extent>
      <charseq START="755" END="756">We</charseq>
    </extent>
    <head>
      <charseq START="755" END="756">We</charseq>
    </head>
  </entity_mention>
  <entity_mention ID="CNN_CF_20030304.1900.06-2-E4-26" TYPE="PRO" LDCTYPE="PRO" ROLE="GPE">
    <extent>
      <charseq START="881" END="882">we</charseq>
    </extent>
    <head>
      <charseq START="881" END="882">we</charseq>
    </head>
  </entity_mention>
  <entity_mention ID="CNN_CF_20030304.1900.06-2-E4-27" TYPE="PRO" LDCTYPE="PRO" ROLE="GPE">
    <extent>
      <charseq START="913" END="914">We</charseq>
    </extent>
    <head>
      <charseq START="913" END="914">We</charseq>
    </head>
  </entity_mention>
  <entity_mention ID="CNN_CF_20030304.1900.06-2-E4-29" TYPE="PRO" LDCTYPE="PRO" ROLE="GPE">
    <extent>
      <charseq START="992" END="993">we</charseq>
    </extent>
    <head>
      <charseq START="992" END="993">we</charseq>
    </head>
  </entity_mention>
  <entity_mention ID="CNN_CF_20030304.1900.06-2-E4-36" TYPE="PRO" LDCTYPE="PRO" ROLE="GPE">
    <extent>
      <charseq START="1187" END="1188">we</charseq>
    </extent>
    <head>
      <charseq START="1187" END="1188">we</charseq>
    </head>
  </entity_mention>
  <entity_mention ID="CNN_CF_20030304.1900.06-2-E4-37" TYPE="PRO" LDCTYPE="PRO" ROLE="GPE">
    <extent>
      <charseq START="1239" END="1240">we</charseq>
    </extent>
    <head>
      <charseq START="1239" END="1240">we</charseq>
    </head>
  </entity_mention>
  <entity_mention ID="CNN_CF_20030304.1900.06-2-E4-38" TYPE="PRO" LDCTYPE="PRO" ROLE="GPE">
    <extent>
      <charseq START="1260" END="1262">our</charseq>
    </extent>
    <head>
      <charseq START="1260" END="1262">our</charseq>
    </head>
  </entity_mention>
  <entity_mention ID="CNN_CF_20030304.1900.06-2-E4-43" TYPE="PRO" LDCTYPE="PRO" ROLE="GPE">
    <extent>
      <charseq START="1476" END="1477">we</charseq>
    </extent>
    <head>
      <charseq START="1476" END="1477">we</charseq>
    </head>
  </entity_mention>
  <entity_mention ID="CNN_CF_20030304.1900.06-2-E4-50" TYPE="PRO" LDCTYPE="PRO" ROLE="GPE">
    <extent>
      <charseq START="1692" END="1693">We</charseq>
    </extent>
    <head>
      <charseq START="1692" END="1693">We</charseq>
    </head>
  </entity_mention>
  <entity_mention ID="CNN_CF_20030304.1900.06-2-E4-51" TYPE="PRO" LDCTYPE="PRO" ROLE="GPE">
    <extent>
      <charseq START="1726" END="1727">we</charseq>
    </extent>
    <head>
      <charseq START="1726" END="1727">we</charseq>
    </head>
  </entity_mention>
  <entity_mention ID="CNN_CF_20030304.1900.06-2-E4-52" TYPE="PRO" LDCTYPE="PRO" ROLE="GPE">
    <extent>
      <charseq START="1757" END="1758">we</charseq>
    </extent>
    <head>
      <charseq START="1757" END="1758">we</charseq>
    </head>
  </entity_mention>
  <entity_mention ID="CNN_CF_20030304.1900.06-2-E4-53" TYPE="PRO" LDCTYPE="PRO" ROLE="GPE">
    <extent>
      <charseq START="1802" END="1803">we</charseq>
    </extent>
    <head>
      <charseq START="1802" END="1803">we</charseq>
    </head>
  </entity_mention>
  <entity_mention ID="CNN_CF_20030304.1900.06-2-E4-57" TYPE="PRO" LDCTYPE="PRO" ROLE="GPE">
    <extent>
      <charseq START="1836" END="1844">ourselves</charseq>
    </extent>
    <head>
      <charseq START="1836" END="1844">ourselves</charseq>
    </head>
  </entity_mention>
</entity>
<entity ID="CNN_CF_20030304.1900.06-2-E5" TYPE="GPE" SUBTYPE="Nation" CLASS="SPC">
  <entity_mention ID="CNN_CF_20030304.1900.06-2-E5-21" TYPE="NOM" LDCTYPE="NOM" ROLE="GPE">
    <extent>
      <charseq START="743" END="752">our allies</charseq>
    </extent>
    <head>
      <charseq START="747" END="752">allies</charseq>
    </head>
  </entity_mention>
  <entity_mention ID="CNN_CF_20030304.1900.06-2-E5-24" TYPE="NOM" LDCTYPE="NOM" ROLE="GPE">
    <extent>
      <charseq START="827" END="838">those allies</charseq>
    </extent>
    <head>
      <charseq START="833" END="838">allies</charseq>
    </head>
  </entity_mention>
</entity>
<entity ID="CNN_CF_20030304.1900.06-2-E6" TYPE="GPE" SUBTYPE="Nation" CLASS="SPC">
  <entity_mention ID="CNN_CF_20030304.1900.06-2-E6-23" TYPE="NAM" LDCTYPE="NAM" ROLE="LOC">
    <extent>
      <charseq START="787" END="790">Iraq</charseq>
    </extent>
    <head>
      <charseq START="787" END="790">Iraq</charseq>
    </head>
  </entity_mention>
  <entity_mention ID="CNN_CF_20030304.1900.06-2-E6-30" TYPE="NAM" LDCTYPE="NAM" ROLE="LOC">
    <extent>
      <charseq START="1052" END="1055">Iraq</charseq>
    </extent>
    <head>
      <charseq START="1052" END="1055">Iraq</charseq>
    </head>
  </entity_mention>
  <entity_mention ID="CNN_CF_20030304.1900.06-2-E6-40" TYPE="NAM" LDCTYPE="NAM" ROLE="LOC">
    <extent>
      <charseq START="1227" END="1230">Iraq</charseq>
    </extent>
    <head>
      <charseq START="1227" END="1230">Iraq</charseq>
    </head>
  </entity_mention>
  <entity_attributes>
    <name NAME="Iraq">
      <charseq START="787" END="790">Iraq</charseq>
    </name>
    <name NAME="Iraq">
      <charseq START="1052" END="1055">Iraq</charseq>
    </name>
    <name NAME="Iraq">
      <charseq START="1227" END="1230">Iraq</charseq>
    </name>
  </entity_attributes>
</entity>
<entity ID="CNN_CF_20030304.1900.06-2-E7" TYPE="PER" SUBTYPE="Group" CLASS="USP">
  <entity_mention ID="CNN_CF_20030304.1900.06-2-E7-25" TYPE="PRO" LDCTYPE="PRO">
    <extent>
      <charseq START="858" END="861">they</charseq>
    </extent>
    <head>
      <charseq START="858" END="861">they</charseq>
    </head>
  </entity_mention>
</entity>
<entity ID="CNN_CF_20030304.1900.06-2-E8" TYPE="GPE" SUBTYPE="Nation" CLASS="SPC">
  <entity_mention ID="CNN_CF_20030304.1900.06-2-E8-28" TYPE="NAM" LDCTYPE="NAM" ROLE="GPE">
    <extent>
      <charseq START="975" END="982">Pakistan</charseq>
    </extent>
    <head>
      <charseq START="975" END="982">Pakistan</charseq>
    </head>
  </entity_mention>
  <entity_attributes>
    <name NAME="Pakistan">
      <charseq START="975" END="982">Pakistan</charseq>
    </name>
  </entity_attributes>
</entity>
<entity ID="CNN_CF_20030304.1900.06-2-E10" TYPE="GPE" SUBTYPE="Population-Center" CLASS="SPC">
  <entity_mention ID="CNN_CF_20030304.1900.06-2-E10-34" TYPE="NAM" LDCTYPE="NAM" ROLE="LOC">
    <extent>
      <charseq START="1151" END="1172">East Lansing, Michigan</charseq>
    </extent>
    <head>
      <charseq START="1151" END="1162">East Lansing</charseq>
    </head>
  </entity_mention>
  <entity_attributes>
    <name NAME="East Lansing">
      <charseq START="1151" END="1162">East Lansing</charseq>
    </name>
  </entity_attributes>
</entity>
<entity ID="CNN_CF_20030304.1900.06-2-E11" TYPE="GPE" SUBTYPE="State-or-Province" CLASS="SPC">
  <entity_mention ID="CNN_CF_20030304.1900.06-2-E11-35" TYPE="NAM" LDCTYPE="NAM" ROLE="LOC">
    <extent>
      <charseq START="1165" END="1172">Michigan</charseq>
    </extent>
    <head>
      <charseq START="1165" END="1172">Michigan</charseq>
    </head>
  </entity_mention>
  <entity_attributes>
    <name NAME="Michigan">
      <charseq START="1165" END="1172">Michigan</charseq>
    </name>
  </entity_attributes>
</entity>
<entity ID="CNN_CF_20030304.1900.06-2-E12" TYPE="ORG" SUBTYPE="Non-Governmental" CLASS="SPC">
  <entity_mention ID="CNN_CF_20030304.1900.06-2-E12-39" TYPE="NAM" LDCTYPE="NAMPRE" LDCATR="FALSE">
    <extent>
      <charseq START="1199" END="1201">U.N</charseq>
    </extent>
    <head>
      <charseq START="1199" END="1201">U.N</charseq>
    </head>
  </entity_mention>
  <entity_mention ID="CNN_CF_20030304.1900.06-2-E12-44" TYPE="NAM" LDCTYPE="NAMPRE" LDCATR="TRUE">
    <extent>
      <charseq START="1540" END="1553">United Nations</charseq>
    </extent>
    <head>
      <charseq START="1540" END="1553">United Nations</charseq>
    </head>
  </entity_mention>
  <entity_mention ID="CNN_CF_20030304.1900.06-2-E12-49" TYPE="NAM" LDCTYPE="NAM" LDCATR="FALSE">
    <extent>
      <charseq START="1709" END="1715">the U.N</charseq>
    </extent>
    <head>
      <charseq START="1713" END="1715">U.N</charseq>
    </head>
  </entity_mention>
  <entity_mention ID="CNN_CF_20030304.1900.06-2-E12-54" TYPE="NAM" LDCTYPE="NAM" LDCATR="FALSE">
    <extent>
      <charseq START="1894" END="1900">the U.N</charseq>
    </extent>
    <head>
      <charseq START="1898" END="1900">U.N</charseq>
    </head>
  </entity_mention>
  <entity_attributes>
    <name NAME="U.N">
      <charseq START="1199" END="1201">U.N</charseq>
    </name>
    <name NAME="United Nations">
      <charseq START="1540" END="1553">United Nations</charseq>
    </name>
    <name NAME="U.N">
      <charseq START="1713" END="1715">U.N</charseq>
    </name>
    <name NAME="U.N">
      <charseq START="1898" END="1900">U.N</charseq>
    </name>
  </entity_attributes>
</entity>
<entity ID="CNN_CF_20030304.1900.06-2-E14" TYPE="PER" SUBTYPE="Group" CLASS="SPC">
  <entity_mention ID="CNN_CF_20030304.1900.06-2-E14-41" TYPE="PRO" LDCTYPE="PRO">
    <extent>
      <charseq START="1347" END="1348">We</charseq>
    </extent>
    <head>
      <charseq START="1347" END="1348">We</charseq>
    </head>
  </entity_mention>
  <entity_mention ID="CNN_CF_20030304.1900.06-2-E14-56" TYPE="PRO" LDCTYPE="PRO">
    <extent>
      <charseq START="2009" END="2010">us</charseq>
    </extent>
    <head>
      <charseq START="2009" END="2010">us</charseq>
    </head>
  </entity_mention>
</entity>
<entity ID="CNN_CF_20030304.1900.06-2-E15" TYPE="PER" SUBTYPE="Group" CLASS="SPC">
  <entity_mention ID="CNN_CF_20030304.1900.06-2-E15-42" TYPE="NOM" LDCTYPE="NOM">
    <extent>
      <charseq START="1378" END="1389">the audience</charseq>
    </extent>
    <head>
      <charseq START="1382" END="1389">audience</charseq>
    </head>
  </entity_mention>
</entity>
<entity ID="CNN_CF_20030304.1900.06-2-E17" TYPE="PER" SUBTYPE="Individual" CLASS="SPC">
  <entity_mention ID="CNN_CF_20030304.1900.06-2-E17-1" TYPE="PRO" LDCTYPE="PRO" LDCATR="FALSE">
    <extent>
      <charseq START="216" END="216">I</charseq>
    </extent>
    <head>
      <charseq START="216" END="216">I</charseq>
    </head>
  </entity_mention>
  <entity_mention ID="CNN_CF_20030304.1900.06-2-E17-18" TYPE="PRO" LDCTYPE="PRO" LDCATR="FALSE">
    <extent>
      <charseq START="661" END="663">you</charseq>
    </extent>
    <head>
      <charseq START="661" END="663">you</charseq>
    </head>
  </entity_mention>
  <entity_mention ID="CNN_CF_20030304.1900.06-2-E17-59" TYPE="NAM" LDCTYPE="NAM" LDCATR="TRUE">
    <extent>
      <charseq START="220" END="262">Christa Demore (ph) from Monrovia, Maryland</charseq>
    </extent>
    <head>
      <charseq START="220" END="233">Christa Demore</charseq>
    </head>
  </entity_mention>
  <entity_mention ID="CNN_CF_20030304.1900.06-2-E17-62" TYPE="PRO" LDCTYPE="PRO" LDCATR="FALSE">
    <extent>
      <charseq START="269" END="269">I</charseq>
    </extent>
    <head>
      <charseq START="269" END="269">I</charseq>
    </head>
  </entity_mention>
  <entity_mention ID="CNN_CF_20030304.1900.06-2-E17-73" TYPE="NAM" LDCTYPE="NAM" LDCATR="FALSE">
    <extent>
      <charseq START="196" END="209">CHRISTA DEMORE</charseq>
    </extent>
    <head>
      <charseq START="196" END="209">CHRISTA DEMORE</charseq>
    </head>
  </entity_mention>
  <entity_attributes>
    <name NAME="Christa Demore">
      <charseq START="220" END="233">Christa Demore</charseq>
    </name>
    <name NAME="CHRISTA DEMORE">
      <charseq START="196" END="209">CHRISTA DEMORE</charseq>
    </name>
  </entity_attributes>
</entity>
<entity ID="CNN_CF_20030304.1900.06-2-E18" TYPE="PER" SUBTYPE="Individual" CLASS="SPC">
  <entity_mention ID="CNN_CF_20030304.1900.06-2-E18-48" TYPE="NAM" LDCTYPE="NAM">
    <extent>
      <charseq START="1669" END="1671">god</charseq>
    </extent>
    <head>
      <charseq START="1669" END="1671">god</charseq>
    </head>
  </entity_mention>
  <entity_attributes>
    <name NAME="god">
      <charseq START="1669" END="1671">god</charseq>
    </name>
  </entity_attributes>
</entity>
<entity ID="CNN_CF_20030304.1900.06-2-E19" TYPE="LOC" SUBTYPE="Celestial" CLASS="SPC">
  <entity_mention ID="CNN_CF_20030304.1900.06-2-E19-58" TYPE="NOM" LDCTYPE="NOM">
    <extent>
      <charseq START="1780" END="1788">the world</charseq>
    </extent>
    <head>
      <charseq START="1784" END="1788">world</charseq>
    </head>
  </entity_mention>
</entity>
<entity ID="CNN_CF_20030304.1900.06-2-E21" TYPE="GPE" SUBTYPE="Population-Center" CLASS="SPC">
  <entity_mention ID="CNN_CF_20030304.1900.06-2-E21-60" TYPE="NAM" LDCTYPE="NAM" ROLE="LOC">
    <extent>
      <charseq START="245" END="262">Monrovia, Maryland</charseq>
    </extent>
    <head>
      <charseq START="245" END="252">Monrovia</charseq>
    </head>
  </entity_mention>
  <entity_attributes>
    <name NAME="Monrovia">
      <charseq START="245" END="252">Monrovia</charseq>
    </name>
  </entity_attributes>
</entity>
<entity ID="CNN_CF_20030304.1900.06-2-E22" TYPE="GPE" SUBTYPE="State-or-Province" CLASS="SPC">
  <entity_mention ID="CNN_CF_20030304.1900.06-2-E22-61" TYPE="NAM" LDCTYPE="NAM" ROLE="LOC">
    <extent>
      <charseq START="255" END="262">Maryland</charseq>
    </extent>
    <head>
      <charseq START="255" END="262">Maryland</charseq>
    </head>
  </entity_mention>
  <entity_attributes>
    <name NAME="Maryland">
      <charseq START="255" END="262">Maryland</charseq>
    </name>
  </entity_attributes>
</entity>
<entity ID="CNN_CF_20030304.1900.06-2-E23" TYPE="ORG" SUBTYPE="Non-Governmental" CLASS="SPC">
  <entity_mention ID="CNN_CF_20030304.1900.06-2-E23-63" TYPE="NAM" LDCTYPE="NAM">
    <extent>
      <charseq START="290" END="298">Democrats</charseq>
    </extent>
    <head>
      <charseq START="290" END="298">Democrats</charseq>
    </head>
  </entity_mention>
  <entity_attributes>
    <name NAME="Democrats">
      <charseq START="290" END="298">Democrats</charseq>
    </name>
  </entity_attributes>
</entity>
<entity ID="CNN_CF_20030304.1900.06-2-E24" TYPE="PER" SUBTYPE="Individual" CLASS="SPC">
  <entity_mention ID="CNN_CF_20030304.1900.06-2-E24-45" TYPE="NOM" LDCTYPE="NOM" LDCATR="FALSE">
    <extent>
      <charseq START="1593" END="1605">The president</charseq>
    </extent>
    <head>
      <charseq START="1597" END="1605">president</charseq>
    </head>
  </entity_mention>
  <entity_mention ID="CNN_CF_20030304.1900.06-2-E24-46" TYPE="PRO" LDCTYPE="PRO" LDCATR="FALSE">
    <extent>
      <charseq START="1644" END="1645">he</charseq>
    </extent>
    <head>
      <charseq START="1644" END="1645">he</charseq>
    </head>
  </entity_mention>
  <entity_mention ID="CNN_CF_20030304.1900.06-2-E24-47" TYPE="PRO" LDCTYPE="PRO" LDCATR="FALSE">
    <extent>
      <charseq START="1673" END="1674">he</charseq>
    </extent>
    <head>
      <charseq START="1673" END="1674">he</charseq>
    </head>
  </entity_mention>
  <entity_mention ID="CNN_CF_20030304.1900.06-2-E24-55" TYPE="PRO" LDCTYPE="PRO" LDCATR="FALSE">
    <extent>
      <charseq START="1859" END="1860">he</charseq>
    </extent>
    <head>
      <charseq START="1859" END="1860">he</charseq>
    </head>
  </entity_mention>
  <entity_mention ID="CNN_CF_20030304.1900.06-2-E24-64" TYPE="NAM" LDCTYPE="NAM" LDCATR="FALSE">
    <extent>
      <charseq START="311" END="324">President Bush</charseq>
    </extent>
    <head>
      <charseq START="321" END="324">Bush</charseq>
    </head>
  </entity_mention>
  <entity_mention ID="CNN_CF_20030304.1900.06-2-E24-65" TYPE="NOM" LDCTYPE="NOMPRE" LDCATR="TRUE">
    <extent>
      <charseq START="311" END="319">President</charseq>
    </extent>
    <head>
      <charseq START="311" END="319">President</charseq>
    </head>
  </entity_mention>
  <entity_mention ID="CNN_CF_20030304.1900.06-2-E24-69" TYPE="PRO" LDCTYPE="PRO" LDCATR="FALSE">
    <extent>
      <charseq START="519" END="520">He</charseq>
    </extent>
    <head>
      <charseq START="519" END="520">He</charseq>
    </head>
  </entity_mention>
  <entity_attributes>
    <name NAME="Bush">
      <charseq START="321" END="324">Bush</charseq>
    </name>
  </entity_attributes>
</entity>
<entity ID="CNN_CF_20030304.1900.06-2-E26" TYPE="ORG" SUBTYPE="Non-Governmental" CLASS="SPC">
  <entity_mention ID="CNN_CF_20030304.1900.06-2-E26-66" TYPE="NAM" LDCTYPE="NAM">
    <extent>
      <charseq START="359" END="366">al Qaeda</charseq>
    </extent>
    <head>
      <charseq START="359" END="366">al Qaeda</charseq>
    </head>
  </entity_mention>
  <entity_attributes>
    <name NAME="al Qaeda">
      <charseq START="359" END="366">al Qaeda</charseq>
    </name>
  </entity_attributes>
</entity>
<entity ID="CNN_CF_20030304.1900.06-2-E27" TYPE="PER" SUBTYPE="Individual" CLASS="SPC">
  <entity_mention ID="CNN_CF_20030304.1900.06-2-E27-67" TYPE="NOM" LDCTYPE="NOM">
    <extent>
      <charseq START="359" END="389">al Qaeda's second key operative</charseq>
    </extent>
    <head>
      <charseq START="381" END="389">operative</charseq>
    </head>
  </entity_mention>
  <entity_mention ID="CNN_CF_20030304.1900.06-2-E27-70" TYPE="NOM" LDCTYPE="NOM">
    <extent>
      <charseq START="709" END="716">that guy</charseq>
    </extent>
    <head>
      <charseq START="714" END="716">guy</charseq>
    </head>
  </entity_mention>
  <entity_mention ID="CNN_CF_20030304.1900.06-2-E27-71" TYPE="NOM" LDCTYPE="NOM">
    <extent>
      <charseq START="872" END="878">the guy</charseq>
    </extent>
    <head>
      <charseq START="876" END="878">guy</charseq>
    </head>
  </entity_mention>
</entity>
<entity ID="CNN_CF_20030304.1900.06-2-E28" TYPE="PER" SUBTYPE="Indeterminate" CLASS="USP">
  <entity_mention ID="CNN_CF_20030304.1900.06-2-E28-68" TYPE="PRO" LDCTYPE="PRO">
    <extent>
      <charseq START="437" END="439">you</charseq>
    </extent>
    <head>
      <charseq START="437" END="439">you</charseq>
    </head>
  </entity_mention>
</entity>
<timex2 ID="CNN_CF_20030304.1900.06-2-T1">
  <timex2_mention ID="CNN_CF_20030304.1900.06-2-T1-1">
    <extent>
      <charseq START="38" END="62">2003-03-04T19:00:00-05:00</charseq>
    </extent>
  </timex2_mention>
</timex2>
<timex2 ID="CNN_CF_20030304.1900.06-2-T2">
  <timex2_mention ID="CNN_CF_20030304.1900.06-2-T2-1">
    <extent>
      <charseq START="841" END="856">The same weekend</charseq>
    </extent>
  </timex2_mention>
</timex2>
<timex2 ID="CNN_CF_20030304.1900.06-2-T3">
  <timex2_mention ID="CNN_CF_20030304.1900.06-2-T3-1">
    <extent>
      <charseq START="2012" END="2020">next time</charseq>
    </extent>
  </timex2_mention>
</timex2>
<relation ID="CNN_CF_20030304.1900.06-2-R1" TYPE="PART-WHOLE" SUBTYPE="Geographical" TENSE="Unspecified" MODALITY="Asserted">
  <relation_argument REFID="CNN_CF_20030304.1900.06-2-E21" ROLE="Arg-1"/>
  <relation_argument REFID="CNN_CF_20030304.1900.06-2-E22" ROLE="Arg-2"/>
  <relation_mention ID="CNN_CF_20030304.1900.06-2-R1-1" LEXICALCONDITION="Formulaic">
    <extent>
      <charseq START="245" END="262">Monrovia, Maryland</charseq>
    </extent>
    <relation_mention_argument REFID="CNN_CF_20030304.1900.06-2-E21-60" ROLE="Arg-1">
      <extent>
        <charseq START="245" END="262">Monrovia, Maryland</charseq>
      </extent>
    </relation_mention_argument>
    <relation_mention_argument REFID="CNN_CF_20030304.1900.06-2-E22-61" ROLE="Arg-2">
      <extent>
        <charseq START="255" END="262">Maryland</charseq>
      </extent>
    </relation_mention_argument>
  </relation_mention>
</relation>
<relation ID="CNN_CF_20030304.1900.06-2-R2" TYPE="GEN-AFF" SUBTYPE="Citizen-Resident-Religion-Ethnicity" TENSE="Unspecified" MODALITY="Asserted">
  <relation_argument REFID="CNN_CF_20030304.1900.06-2-E17" ROLE="Arg-1"/>
  <relation_argument REFID="CNN_CF_20030304.1900.06-2-E21" ROLE="Arg-2"/>
  <relation_mention ID="CNN_CF_20030304.1900.06-2-R2-1" LEXICALCONDITION="Preposition">
    <extent>
      <charseq START="220" END="262">Christa Demore (ph) from Monrovia, Maryland</charseq>
    </extent>
    <relation_mention_argument REFID="CNN_CF_20030304.1900.06-2-E17-59" ROLE="Arg-1">
      <extent>
        <charseq START="220" END="262">Christa Demore (ph) from Monrovia, Maryland</charseq>
      </extent>
    </relation_mention_argument>
    <relation_mention_argument REFID="CNN_CF_20030304.1900.06-2-E21-60" ROLE="Arg-2">
      <extent>
        <charseq START="245" END="262">Monrovia, Maryland</charseq>
      </extent>
    </relation_mention_argument>
  </relation_mention>
</relation>
<relation ID="CNN_CF_20030304.1900.06-2-R3" TYPE="ORG-AFF" SUBTYPE="Employment" TENSE="Unspecified" MODALITY="Asserted">
  <relation_argument REFID="CNN_CF_20030304.1900.06-2-E27" ROLE="Arg-1"/>
  <relation_argument REFID="CNN_CF_20030304.1900.06-2-E26" ROLE="Arg-2"/>
  <relation_mention ID="CNN_CF_20030304.1900.06-2-R3-1" LEXICALCONDITION="Possessive">
    <extent>
      <charseq START="359" END="389">al Qaeda's second key operative</charseq>
    </extent>
    <relation_mention_argument REFID="CNN_CF_20030304.1900.06-2-E27-67" ROLE="Arg-1">
      <extent>
        <charseq START="359" END="389">al Qaeda's second key operative</charseq>
      </extent>
    </relation_mention_argument>
    <relation_mention_argument REFID="CNN_CF_20030304.1900.06-2-E26-66" ROLE="Arg-2">
      <extent>
        <charseq START="359" END="366">al Qaeda</charseq>
      </extent>
    </relation_mention_argument>
  </relation_mention>
</relation>
<relation ID="CNN_CF_20030304.1900.06-2-R4" TYPE="GEN-AFF" SUBTYPE="Citizen-Resident-Religion-Ethnicity" TENSE="Unspecified" MODALITY="Asserted">
  <relation_argument REFID="CNN_CF_20030304.1900.06-2-E1" ROLE="Arg-1"/>
  <relation_argument REFID="CNN_CF_20030304.1900.06-2-E10" ROLE="Arg-2"/>
  <relation_mention ID="CNN_CF_20030304.1900.06-2-R4-1" LEXICALCONDITION="Preposition">
    <extent>
      <charseq START="1128" END="1172">Ben Charlton (ph) from East Lansing, Michigan</charseq>
    </extent>
    <relation_mention_argument REFID="CNN_CF_20030304.1900.06-2-E1-32" ROLE="Arg-1">
      <extent>
        <charseq START="1128" END="1172">Ben Charlton (ph) from East Lansing, Michigan</charseq>
      </extent>
    </relation_mention_argument>
    <relation_mention_argument REFID="CNN_CF_20030304.1900.06-2-E10-34" ROLE="Arg-2">
      <extent>
        <charseq START="1151" END="1172">East Lansing, Michigan</charseq>
      </extent>
    </relation_mention_argument>
  </relation_mention>
</relation>
<relation ID="CNN_CF_20030304.1900.06-2-R5" TYPE="PART-WHOLE" SUBTYPE="Geographical" TENSE="Unspecified" MODALITY="Asserted">
  <relation_argument REFID="CNN_CF_20030304.1900.06-2-E10" ROLE="Arg-1"/>
  <relation_argument REFID="CNN_CF_20030304.1900.06-2-E11" ROLE="Arg-2"/>
  <relation_mention ID="CNN_CF_20030304.1900.06-2-R5-1" LEXICALCONDITION="Formulaic">
    <extent>
      <charseq START="1151" END="1172">East Lansing, Michigan</charseq>
    </extent>
    <relation_mention_argument REFID="CNN_CF_20030304.1900.06-2-E10-34" ROLE="Arg-1">
      <extent>
        <charseq START="1151" END="1172">East Lansing, Michigan</charseq>
      </extent>
    </relation_mention_argument>
    <relation_mention_argument REFID="CNN_CF_20030304.1900.06-2-E11-35" ROLE="Arg-2">
      <extent>
        <charseq START="1165" END="1172">Michigan</charseq>
      </extent>
    </relation_mention_argument>
  </relation_mention>
</relation>
<event ID="CNN_CF_20030304.1900.06-2-EV1" TYPE="Justice" SUBTYPE="Arrest-Jail" MODALITY="Asserted" POLARITY="Positive" GENERICITY="Specific" TENSE="Past">
  <event_argument REFID="CNN_CF_20030304.1900.06-2-E27" ROLE="Person"/>
  <event_argument REFID="CNN_CF_20030304.1900.06-2-E4" ROLE="Agent"/>
  <event_argument REFID="CNN_CF_20030304.1900.06-2-E7" ROLE="Agent"/>
  <event_argument REFID="CNN_CF_20030304.1900.06-2-T2" ROLE="Time-Within"/>
  <event_argument REFID="CNN_CF_20030304.1900.06-2-E8" ROLE="Agent"/>
  <event_mention ID="CNN_CF_20030304.1900.06-2-EV1-1">
    <extent>
      <charseq START="359" END="405">al Qaeda's second key operative was just caught</charseq>
    </extent>
    <ldc_scope>
      <charseq START="265" END="405">And I'm curious, how
can Democrats claim that President Bush is ignoring the war on terror if
al Qaeda's second key operative was just caught</charseq>
    </ldc_scope>
    <anchor>
      <charseq START="400" END="405">caught</charseq>
    </anchor>
    <event_mention_argument REFID="CNN_CF_20030304.1900.06-2-E27-67" ROLE="Person">
      <extent>
        <charseq START="359" END="389">al Qaeda's second key operative</charseq>
      </extent>
    </event_mention_argument>
  </event_mention>
  <event_mention ID="CNN_CF_20030304.1900.06-2-EV1-2">
    <extent>
      <charseq START="699" END="716">we caught that guy</charseq>
    </extent>
    <ldc_scope>
      <charseq START="691" END="752">The way we caught that guy was by coordinating
with our allies</charseq>
    </ldc_scope>
    <anchor>
      <charseq START="702" END="707">caught</charseq>
    </anchor>
    <event_mention_argument REFID="CNN_CF_20030304.1900.06-2-E27-70" ROLE="Person">
      <extent>
        <charseq START="709" END="716">that guy</charseq>
      </extent>
    </event_mention_argument>
    <event_mention_argument REFID="CNN_CF_20030304.1900.06-2-E4-19" ROLE="Agent">
      <extent>
        <charseq START="699" END="700">we</charseq>
      </extent>
    </event_mention_argument>
  </event_mention>
  <event_mention ID="CNN_CF_20030304.1900.06-2-EV1-3">
    <extent>
      <charseq START="841" END="878">The same weekend they arrested the guy</charseq>
    </extent>
    <ldc_scope>
      <charseq START="841" END="886">The same weekend they arrested the guy,
we had</charseq>
    </ldc_scope>
    <anchor>
      <charseq START="863" END="870">arrested</charseq>
    </anchor>
    <event_mention_argument REFID="CNN_CF_20030304.1900.06-2-E27-71" ROLE="Person">
      <extent>
        <charseq START="872" END="878">the guy</charseq>
      </extent>
    </event_mention_argument>
    <event_mention_argument REFID="CNN_CF_20030304.1900.06-2-E7-25" ROLE="Agent">
      <extent>
        <charseq START="858" END="861">they</charseq>
      </extent>
    </event_mention_argument>
    <event_mention_argument REFID="CNN_CF_20030304.1900.06-2-T2-1" ROLE="Time-Within">
      <extent>
        <charseq START="841" END="856">The same weekend</charseq>
      </extent>
    </event_mention_argument>
  </event_mention>
  <event_mention ID="CNN_CF_20030304.1900.06-2-EV1-4">
    <extent>
      <charseq START="931" END="932">it</charseq>
    </extent>
    <ldc_scope>
      <charseq START="913" END="932">We had no part in it</charseq>
    </ldc_scope>
    <anchor>
      <charseq START="931" END="932">it</charseq>
    </anchor>
  </event_mention>
  <event_mention ID="CNN_CF_20030304.1900.06-2-EV1-5">
    <extent>
      <charseq START="950" END="982">it was a joint effort by Pakistan</charseq>
    </extent>
    <ldc_scope>
      <charseq START="946" END="982">No, it was a joint effort by Pakistan</charseq>
    </ldc_scope>
    <anchor>
      <charseq START="950" END="951">it</charseq>
    </anchor>
    <event_mention_argument REFID="CNN_CF_20030304.1900.06-2-E8-28" ROLE="Agent">
      <extent>
        <charseq START="975" END="982">Pakistan</charseq>
      </extent>
    </event_mention_argument>
  </event_mention>
</event>
<event ID="CNN_CF_20030304.1900.06-2-EV2" TYPE="Conflict" SUBTYPE="Attack" MODALITY="Other" POLARITY="Positive" GENERICITY="Specific" TENSE="Future">
  <event_argument REFID="CNN_CF_20030304.1900.06-2-E6" ROLE="Place"/>
  <event_argument REFID="CNN_CF_20030304.1900.06-2-E4" ROLE="Attacker"/>
  <event_mention ID="CNN_CF_20030304.1900.06-2-EV2-1">
    <extent>
      <charseq START="1217" END="1230">action in Iraq</charseq>
    </extent>
    <ldc_scope>
      <charseq START="1175" END="1283">I was -- if we
wait for U.N. approval for action in Iraq, don't we sacrifice some of our
national sovereignty</charseq>
    </ldc_scope>
    <anchor>
      <charseq START="1217" END="1222">action</charseq>
    </anchor>
    <event_mention_argument REFID="CNN_CF_20030304.1900.06-2-E6-40" ROLE="Place">
      <extent>
        <charseq START="1227" END="1230">Iraq</charseq>
      </extent>
    </event_mention_argument>
  </event_mention>
  <event_mention ID="CNN_CF_20030304.1900.06-2-EV2-2">
    <extent>
      <charseq START="1476" END="1487">we go to war</charseq>
    </extent>
    <ldc_scope>
      <charseq START="1452" END="1526">The question of whether we go to war or not is
strictly a national question</charseq>
    </ldc_scope>
    <anchor>
      <charseq START="1485" END="1487">war</charseq>
    </anchor>
    <event_mention_argument REFID="CNN_CF_20030304.1900.06-2-E4-43" ROLE="Attacker">
      <extent>
        <charseq START="1476" END="1477">we</charseq>
      </extent>
    </event_mention_argument>
  </event_mention>
</event>
</document>
</source_file>
