<?xml version="1.0"?>
<!DOCTYPE source_file SYSTEM "apf.v5.1.1.dtd">
<source_file URI="CNN_IP_20030405.1600.00-1.sgm" SOURCE="broadcast conversation" TYPE="text" AUTHOR="LDC" ENCODING="UTF-8">
<document DOCID="CNN_IP_20030405.1600.00-1">
<entity ID="CNN_IP_20030405.1600.00-1-E1" TYPE="ORG" SUBTYPE="Government" CLASS="SPC">
  <entity_mention ID="CNN_IP_20030405.1600.00-1-E1-2" TYPE="NOM" LDCTYPE="NOM">
    <extent>
      <charseq START="627" END="649">Saddam Hussein's regime</charseq>
    </extent>
    <head>
      <charseq START="644" END="649">regime</charseq>
    </head>
  </entity_mention>
  <entity_mention ID="CNN_IP_20030405.1600.00-1-E1-30" TYPE="NOM" LDCTYPE="NOM">
    <extent>
      <charseq START="1390" END="1417">the
regime of Saddam Hussein</charseq>
    </extent>
    <head>
      <charseq START="1394" END="1399">regime</charseq>
    </head>
  </entity_mention>
  <entity_mention ID="CNN_IP_20030405.1600.00-1-E1-48" TYPE="NOM" LDCTYPE="NOM">
    <extent>
      <charseq START="2921" END="2935">Saddam's regime</charseq>
    </extent>
    <head>
      <charseq START="2930" END="2935">regime</charseq>
    </head>
  </entity_mention>
</entity>
<entity ID="CNN_IP_20030405.1600.00-1-E2" TYPE="ORG" SUBTYPE="Media" CLASS="SPC">
  <entity_mention ID="CNN_IP_20030405.1600.00-1-E2-3" TYPE="NAM" LDCTYPE="NAM">
    <extent>
      <charseq START="694" END="700">Reuters</charseq>
    </extent>
    <head>
      <charseq START="694" END="700">Reuters</charseq>
    </head>
  </entity_mention>
  <entity_mention ID="CNN_IP_20030405.1600.00-1-E2-11" TYPE="NAM" LDCTYPE="NAM">
    <extent>
      <charseq START="956" END="962">Reuters</charseq>
    </extent>
    <head>
      <charseq START="956" END="962">Reuters</charseq>
    </head>
  </entity_mention>
  <entity_attributes>
    <name NAME="Reuters">
      <charseq START="694" END="700">Reuters</charseq>
    </name>
    <name NAME="Reuters">
      <charseq START="956" END="962">Reuters</charseq>
    </name>
  </entity_attributes>
</entity>
<entity ID="CNN_IP_20030405.1600.00-1-E3" TYPE="WEA" SUBTYPE="Shooting" CLASS="GEN">
  <entity_mention ID="CNN_IP_20030405.1600.00-1-E3-4" TYPE="NOM" LDCTYPE="NOMPRE" LDCATR="TRUE">
    <extent>
      <charseq START="721" END="729">artillery</charseq>
    </extent>
    <head>
      <charseq START="721" END="729">artillery</charseq>
    </head>
  </entity_mention>
  <entity_mention ID="CNN_IP_20030405.1600.00-1-E3-10" TYPE="NOM" LDCTYPE="NOM" LDCATR="FALSE">
    <extent>
      <charseq START="926" END="940">Heavy artillery</charseq>
    </extent>
    <head>
      <charseq START="932" END="940">artillery</charseq>
    </head>
  </entity_mention>
</entity>
<entity ID="CNN_IP_20030405.1600.00-1-E5" TYPE="LOC" SUBTYPE="Region-General" CLASS="SPC">
  <entity_mention ID="CNN_IP_20030405.1600.00-1-E5-5" TYPE="NAM" LDCTYPE="NAM">
    <extent>
      <charseq START="771" END="787">southwest Baghdad</charseq>
    </extent>
    <head>
      <charseq START="781" END="787">Baghdad</charseq>
    </head>
  </entity_mention>
  <entity_mention ID="CNN_IP_20030405.1600.00-1-E5-12" TYPE="NAM" LDCTYPE="NAM">
    <extent>
      <charseq START="973" END="989">southwest Baghdad</charseq>
    </extent>
    <head>
      <charseq START="983" END="989">Baghdad</charseq>
    </head>
  </entity_mention>
  <entity_attributes>
    <name NAME="Baghdad">
      <charseq START="781" END="787">Baghdad</charseq>
    </name>
    <name NAME="Baghdad">
      <charseq START="983" END="989">Baghdad</charseq>
    </name>
  </entity_attributes>
</entity>
<entity ID="CNN_IP_20030405.1600.00-1-E6" TYPE="FAC" SUBTYPE="Airport" CLASS="SPC">
  <entity_mention ID="CNN_IP_20030405.1600.00-1-E6-6" TYPE="NOM" LDCTYPE="NOM" LDCATR="FALSE">
    <extent>
      <charseq START="803" END="827">the international
airport</charseq>
    </extent>
    <head>
      <charseq START="821" END="827">airport</charseq>
    </head>
  </entity_mention>
  <entity_mention ID="CNN_IP_20030405.1600.00-1-E6-7" TYPE="PRO" LDCTYPE="WHQ" LDCATR="FALSE">
    <extent>
      <charseq START="830" END="833">what</charseq>
    </extent>
    <head>
      <charseq START="830" END="833">what</charseq>
    </head>
  </entity_mention>
  <entity_mention ID="CNN_IP_20030405.1600.00-1-E6-8" TYPE="NAM" LDCTYPE="NAM" LDCATR="FALSE">
    <extent>
      <charseq START="853" END="880">Saddam International Airport</charseq>
    </extent>
    <head>
      <charseq START="853" END="880">Saddam International Airport</charseq>
    </head>
  </entity_mention>
  <entity_mention ID="CNN_IP_20030405.1600.00-1-E6-9" TYPE="NAM" LDCTYPE="NAM" LDCATR="TRUE">
    <extent>
      <charseq START="895" END="923">Baghdad International Airport</charseq>
    </extent>
    <head>
      <charseq START="895" END="923">Baghdad International Airport</charseq>
    </head>
  </entity_mention>
  <entity_mention ID="CNN_IP_20030405.1600.00-1-E6-13" TYPE="NOM" LDCTYPE="NOM" LDCATR="FALSE">
    <extent>
      <charseq START="1021" END="1045">the international
airport</charseq>
    </extent>
    <head>
      <charseq START="1039" END="1045">airport</charseq>
    </head>
  </entity_mention>
  <entity_mention ID="CNN_IP_20030405.1600.00-1-E6-17" TYPE="NOM" LDCTYPE="NOM" LDCATR="FALSE">
    <extent>
      <charseq START="1130" END="1141">that airport</charseq>
    </extent>
    <head>
      <charseq START="1135" END="1141">airport</charseq>
    </head>
  </entity_mention>
  <entity_attributes>
    <name NAME="Saddam International Airport">
      <charseq START="853" END="880">Saddam International Airport</charseq>
    </name>
    <name NAME="Baghdad International Airport">
      <charseq START="895" END="923">Baghdad International Airport</charseq>
    </name>
  </entity_attributes>
</entity>
<entity ID="CNN_IP_20030405.1600.00-1-E9" TYPE="GPE" SUBTYPE="Population-Center" CLASS="SPC">
  <entity_mention ID="CNN_IP_20030405.1600.00-1-E9-117" TYPE="NAM" LDCTYPE="NAM" ROLE="LOC">
    <extent>
      <charseq START="340" END="350">Kuwait
City</charseq>
    </extent>
    <head>
      <charseq START="340" END="350">Kuwait
City</charseq>
    </head>
  </entity_mention>
  <entity_attributes>
    <name NAME="Kuwait City">
      <charseq START="340" END="350">Kuwait
City</charseq>
    </name>
  </entity_attributes>
</entity>
<entity ID="CNN_IP_20030405.1600.00-1-E10" TYPE="GPE" SUBTYPE="Nation" CLASS="SPC">
  <entity_mention ID="CNN_IP_20030405.1600.00-1-E10-15" TYPE="NAM" LDCTYPE="NAMPRE" ROLE="GPE" LDCATR="TRUE">
    <extent>
      <charseq START="1100" END="1102">U.S</charseq>
    </extent>
    <head>
      <charseq START="1100" END="1102">U.S</charseq>
    </head>
  </entity_mention>
  <entity_mention ID="CNN_IP_20030405.1600.00-1-E10-24" TYPE="NAM" LDCTYPE="NAMPRE" ROLE="GPE" LDCATR="TRUE">
    <extent>
      <charseq START="1249" END="1251">U.S</charseq>
    </extent>
    <head>
      <charseq START="1249" END="1251">U.S</charseq>
    </head>
  </entity_mention>
  <entity_mention ID="CNN_IP_20030405.1600.00-1-E10-37" TYPE="NAM" LDCTYPE="NAMPRE" ROLE="GPE" LDCATR="TRUE">
    <extent>
      <charseq START="1608" END="1610">U.S</charseq>
    </extent>
    <head>
      <charseq START="1608" END="1610">U.S</charseq>
    </head>
  </entity_mention>
  <entity_mention ID="CNN_IP_20030405.1600.00-1-E10-38" TYPE="NAM" LDCTYPE="NAMPRE" ROLE="GPE" LDCATR="TRUE">
    <extent>
      <charseq START="1720" END="1722">U.S</charseq>
    </extent>
    <head>
      <charseq START="1720" END="1722">U.S</charseq>
    </head>
  </entity_mention>
  <entity_mention ID="CNN_IP_20030405.1600.00-1-E10-39" TYPE="NAM" LDCTYPE="NAMPRE" ROLE="GPE" LDCATR="TRUE">
    <extent>
      <charseq START="1867" END="1869">U.S</charseq>
    </extent>
    <head>
      <charseq START="1867" END="1869">U.S</charseq>
    </head>
  </entity_mention>
  <entity_mention ID="CNN_IP_20030405.1600.00-1-E10-42" TYPE="NAM" LDCTYPE="NAMPRE" ROLE="GPE" LDCATR="TRUE">
    <extent>
      <charseq START="2479" END="2481">U.S</charseq>
    </extent>
    <head>
      <charseq START="2479" END="2481">U.S</charseq>
    </head>
  </entity_mention>
  <entity_mention ID="CNN_IP_20030405.1600.00-1-E10-43" TYPE="NAM" LDCTYPE="NAMPRE" ROLE="GPE" LDCATR="TRUE">
    <extent>
      <charseq START="2752" END="2759">American</charseq>
    </extent>
    <head>
      <charseq START="2752" END="2759">American</charseq>
    </head>
  </entity_mention>
  <entity_mention ID="CNN_IP_20030405.1600.00-1-E10-77" TYPE="NAM" LDCTYPE="NAMPRE" ROLE="GPE" LDCATR="TRUE">
    <extent>
      <charseq START="2226" END="2233">American</charseq>
    </extent>
    <head>
      <charseq START="2226" END="2233">American</charseq>
    </head>
  </entity_mention>
  <entity_mention ID="CNN_IP_20030405.1600.00-1-E10-102" TYPE="NAM" LDCTYPE="NAM" ROLE="GPE" LDCATR="FALSE">
    <extent>
      <charseq START="206" END="208">U.S</charseq>
    </extent>
    <head>
      <charseq START="206" END="208">U.S</charseq>
    </head>
  </entity_mention>
  <entity_attributes>
    <name NAME="U.S">
      <charseq START="1100" END="1102">U.S</charseq>
    </name>
    <name NAME="U.S">
      <charseq START="1249" END="1251">U.S</charseq>
    </name>
    <name NAME="U.S">
      <charseq START="1608" END="1610">U.S</charseq>
    </name>
    <name NAME="U.S">
      <charseq START="1720" END="1722">U.S</charseq>
    </name>
    <name NAME="U.S">
      <charseq START="1867" END="1869">U.S</charseq>
    </name>
    <name NAME="U.S">
      <charseq START="2479" END="2481">U.S</charseq>
    </name>
    <name NAME="American">
      <charseq START="2752" END="2759">American</charseq>
    </name>
    <name NAME="American">
      <charseq START="2226" END="2233">American</charseq>
    </name>
    <name NAME="U.S">
      <charseq START="206" END="208">U.S</charseq>
    </name>
  </entity_attributes>
</entity>
<entity ID="CNN_IP_20030405.1600.00-1-E11" TYPE="PER" SUBTYPE="Group" CLASS="USP">
  <entity_mention ID="CNN_IP_20030405.1600.00-1-E11-16" TYPE="NOM" LDCTYPE="BAR">
    <extent>
      <charseq START="1100" END="1110">U.S. forces</charseq>
    </extent>
    <head>
      <charseq START="1105" END="1110">forces</charseq>
    </head>
  </entity_mention>
</entity>
<entity ID="CNN_IP_20030405.1600.00-1-E12" TYPE="PER" SUBTYPE="Group" CLASS="GEN">
  <entity_mention ID="CNN_IP_20030405.1600.00-1-E12-22" TYPE="NOM" LDCTYPE="NOM">
    <extent>
      <charseq START="1198" END="1208">our viewers</charseq>
    </extent>
    <head>
      <charseq START="1202" END="1208">viewers</charseq>
    </head>
  </entity_mention>
</entity>
<entity ID="CNN_IP_20030405.1600.00-1-E14" TYPE="LOC" SUBTYPE="Region-General" CLASS="SPC">
  <entity_mention ID="CNN_IP_20030405.1600.00-1-E14-26" TYPE="NOM" LDCTYPE="NOM">
    <extent>
      <charseq START="1277" END="1296">the city's outskirts</charseq>
    </extent>
    <head>
      <charseq START="1288" END="1296">outskirts</charseq>
    </head>
  </entity_mention>
</entity>
<entity ID="CNN_IP_20030405.1600.00-1-E15" TYPE="LOC" SUBTYPE="Region-General" CLASS="SPC">
  <entity_mention ID="CNN_IP_20030405.1600.00-1-E15-27" TYPE="NOM" LDCTYPE="NOM">
    <extent>
      <charseq START="1303" END="1326">the heart of the
capital</charseq>
    </extent>
    <head>
      <charseq START="1307" END="1311">heart</charseq>
    </head>
  </entity_mention>
</entity>
<entity ID="CNN_IP_20030405.1600.00-1-E16" TYPE="PER" SUBTYPE="Group" CLASS="USP">
  <entity_mention ID="CNN_IP_20030405.1600.00-1-E16-29" TYPE="NOM" LDCTYPE="BAR">
    <extent>
      <charseq START="1329" END="1338">Commanders</charseq>
    </extent>
    <head>
      <charseq START="1329" END="1338">Commanders</charseq>
    </head>
  </entity_mention>
</entity>
<entity ID="CNN_IP_20030405.1600.00-1-E17" TYPE="GPE" SUBTYPE="Nation" CLASS="SPC">
  <entity_mention ID="CNN_IP_20030405.1600.00-1-E17-33" TYPE="NAM" LDCTYPE="NAMPRE" ROLE="GPE" LDCATR="TRUE">
    <extent>
      <charseq START="1445" END="1449">Iraqi</charseq>
    </extent>
    <head>
      <charseq START="1445" END="1449">Iraqi</charseq>
    </head>
  </entity_mention>
  <entity_mention ID="CNN_IP_20030405.1600.00-1-E17-34" TYPE="NAM" LDCTYPE="NAMPRE" ROLE="GPE" LDCATR="TRUE">
    <extent>
      <charseq START="1459" END="1463">Iraqi</charseq>
    </extent>
    <head>
      <charseq START="1459" END="1463">Iraqi</charseq>
    </head>
  </entity_mention>
  <entity_mention ID="CNN_IP_20030405.1600.00-1-E17-35" TYPE="NAM" LDCTYPE="NAMPRE" ROLE="GPE" LDCATR="TRUE">
    <extent>
      <charseq START="1538" END="1542">Iraqi</charseq>
    </extent>
    <head>
      <charseq START="1538" END="1542">Iraqi</charseq>
    </head>
  </entity_mention>
  <entity_mention ID="CNN_IP_20030405.1600.00-1-E17-36" TYPE="NAM" LDCTYPE="NAMPRE" ROLE="GPE" LDCATR="TRUE">
    <extent>
      <charseq START="1749" END="1753">Iraqi</charseq>
    </extent>
    <head>
      <charseq START="1749" END="1753">Iraqi</charseq>
    </head>
  </entity_mention>
  <entity_mention ID="CNN_IP_20030405.1600.00-1-E17-40" TYPE="NAM" LDCTYPE="NAMPRE" ROLE="GPE" LDCATR="TRUE">
    <extent>
      <charseq START="1883" END="1887">Iraqi</charseq>
    </extent>
    <head>
      <charseq START="1883" END="1887">Iraqi</charseq>
    </head>
  </entity_mention>
  <entity_mention ID="CNN_IP_20030405.1600.00-1-E17-41" TYPE="NAM" LDCTYPE="NAMPRE" ROLE="GPE" LDCATR="TRUE">
    <extent>
      <charseq START="2405" END="2409">Iraqi</charseq>
    </extent>
    <head>
      <charseq START="2405" END="2409">Iraqi</charseq>
    </head>
  </entity_mention>
  <entity_mention ID="CNN_IP_20030405.1600.00-1-E17-104" TYPE="NAM" LDCTYPE="NAM" ROLE="PER" LDCATR="FALSE">
    <extent>
      <charseq START="239" END="244">Iraqis</charseq>
    </extent>
    <head>
      <charseq START="239" END="244">Iraqis</charseq>
    </head>
  </entity_mention>
  <entity_attributes>
    <name NAME="Iraqi">
      <charseq START="1445" END="1449">Iraqi</charseq>
    </name>
    <name NAME="Iraqi">
      <charseq START="1459" END="1463">Iraqi</charseq>
    </name>
    <name NAME="Iraqi">
      <charseq START="1538" END="1542">Iraqi</charseq>
    </name>
    <name NAME="Iraqi">
      <charseq START="1749" END="1753">Iraqi</charseq>
    </name>
    <name NAME="Iraqi">
      <charseq START="1883" END="1887">Iraqi</charseq>
    </name>
    <name NAME="Iraqi">
      <charseq START="2405" END="2409">Iraqi</charseq>
    </name>
    <name NAME="Iraqis">
      <charseq START="239" END="244">Iraqis</charseq>
    </name>
  </entity_attributes>
</entity>
<entity ID="CNN_IP_20030405.1600.00-1-E26" TYPE="PER" SUBTYPE="Individual" CLASS="SPC">
  <entity_mention ID="CNN_IP_20030405.1600.00-1-E26-1" TYPE="NAM" LDCTYPE="NAM">
    <extent>
      <charseq START="130" END="148">Our Jeff Greenfield</charseq>
    </extent>
    <head>
      <charseq START="134" END="148">Jeff Greenfield</charseq>
    </head>
  </entity_mention>
  <entity_attributes>
    <name NAME="Jeff Greenfield">
      <charseq START="134" END="148">Jeff Greenfield</charseq>
    </name>
  </entity_attributes>
</entity>
<entity ID="CNN_IP_20030405.1600.00-1-E29" TYPE="PER" SUBTYPE="Group" CLASS="GEN">
  <entity_mention ID="CNN_IP_20030405.1600.00-1-E29-49" TYPE="NOM" LDCTYPE="BAR">
    <extent>
      <charseq START="1445" END="1456">Iraqi forces</charseq>
    </extent>
    <head>
      <charseq START="1451" END="1456">forces</charseq>
    </head>
  </entity_mention>
</entity>
<entity ID="CNN_IP_20030405.1600.00-1-E30" TYPE="PER" SUBTYPE="Group" CLASS="GEN">
  <entity_mention ID="CNN_IP_20030405.1600.00-1-E30-50" TYPE="NOM" LDCTYPE="BAR">
    <extent>
      <charseq START="1459" END="1473">Iraqi
officials</charseq>
    </extent>
    <head>
      <charseq START="1465" END="1473">officials</charseq>
    </head>
  </entity_mention>
  <entity_mention ID="CNN_IP_20030405.1600.00-1-E30-51" TYPE="PRO" LDCTYPE="PRO">
    <extent>
      <charseq START="1525" END="1529">their</charseq>
    </extent>
    <head>
      <charseq START="1525" END="1529">their</charseq>
    </head>
  </entity_mention>
</entity>
<entity ID="CNN_IP_20030405.1600.00-1-E31" TYPE="ORG" SUBTYPE="Media" CLASS="GEN">
  <entity_mention ID="CNN_IP_20030405.1600.00-1-E31-52" TYPE="NOM" LDCTYPE="NOM">
    <extent>
      <charseq START="1538" END="1545">Iraqi TV</charseq>
    </extent>
    <head>
      <charseq START="1544" END="1545">TV</charseq>
    </head>
  </entity_mention>
  <entity_mention ID="CNN_IP_20030405.1600.00-1-E31-54" TYPE="PRO" LDCTYPE="PRO">
    <extent>
      <charseq START="1593" END="1596">they</charseq>
    </extent>
    <head>
      <charseq START="1593" END="1596">they</charseq>
    </head>
  </entity_mention>
</entity>
<entity ID="CNN_IP_20030405.1600.00-1-E32" TYPE="PER" SUBTYPE="Group" CLASS="USP">
  <entity_mention ID="CNN_IP_20030405.1600.00-1-E32-31" TYPE="PRO" LDCTYPE="PRO">
    <extent>
      <charseq START="251" END="251">s</charseq>
    </extent>
    <head>
      <charseq START="251" END="251">s</charseq>
    </head>
  </entity_mention>
</entity>
<entity ID="CNN_IP_20030405.1600.00-1-E33" TYPE="PER" SUBTYPE="Group" CLASS="USP">
  <entity_mention ID="CNN_IP_20030405.1600.00-1-E33-53" TYPE="NOM" LDCTYPE="BAR">
    <extent>
      <charseq START="1563" END="1648">people dancing on top of what they said were
U.S. armored vehicles destroyed in battle</charseq>
    </extent>
    <head>
      <charseq START="1563" END="1568">people</charseq>
    </head>
  </entity_mention>
</entity>
<entity ID="CNN_IP_20030405.1600.00-1-E34" TYPE="VEH" SUBTYPE="Land" CLASS="SPC">
  <entity_mention ID="CNN_IP_20030405.1600.00-1-E34-55" TYPE="PRO" LDCTYPE="WHQ">
    <extent>
      <charseq START="1588" END="1591">what</charseq>
    </extent>
    <head>
      <charseq START="1588" END="1591">what</charseq>
    </head>
  </entity_mention>
  <entity_mention ID="CNN_IP_20030405.1600.00-1-E34-56" TYPE="NOM" LDCTYPE="BAR">
    <extent>
      <charseq START="1608" END="1648">U.S. armored vehicles destroyed in battle</charseq>
    </extent>
    <head>
      <charseq START="1621" END="1628">vehicles</charseq>
    </head>
  </entity_mention>
</entity>
<entity ID="CNN_IP_20030405.1600.00-1-E35" TYPE="LOC" SUBTYPE="Region-General" CLASS="SPC">
  <entity_mention ID="CNN_IP_20030405.1600.00-1-E35-57" TYPE="NAM" LDCTYPE="NAM">
    <extent>
      <charseq START="1654" END="1666">northern Iraq</charseq>
    </extent>
    <head>
      <charseq START="1663" END="1666">Iraq</charseq>
    </head>
  </entity_mention>
  <entity_attributes>
    <name NAME="Iraq">
      <charseq START="1663" END="1666">Iraq</charseq>
    </name>
  </entity_attributes>
</entity>
<entity ID="CNN_IP_20030405.1600.00-1-E36" TYPE="PER" SUBTYPE="Individual" CLASS="SPC">
  <entity_mention ID="CNN_IP_20030405.1600.00-1-E36-59" TYPE="NAM" LDCTYPE="NAM">
    <extent>
      <charseq START="1669" END="1686">CNN's Brent
Sadler</charseq>
    </extent>
    <head>
      <charseq START="1675" END="1686">Brent
Sadler</charseq>
    </head>
  </entity_mention>
  <entity_attributes>
    <name NAME="Brent Sadler">
      <charseq START="1675" END="1686">Brent
Sadler</charseq>
    </name>
  </entity_attributes>
</entity>
<entity ID="CNN_IP_20030405.1600.00-1-E37" TYPE="PER" SUBTYPE="Group" CLASS="USP">
  <entity_mention ID="CNN_IP_20030405.1600.00-1-E37-60" TYPE="NOM" LDCTYPE="BAR">
    <extent>
      <charseq START="1249" END="1259">U.S.
troops</charseq>
    </extent>
    <head>
      <charseq START="1254" END="1259">troops</charseq>
    </head>
  </entity_mention>
</entity>
<entity ID="CNN_IP_20030405.1600.00-1-E38" TYPE="PER" SUBTYPE="Group" CLASS="USP">
  <entity_mention ID="CNN_IP_20030405.1600.00-1-E38-61" TYPE="NOM" LDCTYPE="BAR">
    <extent>
      <charseq START="1720" END="1730">U.S. forces</charseq>
    </extent>
    <head>
      <charseq START="1725" END="1730">forces</charseq>
    </head>
  </entity_mention>
</entity>
<entity ID="CNN_IP_20030405.1600.00-1-E39" TYPE="WEA" SUBTYPE="Exploding" CLASS="USP">
  <entity_mention ID="CNN_IP_20030405.1600.00-1-E39-62" TYPE="NOM" LDCTYPE="BAR">
    <extent>
      <charseq START="1740" END="1744">bombs</charseq>
    </extent>
    <head>
      <charseq START="1740" END="1744">bombs</charseq>
    </head>
  </entity_mention>
</entity>
<entity ID="CNN_IP_20030405.1600.00-1-E40" TYPE="PER" SUBTYPE="Group" CLASS="USP">
  <entity_mention ID="CNN_IP_20030405.1600.00-1-E40-63" TYPE="NOM" LDCTYPE="BAR">
    <extent>
      <charseq START="1749" END="1762">Iraqi
fighters</charseq>
    </extent>
    <head>
      <charseq START="1755" END="1762">fighters</charseq>
    </head>
  </entity_mention>
</entity>
<entity ID="CNN_IP_20030405.1600.00-1-E41" TYPE="WEA" SUBTYPE="Exploding" CLASS="SPC">
  <entity_mention ID="CNN_IP_20030405.1600.00-1-E41-64" TYPE="NOM" LDCTYPE="NOM">
    <extent>
      <charseq START="1778" END="1812">28 bombs weighing 7,500 pounds each</charseq>
    </extent>
    <head>
      <charseq START="1781" END="1785">bombs</charseq>
    </head>
  </entity_mention>
</entity>
<entity ID="CNN_IP_20030405.1600.00-1-E42" TYPE="LOC" SUBTYPE="Region-General" CLASS="SPC">
  <entity_mention ID="CNN_IP_20030405.1600.00-1-E42-65" TYPE="NOM" LDCTYPE="NOM">
    <extent>
      <charseq START="1768" END="1775">one site</charseq>
    </extent>
    <head>
      <charseq START="1772" END="1775">site</charseq>
    </head>
  </entity_mention>
</entity>
<entity ID="CNN_IP_20030405.1600.00-1-E43" TYPE="PER" SUBTYPE="Group" CLASS="USP">
  <entity_mention ID="CNN_IP_20030405.1600.00-1-E43-66" TYPE="NOM" LDCTYPE="NOM">
    <extent>
      <charseq START="1883" END="1896">Iraqi fighters</charseq>
    </extent>
    <head>
      <charseq START="1889" END="1896">fighters</charseq>
    </head>
  </entity_mention>
</entity>
<entity ID="CNN_IP_20030405.1600.00-1-E44" TYPE="FAC" SUBTYPE="Path" CLASS="SPC">
  <entity_mention ID="CNN_IP_20030405.1600.00-1-E44-67" TYPE="NOM" LDCTYPE="NOM">
    <extent>
      <charseq START="1922" END="1948">the main roads into Baghdad</charseq>
    </extent>
    <head>
      <charseq START="1931" END="1935">roads</charseq>
    </head>
  </entity_mention>
</entity>
<entity ID="CNN_IP_20030405.1600.00-1-E45" TYPE="PER" SUBTYPE="Group" CLASS="SPC">
  <entity_mention ID="CNN_IP_20030405.1600.00-1-E45-68" TYPE="NOM" LDCTYPE="BAR">
    <extent>
      <charseq START="1963" END="2017">black-clad members of Saddam Hussein's Fedayeen militia</charseq>
    </extent>
    <head>
      <charseq START="1974" END="1980">members</charseq>
    </head>
  </entity_mention>
</entity>
<entity ID="CNN_IP_20030405.1600.00-1-E46" TYPE="ORG" SUBTYPE="Government" CLASS="SPC">
  <entity_mention ID="CNN_IP_20030405.1600.00-1-E46-70" TYPE="NAM" LDCTYPE="NAM">
    <extent>
      <charseq START="1985" END="2017">Saddam Hussein's Fedayeen militia</charseq>
    </extent>
    <head>
      <charseq START="2002" END="2017">Fedayeen militia</charseq>
    </head>
  </entity_mention>
  <entity_attributes>
    <name NAME="Fedayeen militia">
      <charseq START="2002" END="2017">Fedayeen militia</charseq>
    </name>
  </entity_attributes>
</entity>
<entity ID="CNN_IP_20030405.1600.00-1-E47" TYPE="FAC" SUBTYPE="Path" CLASS="GEN">
  <entity_mention ID="CNN_IP_20030405.1600.00-1-E47-71" TYPE="NOM" LDCTYPE="NOM">
    <extent>
      <charseq START="2043" END="2053">the streets</charseq>
    </extent>
    <head>
      <charseq START="2047" END="2053">streets</charseq>
    </head>
  </entity_mention>
</entity>
<entity ID="CNN_IP_20030405.1600.00-1-E48" TYPE="PER" SUBTYPE="Individual" CLASS="SPC">
  <entity_mention ID="CNN_IP_20030405.1600.00-1-E48-72" TYPE="NAM" LDCTYPE="NAM">
    <extent>
      <charseq START="2056" END="2073">Harry Smith of ITN</charseq>
    </extent>
    <head>
      <charseq START="2056" END="2066">Harry Smith</charseq>
    </head>
  </entity_mention>
  <entity_mention ID="CNN_IP_20030405.1600.00-1-E48-98" TYPE="NAM" LDCTYPE="NAM">
    <extent>
      <charseq START="2938" END="2948">Harry Smith</charseq>
    </extent>
    <head>
      <charseq START="2938" END="2948">Harry Smith</charseq>
    </head>
  </entity_mention>
  <entity_attributes>
    <name NAME="Harry Smith">
      <charseq START="2056" END="2066">Harry Smith</charseq>
    </name>
    <name NAME="Harry Smith">
      <charseq START="2938" END="2948">Harry Smith</charseq>
    </name>
  </entity_attributes>
</entity>
<entity ID="CNN_IP_20030405.1600.00-1-E49" TYPE="ORG" SUBTYPE="Media" CLASS="SPC">
  <entity_mention ID="CNN_IP_20030405.1600.00-1-E49-73" TYPE="NAM" LDCTYPE="NAM">
    <extent>
      <charseq START="2071" END="2073">ITN</charseq>
    </extent>
    <head>
      <charseq START="2071" END="2073">ITN</charseq>
    </head>
  </entity_mention>
  <entity_mention ID="CNN_IP_20030405.1600.00-1-E49-99" TYPE="NAM" LDCTYPE="NAM">
    <extent>
      <charseq START="2951" END="2958">ITV News</charseq>
    </extent>
    <head>
      <charseq START="2951" END="2958">ITV News</charseq>
    </head>
  </entity_mention>
  <entity_attributes>
    <name NAME="ITN">
      <charseq START="2071" END="2073">ITN</charseq>
    </name>
    <name NAME="ITV News">
      <charseq START="2951" END="2958">ITV News</charseq>
    </name>
  </entity_attributes>
</entity>
<entity ID="CNN_IP_20030405.1600.00-1-E50" TYPE="PER" SUBTYPE="Group" CLASS="USP">
  <entity_mention ID="CNN_IP_20030405.1600.00-1-E50-75" TYPE="PRO" LDCTYPE="PRO">
    <extent>
      <charseq START="2183" END="2186">they</charseq>
    </extent>
    <head>
      <charseq START="2183" END="2186">they</charseq>
    </head>
  </entity_mention>
  <entity_mention ID="CNN_IP_20030405.1600.00-1-E50-95" TYPE="PRO" LDCTYPE="PRO">
    <extent>
      <charseq START="2856" END="2859">they</charseq>
    </extent>
    <head>
      <charseq START="2856" END="2859">they</charseq>
    </head>
  </entity_mention>
  <entity_mention ID="CNN_IP_20030405.1600.00-1-E50-96" TYPE="PRO" LDCTYPE="PRO">
    <extent>
      <charseq START="2890" END="2893">they</charseq>
    </extent>
    <head>
      <charseq START="2890" END="2893">they</charseq>
    </head>
  </entity_mention>
</entity>
<entity ID="CNN_IP_20030405.1600.00-1-E51" TYPE="PER" SUBTYPE="Group" CLASS="SPC">
  <entity_mention ID="CNN_IP_20030405.1600.00-1-E51-76" TYPE="NOM" LDCTYPE="NOM">
    <extent>
      <charseq START="2222" END="2245">the American 2nd
Brigade</charseq>
    </extent>
    <head>
      <charseq START="2239" END="2245">Brigade</charseq>
    </head>
  </entity_mention>
</entity>
<entity ID="CNN_IP_20030405.1600.00-1-E53" TYPE="VEH" SUBTYPE="Land" CLASS="SPC">
  <entity_mention ID="CNN_IP_20030405.1600.00-1-E53-78" TYPE="NOM" LDCTYPE="NOM">
    <extent>
      <charseq START="2209" END="2245">the tanks of the American 2nd
Brigade</charseq>
    </extent>
    <head>
      <charseq START="2213" END="2217">tanks</charseq>
    </head>
  </entity_mention>
</entity>
<entity ID="CNN_IP_20030405.1600.00-1-E54" TYPE="PER" SUBTYPE="Group" CLASS="SPC">
  <entity_mention ID="CNN_IP_20030405.1600.00-1-E54-80" TYPE="NOM" LDCTYPE="NOM">
    <extent>
      <charseq START="2284" END="2314">Saddam's much-vaunted
defenders</charseq>
    </extent>
    <head>
      <charseq START="2306" END="2314">defenders</charseq>
    </head>
  </entity_mention>
  <entity_mention ID="CNN_IP_20030405.1600.00-1-E54-81" TYPE="NOM" LDCTYPE="NOM">
    <extent>
      <charseq START="2320" END="2340">the Republican Guards</charseq>
    </extent>
    <head>
      <charseq START="2335" END="2340">Guards</charseq>
    </head>
  </entity_mention>
  <entity_mention ID="CNN_IP_20030405.1600.00-1-E54-82" TYPE="PRO" LDCTYPE="PRO">
    <extent>
      <charseq START="2355" END="2359">their</charseq>
    </extent>
    <head>
      <charseq START="2355" END="2359">their</charseq>
    </head>
  </entity_mention>
</entity>
<entity ID="CNN_IP_20030405.1600.00-1-E55" TYPE="FAC" SUBTYPE="Building-Grounds" CLASS="SPC">
  <entity_mention ID="CNN_IP_20030405.1600.00-1-E55-83" TYPE="NOM" LDCTYPE="NOM">
    <extent>
      <charseq START="2355" END="2417">their barracks in the
southwestern suburbs of the Iraqi capital</charseq>
    </extent>
    <head>
      <charseq START="2361" END="2368">barracks</charseq>
    </head>
  </entity_mention>
</entity>
<entity ID="CNN_IP_20030405.1600.00-1-E56" TYPE="LOC" SUBTYPE="Region-General" CLASS="SPC">
  <entity_mention ID="CNN_IP_20030405.1600.00-1-E56-84" TYPE="NOM" LDCTYPE="NOM">
    <extent>
      <charseq START="2373" END="2417">the
southwestern suburbs of the Iraqi capital</charseq>
    </extent>
    <head>
      <charseq START="2390" END="2396">suburbs</charseq>
    </head>
  </entity_mention>
</entity>
<entity ID="CNN_IP_20030405.1600.00-1-E57" TYPE="LOC" SUBTYPE="Region-General" CLASS="SPC">
  <entity_mention ID="CNN_IP_20030405.1600.00-1-E57-86" TYPE="NOM" LDCTYPE="NOM">
    <extent>
      <charseq START="2427" END="2451">the other side of
Baghdad</charseq>
    </extent>
    <head>
      <charseq START="2437" END="2440">side</charseq>
    </head>
  </entity_mention>
</entity>
<entity ID="CNN_IP_20030405.1600.00-1-E58" TYPE="LOC" SUBTYPE="Region-General" CLASS="SPC">
  <entity_mention ID="CNN_IP_20030405.1600.00-1-E58-87" TYPE="NOM" LDCTYPE="NOM">
    <extent>
      <charseq START="2457" END="2476">the southeast corner</charseq>
    </extent>
    <head>
      <charseq START="2471" END="2476">corner</charseq>
    </head>
  </entity_mention>
</entity>
<entity ID="CNN_IP_20030405.1600.00-1-E59" TYPE="PER" SUBTYPE="Group" CLASS="USP">
  <entity_mention ID="CNN_IP_20030405.1600.00-1-E59-88" TYPE="NOM" LDCTYPE="BAR">
    <extent>
      <charseq START="2479" END="2490">U.S. Marines</charseq>
    </extent>
    <head>
      <charseq START="2484" END="2490">Marines</charseq>
    </head>
  </entity_mention>
</entity>
<entity ID="CNN_IP_20030405.1600.00-1-E60" TYPE="PER" SUBTYPE="Group" CLASS="SPC">
  <entity_mention ID="CNN_IP_20030405.1600.00-1-E60-89" TYPE="NOM" LDCTYPE="NOM">
    <extent>
      <charseq START="2504" END="2543">another
division of the Republican Guard</charseq>
    </extent>
    <head>
      <charseq START="2512" END="2519">division</charseq>
    </head>
  </entity_mention>
</entity>
<entity ID="CNN_IP_20030405.1600.00-1-E61" TYPE="ORG" SUBTYPE="Government" CLASS="SPC">
  <entity_mention ID="CNN_IP_20030405.1600.00-1-E61-90" TYPE="NAM" LDCTYPE="NAM">
    <extent>
      <charseq START="2524" END="2543">the Republican Guard</charseq>
    </extent>
    <head>
      <charseq START="2528" END="2543">Republican Guard</charseq>
    </head>
  </entity_mention>
  <entity_mention ID="CNN_IP_20030405.1600.00-1-E61-93" TYPE="NAM" LDCTYPE="NAM">
    <extent>
      <charseq START="2703" END="2722">the Republican Guard</charseq>
    </extent>
    <head>
      <charseq START="2707" END="2722">Republican Guard</charseq>
    </head>
  </entity_mention>
  <entity_attributes>
    <name NAME="Republican Guard">
      <charseq START="2528" END="2543">Republican Guard</charseq>
    </name>
    <name NAME="Republican Guard">
      <charseq START="2707" END="2722">Republican Guard</charseq>
    </name>
  </entity_attributes>
</entity>
<entity ID="CNN_IP_20030405.1600.00-1-E62" TYPE="PER" SUBTYPE="Group" CLASS="SPC">
  <entity_mention ID="CNN_IP_20030405.1600.00-1-E62-92" TYPE="NOM" LDCTYPE="BAR">
    <extent>
      <charseq START="2694" END="2722">units of the Republican Guard</charseq>
    </extent>
    <head>
      <charseq START="2694" END="2698">units</charseq>
    </head>
  </entity_mention>
</entity>
<entity ID="CNN_IP_20030405.1600.00-1-E63" TYPE="ORG" SUBTYPE="Government" CLASS="SPC">
  <entity_mention ID="CNN_IP_20030405.1600.00-1-E63-94" TYPE="NOM" LDCTYPE="NOMPRE">
    <extent>
      <charseq START="2752" END="2768">American military</charseq>
    </extent>
    <head>
      <charseq START="2761" END="2768">military</charseq>
    </head>
  </entity_mention>
</entity>
<entity ID="CNN_IP_20030405.1600.00-1-E64" TYPE="WEA" SUBTYPE="Exploding" CLASS="USP">
  <entity_mention ID="CNN_IP_20030405.1600.00-1-E64-97" TYPE="NOM" LDCTYPE="BAR">
    <extent>
      <charseq START="2672" END="2677">shells</charseq>
    </extent>
    <head>
      <charseq START="2672" END="2677">shells</charseq>
    </head>
  </entity_mention>
</entity>
<entity ID="CNN_IP_20030405.1600.00-1-E65" TYPE="PER" SUBTYPE="Group" CLASS="USP">
  <entity_mention ID="CNN_IP_20030405.1600.00-1-E65-100" TYPE="PRO" LDCTYPE="HLS">
    <extent>
      <charseq START="2876" END="2879">many</charseq>
    </extent>
    <head>
      <charseq START="2876" END="2879">many</charseq>
    </head>
  </entity_mention>
</entity>
<entity ID="CNN_IP_20030405.1600.00-1-E66" TYPE="LOC" SUBTYPE="Region-General" CLASS="SPC">
  <entity_mention ID="CNN_IP_20030405.1600.00-1-E66-101" TYPE="NOM" LDCTYPE="NOM">
    <extent>
      <charseq START="2907" END="2935">the center of Saddam's regime</charseq>
    </extent>
    <head>
      <charseq START="2911" END="2916">center</charseq>
    </head>
  </entity_mention>
</entity>
<entity ID="CNN_IP_20030405.1600.00-1-E67" TYPE="ORG" SUBTYPE="Media" CLASS="SPC">
  <entity_mention ID="CNN_IP_20030405.1600.00-1-E67-18" TYPE="PRO" LDCTYPE="PRO">
    <extent>
      <charseq START="1048" END="1049">We</charseq>
    </extent>
    <head>
      <charseq START="1048" END="1049">We</charseq>
    </head>
  </entity_mention>
  <entity_mention ID="CNN_IP_20030405.1600.00-1-E67-19" TYPE="PRO" LDCTYPE="PRO">
    <extent>
      <charseq START="1087" END="1088">We</charseq>
    </extent>
    <head>
      <charseq START="1087" END="1088">We</charseq>
    </head>
  </entity_mention>
  <entity_mention ID="CNN_IP_20030405.1600.00-1-E67-20" TYPE="PRO" LDCTYPE="PRO">
    <extent>
      <charseq START="1154" END="1155">We</charseq>
    </extent>
    <head>
      <charseq START="1154" END="1155">We</charseq>
    </head>
  </entity_mention>
  <entity_mention ID="CNN_IP_20030405.1600.00-1-E67-21" TYPE="PRO" LDCTYPE="PRO">
    <extent>
      <charseq START="1198" END="1200">our</charseq>
    </extent>
    <head>
      <charseq START="1198" END="1200">our</charseq>
    </head>
  </entity_mention>
  <entity_mention ID="CNN_IP_20030405.1600.00-1-E67-23" TYPE="PRO" LDCTYPE="PRO">
    <extent>
      <charseq START="1221" END="1222">we</charseq>
    </extent>
    <head>
      <charseq START="1221" END="1222">we</charseq>
    </head>
  </entity_mention>
  <entity_mention ID="CNN_IP_20030405.1600.00-1-E67-58" TYPE="NAM" LDCTYPE="NAM">
    <extent>
      <charseq START="1669" END="1671">CNN</charseq>
    </extent>
    <head>
      <charseq START="1669" END="1671">CNN</charseq>
    </head>
  </entity_mention>
  <entity_mention ID="CNN_IP_20030405.1600.00-1-E67-74" TYPE="PRO" LDCTYPE="PRO">
    <extent>
      <charseq START="130" END="132">Our</charseq>
    </extent>
    <head>
      <charseq START="130" END="132">Our</charseq>
    </head>
  </entity_mention>
  <entity_attributes>
    <name NAME="CNN">
      <charseq START="1669" END="1671">CNN</charseq>
    </name>
  </entity_attributes>
</entity>
<entity ID="CNN_IP_20030405.1600.00-1-E68" TYPE="PER" SUBTYPE="Group" CLASS="USP">
  <entity_mention ID="CNN_IP_20030405.1600.00-1-E68-103" TYPE="NOM" LDCTYPE="NOM">
    <extent>
      <charseq START="2752" END="2777">American military planners</charseq>
    </extent>
    <head>
      <charseq START="2770" END="2777">planners</charseq>
    </head>
  </entity_mention>
</entity>
<entity ID="CNN_IP_20030405.1600.00-1-E71" TYPE="PER" SUBTYPE="Individual" CLASS="SPC">
  <entity_mention ID="CNN_IP_20030405.1600.00-1-E71-105" TYPE="PRO" LDCTYPE="PRO">
    <extent>
      <charseq START="263" END="264">my</charseq>
    </extent>
    <head>
      <charseq START="263" END="264">my</charseq>
    </head>
  </entity_mention>
  <entity_mention ID="CNN_IP_20030405.1600.00-1-E71-110" TYPE="NAM" LDCTYPE="NAM">
    <extent>
      <charseq START="408" END="411">Judy</charseq>
    </extent>
    <head>
      <charseq START="408" END="411">Judy</charseq>
    </head>
  </entity_mention>
  <entity_attributes>
    <name NAME="Judy">
      <charseq START="408" END="411">Judy</charseq>
    </name>
  </entity_attributes>
</entity>
<entity ID="CNN_IP_20030405.1600.00-1-E72" TYPE="PER" SUBTYPE="Individual" CLASS="SPC">
  <entity_mention ID="CNN_IP_20030405.1600.00-1-E72-14" TYPE="NAM" LDCTYPE="NAM" LDCATR="FALSE">
    <extent>
      <charseq START="355" END="358">Wolf</charseq>
    </extent>
    <head>
      <charseq START="355" END="358">Wolf</charseq>
    </head>
  </entity_mention>
  <entity_mention ID="CNN_IP_20030405.1600.00-1-E72-106" TYPE="NAM" LDCTYPE="NAM" LDCATR="FALSE">
    <extent>
      <charseq START="263" END="287">my colleague
Wolf Blitzer</charseq>
    </extent>
    <head>
      <charseq START="276" END="287">Wolf Blitzer</charseq>
    </head>
  </entity_mention>
  <entity_mention ID="CNN_IP_20030405.1600.00-1-E72-107" TYPE="PRO" LDCTYPE="WHQ" LDCATR="FALSE">
    <extent>
      <charseq START="290" END="292">who</charseq>
    </extent>
    <head>
      <charseq START="290" END="292">who</charseq>
    </head>
  </entity_mention>
  <entity_mention ID="CNN_IP_20030405.1600.00-1-E72-108" TYPE="PRO" LDCTYPE="PRO" LDCATR="FALSE">
    <extent>
      <charseq START="301" END="302">he</charseq>
    </extent>
    <head>
      <charseq START="301" END="302">he</charseq>
    </head>
  </entity_mention>
  <entity_mention ID="CNN_IP_20030405.1600.00-1-E72-109" TYPE="NOM" LDCTYPE="NOMPRE" LDCATR="TRUE">
    <extent>
      <charseq START="263" END="274">my colleague</charseq>
    </extent>
    <head>
      <charseq START="266" END="274">colleague</charseq>
    </head>
  </entity_mention>
  <entity_attributes>
    <name NAME="Wolf">
      <charseq START="355" END="358">Wolf</charseq>
    </name>
    <name NAME="Wolf Blitzer">
      <charseq START="276" END="287">Wolf Blitzer</charseq>
    </name>
  </entity_attributes>
</entity>
<entity ID="CNN_IP_20030405.1600.00-1-E74" TYPE="GPE" SUBTYPE="Population-Center" CLASS="SPC">
  <entity_mention ID="CNN_IP_20030405.1600.00-1-E74-25" TYPE="NOM" LDCTYPE="NOM" ROLE="LOC">
    <extent>
      <charseq START="1277" END="1284">the city</charseq>
    </extent>
    <head>
      <charseq START="1281" END="1284">city</charseq>
    </head>
  </entity_mention>
  <entity_mention ID="CNN_IP_20030405.1600.00-1-E74-28" TYPE="NOM" LDCTYPE="NOM" ROLE="LOC">
    <extent>
      <charseq START="1316" END="1326">the
capital</charseq>
    </extent>
    <head>
      <charseq START="1320" END="1326">capital</charseq>
    </head>
  </entity_mention>
  <entity_mention ID="CNN_IP_20030405.1600.00-1-E74-44" TYPE="NAM" LDCTYPE="NAM" ROLE="LOC">
    <extent>
      <charseq START="1942" END="1948">Baghdad</charseq>
    </extent>
    <head>
      <charseq START="1942" END="1948">Baghdad</charseq>
    </head>
  </entity_mention>
  <entity_mention ID="CNN_IP_20030405.1600.00-1-E74-45" TYPE="NAM" LDCTYPE="NAM" ROLE="GPE">
    <extent>
      <charseq START="2102" END="2108">Baghdad</charseq>
    </extent>
    <head>
      <charseq START="2102" END="2108">Baghdad</charseq>
    </head>
  </entity_mention>
  <entity_mention ID="CNN_IP_20030405.1600.00-1-E74-46" TYPE="NAM" LDCTYPE="NAM" ROLE="LOC">
    <extent>
      <charseq START="2445" END="2451">Baghdad</charseq>
    </extent>
    <head>
      <charseq START="2445" END="2451">Baghdad</charseq>
    </head>
  </entity_mention>
  <entity_mention ID="CNN_IP_20030405.1600.00-1-E74-47" TYPE="NAM" LDCTYPE="NAM" ROLE="LOC">
    <extent>
      <charseq START="2661" END="2667">Baghdad</charseq>
    </extent>
    <head>
      <charseq START="2661" END="2667">Baghdad</charseq>
    </head>
  </entity_mention>
  <entity_mention ID="CNN_IP_20030405.1600.00-1-E74-85" TYPE="NOM" LDCTYPE="NOM" ROLE="LOC">
    <extent>
      <charseq START="2401" END="2417">the Iraqi capital</charseq>
    </extent>
    <head>
      <charseq START="2411" END="2417">capital</charseq>
    </head>
  </entity_mention>
  <entity_mention ID="CNN_IP_20030405.1600.00-1-E74-91" TYPE="NOM" LDCTYPE="NOM" ROLE="LOC">
    <extent>
      <charseq START="2565" END="2575">the capital</charseq>
    </extent>
    <head>
      <charseq START="2569" END="2575">capital</charseq>
    </head>
  </entity_mention>
  <entity_mention ID="CNN_IP_20030405.1600.00-1-E74-111" TYPE="NAM" LDCTYPE="NAM" ROLE="LOC">
    <extent>
      <charseq START="492" END="498">Baghdad</charseq>
    </extent>
    <head>
      <charseq START="492" END="498">Baghdad</charseq>
    </head>
  </entity_mention>
  <entity_mention ID="CNN_IP_20030405.1600.00-1-E74-113" TYPE="NOM" LDCTYPE="NOM" ROLE="LOC">
    <extent>
      <charseq START="556" END="563">the city</charseq>
    </extent>
    <head>
      <charseq START="560" END="563">city</charseq>
    </head>
  </entity_mention>
  <entity_attributes>
    <name NAME="Baghdad">
      <charseq START="1942" END="1948">Baghdad</charseq>
    </name>
    <name NAME="Baghdad">
      <charseq START="2102" END="2108">Baghdad</charseq>
    </name>
    <name NAME="Baghdad">
      <charseq START="2445" END="2451">Baghdad</charseq>
    </name>
    <name NAME="Baghdad">
      <charseq START="2661" END="2667">Baghdad</charseq>
    </name>
    <name NAME="Baghdad">
      <charseq START="492" END="498">Baghdad</charseq>
    </name>
  </entity_attributes>
</entity>
<entity ID="CNN_IP_20030405.1600.00-1-E75" TYPE="PER" SUBTYPE="Group" CLASS="GEN">
  <entity_mention ID="CNN_IP_20030405.1600.00-1-E75-112" TYPE="PRO" LDCTYPE="PRO">
    <extent>
      <charseq START="501" END="503">You</charseq>
    </extent>
    <head>
      <charseq START="501" END="503">You</charseq>
    </head>
  </entity_mention>
</entity>
<entity ID="CNN_IP_20030405.1600.00-1-E76" TYPE="PER" SUBTYPE="Group" CLASS="USP">
  <entity_mention ID="CNN_IP_20030405.1600.00-1-E76-114" TYPE="NOM" LDCTYPE="BAR">
    <extent>
      <charseq START="566" END="581">Coalition forces</charseq>
    </extent>
    <head>
      <charseq START="576" END="581">forces</charseq>
    </head>
  </entity_mention>
  <entity_mention ID="CNN_IP_20030405.1600.00-1-E76-116" TYPE="PRO" LDCTYPE="PRO">
    <extent>
      <charseq START="610" END="614">their</charseq>
    </extent>
    <head>
      <charseq START="610" END="614">their</charseq>
    </head>
  </entity_mention>
</entity>
<entity ID="CNN_IP_20030405.1600.00-1-E77" TYPE="GPE" SUBTYPE="Nation" CLASS="SPC">
  <entity_mention ID="CNN_IP_20030405.1600.00-1-E77-115" TYPE="NOM" LDCTYPE="NOMPRE" ROLE="GPE">
    <extent>
      <charseq START="566" END="574">Coalition</charseq>
    </extent>
    <head>
      <charseq START="566" END="574">Coalition</charseq>
    </head>
  </entity_mention>
</entity>
<entity ID="CNN_IP_20030405.1600.00-1-E78" TYPE="PER" SUBTYPE="Individual" CLASS="SPC">
  <entity_mention ID="CNN_IP_20030405.1600.00-1-E78-32" TYPE="NAM" LDCTYPE="NAM">
    <extent>
      <charseq START="1404" END="1417">Saddam Hussein</charseq>
    </extent>
    <head>
      <charseq START="1404" END="1417">Saddam Hussein</charseq>
    </head>
  </entity_mention>
  <entity_mention ID="CNN_IP_20030405.1600.00-1-E78-69" TYPE="NAM" LDCTYPE="NAM">
    <extent>
      <charseq START="1985" END="1998">Saddam Hussein</charseq>
    </extent>
    <head>
      <charseq START="1985" END="1998">Saddam Hussein</charseq>
    </head>
  </entity_mention>
  <entity_mention ID="CNN_IP_20030405.1600.00-1-E78-79" TYPE="NAM" LDCTYPE="NAM">
    <extent>
      <charseq START="2284" END="2289">Saddam</charseq>
    </extent>
    <head>
      <charseq START="2284" END="2289">Saddam</charseq>
    </head>
  </entity_mention>
  <entity_mention ID="CNN_IP_20030405.1600.00-1-E78-118" TYPE="NAM" LDCTYPE="NAM">
    <extent>
      <charseq START="627" END="640">Saddam Hussein</charseq>
    </extent>
    <head>
      <charseq START="627" END="640">Saddam Hussein</charseq>
    </head>
  </entity_mention>
  <entity_attributes>
    <name NAME="Saddam Hussein">
      <charseq START="1404" END="1417">Saddam Hussein</charseq>
    </name>
    <name NAME="Saddam Hussein">
      <charseq START="1985" END="1998">Saddam Hussein</charseq>
    </name>
    <name NAME="Saddam">
      <charseq START="2284" END="2289">Saddam</charseq>
    </name>
    <name NAME="Saddam Hussein">
      <charseq START="627" END="640">Saddam Hussein</charseq>
    </name>
  </entity_attributes>
</entity>
<timex2 ID="CNN_IP_20030405.1600.00-1-T1">
  <timex2_mention ID="CNN_IP_20030405.1600.00-1-T1-1">
    <extent>
      <charseq START="38" END="62">2003-04-05T16:00:00-05:00</charseq>
    </extent>
  </timex2_mention>
</timex2>
<timex2 ID="CNN_IP_20030405.1600.00-1-T2">
  <timex2_mention ID="CNN_IP_20030405.1600.00-1-T2-1">
    <extent>
      <charseq START="256" END="258">now</charseq>
    </extent>
  </timex2_mention>
</timex2>
<timex2 ID="CNN_IP_20030405.1600.00-1-T3">
  <timex2_mention ID="CNN_IP_20030405.1600.00-1-T3-1">
    <extent>
      <charseq START="317" END="334">the last few hours</charseq>
    </extent>
  </timex2_mention>
</timex2>
<timex2 ID="CNN_IP_20030405.1600.00-1-T4">
  <timex2_mention ID="CNN_IP_20030405.1600.00-1-T4-1">
    <extent>
      <charseq START="421" END="439">the past hour or so</charseq>
    </extent>
  </timex2_mention>
</timex2>
<timex2 ID="CNN_IP_20030405.1600.00-1-T5">
  <timex2_mention ID="CNN_IP_20030405.1600.00-1-T5-1">
    <extent>
      <charseq START="516" END="518">now</charseq>
    </extent>
  </timex2_mention>
</timex2>
<timex2 ID="CNN_IP_20030405.1600.00-1-T6">
  <timex2_mention ID="CNN_IP_20030405.1600.00-1-T6-1">
    <extent>
      <charseq START="672" END="691">the past
few minutes</charseq>
    </extent>
  </timex2_mention>
</timex2>
<timex2 ID="CNN_IP_20030405.1600.00-1-T7">
  <timex2_mention ID="CNN_IP_20030405.1600.00-1-T7-1">
    <extent>
      <charseq START="991" END="999">right now</charseq>
    </extent>
  </timex2_mention>
</timex2>
<timex2 ID="CNN_IP_20030405.1600.00-1-T8">
  <timex2_mention ID="CNN_IP_20030405.1600.00-1-T8-1">
    <extent>
      <charseq START="1143" END="1151">right now</charseq>
    </extent>
  </timex2_mention>
</timex2>
<timex2 ID="CNN_IP_20030405.1600.00-1-T9">
  <timex2_mention ID="CNN_IP_20030405.1600.00-1-T9-1">
    <extent>
      <charseq START="1841" END="1853">a single hour</charseq>
    </extent>
  </timex2_mention>
</timex2>
<timex2 ID="CNN_IP_20030405.1600.00-1-T10">
  <timex2_mention ID="CNN_IP_20030405.1600.00-1-T10-1">
    <extent>
      <charseq START="1950" END="1956">tonight</charseq>
    </extent>
  </timex2_mention>
</timex2>
<timex2 ID="CNN_IP_20030405.1600.00-1-T11">
  <timex2_mention ID="CNN_IP_20030405.1600.00-1-T11-1">
    <extent>
      <charseq START="2587" END="2591">Today</charseq>
    </extent>
  </timex2_mention>
</timex2>
<timex2 ID="CNN_IP_20030405.1600.00-1-T12">
  <timex2_mention ID="CNN_IP_20030405.1600.00-1-T12-1">
    <extent>
      <charseq START="2848" END="2854">tonight</charseq>
    </extent>
  </timex2_mention>
</timex2>
<relation ID="CNN_IP_20030405.1600.00-1-R1" TYPE="METONYMY">
  <relation_argument REFID="CNN_IP_20030405.1600.00-1-E54" ROLE="Arg-1"/>
  <relation_argument REFID="CNN_IP_20030405.1600.00-1-E61" ROLE="Arg-2"/>
</relation>
<relation ID="CNN_IP_20030405.1600.00-1-R2" TYPE="ORG-AFF" SUBTYPE="Employment" TENSE="Unspecified" MODALITY="Asserted">
  <relation_argument REFID="CNN_IP_20030405.1600.00-1-E26" ROLE="Arg-1"/>
  <relation_argument REFID="CNN_IP_20030405.1600.00-1-E67" ROLE="Arg-2"/>
  <relation_mention ID="CNN_IP_20030405.1600.00-1-R2-1" LEXICALCONDITION="Possessive">
    <extent>
      <charseq START="130" END="148">Our Jeff Greenfield</charseq>
    </extent>
    <relation_mention_argument REFID="CNN_IP_20030405.1600.00-1-E26-1" ROLE="Arg-1">
      <extent>
        <charseq START="130" END="148">Our Jeff Greenfield</charseq>
      </extent>
    </relation_mention_argument>
    <relation_mention_argument REFID="CNN_IP_20030405.1600.00-1-E67-74" ROLE="Arg-2">
      <extent>
        <charseq START="130" END="132">Our</charseq>
      </extent>
    </relation_mention_argument>
  </relation_mention>
</relation>
<relation ID="CNN_IP_20030405.1600.00-1-R3" TYPE="PER-SOC" SUBTYPE="Business" TENSE="Unspecified" MODALITY="Asserted">
  <relation_argument REFID="CNN_IP_20030405.1600.00-1-E71" ROLE="Arg-1"/>
  <relation_argument REFID="CNN_IP_20030405.1600.00-1-E72" ROLE="Arg-2"/>
  <relation_mention ID="CNN_IP_20030405.1600.00-1-R3-1" LEXICALCONDITION="Possessive">
    <extent>
      <charseq START="263" END="274">my colleague</charseq>
    </extent>
    <relation_mention_argument REFID="CNN_IP_20030405.1600.00-1-E71-105" ROLE="Arg-1">
      <extent>
        <charseq START="263" END="264">my</charseq>
      </extent>
    </relation_mention_argument>
    <relation_mention_argument REFID="CNN_IP_20030405.1600.00-1-E72-109" ROLE="Arg-2">
      <extent>
        <charseq START="263" END="274">my colleague</charseq>
      </extent>
    </relation_mention_argument>
  </relation_mention>
</relation>
<relation ID="CNN_IP_20030405.1600.00-1-R4" TYPE="PHYS" SUBTYPE="Located" TENSE="Present" MODALITY="Asserted">
  <relation_argument REFID="CNN_IP_20030405.1600.00-1-E72" ROLE="Arg-1"/>
  <relation_argument REFID="CNN_IP_20030405.1600.00-1-E9" ROLE="Arg-2"/>
  <relation_argument REFID="CNN_IP_20030405.1600.00-1-T3" ROLE="Time-Holds"/>
  <relation_mention ID="CNN_IP_20030405.1600.00-1-R4-1" LEXICALCONDITION="Verbal">
    <extent>
      <charseq START="247" END="358">Let's go now to my colleague
Wolf Blitzer, who is, as he has been for the last few hours, in Kuwait
City -- Wolf</charseq>
    </extent>
    <relation_mention_argument REFID="CNN_IP_20030405.1600.00-1-E72-107" ROLE="Arg-1">
      <extent>
        <charseq START="290" END="292">who</charseq>
      </extent>
    </relation_mention_argument>
    <relation_mention_argument REFID="CNN_IP_20030405.1600.00-1-E9-117" ROLE="Arg-2">
      <extent>
        <charseq START="340" END="350">Kuwait
City</charseq>
      </extent>
    </relation_mention_argument>
  </relation_mention>
  <relation_mention ID="CNN_IP_20030405.1600.00-1-R4-2" LEXICALCONDITION="Other">
    <extent>
      <charseq START="247" END="358">Let's go now to my colleague
Wolf Blitzer, who is, as he has been for the last few hours, in Kuwait
City -- Wolf</charseq>
    </extent>
    <relation_mention_argument REFID="CNN_IP_20030405.1600.00-1-E72-108" ROLE="Arg-1">
      <extent>
        <charseq START="301" END="302">he</charseq>
      </extent>
    </relation_mention_argument>
    <relation_mention_argument REFID="CNN_IP_20030405.1600.00-1-E9-117" ROLE="Arg-2">
      <extent>
        <charseq START="340" END="350">Kuwait
City</charseq>
      </extent>
    </relation_mention_argument>
    <relation_mention_argument REFID="CNN_IP_20030405.1600.00-1-T3-1" ROLE="Time-Holds">
      <extent>
        <charseq START="317" END="334">the last few hours</charseq>
      </extent>
    </relation_mention_argument>
  </relation_mention>
</relation>
<relation ID="CNN_IP_20030405.1600.00-1-R6" TYPE="ORG-AFF" SUBTYPE="Employment" TENSE="Unspecified" MODALITY="Asserted">
  <relation_argument REFID="CNN_IP_20030405.1600.00-1-E76" ROLE="Arg-1"/>
  <relation_argument REFID="CNN_IP_20030405.1600.00-1-E77" ROLE="Arg-2"/>
  <relation_mention ID="CNN_IP_20030405.1600.00-1-R6-1" LEXICALCONDITION="PreMod">
    <extent>
      <charseq START="566" END="581">Coalition forces</charseq>
    </extent>
    <relation_mention_argument REFID="CNN_IP_20030405.1600.00-1-E76-114" ROLE="Arg-1">
      <extent>
        <charseq START="566" END="581">Coalition forces</charseq>
      </extent>
    </relation_mention_argument>
    <relation_mention_argument REFID="CNN_IP_20030405.1600.00-1-E77-115" ROLE="Arg-2">
      <extent>
        <charseq START="566" END="574">Coalition</charseq>
      </extent>
    </relation_mention_argument>
  </relation_mention>
</relation>
<relation ID="CNN_IP_20030405.1600.00-1-R7" TYPE="ORG-AFF" SUBTYPE="Membership" TENSE="Unspecified" MODALITY="Asserted">
  <relation_argument REFID="CNN_IP_20030405.1600.00-1-E78" ROLE="Arg-1"/>
  <relation_argument REFID="CNN_IP_20030405.1600.00-1-E1" ROLE="Arg-2"/>
  <relation_mention ID="CNN_IP_20030405.1600.00-1-R7-1" LEXICALCONDITION="Possessive">
    <extent>
      <charseq START="627" END="649">Saddam Hussein's regime</charseq>
    </extent>
    <relation_mention_argument REFID="CNN_IP_20030405.1600.00-1-E78-118" ROLE="Arg-1">
      <extent>
        <charseq START="627" END="640">Saddam Hussein</charseq>
      </extent>
    </relation_mention_argument>
    <relation_mention_argument REFID="CNN_IP_20030405.1600.00-1-E1-2" ROLE="Arg-2">
      <extent>
        <charseq START="627" END="649">Saddam Hussein's regime</charseq>
      </extent>
    </relation_mention_argument>
  </relation_mention>
  <relation_mention ID="CNN_IP_20030405.1600.00-1-R7-2" LEXICALCONDITION="Preposition">
    <extent>
      <charseq START="1390" END="1417">the
regime of Saddam Hussein</charseq>
    </extent>
    <relation_mention_argument REFID="CNN_IP_20030405.1600.00-1-E78-32" ROLE="Arg-1">
      <extent>
        <charseq START="1404" END="1417">Saddam Hussein</charseq>
      </extent>
    </relation_mention_argument>
    <relation_mention_argument REFID="CNN_IP_20030405.1600.00-1-E1-30" ROLE="Arg-2">
      <extent>
        <charseq START="1390" END="1417">the
regime of Saddam Hussein</charseq>
      </extent>
    </relation_mention_argument>
  </relation_mention>
</relation>
<relation ID="CNN_IP_20030405.1600.00-1-R8" TYPE="PART-WHOLE" SUBTYPE="Geographical" TENSE="Unspecified" MODALITY="Asserted">
  <relation_argument REFID="CNN_IP_20030405.1600.00-1-E6" ROLE="Arg-1"/>
  <relation_argument REFID="CNN_IP_20030405.1600.00-1-E5" ROLE="Arg-2"/>
  <relation_mention ID="CNN_IP_20030405.1600.00-1-R8-1" LEXICALCONDITION="Other">
    <extent>
      <charseq START="926" END="1045">Heavy artillery, according to Reuters,
shaking southwest Baghdad right now in the direction of the international
airport</charseq>
    </extent>
    <relation_mention_argument REFID="CNN_IP_20030405.1600.00-1-E6-13" ROLE="Arg-1">
      <extent>
        <charseq START="1021" END="1045">the international
airport</charseq>
      </extent>
    </relation_mention_argument>
    <relation_mention_argument REFID="CNN_IP_20030405.1600.00-1-E5-12" ROLE="Arg-2">
      <extent>
        <charseq START="973" END="989">southwest Baghdad</charseq>
      </extent>
    </relation_mention_argument>
  </relation_mention>
</relation>
<relation ID="CNN_IP_20030405.1600.00-1-R9" TYPE="ORG-AFF" SUBTYPE="Employment" TENSE="Unspecified" MODALITY="Asserted">
  <relation_argument REFID="CNN_IP_20030405.1600.00-1-E11" ROLE="Arg-1"/>
  <relation_argument REFID="CNN_IP_20030405.1600.00-1-E10" ROLE="Arg-2"/>
  <relation_mention ID="CNN_IP_20030405.1600.00-1-R9-1" LEXICALCONDITION="PreMod">
    <extent>
      <charseq START="1100" END="1110">U.S. forces</charseq>
    </extent>
    <relation_mention_argument REFID="CNN_IP_20030405.1600.00-1-E11-16" ROLE="Arg-1">
      <extent>
        <charseq START="1100" END="1110">U.S. forces</charseq>
      </extent>
    </relation_mention_argument>
    <relation_mention_argument REFID="CNN_IP_20030405.1600.00-1-E10-15" ROLE="Arg-2">
      <extent>
        <charseq START="1100" END="1102">U.S</charseq>
      </extent>
    </relation_mention_argument>
  </relation_mention>
</relation>
<relation ID="CNN_IP_20030405.1600.00-1-R10" TYPE="ORG-AFF" SUBTYPE="Employment" TENSE="Unspecified" MODALITY="Asserted">
  <relation_argument REFID="CNN_IP_20030405.1600.00-1-E37" ROLE="Arg-1"/>
  <relation_argument REFID="CNN_IP_20030405.1600.00-1-E10" ROLE="Arg-2"/>
  <relation_mention ID="CNN_IP_20030405.1600.00-1-R10-1" LEXICALCONDITION="PreMod">
    <extent>
      <charseq START="1249" END="1259">U.S.
troops</charseq>
    </extent>
    <relation_mention_argument REFID="CNN_IP_20030405.1600.00-1-E37-60" ROLE="Arg-1">
      <extent>
        <charseq START="1249" END="1259">U.S.
troops</charseq>
      </extent>
    </relation_mention_argument>
    <relation_mention_argument REFID="CNN_IP_20030405.1600.00-1-E10-24" ROLE="Arg-2">
      <extent>
        <charseq START="1249" END="1251">U.S</charseq>
      </extent>
    </relation_mention_argument>
  </relation_mention>
</relation>
<relation ID="CNN_IP_20030405.1600.00-1-R11" TYPE="ORG-AFF" SUBTYPE="Employment" TENSE="Unspecified" MODALITY="Asserted">
  <relation_argument REFID="CNN_IP_20030405.1600.00-1-E29" ROLE="Arg-1"/>
  <relation_argument REFID="CNN_IP_20030405.1600.00-1-E17" ROLE="Arg-2"/>
  <relation_mention ID="CNN_IP_20030405.1600.00-1-R11-1" LEXICALCONDITION="PreMod">
    <extent>
      <charseq START="1445" END="1456">Iraqi forces</charseq>
    </extent>
    <relation_mention_argument REFID="CNN_IP_20030405.1600.00-1-E29-49" ROLE="Arg-1">
      <extent>
        <charseq START="1445" END="1456">Iraqi forces</charseq>
      </extent>
    </relation_mention_argument>
    <relation_mention_argument REFID="CNN_IP_20030405.1600.00-1-E17-33" ROLE="Arg-2">
      <extent>
        <charseq START="1445" END="1449">Iraqi</charseq>
      </extent>
    </relation_mention_argument>
  </relation_mention>
</relation>
<relation ID="CNN_IP_20030405.1600.00-1-R12" TYPE="PART-WHOLE" SUBTYPE="Geographical" TENSE="Unspecified" MODALITY="Asserted">
  <relation_argument REFID="CNN_IP_20030405.1600.00-1-E15" ROLE="Arg-1"/>
  <relation_argument REFID="CNN_IP_20030405.1600.00-1-E74" ROLE="Arg-2"/>
  <relation_mention ID="CNN_IP_20030405.1600.00-1-R12-1" LEXICALCONDITION="Preposition">
    <extent>
      <charseq START="1303" END="1326">the heart of the
capital</charseq>
    </extent>
    <relation_mention_argument REFID="CNN_IP_20030405.1600.00-1-E15-27" ROLE="Arg-1">
      <extent>
        <charseq START="1303" END="1326">the heart of the
capital</charseq>
      </extent>
    </relation_mention_argument>
    <relation_mention_argument REFID="CNN_IP_20030405.1600.00-1-E74-28" ROLE="Arg-2">
      <extent>
        <charseq START="1316" END="1326">the
capital</charseq>
      </extent>
    </relation_mention_argument>
  </relation_mention>
</relation>
<relation ID="CNN_IP_20030405.1600.00-1-R13" TYPE="ORG-AFF" SUBTYPE="Employment" TENSE="Unspecified" MODALITY="Asserted">
  <relation_argument REFID="CNN_IP_20030405.1600.00-1-E30" ROLE="Arg-1"/>
  <relation_argument REFID="CNN_IP_20030405.1600.00-1-E17" ROLE="Arg-2"/>
  <relation_mention ID="CNN_IP_20030405.1600.00-1-R13-1" LEXICALCONDITION="PreMod">
    <extent>
      <charseq START="1459" END="1473">Iraqi
officials</charseq>
    </extent>
    <relation_mention_argument REFID="CNN_IP_20030405.1600.00-1-E30-50" ROLE="Arg-1">
      <extent>
        <charseq START="1459" END="1473">Iraqi
officials</charseq>
      </extent>
    </relation_mention_argument>
    <relation_mention_argument REFID="CNN_IP_20030405.1600.00-1-E17-34" ROLE="Arg-2">
      <extent>
        <charseq START="1459" END="1463">Iraqi</charseq>
      </extent>
    </relation_mention_argument>
  </relation_mention>
</relation>
<relation ID="CNN_IP_20030405.1600.00-1-R14" TYPE="GEN-AFF" SUBTYPE="Org-Location" TENSE="Unspecified" MODALITY="Asserted">
  <relation_argument REFID="CNN_IP_20030405.1600.00-1-E31" ROLE="Arg-1"/>
  <relation_argument REFID="CNN_IP_20030405.1600.00-1-E17" ROLE="Arg-2"/>
  <relation_mention ID="CNN_IP_20030405.1600.00-1-R14-1" LEXICALCONDITION="PreMod">
    <extent>
      <charseq START="1538" END="1545">Iraqi TV</charseq>
    </extent>
    <relation_mention_argument REFID="CNN_IP_20030405.1600.00-1-E31-52" ROLE="Arg-1">
      <extent>
        <charseq START="1538" END="1545">Iraqi TV</charseq>
      </extent>
    </relation_mention_argument>
    <relation_mention_argument REFID="CNN_IP_20030405.1600.00-1-E17-35" ROLE="Arg-2">
      <extent>
        <charseq START="1538" END="1542">Iraqi</charseq>
      </extent>
    </relation_mention_argument>
  </relation_mention>
</relation>
<relation ID="CNN_IP_20030405.1600.00-1-R15" TYPE="ART" SUBTYPE="User-Owner-Inventor-Manufacturer" TENSE="Unspecified" MODALITY="Asserted">
  <relation_argument REFID="CNN_IP_20030405.1600.00-1-E10" ROLE="Arg-1"/>
  <relation_argument REFID="CNN_IP_20030405.1600.00-1-E34" ROLE="Arg-2"/>
  <relation_mention ID="CNN_IP_20030405.1600.00-1-R15-1" LEXICALCONDITION="PreMod">
    <extent>
      <charseq START="1608" END="1648">U.S. armored vehicles destroyed in battle</charseq>
    </extent>
    <relation_mention_argument REFID="CNN_IP_20030405.1600.00-1-E10-37" ROLE="Arg-1">
      <extent>
        <charseq START="1608" END="1610">U.S</charseq>
      </extent>
    </relation_mention_argument>
    <relation_mention_argument REFID="CNN_IP_20030405.1600.00-1-E34-56" ROLE="Arg-2">
      <extent>
        <charseq START="1608" END="1648">U.S. armored vehicles destroyed in battle</charseq>
      </extent>
    </relation_mention_argument>
  </relation_mention>
</relation>
<relation ID="CNN_IP_20030405.1600.00-1-R16" TYPE="ORG-AFF" SUBTYPE="Employment" TENSE="Unspecified" MODALITY="Asserted">
  <relation_argument REFID="CNN_IP_20030405.1600.00-1-E36" ROLE="Arg-1"/>
  <relation_argument REFID="CNN_IP_20030405.1600.00-1-E67" ROLE="Arg-2"/>
  <relation_mention ID="CNN_IP_20030405.1600.00-1-R16-1" LEXICALCONDITION="Possessive">
    <extent>
      <charseq START="1669" END="1686">CNN's Brent
Sadler</charseq>
    </extent>
    <relation_mention_argument REFID="CNN_IP_20030405.1600.00-1-E36-59" ROLE="Arg-1">
      <extent>
        <charseq START="1669" END="1686">CNN's Brent
Sadler</charseq>
      </extent>
    </relation_mention_argument>
    <relation_mention_argument REFID="CNN_IP_20030405.1600.00-1-E67-58" ROLE="Arg-2">
      <extent>
        <charseq START="1669" END="1671">CNN</charseq>
      </extent>
    </relation_mention_argument>
  </relation_mention>
</relation>
<relation ID="CNN_IP_20030405.1600.00-1-R17" TYPE="PHYS" SUBTYPE="Located" TENSE="Unspecified" MODALITY="Asserted">
  <relation_argument REFID="CNN_IP_20030405.1600.00-1-E36" ROLE="Arg-1"/>
  <relation_argument REFID="CNN_IP_20030405.1600.00-1-E35" ROLE="Arg-2"/>
  <relation_mention ID="CNN_IP_20030405.1600.00-1-R17-1" LEXICALCONDITION="Other">
    <extent>
      <charseq START="1651" END="1762">In northern Iraq, CNN's Brent
Sadler reported enormous explosions as U.S. forces dropped bombs on Iraqi
fighters</charseq>
    </extent>
    <relation_mention_argument REFID="CNN_IP_20030405.1600.00-1-E36-59" ROLE="Arg-1">
      <extent>
        <charseq START="1669" END="1686">CNN's Brent
Sadler</charseq>
      </extent>
    </relation_mention_argument>
    <relation_mention_argument REFID="CNN_IP_20030405.1600.00-1-E35-57" ROLE="Arg-2">
      <extent>
        <charseq START="1654" END="1666">northern Iraq</charseq>
      </extent>
    </relation_mention_argument>
  </relation_mention>
</relation>
<relation ID="CNN_IP_20030405.1600.00-1-R18" TYPE="ORG-AFF" SUBTYPE="Employment" TENSE="Unspecified" MODALITY="Asserted">
  <relation_argument REFID="CNN_IP_20030405.1600.00-1-E38" ROLE="Arg-1"/>
  <relation_argument REFID="CNN_IP_20030405.1600.00-1-E10" ROLE="Arg-2"/>
  <relation_mention ID="CNN_IP_20030405.1600.00-1-R18-1" LEXICALCONDITION="PreMod">
    <extent>
      <charseq START="1720" END="1730">U.S. forces</charseq>
    </extent>
    <relation_mention_argument REFID="CNN_IP_20030405.1600.00-1-E38-61" ROLE="Arg-1">
      <extent>
        <charseq START="1720" END="1730">U.S. forces</charseq>
      </extent>
    </relation_mention_argument>
    <relation_mention_argument REFID="CNN_IP_20030405.1600.00-1-E10-38" ROLE="Arg-2">
      <extent>
        <charseq START="1720" END="1722">U.S</charseq>
      </extent>
    </relation_mention_argument>
  </relation_mention>
</relation>
<relation ID="CNN_IP_20030405.1600.00-1-R19" TYPE="GEN-AFF" SUBTYPE="Citizen-Resident-Religion-Ethnicity" TENSE="Unspecified" MODALITY="Asserted">
  <relation_argument REFID="CNN_IP_20030405.1600.00-1-E40" ROLE="Arg-1"/>
  <relation_argument REFID="CNN_IP_20030405.1600.00-1-E17" ROLE="Arg-2"/>
  <relation_mention ID="CNN_IP_20030405.1600.00-1-R19-1" LEXICALCONDITION="PreMod">
    <extent>
      <charseq START="1749" END="1762">Iraqi
fighters</charseq>
    </extent>
    <relation_mention_argument REFID="CNN_IP_20030405.1600.00-1-E40-63" ROLE="Arg-1">
      <extent>
        <charseq START="1749" END="1762">Iraqi
fighters</charseq>
      </extent>
    </relation_mention_argument>
    <relation_mention_argument REFID="CNN_IP_20030405.1600.00-1-E17-36" ROLE="Arg-2">
      <extent>
        <charseq START="1749" END="1753">Iraqi</charseq>
      </extent>
    </relation_mention_argument>
  </relation_mention>
</relation>
<relation ID="CNN_IP_20030405.1600.00-1-R20" TYPE="GEN-AFF" SUBTYPE="Citizen-Resident-Religion-Ethnicity" TENSE="Unspecified" MODALITY="Asserted">
  <relation_argument REFID="CNN_IP_20030405.1600.00-1-E43" ROLE="Arg-1"/>
  <relation_argument REFID="CNN_IP_20030405.1600.00-1-E17" ROLE="Arg-2"/>
  <relation_mention ID="CNN_IP_20030405.1600.00-1-R20-1" LEXICALCONDITION="PreMod">
    <extent>
      <charseq START="1883" END="1896">Iraqi fighters</charseq>
    </extent>
    <relation_mention_argument REFID="CNN_IP_20030405.1600.00-1-E43-66" ROLE="Arg-1">
      <extent>
        <charseq START="1883" END="1896">Iraqi fighters</charseq>
      </extent>
    </relation_mention_argument>
    <relation_mention_argument REFID="CNN_IP_20030405.1600.00-1-E17-40" ROLE="Arg-2">
      <extent>
        <charseq START="1883" END="1887">Iraqi</charseq>
      </extent>
    </relation_mention_argument>
  </relation_mention>
</relation>
<relation ID="CNN_IP_20030405.1600.00-1-R21" TYPE="ORG-AFF" SUBTYPE="Membership" TENSE="Unspecified" MODALITY="Asserted">
  <relation_argument REFID="CNN_IP_20030405.1600.00-1-E45" ROLE="Arg-1"/>
  <relation_argument REFID="CNN_IP_20030405.1600.00-1-E46" ROLE="Arg-2"/>
  <relation_mention ID="CNN_IP_20030405.1600.00-1-R21-1" LEXICALCONDITION="Preposition">
    <extent>
      <charseq START="1963" END="2017">black-clad members of Saddam Hussein's Fedayeen militia</charseq>
    </extent>
    <relation_mention_argument REFID="CNN_IP_20030405.1600.00-1-E45-68" ROLE="Arg-1">
      <extent>
        <charseq START="1963" END="2017">black-clad members of Saddam Hussein's Fedayeen militia</charseq>
      </extent>
    </relation_mention_argument>
    <relation_mention_argument REFID="CNN_IP_20030405.1600.00-1-E46-70" ROLE="Arg-2">
      <extent>
        <charseq START="1985" END="2017">Saddam Hussein's Fedayeen militia</charseq>
      </extent>
    </relation_mention_argument>
  </relation_mention>
</relation>
<relation ID="CNN_IP_20030405.1600.00-1-R22" TYPE="ORG-AFF" SUBTYPE="Founder" TENSE="Unspecified" MODALITY="Asserted">
  <relation_argument REFID="CNN_IP_20030405.1600.00-1-E78" ROLE="Arg-1"/>
  <relation_argument REFID="CNN_IP_20030405.1600.00-1-E46" ROLE="Arg-2"/>
  <relation_mention ID="CNN_IP_20030405.1600.00-1-R22-1" LEXICALCONDITION="Possessive">
    <extent>
      <charseq START="1985" END="2017">Saddam Hussein's Fedayeen militia</charseq>
    </extent>
    <relation_mention_argument REFID="CNN_IP_20030405.1600.00-1-E78-69" ROLE="Arg-1">
      <extent>
        <charseq START="1985" END="1998">Saddam Hussein</charseq>
      </extent>
    </relation_mention_argument>
    <relation_mention_argument REFID="CNN_IP_20030405.1600.00-1-E46-70" ROLE="Arg-2">
      <extent>
        <charseq START="1985" END="2017">Saddam Hussein's Fedayeen militia</charseq>
      </extent>
    </relation_mention_argument>
  </relation_mention>
</relation>
<relation ID="CNN_IP_20030405.1600.00-1-R23" TYPE="PHYS" SUBTYPE="Located" TENSE="Unspecified" MODALITY="Other">
  <relation_argument REFID="CNN_IP_20030405.1600.00-1-E45" ROLE="Arg-1"/>
  <relation_argument REFID="CNN_IP_20030405.1600.00-1-E47" ROLE="Arg-2"/>
  <relation_mention ID="CNN_IP_20030405.1600.00-1-R23-1" LEXICALCONDITION="Verbal">
    <extent>
      <charseq START="1959" END="2053">And
black-clad members of Saddam Hussein's Fedayeen militia are said to be
prowling the streets</charseq>
    </extent>
    <relation_mention_argument REFID="CNN_IP_20030405.1600.00-1-E45-68" ROLE="Arg-1">
      <extent>
        <charseq START="1963" END="2017">black-clad members of Saddam Hussein's Fedayeen militia</charseq>
      </extent>
    </relation_mention_argument>
    <relation_mention_argument REFID="CNN_IP_20030405.1600.00-1-E47-71" ROLE="Arg-2">
      <extent>
        <charseq START="2043" END="2053">the streets</charseq>
      </extent>
    </relation_mention_argument>
  </relation_mention>
</relation>
<relation ID="CNN_IP_20030405.1600.00-1-R25" TYPE="ORG-AFF" SUBTYPE="Employment" TENSE="Unspecified" MODALITY="Asserted">
  <relation_argument REFID="CNN_IP_20030405.1600.00-1-E48" ROLE="Arg-1"/>
  <relation_argument REFID="CNN_IP_20030405.1600.00-1-E49" ROLE="Arg-2"/>
  <relation_mention ID="CNN_IP_20030405.1600.00-1-R25-1" LEXICALCONDITION="Preposition">
    <extent>
      <charseq START="2056" END="2073">Harry Smith of ITN</charseq>
    </extent>
    <relation_mention_argument REFID="CNN_IP_20030405.1600.00-1-E48-72" ROLE="Arg-1">
      <extent>
        <charseq START="2056" END="2073">Harry Smith of ITN</charseq>
      </extent>
    </relation_mention_argument>
    <relation_mention_argument REFID="CNN_IP_20030405.1600.00-1-E49-73" ROLE="Arg-2">
      <extent>
        <charseq START="2071" END="2073">ITN</charseq>
      </extent>
    </relation_mention_argument>
  </relation_mention>
  <relation_mention ID="CNN_IP_20030405.1600.00-1-R25-2" LEXICALCONDITION="Formulaic">
    <extent>
      <charseq START="2938" END="2958">Harry Smith, ITV News</charseq>
    </extent>
    <relation_mention_argument REFID="CNN_IP_20030405.1600.00-1-E48-98" ROLE="Arg-1">
      <extent>
        <charseq START="2938" END="2948">Harry Smith</charseq>
      </extent>
    </relation_mention_argument>
    <relation_mention_argument REFID="CNN_IP_20030405.1600.00-1-E49-99" ROLE="Arg-2">
      <extent>
        <charseq START="2951" END="2958">ITV News</charseq>
      </extent>
    </relation_mention_argument>
  </relation_mention>
</relation>
<relation ID="CNN_IP_20030405.1600.00-1-R26" TYPE="ORG-AFF" SUBTYPE="Employment" TENSE="Unspecified" MODALITY="Asserted">
  <relation_argument REFID="CNN_IP_20030405.1600.00-1-E59" ROLE="Arg-1"/>
  <relation_argument REFID="CNN_IP_20030405.1600.00-1-E10" ROLE="Arg-2"/>
  <relation_mention ID="CNN_IP_20030405.1600.00-1-R26-1" LEXICALCONDITION="PreMod">
    <extent>
      <charseq START="2479" END="2490">U.S. Marines</charseq>
    </extent>
    <relation_mention_argument REFID="CNN_IP_20030405.1600.00-1-E59-88" ROLE="Arg-1">
      <extent>
        <charseq START="2479" END="2490">U.S. Marines</charseq>
      </extent>
    </relation_mention_argument>
    <relation_mention_argument REFID="CNN_IP_20030405.1600.00-1-E10-42" ROLE="Arg-2">
      <extent>
        <charseq START="2479" END="2481">U.S</charseq>
      </extent>
    </relation_mention_argument>
  </relation_mention>
</relation>
<relation ID="CNN_IP_20030405.1600.00-1-R27" TYPE="PART-WHOLE" SUBTYPE="Geographical" TENSE="Unspecified" MODALITY="Asserted">
  <relation_argument REFID="CNN_IP_20030405.1600.00-1-E57" ROLE="Arg-1"/>
  <relation_argument REFID="CNN_IP_20030405.1600.00-1-E74" ROLE="Arg-2"/>
  <relation_mention ID="CNN_IP_20030405.1600.00-1-R27-1" LEXICALCONDITION="Preposition">
    <extent>
      <charseq START="2427" END="2451">the other side of
Baghdad</charseq>
    </extent>
    <relation_mention_argument REFID="CNN_IP_20030405.1600.00-1-E57-86" ROLE="Arg-1">
      <extent>
        <charseq START="2427" END="2451">the other side of
Baghdad</charseq>
      </extent>
    </relation_mention_argument>
    <relation_mention_argument REFID="CNN_IP_20030405.1600.00-1-E74-46" ROLE="Arg-2">
      <extent>
        <charseq START="2445" END="2451">Baghdad</charseq>
      </extent>
    </relation_mention_argument>
  </relation_mention>
</relation>
<relation ID="CNN_IP_20030405.1600.00-1-R29" TYPE="PART-WHOLE" SUBTYPE="Geographical" TENSE="Unspecified" MODALITY="Asserted">
  <relation_argument REFID="CNN_IP_20030405.1600.00-1-E58" ROLE="Arg-1"/>
  <relation_argument REFID="CNN_IP_20030405.1600.00-1-E57" ROLE="Arg-2"/>
  <relation_mention ID="CNN_IP_20030405.1600.00-1-R29-1" LEXICALCONDITION="Other">
    <extent>
      <charseq START="2420" END="2584">And on the other side of
Baghdad, in the southeast corner, U.S. Marines close in on another
division of the Republican Guard as the noose around the capital
tightens</charseq>
    </extent>
    <relation_mention_argument REFID="CNN_IP_20030405.1600.00-1-E58-87" ROLE="Arg-1">
      <extent>
        <charseq START="2457" END="2476">the southeast corner</charseq>
      </extent>
    </relation_mention_argument>
    <relation_mention_argument REFID="CNN_IP_20030405.1600.00-1-E57-86" ROLE="Arg-2">
      <extent>
        <charseq START="2427" END="2451">the other side of
Baghdad</charseq>
      </extent>
    </relation_mention_argument>
  </relation_mention>
</relation>
<relation ID="CNN_IP_20030405.1600.00-1-R30" TYPE="ORG-AFF" SUBTYPE="Membership" TENSE="Unspecified" MODALITY="Asserted">
  <relation_argument REFID="CNN_IP_20030405.1600.00-1-E60" ROLE="Arg-1"/>
  <relation_argument REFID="CNN_IP_20030405.1600.00-1-E61" ROLE="Arg-2"/>
  <relation_mention ID="CNN_IP_20030405.1600.00-1-R30-1" LEXICALCONDITION="Preposition">
    <extent>
      <charseq START="2504" END="2543">another
division of the Republican Guard</charseq>
    </extent>
    <relation_mention_argument REFID="CNN_IP_20030405.1600.00-1-E60-89" ROLE="Arg-1">
      <extent>
        <charseq START="2504" END="2543">another
division of the Republican Guard</charseq>
      </extent>
    </relation_mention_argument>
    <relation_mention_argument REFID="CNN_IP_20030405.1600.00-1-E61-90" ROLE="Arg-2">
      <extent>
        <charseq START="2524" END="2543">the Republican Guard</charseq>
      </extent>
    </relation_mention_argument>
  </relation_mention>
</relation>
<relation ID="CNN_IP_20030405.1600.00-1-R31" TYPE="ART" SUBTYPE="User-Owner-Inventor-Manufacturer" TENSE="Unspecified" MODALITY="Asserted">
  <relation_argument REFID="CNN_IP_20030405.1600.00-1-E51" ROLE="Arg-1"/>
  <relation_argument REFID="CNN_IP_20030405.1600.00-1-E53" ROLE="Arg-2"/>
  <relation_mention ID="CNN_IP_20030405.1600.00-1-R31-1" LEXICALCONDITION="Preposition">
    <extent>
      <charseq START="2209" END="2245">the tanks of the American 2nd
Brigade</charseq>
    </extent>
    <relation_mention_argument REFID="CNN_IP_20030405.1600.00-1-E51-76" ROLE="Arg-1">
      <extent>
        <charseq START="2222" END="2245">the American 2nd
Brigade</charseq>
      </extent>
    </relation_mention_argument>
    <relation_mention_argument REFID="CNN_IP_20030405.1600.00-1-E53-78" ROLE="Arg-2">
      <extent>
        <charseq START="2209" END="2245">the tanks of the American 2nd
Brigade</charseq>
      </extent>
    </relation_mention_argument>
  </relation_mention>
</relation>
<relation ID="CNN_IP_20030405.1600.00-1-R32" TYPE="ORG-AFF" SUBTYPE="Employment" TENSE="Unspecified" MODALITY="Asserted">
  <relation_argument REFID="CNN_IP_20030405.1600.00-1-E51" ROLE="Arg-1"/>
  <relation_argument REFID="CNN_IP_20030405.1600.00-1-E10" ROLE="Arg-2"/>
  <relation_mention ID="CNN_IP_20030405.1600.00-1-R32-1" LEXICALCONDITION="PreMod">
    <extent>
      <charseq START="2222" END="2245">the American 2nd
Brigade</charseq>
    </extent>
    <relation_mention_argument REFID="CNN_IP_20030405.1600.00-1-E51-76" ROLE="Arg-1">
      <extent>
        <charseq START="2222" END="2245">the American 2nd
Brigade</charseq>
      </extent>
    </relation_mention_argument>
    <relation_mention_argument REFID="CNN_IP_20030405.1600.00-1-E10-77" ROLE="Arg-2">
      <extent>
        <charseq START="2226" END="2233">American</charseq>
      </extent>
    </relation_mention_argument>
  </relation_mention>
</relation>
<relation ID="CNN_IP_20030405.1600.00-1-R33" TYPE="ORG-AFF" SUBTYPE="Membership" TENSE="Unspecified" MODALITY="Asserted">
  <relation_argument REFID="CNN_IP_20030405.1600.00-1-E62" ROLE="Arg-1"/>
  <relation_argument REFID="CNN_IP_20030405.1600.00-1-E61" ROLE="Arg-2"/>
  <relation_mention ID="CNN_IP_20030405.1600.00-1-R33-1" LEXICALCONDITION="Preposition">
    <extent>
      <charseq START="2694" END="2722">units of the Republican Guard</charseq>
    </extent>
    <relation_mention_argument REFID="CNN_IP_20030405.1600.00-1-E62-92" ROLE="Arg-1">
      <extent>
        <charseq START="2694" END="2722">units of the Republican Guard</charseq>
      </extent>
    </relation_mention_argument>
    <relation_mention_argument REFID="CNN_IP_20030405.1600.00-1-E61-93" ROLE="Arg-2">
      <extent>
        <charseq START="2703" END="2722">the Republican Guard</charseq>
      </extent>
    </relation_mention_argument>
  </relation_mention>
</relation>
<relation ID="CNN_IP_20030405.1600.00-1-R34" TYPE="GEN-AFF" SUBTYPE="Citizen-Resident-Religion-Ethnicity" TENSE="Unspecified" MODALITY="Asserted">
  <relation_argument REFID="CNN_IP_20030405.1600.00-1-E68" ROLE="Arg-1"/>
  <relation_argument REFID="CNN_IP_20030405.1600.00-1-E10" ROLE="Arg-2"/>
  <relation_mention ID="CNN_IP_20030405.1600.00-1-R34-1" LEXICALCONDITION="PreMod">
    <extent>
      <charseq START="2752" END="2777">American military planners</charseq>
    </extent>
    <relation_mention_argument REFID="CNN_IP_20030405.1600.00-1-E68-103" ROLE="Arg-1">
      <extent>
        <charseq START="2752" END="2777">American military planners</charseq>
      </extent>
    </relation_mention_argument>
    <relation_mention_argument REFID="CNN_IP_20030405.1600.00-1-E10-43" ROLE="Arg-2">
      <extent>
        <charseq START="2752" END="2759">American</charseq>
      </extent>
    </relation_mention_argument>
  </relation_mention>
</relation>
<event ID="CNN_IP_20030405.1600.00-1-EV1" TYPE="Conflict" SUBTYPE="Attack" MODALITY="Other" POLARITY="Positive" GENERICITY="Generic" TENSE="Unspecified">
  <event_mention ID="CNN_IP_20030405.1600.00-1-EV1-1">
    <extent>
      <charseq START="180" END="182">war</charseq>
    </extent>
    <ldc_scope>
      <charseq START="130" END="191">Our Jeff Greenfield will explore a catchphrase in war coverage</charseq>
    </ldc_scope>
    <anchor>
      <charseq START="180" END="182">war</charseq>
    </anchor>
  </event_mention>
</event>
<event ID="CNN_IP_20030405.1600.00-1-EV2" TYPE="Conflict" SUBTYPE="Attack" MODALITY="Asserted" POLARITY="Positive" GENERICITY="Generic" TENSE="Unspecified">
  <event_argument REFID="CNN_IP_20030405.1600.00-1-E76" ROLE="Attacker"/>
  <event_argument REFID="CNN_IP_20030405.1600.00-1-E1" ROLE="Target"/>
  <event_mention ID="CNN_IP_20030405.1600.00-1-EV2-1">
    <extent>
      <charseq START="610" END="649">their assault on Saddam Hussein's regime</charseq>
    </extent>
    <ldc_scope>
      <charseq START="566" END="649">Coalition forces have opened a new phase
of their assault on Saddam Hussein's regime</charseq>
    </ldc_scope>
    <anchor>
      <charseq START="616" END="622">assault</charseq>
    </anchor>
    <event_mention_argument REFID="CNN_IP_20030405.1600.00-1-E76-116" ROLE="Attacker">
      <extent>
        <charseq START="610" END="614">their</charseq>
      </extent>
    </event_mention_argument>
    <event_mention_argument REFID="CNN_IP_20030405.1600.00-1-E1-2" ROLE="Target">
      <extent>
        <charseq START="627" END="649">Saddam Hussein's regime</charseq>
      </extent>
    </event_mention_argument>
  </event_mention>
</event>
<event ID="CNN_IP_20030405.1600.00-1-EV3" TYPE="Conflict" SUBTYPE="Attack" MODALITY="Other" POLARITY="Positive" GENERICITY="Generic" TENSE="Past">
  <event_argument REFID="CNN_IP_20030405.1600.00-1-E5" ROLE="Place"/>
  <event_argument REFID="CNN_IP_20030405.1600.00-1-E3" ROLE="Instrument"/>
  <event_mention ID="CNN_IP_20030405.1600.00-1-EV3-1">
    <extent>
      <charseq START="721" END="787">artillery fire has been heard in
the direction of southwest Baghdad</charseq>
    </extent>
    <ldc_scope>
      <charseq START="652" END="787">Indeed, only within the past
few minutes, Reuters is reporting heavy artillery fire has been heard in
the direction of southwest Baghdad</charseq>
    </ldc_scope>
    <anchor>
      <charseq START="731" END="734">fire</charseq>
    </anchor>
    <event_mention_argument REFID="CNN_IP_20030405.1600.00-1-E5-5" ROLE="Place">
      <extent>
        <charseq START="771" END="787">southwest Baghdad</charseq>
      </extent>
    </event_mention_argument>
    <event_mention_argument REFID="CNN_IP_20030405.1600.00-1-E3-4" ROLE="Instrument">
      <extent>
        <charseq START="721" END="729">artillery</charseq>
      </extent>
    </event_mention_argument>
  </event_mention>
</event>
<event ID="CNN_IP_20030405.1600.00-1-EV4" TYPE="Conflict" SUBTYPE="Attack" MODALITY="Asserted" POLARITY="Positive" GENERICITY="Specific" TENSE="Present">
  <event_argument REFID="CNN_IP_20030405.1600.00-1-E5" ROLE="Place"/>
  <event_argument REFID="CNN_IP_20030405.1600.00-1-E3" ROLE="Instrument"/>
  <event_argument REFID="CNN_IP_20030405.1600.00-1-T7" ROLE="Time-Within"/>
  <event_mention ID="CNN_IP_20030405.1600.00-1-EV4-1">
    <extent>
      <charseq START="926" END="999">Heavy artillery, according to Reuters,
shaking southwest Baghdad right now</charseq>
    </extent>
    <ldc_scope>
      <charseq START="926" END="1045">Heavy artillery, according to Reuters,
shaking southwest Baghdad right now in the direction of the international
airport</charseq>
    </ldc_scope>
    <anchor>
      <charseq START="965" END="971">shaking</charseq>
    </anchor>
    <event_mention_argument REFID="CNN_IP_20030405.1600.00-1-E5-12" ROLE="Place">
      <extent>
        <charseq START="973" END="989">southwest Baghdad</charseq>
      </extent>
    </event_mention_argument>
    <event_mention_argument REFID="CNN_IP_20030405.1600.00-1-E3-10" ROLE="Instrument">
      <extent>
        <charseq START="926" END="940">Heavy artillery</charseq>
      </extent>
    </event_mention_argument>
    <event_mention_argument REFID="CNN_IP_20030405.1600.00-1-T7-1" ROLE="Time-Within">
      <extent>
        <charseq START="991" END="999">right now</charseq>
      </extent>
    </event_mention_argument>
  </event_mention>
</event>
<event ID="CNN_IP_20030405.1600.00-1-EV5" TYPE="Movement" SUBTYPE="Transport" MODALITY="Asserted" POLARITY="Positive" GENERICITY="Specific" TENSE="Past">
  <event_argument REFID="CNN_IP_20030405.1600.00-1-E37" ROLE="Person"/>
  <event_argument REFID="CNN_IP_20030405.1600.00-1-E14" ROLE="Origin"/>
  <event_argument REFID="CNN_IP_20030405.1600.00-1-E15" ROLE="Destination"/>
  <event_mention ID="CNN_IP_20030405.1600.00-1-EV5-1">
    <extent>
      <charseq START="1249" END="1326">U.S.
troops have moved from the city's outskirts into the heart of the
capital</charseq>
    </extent>
    <ldc_scope>
      <charseq START="1229" END="1326">For the first time, U.S.
troops have moved from the city's outskirts into the heart of the
capital</charseq>
    </ldc_scope>
    <anchor>
      <charseq START="1266" END="1270">moved</charseq>
    </anchor>
    <event_mention_argument REFID="CNN_IP_20030405.1600.00-1-E37-60" ROLE="Person">
      <extent>
        <charseq START="1249" END="1259">U.S.
troops</charseq>
      </extent>
    </event_mention_argument>
    <event_mention_argument REFID="CNN_IP_20030405.1600.00-1-E14-26" ROLE="Origin">
      <extent>
        <charseq START="1277" END="1296">the city's outskirts</charseq>
      </extent>
    </event_mention_argument>
    <event_mention_argument REFID="CNN_IP_20030405.1600.00-1-E15-27" ROLE="Destination">
      <extent>
        <charseq START="1303" END="1326">the heart of the
capital</charseq>
      </extent>
    </event_mention_argument>
  </event_mention>
</event>
<event ID="CNN_IP_20030405.1600.00-1-EV6" TYPE="Conflict" SUBTYPE="Attack" MODALITY="Asserted" POLARITY="Positive" GENERICITY="Generic" TENSE="Unspecified">
  <event_mention ID="CNN_IP_20030405.1600.00-1-EV6-1">
    <extent>
      <charseq START="1498" END="1500">war</charseq>
    </extent>
    <ldc_scope>
      <charseq START="1459" END="1535">Iraqi
officials insist the tide of the war is actually turning in their favor</charseq>
    </ldc_scope>
    <anchor>
      <charseq START="1498" END="1500">war</charseq>
    </anchor>
  </event_mention>
  <event_mention ID="CNN_IP_20030405.1600.00-1-EV6-2">
    <extent>
      <charseq START="2258" END="2260">war</charseq>
    </extent>
    <ldc_scope>
      <charseq START="2168" END="2417">It's the fight they've been waiting for, the tanks of the American 2nd
Brigade taking the war right to the heart of Saddam's much-vaunted
defenders, to the Republican Guards, holed up in their barracks in the
southwestern suburbs of the Iraqi capital</charseq>
    </ldc_scope>
    <anchor>
      <charseq START="2258" END="2260">war</charseq>
    </anchor>
  </event_mention>
</event>
<event ID="CNN_IP_20030405.1600.00-1-EV7" TYPE="Conflict" SUBTYPE="Attack" MODALITY="Other" POLARITY="Positive" GENERICITY="Generic" TENSE="Unspecified">
  <event_mention ID="CNN_IP_20030405.1600.00-1-EV7-1">
    <extent>
      <charseq START="1643" END="1648">battle</charseq>
    </extent>
    <ldc_scope>
      <charseq START="1538" END="1648">Iraqi TV showed video of people dancing on top of what they said were
U.S. armored vehicles destroyed in battle</charseq>
    </ldc_scope>
    <anchor>
      <charseq START="1643" END="1648">battle</charseq>
    </anchor>
  </event_mention>
</event>
<event ID="CNN_IP_20030405.1600.00-1-EV8" TYPE="Conflict" SUBTYPE="Attack" MODALITY="Asserted" POLARITY="Positive" GENERICITY="Generic" TENSE="Past">
  <event_argument REFID="CNN_IP_20030405.1600.00-1-E38" ROLE="Attacker"/>
  <event_argument REFID="CNN_IP_20030405.1600.00-1-E35" ROLE="Place"/>
  <event_argument REFID="CNN_IP_20030405.1600.00-1-E40" ROLE="Target"/>
  <event_argument REFID="CNN_IP_20030405.1600.00-1-E39" ROLE="Instrument"/>
  <event_mention ID="CNN_IP_20030405.1600.00-1-EV8-1">
    <extent>
      <charseq START="1654" END="1762">northern Iraq, CNN's Brent
Sadler reported enormous explosions as U.S. forces dropped bombs on Iraqi
fighters</charseq>
    </extent>
    <ldc_scope>
      <charseq START="1651" END="1762">In northern Iraq, CNN's Brent
Sadler reported enormous explosions as U.S. forces dropped bombs on Iraqi
fighters</charseq>
    </ldc_scope>
    <anchor>
      <charseq START="1732" END="1738">dropped</charseq>
    </anchor>
    <event_mention_argument REFID="CNN_IP_20030405.1600.00-1-E38-61" ROLE="Attacker">
      <extent>
        <charseq START="1720" END="1730">U.S. forces</charseq>
      </extent>
    </event_mention_argument>
    <event_mention_argument REFID="CNN_IP_20030405.1600.00-1-E35-57" ROLE="Place">
      <extent>
        <charseq START="1654" END="1666">northern Iraq</charseq>
      </extent>
    </event_mention_argument>
    <event_mention_argument REFID="CNN_IP_20030405.1600.00-1-E40-63" ROLE="Target">
      <extent>
        <charseq START="1749" END="1762">Iraqi
fighters</charseq>
      </extent>
    </event_mention_argument>
    <event_mention_argument REFID="CNN_IP_20030405.1600.00-1-E39-62" ROLE="Instrument">
      <extent>
        <charseq START="1740" END="1744">bombs</charseq>
      </extent>
    </event_mention_argument>
  </event_mention>
</event>
<event ID="CNN_IP_20030405.1600.00-1-EV9" TYPE="Conflict" SUBTYPE="Attack" MODALITY="Asserted" POLARITY="Positive" GENERICITY="Specific" TENSE="Past">
  <event_argument REFID="CNN_IP_20030405.1600.00-1-E42" ROLE="Place"/>
  <event_argument REFID="CNN_IP_20030405.1600.00-1-E41" ROLE="Instrument"/>
  <event_argument REFID="CNN_IP_20030405.1600.00-1-T9" ROLE="Time-Holds"/>
  <event_mention ID="CNN_IP_20030405.1600.00-1-EV9-1">
    <extent>
      <charseq START="1768" END="1853">one site, 28 bombs weighing 7,500 pounds each reportedly
were dropped in a single hour</charseq>
    </extent>
    <ldc_scope>
      <charseq START="1765" END="1853">At one site, 28 bombs weighing 7,500 pounds each reportedly
were dropped in a single hour</charseq>
    </ldc_scope>
    <anchor>
      <charseq START="1830" END="1836">dropped</charseq>
    </anchor>
    <event_mention_argument REFID="CNN_IP_20030405.1600.00-1-E42-65" ROLE="Place">
      <extent>
        <charseq START="1768" END="1775">one site</charseq>
      </extent>
    </event_mention_argument>
    <event_mention_argument REFID="CNN_IP_20030405.1600.00-1-E41-64" ROLE="Instrument">
      <extent>
        <charseq START="1778" END="1812">28 bombs weighing 7,500 pounds each</charseq>
      </extent>
    </event_mention_argument>
    <event_mention_argument REFID="CNN_IP_20030405.1600.00-1-T9-1" ROLE="Time-Holds">
      <extent>
        <charseq START="1841" END="1853">a single hour</charseq>
      </extent>
    </event_mention_argument>
  </event_mention>
</event>
<event ID="CNN_IP_20030405.1600.00-1-EV10" TYPE="Conflict" SUBTYPE="Attack" MODALITY="Asserted" POLARITY="Positive" GENERICITY="Generic" TENSE="Unspecified">
  <event_mention ID="CNN_IP_20030405.1600.00-1-EV10-1">
    <extent>
      <charseq START="2091" END="2096">battle</charseq>
    </extent>
    <ldc_scope>
      <charseq START="2056" END="2108">Harry Smith of ITN has more on the battle for
Baghdad</charseq>
    </ldc_scope>
    <anchor>
      <charseq START="2091" END="2096">battle</charseq>
    </anchor>
  </event_mention>
</event>
<event ID="CNN_IP_20030405.1600.00-1-EV11" TYPE="Conflict" SUBTYPE="Attack" MODALITY="Other" POLARITY="Positive" GENERICITY="Specific" TENSE="Unspecified">
  <event_mention ID="CNN_IP_20030405.1600.00-1-EV11-1">
    <extent>
      <charseq START="2177" END="2181">fight</charseq>
    </extent>
    <ldc_scope>
      <charseq START="2168" END="2417">It's the fight they've been waiting for, the tanks of the American 2nd
Brigade taking the war right to the heart of Saddam's much-vaunted
defenders, to the Republican Guards, holed up in their barracks in the
southwestern suburbs of the Iraqi capital</charseq>
    </ldc_scope>
    <anchor>
      <charseq START="2177" END="2181">fight</charseq>
    </anchor>
  </event_mention>
</event>
<event ID="CNN_IP_20030405.1600.00-1-EV12" TYPE="Conflict" SUBTYPE="Attack" MODALITY="Asserted" POLARITY="Positive" GENERICITY="Specific" TENSE="Unspecified">
  <event_argument REFID="CNN_IP_20030405.1600.00-1-T11" ROLE="Time-Within"/>
  <event_mention ID="CNN_IP_20030405.1600.00-1-EV12-1">
    <extent>
      <charseq START="2587" END="2601">Today's assault</charseq>
    </extent>
    <ldc_scope>
      <charseq START="2587" END="2749">Today's assault followed another night of heavy bombardment in
and around Baghdad as shells rained down on units of the Republican Guard
and other military targets</charseq>
    </ldc_scope>
    <anchor>
      <charseq START="2595" END="2601">assault</charseq>
    </anchor>
    <event_mention_argument REFID="CNN_IP_20030405.1600.00-1-T11-1" ROLE="Time-Within">
      <extent>
        <charseq START="2587" END="2591">Today</charseq>
      </extent>
    </event_mention_argument>
  </event_mention>
</event>
<event ID="CNN_IP_20030405.1600.00-1-EV13" TYPE="Conflict" SUBTYPE="Attack" MODALITY="Asserted" POLARITY="Positive" GENERICITY="Generic" TENSE="Past">
  <event_argument REFID="CNN_IP_20030405.1600.00-1-E74" ROLE="Place"/>
  <event_argument REFID="CNN_IP_20030405.1600.00-1-E62" ROLE="Target"/>
  <event_argument REFID="CNN_IP_20030405.1600.00-1-E64" ROLE="Instrument"/>
  <event_mention ID="CNN_IP_20030405.1600.00-1-EV13-1">
    <extent>
      <charseq START="2635" END="2722">bombardment in
and around Baghdad as shells rained down on units of the Republican Guard</charseq>
    </extent>
    <ldc_scope>
      <charseq START="2587" END="2749">Today's assault followed another night of heavy bombardment in
and around Baghdad as shells rained down on units of the Republican Guard
and other military targets</charseq>
    </ldc_scope>
    <anchor>
      <charseq START="2635" END="2645">bombardment</charseq>
    </anchor>
    <event_mention_argument REFID="CNN_IP_20030405.1600.00-1-E74-47" ROLE="Place">
      <extent>
        <charseq START="2661" END="2667">Baghdad</charseq>
      </extent>
    </event_mention_argument>
    <event_mention_argument REFID="CNN_IP_20030405.1600.00-1-E62-92" ROLE="Target">
      <extent>
        <charseq START="2694" END="2722">units of the Republican Guard</charseq>
      </extent>
    </event_mention_argument>
    <event_mention_argument REFID="CNN_IP_20030405.1600.00-1-E64-97" ROLE="Instrument">
      <extent>
        <charseq START="2672" END="2677">shells</charseq>
      </extent>
    </event_mention_argument>
  </event_mention>
</event>
<event ID="CNN_IP_20030405.1600.00-1-EV14" TYPE="Conflict" SUBTYPE="Attack" MODALITY="Other" POLARITY="Positive" GENERICITY="Generic" TENSE="Future">
  <event_mention ID="CNN_IP_20030405.1600.00-1-EV14-1">
    <extent>
      <charseq START="2828" END="2835">fighting</charseq>
    </extent>
    <ldc_scope>
      <charseq START="2752" END="2935">American military planners continue to warn
that there could still be tough fighting ahead, but tonight they're
closer than many believed they would be to the center of Saddam's regime</charseq>
    </ldc_scope>
    <anchor>
      <charseq START="2828" END="2835">fighting</charseq>
    </anchor>
  </event_mention>
</event>
</document>
</source_file>
