<?xml version="1.0"?>
<!DOCTYPE source_file SYSTEM "apf.v5.1.1.dtd">
<source_file URI="CNN_IP_20030404.1600.00-1.sgm" SOURCE="broadcast conversation" TYPE="text" AUTHOR="LDC" ENCODING="UTF-8">
<document DOCID="CNN_IP_20030404.1600.00-1">
<entity ID="CNN_IP_20030404.1600.00-1-E1" TYPE="ORG" SUBTYPE="Government" CLASS="SPC">
  <entity_mention ID="CNN_IP_20030404.1600.00-1-E1-10" TYPE="NAM" LDCTYPE="NAMPRE" LDCATR="TRUE">
    <extent>
      <charseq START="703" END="718">Republican Guard</charseq>
    </extent>
    <head>
      <charseq START="703" END="718">Republican Guard</charseq>
    </head>
  </entity_mention>
  <entity_mention ID="CNN_IP_20030404.1600.00-1-E1-70" TYPE="NAM" LDCTYPE="NAMPRE" LDCATR="TRUE">
    <extent>
      <charseq START="1883" END="1898">Republican Guard</charseq>
    </extent>
    <head>
      <charseq START="1883" END="1898">Republican Guard</charseq>
    </head>
  </entity_mention>
  <entity_mention ID="CNN_IP_20030404.1600.00-1-E1-128" TYPE="NAM" LDCTYPE="NAMPRE" LDCATR="TRUE">
    <extent>
      <charseq START="514" END="535">Iraqi Republican Guard</charseq>
    </extent>
    <head>
      <charseq START="514" END="535">Iraqi Republican Guard</charseq>
    </head>
  </entity_mention>
  <entity_attributes>
    <name NAME="Republican Guard">
      <charseq START="703" END="718">Republican Guard</charseq>
    </name>
    <name NAME="Republican Guard">
      <charseq START="1883" END="1898">Republican Guard</charseq>
    </name>
    <name NAME="Iraqi Republican Guard">
      <charseq START="514" END="535">Iraqi Republican Guard</charseq>
    </name>
  </entity_attributes>
</entity>
<entity ID="CNN_IP_20030404.1600.00-1-E2" TYPE="PER" SUBTYPE="Group" CLASS="USP">
  <entity_mention ID="CNN_IP_20030404.1600.00-1-E2-3" TYPE="NOM" LDCTYPE="BAR">
    <extent>
      <charseq START="580" END="606">Columns of coalition forces</charseq>
    </extent>
    <head>
      <charseq START="580" END="586">Columns</charseq>
    </head>
  </entity_mention>
</entity>
<entity ID="CNN_IP_20030404.1600.00-1-E3" TYPE="PER" SUBTYPE="Group" CLASS="GEN">
  <entity_mention ID="CNN_IP_20030404.1600.00-1-E3-4" TYPE="NOM" LDCTYPE="BAR">
    <extent>
      <charseq START="591" END="606">coalition forces</charseq>
    </extent>
    <head>
      <charseq START="601" END="606">forces</charseq>
    </head>
  </entity_mention>
  <entity_mention ID="CNN_IP_20030404.1600.00-1-E3-26" TYPE="PRO" LDCTYPE="PRO">
    <extent>
      <charseq START="878" END="881">they</charseq>
    </extent>
    <head>
      <charseq START="878" END="881">they</charseq>
    </head>
  </entity_mention>
  <entity_mention ID="CNN_IP_20030404.1600.00-1-E3-101" TYPE="PRO" LDCTYPE="PRO">
    <extent>
      <charseq START="2705" END="2708">they</charseq>
    </extent>
    <head>
      <charseq START="2705" END="2708">they</charseq>
    </head>
  </entity_mention>
  <entity_mention ID="CNN_IP_20030404.1600.00-1-E3-110" TYPE="PRO" LDCTYPE="PRO">
    <extent>
      <charseq START="2957" END="2960">they</charseq>
    </extent>
    <head>
      <charseq START="2957" END="2960">they</charseq>
    </head>
  </entity_mention>
</entity>
<entity ID="CNN_IP_20030404.1600.00-1-E4" TYPE="GPE" SUBTYPE="Nation" CLASS="SPC">
  <entity_mention ID="CNN_IP_20030404.1600.00-1-E4-5" TYPE="NOM" LDCTYPE="NOMPRE" ROLE="GPE" LDCATR="TRUE">
    <extent>
      <charseq START="591" END="599">coalition</charseq>
    </extent>
    <head>
      <charseq START="591" END="599">coalition</charseq>
    </head>
  </entity_mention>
  <entity_mention ID="CNN_IP_20030404.1600.00-1-E4-23" TYPE="NOM" LDCTYPE="NOMPRE" ROLE="GPE" LDCATR="TRUE">
    <extent>
      <charseq START="857" END="865">coalition</charseq>
    </extent>
    <head>
      <charseq START="857" END="865">coalition</charseq>
    </head>
  </entity_mention>
  <entity_mention ID="CNN_IP_20030404.1600.00-1-E4-38" TYPE="NOM" LDCTYPE="NOMPRE" ROLE="GPE" LDCATR="TRUE">
    <extent>
      <charseq START="1197" END="1205">coalition</charseq>
    </extent>
    <head>
      <charseq START="1197" END="1205">coalition</charseq>
    </head>
  </entity_mention>
  <entity_mention ID="CNN_IP_20030404.1600.00-1-E4-41" TYPE="NOM" LDCTYPE="NOMPRE" ROLE="GPE" LDCATR="TRUE">
    <extent>
      <charseq START="1333" END="1341">coalition</charseq>
    </extent>
    <head>
      <charseq START="1333" END="1341">coalition</charseq>
    </head>
  </entity_mention>
  <entity_mention ID="CNN_IP_20030404.1600.00-1-E4-100" TYPE="NOM" LDCTYPE="NOMPRE" ROLE="GPE" LDCATR="TRUE">
    <extent>
      <charseq START="2655" END="2663">coalition</charseq>
    </extent>
    <head>
      <charseq START="2655" END="2663">coalition</charseq>
    </head>
  </entity_mention>
</entity>
<entity ID="CNN_IP_20030404.1600.00-1-E5" TYPE="ORG" SUBTYPE="Government" CLASS="SPC">
  <entity_mention ID="CNN_IP_20030404.1600.00-1-E5-8" TYPE="NAM" LDCTYPE="NAM">
    <extent>
      <charseq START="665" END="685">CNN's Central Command</charseq>
    </extent>
    <head>
      <charseq START="671" END="685">Central Command</charseq>
    </head>
  </entity_mention>
  <entity_attributes>
    <name NAME="Central Command">
      <charseq START="671" END="685">Central Command</charseq>
    </name>
  </entity_attributes>
</entity>
<entity ID="CNN_IP_20030404.1600.00-1-E6" TYPE="PER" SUBTYPE="Group" CLASS="USP">
  <entity_mention ID="CNN_IP_20030404.1600.00-1-E6-9" TYPE="NOM" LDCTYPE="NOM">
    <extent>
      <charseq START="692" END="725">some 2,500 Republican Guard forces</charseq>
    </extent>
    <head>
      <charseq START="720" END="725">forces</charseq>
    </head>
  </entity_mention>
</entity>
<entity ID="CNN_IP_20030404.1600.00-1-E8" TYPE="GPE" SUBTYPE="Population-Center" CLASS="SPC">
  <entity_mention ID="CNN_IP_20030404.1600.00-1-E8-11" TYPE="NAM" LDCTYPE="NAM" ROLE="LOC">
    <extent>
      <charseq START="757" END="759">Kut</charseq>
    </extent>
    <head>
      <charseq START="757" END="759">Kut</charseq>
    </head>
  </entity_mention>
  <entity_attributes>
    <name NAME="Kut">
      <charseq START="757" END="759">Kut</charseq>
    </name>
  </entity_attributes>
</entity>
<entity ID="CNN_IP_20030404.1600.00-1-E9" TYPE="PER" SUBTYPE="Group" CLASS="USP">
  <entity_mention ID="CNN_IP_20030404.1600.00-1-E9-22" TYPE="NOM" LDCTYPE="BAR">
    <extent>
      <charseq START="857" END="872">coalition forces</charseq>
    </extent>
    <head>
      <charseq START="867" END="872">forces</charseq>
    </head>
  </entity_mention>
</entity>
<entity ID="CNN_IP_20030404.1600.00-1-E11" TYPE="LOC" SUBTYPE="Region-General" CLASS="SPC">
  <entity_mention ID="CNN_IP_20030404.1600.00-1-E11-27" TYPE="NOM" LDCTYPE="NOM">
    <extent>
      <charseq START="933" END="952">the surrounding area</charseq>
    </extent>
    <head>
      <charseq START="949" END="952">area</charseq>
    </head>
  </entity_mention>
</entity>
<entity ID="CNN_IP_20030404.1600.00-1-E12" TYPE="PER" SUBTYPE="Individual" CLASS="SPC">
  <entity_mention ID="CNN_IP_20030404.1600.00-1-E12-28" TYPE="NAM" LDCTYPE="NAM" LDCATR="FALSE">
    <extent>
      <charseq START="955" END="978">ITN reporter James
Mates</charseq>
    </extent>
    <head>
      <charseq START="968" END="978">James
Mates</charseq>
    </head>
  </entity_mention>
  <entity_mention ID="CNN_IP_20030404.1600.00-1-E12-29" TYPE="NOM" LDCTYPE="NOMPRE" LDCATR="TRUE">
    <extent>
      <charseq START="955" END="966">ITN reporter</charseq>
    </extent>
    <head>
      <charseq START="959" END="966">reporter</charseq>
    </head>
  </entity_mention>
  <entity_mention ID="CNN_IP_20030404.1600.00-1-E12-50" TYPE="NAM" LDCTYPE="NAM" LDCATR="FALSE">
    <extent>
      <charseq START="2995" END="3005">James Mates</charseq>
    </extent>
    <head>
      <charseq START="2995" END="3005">James Mates</charseq>
    </head>
  </entity_mention>
  <entity_attributes>
    <name NAME="James Mates">
      <charseq START="968" END="978">James
Mates</charseq>
    </name>
    <name NAME="James Mates">
      <charseq START="2995" END="3005">James Mates</charseq>
    </name>
  </entity_attributes>
</entity>
<entity ID="CNN_IP_20030404.1600.00-1-E14" TYPE="PER" SUBTYPE="Group" CLASS="SPC">
  <entity_mention ID="CNN_IP_20030404.1600.00-1-E14-30" TYPE="NOM" LDCTYPE="NOM">
    <extent>
      <charseq START="989" END="1003">the U.S. forces</charseq>
    </extent>
    <head>
      <charseq START="998" END="1003">forces</charseq>
    </head>
  </entity_mention>
  <entity_mention ID="CNN_IP_20030404.1600.00-1-E14-31" TYPE="PRO" LDCTYPE="PRO">
    <extent>
      <charseq START="1010" END="1013">they</charseq>
    </extent>
    <head>
      <charseq START="1010" END="1013">they</charseq>
    </head>
  </entity_mention>
</entity>
<entity ID="CNN_IP_20030404.1600.00-1-E15" TYPE="GPE" SUBTYPE="Nation" CLASS="SPC">
  <entity_mention ID="CNN_IP_20030404.1600.00-1-E15-32" TYPE="NAM" LDCTYPE="NAMPRE" ROLE="GPE" LDCATR="TRUE">
    <extent>
      <charseq START="993" END="995">U.S</charseq>
    </extent>
    <head>
      <charseq START="993" END="995">U.S</charseq>
    </head>
  </entity_mention>
  <entity_mention ID="CNN_IP_20030404.1600.00-1-E15-45" TYPE="NAM" LDCTYPE="NAMPRE" ROLE="GPE" LDCATR="TRUE">
    <extent>
      <charseq START="1425" END="1427">U.S</charseq>
    </extent>
    <head>
      <charseq START="1425" END="1427">U.S</charseq>
    </head>
  </entity_mention>
  <entity_mention ID="CNN_IP_20030404.1600.00-1-E15-46" TYPE="NAM" LDCTYPE="NAMPRE" ROLE="GPE" LDCATR="TRUE">
    <extent>
      <charseq START="1468" END="1470">U.S</charseq>
    </extent>
    <head>
      <charseq START="1468" END="1470">U.S</charseq>
    </head>
  </entity_mention>
  <entity_mention ID="CNN_IP_20030404.1600.00-1-E15-47" TYPE="NAM" LDCTYPE="NAMPRE" ROLE="GPE" LDCATR="TRUE">
    <extent>
      <charseq START="1773" END="1775">U.S</charseq>
    </extent>
    <head>
      <charseq START="1773" END="1775">U.S</charseq>
    </head>
  </entity_mention>
  <entity_mention ID="CNN_IP_20030404.1600.00-1-E15-48" TYPE="NAM" LDCTYPE="NAMPRE" ROLE="GPE" LDCATR="TRUE">
    <extent>
      <charseq START="2427" END="2429">U.S</charseq>
    </extent>
    <head>
      <charseq START="2427" END="2429">U.S</charseq>
    </head>
  </entity_mention>
  <entity_mention ID="CNN_IP_20030404.1600.00-1-E15-49" TYPE="NAM" LDCTYPE="NAMPRE" ROLE="GPE" LDCATR="TRUE">
    <extent>
      <charseq START="3027" END="3029">U.S</charseq>
    </extent>
    <head>
      <charseq START="3027" END="3029">U.S</charseq>
    </head>
  </entity_mention>
  <entity_mention ID="CNN_IP_20030404.1600.00-1-E15-119" TYPE="NAM" LDCTYPE="NAM" ROLE="ORG" LDCATR="TRUE">
    <extent>
      <charseq START="333" END="339">the
U.S</charseq>
    </extent>
    <head>
      <charseq START="337" END="339">U.S</charseq>
    </head>
  </entity_mention>
  <entity_mention ID="CNN_IP_20030404.1600.00-1-E15-123" TYPE="NAM" LDCTYPE="NAMPRE" ROLE="GPE" LDCATR="TRUE">
    <extent>
      <charseq START="456" END="463">American</charseq>
    </extent>
    <head>
      <charseq START="456" END="463">American</charseq>
    </head>
  </entity_mention>
  <entity_attributes>
    <name NAME="U.S">
      <charseq START="993" END="995">U.S</charseq>
    </name>
    <name NAME="U.S">
      <charseq START="1425" END="1427">U.S</charseq>
    </name>
    <name NAME="U.S">
      <charseq START="1468" END="1470">U.S</charseq>
    </name>
    <name NAME="U.S">
      <charseq START="1773" END="1775">U.S</charseq>
    </name>
    <name NAME="U.S">
      <charseq START="2427" END="2429">U.S</charseq>
    </name>
    <name NAME="U.S">
      <charseq START="3027" END="3029">U.S</charseq>
    </name>
    <name NAME="U.S">
      <charseq START="337" END="339">U.S</charseq>
    </name>
    <name NAME="American">
      <charseq START="456" END="463">American</charseq>
    </name>
  </entity_attributes>
</entity>
<entity ID="CNN_IP_20030404.1600.00-1-E16" TYPE="PER" SUBTYPE="Individual" CLASS="SPC">
  <entity_mention ID="CNN_IP_20030404.1600.00-1-E16-33" TYPE="PRO" LDCTYPE="PRO">
    <extent>
      <charseq START="1135" END="1137">his</charseq>
    </extent>
    <head>
      <charseq START="1135" END="1137">his</charseq>
    </head>
  </entity_mention>
  <entity_mention ID="CNN_IP_20030404.1600.00-1-E16-68" TYPE="PRO" LDCTYPE="PRO">
    <extent>
      <charseq START="1657" END="1659">his</charseq>
    </extent>
    <head>
      <charseq START="1657" END="1659">his</charseq>
    </head>
  </entity_mention>
  <entity_mention ID="CNN_IP_20030404.1600.00-1-E16-69" TYPE="NAM" LDCTYPE="NAM">
    <extent>
      <charseq START="1695" END="1700">Saddam</charseq>
    </extent>
    <head>
      <charseq START="1695" END="1700">Saddam</charseq>
    </head>
  </entity_mention>
  <entity_attributes>
    <name NAME="Saddam">
      <charseq START="1695" END="1700">Saddam</charseq>
    </name>
  </entity_attributes>
</entity>
<entity ID="CNN_IP_20030404.1600.00-1-E17" TYPE="FAC" SUBTYPE="Airport" CLASS="SPC">
  <entity_mention ID="CNN_IP_20030404.1600.00-1-E17-2" TYPE="NOM" LDCTYPE="NOM" LDCATR="FALSE">
    <extent>
      <charseq START="567" END="577">the airport</charseq>
    </extent>
    <head>
      <charseq START="571" END="577">airport</charseq>
    </head>
  </entity_mention>
  <entity_mention ID="CNN_IP_20030404.1600.00-1-E17-21" TYPE="NOM" LDCTYPE="NOM" LDCATR="FALSE">
    <extent>
      <charseq START="818" END="848">Baghdad's
International Airport</charseq>
    </extent>
    <head>
      <charseq START="842" END="848">Airport</charseq>
    </head>
  </entity_mention>
  <entity_mention ID="CNN_IP_20030404.1600.00-1-E17-24" TYPE="NOM" LDCTYPE="NOM" LDCATR="FALSE">
    <extent>
      <charseq START="896" END="907">the
facility</charseq>
    </extent>
    <head>
      <charseq START="900" END="907">facility</charseq>
    </head>
  </entity_mention>
  <entity_mention ID="CNN_IP_20030404.1600.00-1-E17-25" TYPE="NOM" LDCTYPE="NOM" LDCATR="FALSE">
    <extent>
      <charseq START="1034" END="1044">the airport</charseq>
    </extent>
    <head>
      <charseq START="1038" END="1044">airport</charseq>
    </head>
  </entity_mention>
  <entity_mention ID="CNN_IP_20030404.1600.00-1-E17-34" TYPE="NAM" LDCTYPE="NAM" LDCATR="FALSE">
    <extent>
      <charseq START="1151" END="1178">Saddam International Airport</charseq>
    </extent>
    <head>
      <charseq START="1151" END="1178">Saddam International Airport</charseq>
    </head>
  </entity_mention>
  <entity_mention ID="CNN_IP_20030404.1600.00-1-E17-35" TYPE="PRO" LDCTYPE="PRO" LDCATR="FALSE">
    <extent>
      <charseq START="1228" END="1229">it</charseq>
    </extent>
    <head>
      <charseq START="1228" END="1229">it</charseq>
    </head>
  </entity_mention>
  <entity_mention ID="CNN_IP_20030404.1600.00-1-E17-36" TYPE="NAM" LDCTYPE="NAM" LDCATR="TRUE">
    <extent>
      <charseq START="1247" END="1267">Baghdad
International</charseq>
    </extent>
    <head>
      <charseq START="1247" END="1267">Baghdad
International</charseq>
    </head>
  </entity_mention>
  <entity_mention ID="CNN_IP_20030404.1600.00-1-E17-55" TYPE="NOM" LDCTYPE="NOM" LDCATR="FALSE">
    <extent>
      <charseq START="1657" END="1667">his airport</charseq>
    </extent>
    <head>
      <charseq START="1661" END="1667">airport</charseq>
    </head>
  </entity_mention>
  <entity_mention ID="CNN_IP_20030404.1600.00-1-E17-56" TYPE="PRO" LDCTYPE="PRO" LDCATR="FALSE">
    <extent>
      <charseq START="1703" END="1704">It</charseq>
    </extent>
    <head>
      <charseq START="1703" END="1704">It</charseq>
    </head>
  </entity_mention>
  <entity_mention ID="CNN_IP_20030404.1600.00-1-E17-57" TYPE="NOM" LDCTYPE="NOM" LDCATR="TRUE">
    <extent>
      <charseq START="1750" END="1783">a key forward
base for U.S. troops</charseq>
    </extent>
    <head>
      <charseq START="1764" END="1767">base</charseq>
    </head>
  </entity_mention>
  <entity_mention ID="CNN_IP_20030404.1600.00-1-E17-59" TYPE="NOM" LDCTYPE="NOMPRE" LDCATR="TRUE">
    <extent>
      <charseq START="1951" END="1957">airport</charseq>
    </extent>
    <head>
      <charseq START="1951" END="1957">airport</charseq>
    </head>
  </entity_mention>
  <entity_mention ID="CNN_IP_20030404.1600.00-1-E17-60" TYPE="NOM" LDCTYPE="NOM" LDCATR="FALSE">
    <extent>
      <charseq START="1947" END="1965">the airport complex</charseq>
    </extent>
    <head>
      <charseq START="1959" END="1965">complex</charseq>
    </head>
  </entity_mention>
  <entity_mention ID="CNN_IP_20030404.1600.00-1-E17-72" TYPE="NOM" LDCTYPE="NOMPRE" LDCATR="TRUE">
    <extent>
      <charseq START="2362" END="2368">airport</charseq>
    </extent>
    <head>
      <charseq START="2362" END="2368">airport</charseq>
    </head>
  </entity_mention>
  <entity_mention ID="CNN_IP_20030404.1600.00-1-E17-76" TYPE="NOM" LDCTYPE="NOM" LDCATR="FALSE">
    <extent>
      <charseq START="2163" END="2173">the airport</charseq>
    </extent>
    <head>
      <charseq START="2167" END="2173">airport</charseq>
    </head>
  </entity_mention>
  <entity_mention ID="CNN_IP_20030404.1600.00-1-E17-77" TYPE="NOM" LDCTYPE="NOM" LDCATR="FALSE">
    <extent>
      <charseq START="1515" END="1551">their biggest prize of the war
so far</charseq>
    </extent>
    <head>
      <charseq START="1529" END="1533">prize</charseq>
    </head>
  </entity_mention>
  <entity_mention ID="CNN_IP_20030404.1600.00-1-E17-96" TYPE="NOM" LDCTYPE="NOM" LDCATR="FALSE">
    <extent>
      <charseq START="2414" END="2424">the airport</charseq>
    </extent>
    <head>
      <charseq START="2418" END="2424">airport</charseq>
    </head>
  </entity_mention>
  <entity_mention ID="CNN_IP_20030404.1600.00-1-E17-98" TYPE="NOM" LDCTYPE="NOM" LDCATR="FALSE">
    <extent>
      <charseq START="2623" END="2633">the airport</charseq>
    </extent>
    <head>
      <charseq START="2627" END="2633">airport</charseq>
    </head>
  </entity_mention>
  <entity_mention ID="CNN_IP_20030404.1600.00-1-E17-113" TYPE="PRO" LDCTYPE="PRO" LDCATR="FALSE">
    <extent>
      <charseq START="1113" END="1114">It</charseq>
    </extent>
    <head>
      <charseq START="1113" END="1114">It</charseq>
    </head>
  </entity_mention>
  <entity_mention ID="CNN_IP_20030404.1600.00-1-E17-114" TYPE="NOM" LDCTYPE="NOM" LDCATR="TRUE">
    <extent>
      <charseq START="1120" END="1144">a showpiece of his regime</charseq>
    </extent>
    <head>
      <charseq START="1122" END="1130">showpiece</charseq>
    </head>
  </entity_mention>
  <entity_mention ID="CNN_IP_20030404.1600.00-1-E17-121" TYPE="NAM" LDCTYPE="NAM" LDCATR="FALSE">
    <extent>
      <charseq START="396" END="470">the Baghdad
international airport, now under the control of American troops</charseq>
    </extent>
    <head>
      <charseq START="400" END="428">Baghdad
international airport</charseq>
    </head>
  </entity_mention>
  <entity_attributes>
    <name NAME="Saddam International Airport">
      <charseq START="1151" END="1178">Saddam International Airport</charseq>
    </name>
    <name NAME="Baghdad International">
      <charseq START="1247" END="1267">Baghdad
International</charseq>
    </name>
    <name NAME="Baghdad international airport">
      <charseq START="400" END="428">Baghdad
international airport</charseq>
    </name>
  </entity_attributes>
</entity>
<entity ID="CNN_IP_20030404.1600.00-1-E18" TYPE="PER" SUBTYPE="Group" CLASS="USP">
  <entity_mention ID="CNN_IP_20030404.1600.00-1-E18-37" TYPE="NOM" LDCTYPE="BAR">
    <extent>
      <charseq START="1197" END="1212">coalition troops</charseq>
    </extent>
    <head>
      <charseq START="1207" END="1212">troops</charseq>
    </head>
  </entity_mention>
</entity>
<entity ID="CNN_IP_20030404.1600.00-1-E20" TYPE="FAC" SUBTYPE="Subarea-Facility" CLASS="SPC">
  <entity_mention ID="CNN_IP_20030404.1600.00-1-E20-39" TYPE="NOM" LDCTYPE="NOM">
    <extent>
      <charseq START="1299" END="1308">the runway</charseq>
    </extent>
    <head>
      <charseq START="1303" END="1308">runway</charseq>
    </head>
  </entity_mention>
  <entity_mention ID="CNN_IP_20030404.1600.00-1-E20-61" TYPE="NOM" LDCTYPE="NOM">
    <extent>
      <charseq START="1633" END="1642">the runway</charseq>
    </extent>
    <head>
      <charseq START="1637" END="1642">runway</charseq>
    </head>
  </entity_mention>
  <entity_mention ID="CNN_IP_20030404.1600.00-1-E20-62" TYPE="NOM" LDCTYPE="NOM">
    <extent>
      <charseq START="1381" END="1390">the tarmac</charseq>
    </extent>
    <head>
      <charseq START="1385" END="1390">tarmac</charseq>
    </head>
  </entity_mention>
</entity>
<entity ID="CNN_IP_20030404.1600.00-1-E21" TYPE="GPE" SUBTYPE="Population-Center" CLASS="SPC">
  <entity_mention ID="CNN_IP_20030404.1600.00-1-E21-1" TYPE="NAM" LDCTYPE="NAM" ROLE="LOC">
    <extent>
      <charseq START="214" END="220">Baghdad</charseq>
    </extent>
    <head>
      <charseq START="214" END="220">Baghdad</charseq>
    </head>
  </entity_mention>
  <entity_mention ID="CNN_IP_20030404.1600.00-1-E21-6" TYPE="NAM" LDCTYPE="NAM" ROLE="GPE">
    <extent>
      <charseq START="656" END="662">Baghdad</charseq>
    </extent>
    <head>
      <charseq START="656" END="662">Baghdad</charseq>
    </head>
  </entity_mention>
  <entity_mention ID="CNN_IP_20030404.1600.00-1-E21-12" TYPE="NAM" LDCTYPE="NAM" ROLE="LOC">
    <extent>
      <charseq START="765" END="771">Baghdad</charseq>
    </extent>
    <head>
      <charseq START="765" END="771">Baghdad</charseq>
    </head>
  </entity_mention>
  <entity_mention ID="CNN_IP_20030404.1600.00-1-E21-13" TYPE="NAM" LDCTYPE="NAM" ROLE="GPE">
    <extent>
      <charseq START="818" END="824">Baghdad</charseq>
    </extent>
    <head>
      <charseq START="818" END="824">Baghdad</charseq>
    </head>
  </entity_mention>
  <entity_mention ID="CNN_IP_20030404.1600.00-1-E21-14" TYPE="NAM" LDCTYPE="NAM" ROLE="LOC">
    <extent>
      <charseq START="1730" END="1736">Baghdad</charseq>
    </extent>
    <head>
      <charseq START="1730" END="1736">Baghdad</charseq>
    </head>
  </entity_mention>
  <entity_mention ID="CNN_IP_20030404.1600.00-1-E21-15" TYPE="NAM" LDCTYPE="NAM" ROLE="LOC">
    <extent>
      <charseq START="2060" END="2066">Baghdad</charseq>
    </extent>
    <head>
      <charseq START="2060" END="2066">Baghdad</charseq>
    </head>
  </entity_mention>
  <entity_mention ID="CNN_IP_20030404.1600.00-1-E21-16" TYPE="PRO" LDCTYPE="PRO" ROLE="LOC">
    <extent>
      <charseq START="2079" END="2082">here</charseq>
    </extent>
    <head>
      <charseq START="2079" END="2082">here</charseq>
    </head>
  </entity_mention>
  <entity_mention ID="CNN_IP_20030404.1600.00-1-E21-17" TYPE="NAM" LDCTYPE="NAM" ROLE="GPE">
    <extent>
      <charseq START="2471" END="2477">Baghdad</charseq>
    </extent>
    <head>
      <charseq START="2471" END="2477">Baghdad</charseq>
    </head>
  </entity_mention>
  <entity_mention ID="CNN_IP_20030404.1600.00-1-E21-18" TYPE="NOM" LDCTYPE="NOM" ROLE="LOC">
    <extent>
      <charseq START="2504" END="2511">the city</charseq>
    </extent>
    <head>
      <charseq START="2508" END="2511">city</charseq>
    </head>
  </entity_mention>
  <entity_mention ID="CNN_IP_20030404.1600.00-1-E21-19" TYPE="NOM" LDCTYPE="NOM" ROLE="LOC">
    <extent>
      <charseq START="2985" END="2992">the city</charseq>
    </extent>
    <head>
      <charseq START="2989" END="2992">city</charseq>
    </head>
  </entity_mention>
  <entity_mention ID="CNN_IP_20030404.1600.00-1-E21-20" TYPE="NAM" LDCTYPE="NAM" ROLE="LOC">
    <extent>
      <charseq START="3050" END="3056">Baghdad</charseq>
    </extent>
    <head>
      <charseq START="3050" END="3056">Baghdad</charseq>
    </head>
  </entity_mention>
  <entity_mention ID="CNN_IP_20030404.1600.00-1-E21-58" TYPE="NOM" LDCTYPE="NOM" ROLE="LOC">
    <extent>
      <charseq START="1815" END="1825">the capital</charseq>
    </extent>
    <head>
      <charseq START="1819" END="1825">capital</charseq>
    </head>
  </entity_mention>
  <entity_mention ID="CNN_IP_20030404.1600.00-1-E21-89" TYPE="NOM" LDCTYPE="NOM" ROLE="PER">
    <extent>
      <charseq START="2043" END="2066">the residents of
Baghdad</charseq>
    </extent>
    <head>
      <charseq START="2047" END="2055">residents</charseq>
    </head>
  </entity_mention>
  <entity_mention ID="CNN_IP_20030404.1600.00-1-E21-90" TYPE="PRO" LDCTYPE="PRO" ROLE="PER">
    <extent>
      <charseq START="2088" END="2091">they</charseq>
    </extent>
    <head>
      <charseq START="2088" END="2091">they</charseq>
    </head>
  </entity_mention>
  <entity_mention ID="CNN_IP_20030404.1600.00-1-E21-105" TYPE="NOM" LDCTYPE="NOM" ROLE="LOC">
    <extent>
      <charseq START="2865" END="2872">the
city</charseq>
    </extent>
    <head>
      <charseq START="2869" END="2872">city</charseq>
    </head>
  </entity_mention>
  <entity_mention ID="CNN_IP_20030404.1600.00-1-E21-106" TYPE="PRO" LDCTYPE="PRO" ROLE="LOC">
    <extent>
      <charseq START="2884" END="2888">there</charseq>
    </extent>
    <head>
      <charseq START="2884" END="2888">there</charseq>
    </head>
  </entity_mention>
  <entity_mention ID="CNN_IP_20030404.1600.00-1-E21-118" TYPE="NOM" LDCTYPE="NOM" ROLE="LOC">
    <extent>
      <charseq START="313" END="320">the city</charseq>
    </extent>
    <head>
      <charseq START="317" END="320">city</charseq>
    </head>
  </entity_mention>
  <entity_attributes>
    <name NAME="Baghdad">
      <charseq START="214" END="220">Baghdad</charseq>
    </name>
    <name NAME="Baghdad">
      <charseq START="656" END="662">Baghdad</charseq>
    </name>
    <name NAME="Baghdad">
      <charseq START="765" END="771">Baghdad</charseq>
    </name>
    <name NAME="Baghdad">
      <charseq START="818" END="824">Baghdad</charseq>
    </name>
    <name NAME="Baghdad">
      <charseq START="1730" END="1736">Baghdad</charseq>
    </name>
    <name NAME="Baghdad">
      <charseq START="2060" END="2066">Baghdad</charseq>
    </name>
    <name NAME="Baghdad">
      <charseq START="2471" END="2477">Baghdad</charseq>
    </name>
    <name NAME="Baghdad">
      <charseq START="3050" END="3056">Baghdad</charseq>
    </name>
  </entity_attributes>
</entity>
<entity ID="CNN_IP_20030404.1600.00-1-E22" TYPE="ORG" SUBTYPE="Media" CLASS="SPC">
  <entity_mention ID="CNN_IP_20030404.1600.00-1-E22-40" TYPE="NAM" LDCTYPE="NAMPRE" LDCATR="TRUE">
    <extent>
      <charseq START="955" END="957">ITN</charseq>
    </extent>
    <head>
      <charseq START="955" END="957">ITN</charseq>
    </head>
  </entity_mention>
  <entity_mention ID="CNN_IP_20030404.1600.00-1-E22-51" TYPE="NAM" LDCTYPE="NAM" LDCATR="FALSE">
    <extent>
      <charseq START="3008" END="3015">ITV
News</charseq>
    </extent>
    <head>
      <charseq START="3008" END="3015">ITV
News</charseq>
    </head>
  </entity_mention>
  <entity_attributes>
    <name NAME="ITN">
      <charseq START="955" END="957">ITN</charseq>
    </name>
    <name NAME="ITV News">
      <charseq START="3008" END="3015">ITV
News</charseq>
    </name>
  </entity_attributes>
</entity>
<entity ID="CNN_IP_20030404.1600.00-1-E25" TYPE="VEH" SUBTYPE="Air" CLASS="SPC">
  <entity_mention ID="CNN_IP_20030404.1600.00-1-E25-42" TYPE="NOM" LDCTYPE="NOM">
    <extent>
      <charseq START="1351" END="1365">A passenger jet</charseq>
    </extent>
    <head>
      <charseq START="1363" END="1365">jet</charseq>
    </head>
  </entity_mention>
</entity>
<entity ID="CNN_IP_20030404.1600.00-1-E26" TYPE="PER" SUBTYPE="Individual" CLASS="GEN">
  <entity_mention ID="CNN_IP_20030404.1600.00-1-E26-43" TYPE="NOM" LDCTYPE="NOMPRE">
    <extent>
      <charseq START="1353" END="1361">passenger</charseq>
    </extent>
    <head>
      <charseq START="1353" END="1361">passenger</charseq>
    </head>
  </entity_mention>
</entity>
<entity ID="CNN_IP_20030404.1600.00-1-E27" TYPE="PER" SUBTYPE="Group" CLASS="USP">
  <entity_mention ID="CNN_IP_20030404.1600.00-1-E27-44" TYPE="NOM" LDCTYPE="BAR">
    <extent>
      <charseq START="1425" END="1435">U.S. troops</charseq>
    </extent>
    <head>
      <charseq START="1430" END="1435">troops</charseq>
    </head>
  </entity_mention>
</entity>
<entity ID="CNN_IP_20030404.1600.00-1-E33" TYPE="GPE" SUBTYPE="Nation" CLASS="SPC">
  <entity_mention ID="CNN_IP_20030404.1600.00-1-E33-52" TYPE="NAM" LDCTYPE="NAMPRE" ROLE="GPE" LDCATR="FALSE">
    <extent>
      <charseq START="2737" END="2741">Iraqi</charseq>
    </extent>
    <head>
      <charseq START="2737" END="2741">Iraqi</charseq>
    </head>
  </entity_mention>
  <entity_mention ID="CNN_IP_20030404.1600.00-1-E33-53" TYPE="NAM" LDCTYPE="NAMPRE" ROLE="GPE" LDCATR="FALSE">
    <extent>
      <charseq START="2249" END="2253">Iraqi</charseq>
    </extent>
    <head>
      <charseq START="2249" END="2253">Iraqi</charseq>
    </head>
  </entity_mention>
  <entity_mention ID="CNN_IP_20030404.1600.00-1-E33-54" TYPE="NAM" LDCTYPE="NAMPRE" ROLE="GPE" LDCATR="FALSE">
    <extent>
      <charseq START="1842" END="1846">Iraqi</charseq>
    </extent>
    <head>
      <charseq START="1842" END="1846">Iraqi</charseq>
    </head>
  </entity_mention>
  <entity_mention ID="CNN_IP_20030404.1600.00-1-E33-71" TYPE="NAM" LDCTYPE="NAMPRE" ROLE="GPE" LDCATR="TRUE">
    <extent>
      <charseq START="2299" END="2303">Iraqi</charseq>
    </extent>
    <head>
      <charseq START="2299" END="2303">Iraqi</charseq>
    </head>
  </entity_mention>
  <entity_mention ID="CNN_IP_20030404.1600.00-1-E33-91" TYPE="NOM" LDCTYPE="NOM" ROLE="ORG" LDCATR="FALSE">
    <extent>
      <charseq START="2119" END="2128">the regime</charseq>
    </extent>
    <head>
      <charseq START="2123" END="2128">regime</charseq>
    </head>
  </entity_mention>
  <entity_attributes>
    <name NAME="Iraqi">
      <charseq START="2737" END="2741">Iraqi</charseq>
    </name>
    <name NAME="Iraqi">
      <charseq START="2249" END="2253">Iraqi</charseq>
    </name>
    <name NAME="Iraqi">
      <charseq START="1842" END="1846">Iraqi</charseq>
    </name>
    <name NAME="Iraqi">
      <charseq START="2299" END="2303">Iraqi</charseq>
    </name>
  </entity_attributes>
</entity>
<entity ID="CNN_IP_20030404.1600.00-1-E39" TYPE="FAC" SUBTYPE="Subarea-Facility" CLASS="SPC">
  <entity_mention ID="CNN_IP_20030404.1600.00-1-E39-63" TYPE="NOM" LDCTYPE="NOM">
    <extent>
      <charseq START="1413" END="1420">a hangar</charseq>
    </extent>
    <head>
      <charseq START="1415" END="1420">hangar</charseq>
    </head>
  </entity_mention>
</entity>
<entity ID="CNN_IP_20030404.1600.00-1-E40" TYPE="VEH" SUBTYPE="Land" CLASS="USP">
  <entity_mention ID="CNN_IP_20030404.1600.00-1-E40-64" TYPE="NOM" LDCTYPE="BAR">
    <extent>
      <charseq START="1468" END="1490">U.S.
tanks and infantry</charseq>
    </extent>
    <head>
      <charseq START="1473" END="1477">tanks</charseq>
    </head>
  </entity_mention>
</entity>
<entity ID="CNN_IP_20030404.1600.00-1-E41" TYPE="PER" SUBTYPE="Group" CLASS="USP">
  <entity_mention ID="CNN_IP_20030404.1600.00-1-E41-65" TYPE="NOM" LDCTYPE="BAR">
    <extent>
      <charseq START="1468" END="1490">U.S.
tanks and infantry</charseq>
    </extent>
    <head>
      <charseq START="1483" END="1490">infantry</charseq>
    </head>
  </entity_mention>
</entity>
<entity ID="CNN_IP_20030404.1600.00-1-E42" TYPE="PER" SUBTYPE="Group" CLASS="USP">
  <entity_mention ID="CNN_IP_20030404.1600.00-1-E42-66" TYPE="PRO" LDCTYPE="PRO">
    <extent>
      <charseq START="1515" END="1519">their</charseq>
    </extent>
    <head>
      <charseq START="1515" END="1519">their</charseq>
    </head>
  </entity_mention>
  <entity_mention ID="CNN_IP_20030404.1600.00-1-E42-67" TYPE="PRO" LDCTYPE="PRO">
    <extent>
      <charseq START="1576" END="1579">they</charseq>
    </extent>
    <head>
      <charseq START="1576" END="1579">they</charseq>
    </head>
  </entity_mention>
</entity>
<entity ID="CNN_IP_20030404.1600.00-1-E46" TYPE="FAC" SUBTYPE="Path" CLASS="SPC">
  <entity_mention ID="CNN_IP_20030404.1600.00-1-E46-73" TYPE="NOM" LDCTYPE="NOM">
    <extent>
      <charseq START="2358" END="2373">the airport
road</charseq>
    </extent>
    <head>
      <charseq START="2370" END="2373">road</charseq>
    </head>
  </entity_mention>
</entity>
<entity ID="CNN_IP_20030404.1600.00-1-E47" TYPE="PER" SUBTYPE="Group" CLASS="SPC">
  <entity_mention ID="CNN_IP_20030404.1600.00-1-E47-74" TYPE="NOM" LDCTYPE="NOM">
    <extent>
      <charseq START="2334" END="2373">a column that pushed up the airport
road</charseq>
    </extent>
    <head>
      <charseq START="2336" END="2341">column</charseq>
    </head>
  </entity_mention>
  <entity_mention ID="CNN_IP_20030404.1600.00-1-E47-75" TYPE="PRO" LDCTYPE="WHQ">
    <extent>
      <charseq START="2343" END="2346">that</charseq>
    </extent>
    <head>
      <charseq START="2343" END="2346">that</charseq>
    </head>
  </entity_mention>
</entity>
<entity ID="CNN_IP_20030404.1600.00-1-E48" TYPE="FAC" SUBTYPE="Building-Grounds" CLASS="SPC">
  <entity_mention ID="CNN_IP_20030404.1600.00-1-E48-78" TYPE="NOM" LDCTYPE="BAR">
    <extent>
      <charseq START="1554" END="1561">Building</charseq>
    </extent>
    <head>
      <charseq START="1554" END="1561">Building</charseq>
    </head>
  </entity_mention>
</entity>
<entity ID="CNN_IP_20030404.1600.00-1-E49" TYPE="FAC" SUBTYPE="Building-Grounds" CLASS="SPC">
  <entity_mention ID="CNN_IP_20030404.1600.00-1-E49-80" TYPE="NOM" LDCTYPE="BAR">
    <extent>
      <charseq START="1566" END="1573">building</charseq>
    </extent>
    <head>
      <charseq START="1566" END="1573">building</charseq>
    </head>
  </entity_mention>
</entity>
<entity ID="CNN_IP_20030404.1600.00-1-E50" TYPE="FAC" SUBTYPE="Building-Grounds" CLASS="SPC">
  <entity_mention ID="CNN_IP_20030404.1600.00-1-E50-81" TYPE="NOM" LDCTYPE="NOM" LDCATR="FALSE">
    <extent>
      <charseq START="1587" END="1606">the terminal complex</charseq>
    </extent>
    <head>
      <charseq START="1600" END="1606">complex</charseq>
    </head>
  </entity_mention>
  <entity_mention ID="CNN_IP_20030404.1600.00-1-E50-112" TYPE="NOM" LDCTYPE="NOMPRE" LDCATR="TRUE">
    <extent>
      <charseq START="1591" END="1598">terminal</charseq>
    </extent>
    <head>
      <charseq START="1591" END="1598">terminal</charseq>
    </head>
  </entity_mention>
</entity>
<entity ID="CNN_IP_20030404.1600.00-1-E51" TYPE="PER" SUBTYPE="Group" CLASS="GEN">
  <entity_mention ID="CNN_IP_20030404.1600.00-1-E51-82" TYPE="NOM" LDCTYPE="BAR">
    <extent>
      <charseq START="1773" END="1783">U.S. troops</charseq>
    </extent>
    <head>
      <charseq START="1778" END="1783">troops</charseq>
    </head>
  </entity_mention>
  <entity_mention ID="CNN_IP_20030404.1600.00-1-E51-83" TYPE="PRO" LDCTYPE="PRO">
    <extent>
      <charseq START="1788" END="1791">they</charseq>
    </extent>
    <head>
      <charseq START="1788" END="1791">they</charseq>
    </head>
  </entity_mention>
  <entity_mention ID="CNN_IP_20030404.1600.00-1-E51-87" TYPE="PRO" LDCTYPE="PRO">
    <extent>
      <charseq START="2021" END="2022">we</charseq>
    </extent>
    <head>
      <charseq START="2021" END="2022">we</charseq>
    </head>
  </entity_mention>
  <entity_mention ID="CNN_IP_20030404.1600.00-1-E51-88" TYPE="PRO" LDCTYPE="PRO">
    <extent>
      <charseq START="2073" END="2074">we</charseq>
    </extent>
    <head>
      <charseq START="2073" END="2074">we</charseq>
    </head>
  </entity_mention>
</entity>
<entity ID="CNN_IP_20030404.1600.00-1-E52" TYPE="PER" SUBTYPE="Group" CLASS="USP">
  <entity_mention ID="CNN_IP_20030404.1600.00-1-E52-84" TYPE="NOM" LDCTYPE="NOM">
    <extent>
      <charseq START="1828" END="1855">More than
300 Iraqi soldiers</charseq>
    </extent>
    <head>
      <charseq START="1848" END="1855">soldiers</charseq>
    </head>
  </entity_mention>
</entity>
<entity ID="CNN_IP_20030404.1600.00-1-E53" TYPE="PER" SUBTYPE="Group" CLASS="USP">
  <entity_mention ID="CNN_IP_20030404.1600.00-1-E53-85" TYPE="NOM" LDCTYPE="NOM">
    <extent>
      <charseq START="1878" END="1905">Some Republican Guard troops</charseq>
    </extent>
    <head>
      <charseq START="1900" END="1905">troops</charseq>
    </head>
  </entity_mention>
</entity>
<entity ID="CNN_IP_20030404.1600.00-1-E54" TYPE="LOC" SUBTYPE="Region-General" CLASS="SPC">
  <entity_mention ID="CNN_IP_20030404.1600.00-1-E54-86" TYPE="NOM" LDCTYPE="NOM">
    <extent>
      <charseq START="1926" END="1965">the northern side of the airport complex</charseq>
    </extent>
    <head>
      <charseq START="1939" END="1942">side</charseq>
    </head>
  </entity_mention>
</entity>
<entity ID="CNN_IP_20030404.1600.00-1-E55" TYPE="VEH" SUBTYPE="Land" CLASS="SPC">
  <entity_mention ID="CNN_IP_20030404.1600.00-1-E55-92" TYPE="NOM" LDCTYPE="NOM">
    <extent>
      <charseq START="2246" END="2265">an Iraqi armored car</charseq>
    </extent>
    <head>
      <charseq START="2263" END="2265">car</charseq>
    </head>
  </entity_mention>
  <entity_mention ID="CNN_IP_20030404.1600.00-1-E55-93" TYPE="PRO" LDCTYPE="PRO">
    <extent>
      <charseq START="2275" END="2277">its</charseq>
    </extent>
    <head>
      <charseq START="2275" END="2277">its</charseq>
    </head>
  </entity_mention>
</entity>
<entity ID="CNN_IP_20030404.1600.00-1-E56" TYPE="PER" SUBTYPE="Individual" CLASS="SPC">
  <entity_mention ID="CNN_IP_20030404.1600.00-1-E56-94" TYPE="NOM" LDCTYPE="NOM" LDCATR="FALSE">
    <extent>
      <charseq START="2284" END="2311">the body of an
Iraqi soldier</charseq>
    </extent>
    <head>
      <charseq START="2288" END="2291">body</charseq>
    </head>
  </entity_mention>
  <entity_mention ID="CNN_IP_20030404.1600.00-1-E56-95" TYPE="NOM" LDCTYPE="NOM" LDCATR="TRUE">
    <extent>
      <charseq START="2296" END="2311">an
Iraqi soldier</charseq>
    </extent>
    <head>
      <charseq START="2305" END="2311">soldier</charseq>
    </head>
  </entity_mention>
</entity>
<entity ID="CNN_IP_20030404.1600.00-1-E58" TYPE="PER" SUBTYPE="Group" CLASS="USP">
  <entity_mention ID="CNN_IP_20030404.1600.00-1-E58-97" TYPE="NOM" LDCTYPE="NOM">
    <extent>
      <charseq START="2427" END="2437">U.S. troops</charseq>
    </extent>
    <head>
      <charseq START="2432" END="2437">troops</charseq>
    </head>
  </entity_mention>
</entity>
<entity ID="CNN_IP_20030404.1600.00-1-E59" TYPE="PER" SUBTYPE="Group" CLASS="USP">
  <entity_mention ID="CNN_IP_20030404.1600.00-1-E59-99" TYPE="NOM" LDCTYPE="BAR">
    <extent>
      <charseq START="2655" END="2674">coalition commanders</charseq>
    </extent>
    <head>
      <charseq START="2665" END="2674">commanders</charseq>
    </head>
  </entity_mention>
</entity>
<entity ID="CNN_IP_20030404.1600.00-1-E61" TYPE="PER" SUBTYPE="Group" CLASS="GEN">
  <entity_mention ID="CNN_IP_20030404.1600.00-1-E61-102" TYPE="PRO" LDCTYPE="PRO">
    <extent>
      <charseq START="2776" END="2779">they</charseq>
    </extent>
    <head>
      <charseq START="2776" END="2779">they</charseq>
    </head>
  </entity_mention>
</entity>
<entity ID="CNN_IP_20030404.1600.00-1-E62" TYPE="ORG" SUBTYPE="Government" CLASS="GEN">
  <entity_mention ID="CNN_IP_20030404.1600.00-1-E62-103" TYPE="NOM" LDCTYPE="NOM">
    <extent>
      <charseq START="2737" END="2769">Iraqi command and control centers</charseq>
    </extent>
    <head>
      <charseq START="2763" END="2769">centers</charseq>
    </head>
  </entity_mention>
</entity>
<entity ID="CNN_IP_20030404.1600.00-1-E63" TYPE="PER" SUBTYPE="Group" CLASS="SPC">
  <entity_mention ID="CNN_IP_20030404.1600.00-1-E63-104" TYPE="NOM" LDCTYPE="NOM">
    <extent>
      <charseq START="2825" END="2839">the best troops</charseq>
    </extent>
    <head>
      <charseq START="2834" END="2839">troops</charseq>
    </head>
  </entity_mention>
</entity>
<entity ID="CNN_IP_20030404.1600.00-1-E64" TYPE="FAC" SUBTYPE="Path" CLASS="SPC">
  <entity_mention ID="CNN_IP_20030404.1600.00-1-E64-107" TYPE="NOM" LDCTYPE="BAR">
    <extent>
      <charseq START="2890" END="2895">street</charseq>
    </extent>
    <head>
      <charseq START="2890" END="2895">street</charseq>
    </head>
  </entity_mention>
</entity>
<entity ID="CNN_IP_20030404.1600.00-1-E65" TYPE="FAC" SUBTYPE="Path" CLASS="SPC">
  <entity_mention ID="CNN_IP_20030404.1600.00-1-E65-108" TYPE="NOM" LDCTYPE="BAR">
    <extent>
      <charseq START="2900" END="2905">street</charseq>
    </extent>
    <head>
      <charseq START="2900" END="2905">street</charseq>
    </head>
  </entity_mention>
</entity>
<entity ID="CNN_IP_20030404.1600.00-1-E66" TYPE="PER" SUBTYPE="Group" CLASS="GEN">
  <entity_mention ID="CNN_IP_20030404.1600.00-1-E66-109" TYPE="NOM" LDCTYPE="NOM">
    <extent>
      <charseq START="3023" END="3038">the U.S. marines</charseq>
    </extent>
    <head>
      <charseq START="3032" END="3038">marines</charseq>
    </head>
  </entity_mention>
</entity>
<entity ID="CNN_IP_20030404.1600.00-1-E67" TYPE="PER" SUBTYPE="Group" CLASS="USP">
  <entity_mention ID="CNN_IP_20030404.1600.00-1-E67-79" TYPE="NOM" LDCTYPE="BAR">
    <extent>
      <charseq START="234" END="242">Witnesses</charseq>
    </extent>
    <head>
      <charseq START="234" END="242">Witnesses</charseq>
    </head>
  </entity_mention>
  <entity_mention ID="CNN_IP_20030404.1600.00-1-E67-115" TYPE="PRO" LDCTYPE="PRO">
    <extent>
      <charseq START="248" END="251">they</charseq>
    </extent>
    <head>
      <charseq START="248" END="251">they</charseq>
    </head>
  </entity_mention>
</entity>
<entity ID="CNN_IP_20030404.1600.00-1-E68" TYPE="ORG" SUBTYPE="Government" CLASS="SPC">
  <entity_mention ID="CNN_IP_20030404.1600.00-1-E68-111" TYPE="NOM" LDCTYPE="NOM">
    <extent>
      <charseq START="1135" END="1144">his regime</charseq>
    </extent>
    <head>
      <charseq START="1139" END="1144">regime</charseq>
    </head>
  </entity_mention>
</entity>
<entity ID="CNN_IP_20030404.1600.00-1-E71" TYPE="FAC" SUBTYPE="Building-Grounds" CLASS="SPC">
  <entity_mention ID="CNN_IP_20030404.1600.00-1-E71-116" TYPE="NOM" LDCTYPE="NOM">
    <extent>
      <charseq START="273" END="320">a presidential complex in the center of the city</charseq>
    </extent>
    <head>
      <charseq START="288" END="294">complex</charseq>
    </head>
  </entity_mention>
</entity>
<entity ID="CNN_IP_20030404.1600.00-1-E72" TYPE="LOC" SUBTYPE="Region-General" CLASS="SPC">
  <entity_mention ID="CNN_IP_20030404.1600.00-1-E72-117" TYPE="NOM" LDCTYPE="NOM">
    <extent>
      <charseq START="299" END="320">the center of the city</charseq>
    </extent>
    <head>
      <charseq START="303" END="308">center</charseq>
    </head>
  </entity_mention>
</entity>
<entity ID="CNN_IP_20030404.1600.00-1-E74" TYPE="PER" SUBTYPE="Group" CLASS="USP">
  <entity_mention ID="CNN_IP_20030404.1600.00-1-E74-120" TYPE="PRO" LDCTYPE="PTV">
    <extent>
      <charseq START="357" END="374">hundreds of troops</charseq>
    </extent>
    <head>
      <charseq START="357" END="364">hundreds</charseq>
    </head>
  </entity_mention>
</entity>
<entity ID="CNN_IP_20030404.1600.00-1-E76" TYPE="PER" SUBTYPE="Group" CLASS="USP">
  <entity_mention ID="CNN_IP_20030404.1600.00-1-E76-122" TYPE="NOM" LDCTYPE="BAR">
    <extent>
      <charseq START="456" END="470">American troops</charseq>
    </extent>
    <head>
      <charseq START="465" END="470">troops</charseq>
    </head>
  </entity_mention>
</entity>
<entity ID="CNN_IP_20030404.1600.00-1-E78" TYPE="ORG" SUBTYPE="Media" CLASS="SPC">
  <entity_mention ID="CNN_IP_20030404.1600.00-1-E78-7" TYPE="NAM" LDCTYPE="NAM">
    <extent>
      <charseq START="665" END="667">CNN</charseq>
    </extent>
    <head>
      <charseq START="665" END="667">CNN</charseq>
    </head>
  </entity_mention>
  <entity_mention ID="CNN_IP_20030404.1600.00-1-E78-124" TYPE="NAM" LDCTYPE="NAM">
    <extent>
      <charseq START="488" END="490">CNN</charseq>
    </extent>
    <head>
      <charseq START="488" END="490">CNN</charseq>
    </head>
  </entity_mention>
  <entity_attributes>
    <name NAME="CNN">
      <charseq START="665" END="667">CNN</charseq>
    </name>
    <name NAME="CNN">
      <charseq START="488" END="490">CNN</charseq>
    </name>
  </entity_attributes>
</entity>
<entity ID="CNN_IP_20030404.1600.00-1-E79" TYPE="PER" SUBTYPE="Individual" CLASS="SPC">
  <entity_mention ID="CNN_IP_20030404.1600.00-1-E79-125" TYPE="NAM" LDCTYPE="NAM">
    <extent>
      <charseq START="488" END="506">CNN's Nic Robertson</charseq>
    </extent>
    <head>
      <charseq START="494" END="506">Nic Robertson</charseq>
    </head>
  </entity_mention>
  <entity_attributes>
    <name NAME="Nic Robertson">
      <charseq START="494" END="506">Nic Robertson</charseq>
    </name>
  </entity_attributes>
</entity>
<entity ID="CNN_IP_20030404.1600.00-1-E80" TYPE="PER" SUBTYPE="Individual" CLASS="SPC">
  <entity_mention ID="CNN_IP_20030404.1600.00-1-E80-126" TYPE="NOM" LDCTYPE="NOM">
    <extent>
      <charseq START="473" END="480">A source</charseq>
    </extent>
    <head>
      <charseq START="475" END="480">source</charseq>
    </head>
  </entity_mention>
</entity>
<entity ID="CNN_IP_20030404.1600.00-1-E81" TYPE="PER" SUBTYPE="Group" CLASS="USP">
  <entity_mention ID="CNN_IP_20030404.1600.00-1-E81-127" TYPE="NOM" LDCTYPE="NOM">
    <extent>
      <charseq START="509" END="542">some Iraqi Republican Guard forces</charseq>
    </extent>
    <head>
      <charseq START="537" END="542">forces</charseq>
    </head>
  </entity_mention>
</entity>
<timex2 ID="CNN_IP_20030404.1600.00-1-T1">
  <timex2_mention ID="CNN_IP_20030404.1600.00-1-T1-1">
    <extent>
      <charseq START="38" END="62">2003-04-04T16:00:00-05:00</charseq>
    </extent>
  </timex2_mention>
</timex2>
<timex2 ID="CNN_IP_20030404.1600.00-1-T2">
  <timex2_mention ID="CNN_IP_20030404.1600.00-1-T2-1">
    <extent>
      <charseq START="222" END="231">after dark</charseq>
    </extent>
  </timex2_mention>
</timex2>
<timex2 ID="CNN_IP_20030404.1600.00-1-T3">
  <timex2_mention ID="CNN_IP_20030404.1600.00-1-T3-1">
    <extent>
      <charseq START="431" END="433">now</charseq>
    </extent>
  </timex2_mention>
</timex2>
<timex2 ID="CNN_IP_20030404.1600.00-1-T4">
  <timex2_mention ID="CNN_IP_20030404.1600.00-1-T4-1">
    <extent>
      <charseq START="1219" END="1225">tonight</charseq>
    </extent>
  </timex2_mention>
</timex2>
<timex2 ID="CNN_IP_20030404.1600.00-1-T5">
  <timex2_mention ID="CNN_IP_20030404.1600.00-1-T5-1">
    <extent>
      <charseq START="1310" END="1348">just moments after
the coalition attack</charseq>
    </extent>
  </timex2_mention>
</timex2>
<timex2 ID="CNN_IP_20030404.1600.00-1-T6">
  <timex2_mention ID="CNN_IP_20030404.1600.00-1-T6-1">
    <extent>
      <charseq START="1449" END="1465">dawn this morning</charseq>
    </extent>
  </timex2_mention>
</timex2>
<timex2 ID="CNN_IP_20030404.1600.00-1-T7">
  <timex2_mention ID="CNN_IP_20030404.1600.00-1-T7-1">
    <extent>
      <charseq START="2375" END="2384">last night</charseq>
    </extent>
  </timex2_mention>
</timex2>
<timex2 ID="CNN_IP_20030404.1600.00-1-T8">
  <timex2_mention ID="CNN_IP_20030404.1600.00-1-T8-1">
    <extent>
      <charseq START="2635" END="2644">last night</charseq>
    </extent>
  </timex2_mention>
</timex2>
<timex2 ID="CNN_IP_20030404.1600.00-1-T9">
  <timex2_mention ID="CNN_IP_20030404.1600.00-1-T9-1">
    <extent>
      <charseq START="194" END="196">New</charseq>
    </extent>
  </timex2_mention>
</timex2>
<relation ID="CNN_IP_20030404.1600.00-1-R1" TYPE="PART-WHOLE" SUBTYPE="Geographical" TENSE="Unspecified" MODALITY="Asserted">
  <relation_argument REFID="CNN_IP_20030404.1600.00-1-E71" ROLE="Arg-1"/>
  <relation_argument REFID="CNN_IP_20030404.1600.00-1-E72" ROLE="Arg-2"/>
  <relation_mention ID="CNN_IP_20030404.1600.00-1-R1-1" LEXICALCONDITION="Preposition">
    <extent>
      <charseq START="273" END="320">a presidential complex in the center of the city</charseq>
    </extent>
    <relation_mention_argument REFID="CNN_IP_20030404.1600.00-1-E71-116" ROLE="Arg-1">
      <extent>
        <charseq START="273" END="320">a presidential complex in the center of the city</charseq>
      </extent>
    </relation_mention_argument>
    <relation_mention_argument REFID="CNN_IP_20030404.1600.00-1-E72-117" ROLE="Arg-2">
      <extent>
        <charseq START="299" END="320">the center of the city</charseq>
      </extent>
    </relation_mention_argument>
  </relation_mention>
</relation>
<relation ID="CNN_IP_20030404.1600.00-1-R2" TYPE="PART-WHOLE" SUBTYPE="Geographical" TENSE="Unspecified" MODALITY="Asserted">
  <relation_argument REFID="CNN_IP_20030404.1600.00-1-E72" ROLE="Arg-1"/>
  <relation_argument REFID="CNN_IP_20030404.1600.00-1-E21" ROLE="Arg-2"/>
  <relation_mention ID="CNN_IP_20030404.1600.00-1-R2-1" LEXICALCONDITION="Preposition">
    <extent>
      <charseq START="299" END="320">the center of the city</charseq>
    </extent>
    <relation_mention_argument REFID="CNN_IP_20030404.1600.00-1-E72-117" ROLE="Arg-1">
      <extent>
        <charseq START="299" END="320">the center of the city</charseq>
      </extent>
    </relation_mention_argument>
    <relation_mention_argument REFID="CNN_IP_20030404.1600.00-1-E21-118" ROLE="Arg-2">
      <extent>
        <charseq START="313" END="320">the city</charseq>
      </extent>
    </relation_mention_argument>
  </relation_mention>
</relation>
<relation ID="CNN_IP_20030404.1600.00-1-R3" TYPE="ORG-AFF" SUBTYPE="Employment" TENSE="Unspecified" MODALITY="Asserted">
  <relation_argument REFID="CNN_IP_20030404.1600.00-1-E76" ROLE="Arg-1"/>
  <relation_argument REFID="CNN_IP_20030404.1600.00-1-E15" ROLE="Arg-2"/>
  <relation_mention ID="CNN_IP_20030404.1600.00-1-R3-1" LEXICALCONDITION="PreMod">
    <extent>
      <charseq START="456" END="470">American troops</charseq>
    </extent>
    <relation_mention_argument REFID="CNN_IP_20030404.1600.00-1-E76-122" ROLE="Arg-1">
      <extent>
        <charseq START="456" END="470">American troops</charseq>
      </extent>
    </relation_mention_argument>
    <relation_mention_argument REFID="CNN_IP_20030404.1600.00-1-E15-123" ROLE="Arg-2">
      <extent>
        <charseq START="456" END="463">American</charseq>
      </extent>
    </relation_mention_argument>
  </relation_mention>
</relation>
<relation ID="CNN_IP_20030404.1600.00-1-R4" TYPE="ORG-AFF" SUBTYPE="Employment" TENSE="Unspecified" MODALITY="Asserted">
  <relation_argument REFID="CNN_IP_20030404.1600.00-1-E79" ROLE="Arg-1"/>
  <relation_argument REFID="CNN_IP_20030404.1600.00-1-E78" ROLE="Arg-2"/>
  <relation_mention ID="CNN_IP_20030404.1600.00-1-R4-1" LEXICALCONDITION="Possessive">
    <extent>
      <charseq START="488" END="506">CNN's Nic Robertson</charseq>
    </extent>
    <relation_mention_argument REFID="CNN_IP_20030404.1600.00-1-E79-125" ROLE="Arg-1">
      <extent>
        <charseq START="488" END="506">CNN's Nic Robertson</charseq>
      </extent>
    </relation_mention_argument>
    <relation_mention_argument REFID="CNN_IP_20030404.1600.00-1-E78-124" ROLE="Arg-2">
      <extent>
        <charseq START="488" END="490">CNN</charseq>
      </extent>
    </relation_mention_argument>
  </relation_mention>
</relation>
<relation ID="CNN_IP_20030404.1600.00-1-R5" TYPE="ORG-AFF" SUBTYPE="Employment" TENSE="Unspecified" MODALITY="Asserted">
  <relation_argument REFID="CNN_IP_20030404.1600.00-1-E81" ROLE="Arg-1"/>
  <relation_argument REFID="CNN_IP_20030404.1600.00-1-E1" ROLE="Arg-2"/>
  <relation_mention ID="CNN_IP_20030404.1600.00-1-R5-1" LEXICALCONDITION="PreMod">
    <extent>
      <charseq START="509" END="542">some Iraqi Republican Guard forces</charseq>
    </extent>
    <relation_mention_argument REFID="CNN_IP_20030404.1600.00-1-E81-127" ROLE="Arg-1">
      <extent>
        <charseq START="509" END="542">some Iraqi Republican Guard forces</charseq>
      </extent>
    </relation_mention_argument>
    <relation_mention_argument REFID="CNN_IP_20030404.1600.00-1-E1-128" ROLE="Arg-2">
      <extent>
        <charseq START="514" END="535">Iraqi Republican Guard</charseq>
      </extent>
    </relation_mention_argument>
  </relation_mention>
</relation>
<relation ID="CNN_IP_20030404.1600.00-1-R6" TYPE="PHYS" SUBTYPE="Near" TENSE="Present" MODALITY="Asserted">
  <relation_argument REFID="CNN_IP_20030404.1600.00-1-E81" ROLE="Arg-1"/>
  <relation_argument REFID="CNN_IP_20030404.1600.00-1-E17" ROLE="Arg-2"/>
  <relation_mention ID="CNN_IP_20030404.1600.00-1-R6-1" LEXICALCONDITION="Verbal">
    <extent>
      <charseq START="473" END="577">A source
tells CNN's Nic Robertson, some Iraqi Republican Guard forces are
gathering close to the airport</charseq>
    </extent>
    <relation_mention_argument REFID="CNN_IP_20030404.1600.00-1-E81-127" ROLE="Arg-1">
      <extent>
        <charseq START="509" END="542">some Iraqi Republican Guard forces</charseq>
      </extent>
    </relation_mention_argument>
    <relation_mention_argument REFID="CNN_IP_20030404.1600.00-1-E17-2" ROLE="Arg-2">
      <extent>
        <charseq START="567" END="577">the airport</charseq>
      </extent>
    </relation_mention_argument>
  </relation_mention>
</relation>
<relation ID="CNN_IP_20030404.1600.00-1-R7" TYPE="ORG-AFF" SUBTYPE="Employment" TENSE="Unspecified" MODALITY="Asserted">
  <relation_argument REFID="CNN_IP_20030404.1600.00-1-E3" ROLE="Arg-1"/>
  <relation_argument REFID="CNN_IP_20030404.1600.00-1-E4" ROLE="Arg-2"/>
  <relation_mention ID="CNN_IP_20030404.1600.00-1-R7-1" LEXICALCONDITION="PreMod">
    <extent>
      <charseq START="591" END="606">coalition forces</charseq>
    </extent>
    <relation_mention_argument REFID="CNN_IP_20030404.1600.00-1-E3-4" ROLE="Arg-1">
      <extent>
        <charseq START="591" END="606">coalition forces</charseq>
      </extent>
    </relation_mention_argument>
    <relation_mention_argument REFID="CNN_IP_20030404.1600.00-1-E4-5" ROLE="Arg-2">
      <extent>
        <charseq START="591" END="599">coalition</charseq>
      </extent>
    </relation_mention_argument>
  </relation_mention>
</relation>
<relation ID="CNN_IP_20030404.1600.00-1-R8" TYPE="ORG-AFF" SUBTYPE="Employment" TENSE="Unspecified" MODALITY="Asserted">
  <relation_argument REFID="CNN_IP_20030404.1600.00-1-E6" ROLE="Arg-1"/>
  <relation_argument REFID="CNN_IP_20030404.1600.00-1-E1" ROLE="Arg-2"/>
  <relation_mention ID="CNN_IP_20030404.1600.00-1-R8-1" LEXICALCONDITION="PreMod">
    <extent>
      <charseq START="692" END="725">some 2,500 Republican Guard forces</charseq>
    </extent>
    <relation_mention_argument REFID="CNN_IP_20030404.1600.00-1-E6-9" ROLE="Arg-1">
      <extent>
        <charseq START="692" END="725">some 2,500 Republican Guard forces</charseq>
      </extent>
    </relation_mention_argument>
    <relation_mention_argument REFID="CNN_IP_20030404.1600.00-1-E1-10" ROLE="Arg-2">
      <extent>
        <charseq START="703" END="718">Republican Guard</charseq>
      </extent>
    </relation_mention_argument>
  </relation_mention>
</relation>
<relation ID="CNN_IP_20030404.1600.00-1-R9" TYPE="PART-WHOLE" SUBTYPE="Geographical" TENSE="Unspecified" MODALITY="Asserted">
  <relation_argument REFID="CNN_IP_20030404.1600.00-1-E17" ROLE="Arg-1"/>
  <relation_argument REFID="CNN_IP_20030404.1600.00-1-E21" ROLE="Arg-2"/>
  <relation_mention ID="CNN_IP_20030404.1600.00-1-R9-1" LEXICALCONDITION="Possessive">
    <extent>
      <charseq START="818" END="848">Baghdad's
International Airport</charseq>
    </extent>
    <relation_mention_argument REFID="CNN_IP_20030404.1600.00-1-E17-21" ROLE="Arg-1">
      <extent>
        <charseq START="818" END="848">Baghdad's
International Airport</charseq>
      </extent>
    </relation_mention_argument>
    <relation_mention_argument REFID="CNN_IP_20030404.1600.00-1-E21-13" ROLE="Arg-2">
      <extent>
        <charseq START="818" END="824">Baghdad</charseq>
      </extent>
    </relation_mention_argument>
  </relation_mention>
</relation>
<relation ID="CNN_IP_20030404.1600.00-1-R10" TYPE="ORG-AFF" SUBTYPE="Employment" TENSE="Unspecified" MODALITY="Asserted">
  <relation_argument REFID="CNN_IP_20030404.1600.00-1-E9" ROLE="Arg-1"/>
  <relation_argument REFID="CNN_IP_20030404.1600.00-1-E4" ROLE="Arg-2"/>
  <relation_mention ID="CNN_IP_20030404.1600.00-1-R10-1" LEXICALCONDITION="PreMod">
    <extent>
      <charseq START="857" END="872">coalition forces</charseq>
    </extent>
    <relation_mention_argument REFID="CNN_IP_20030404.1600.00-1-E9-22" ROLE="Arg-1">
      <extent>
        <charseq START="857" END="872">coalition forces</charseq>
      </extent>
    </relation_mention_argument>
    <relation_mention_argument REFID="CNN_IP_20030404.1600.00-1-E4-23" ROLE="Arg-2">
      <extent>
        <charseq START="857" END="865">coalition</charseq>
      </extent>
    </relation_mention_argument>
  </relation_mention>
</relation>
<relation ID="CNN_IP_20030404.1600.00-1-R11" TYPE="ORG-AFF" SUBTYPE="Employment" TENSE="Unspecified" MODALITY="Asserted">
  <relation_argument REFID="CNN_IP_20030404.1600.00-1-E12" ROLE="Arg-1"/>
  <relation_argument REFID="CNN_IP_20030404.1600.00-1-E22" ROLE="Arg-2"/>
  <relation_mention ID="CNN_IP_20030404.1600.00-1-R11-1" LEXICALCONDITION="PreMod">
    <extent>
      <charseq START="955" END="966">ITN reporter</charseq>
    </extent>
    <relation_mention_argument REFID="CNN_IP_20030404.1600.00-1-E12-29" ROLE="Arg-1">
      <extent>
        <charseq START="955" END="966">ITN reporter</charseq>
      </extent>
    </relation_mention_argument>
    <relation_mention_argument REFID="CNN_IP_20030404.1600.00-1-E22-40" ROLE="Arg-2">
      <extent>
        <charseq START="955" END="957">ITN</charseq>
      </extent>
    </relation_mention_argument>
  </relation_mention>
  <relation_mention ID="CNN_IP_20030404.1600.00-1-R11-2" LEXICALCONDITION="Formulaic">
    <extent>
      <charseq START="2995" END="3015">James Mates, ITV
News</charseq>
    </extent>
    <relation_mention_argument REFID="CNN_IP_20030404.1600.00-1-E12-50" ROLE="Arg-1">
      <extent>
        <charseq START="2995" END="3005">James Mates</charseq>
      </extent>
    </relation_mention_argument>
    <relation_mention_argument REFID="CNN_IP_20030404.1600.00-1-E22-51" ROLE="Arg-2">
      <extent>
        <charseq START="3008" END="3015">ITV
News</charseq>
      </extent>
    </relation_mention_argument>
  </relation_mention>
</relation>
<relation ID="CNN_IP_20030404.1600.00-1-R12" TYPE="ORG-AFF" SUBTYPE="Employment" TENSE="Unspecified" MODALITY="Asserted">
  <relation_argument REFID="CNN_IP_20030404.1600.00-1-E14" ROLE="Arg-1"/>
  <relation_argument REFID="CNN_IP_20030404.1600.00-1-E15" ROLE="Arg-2"/>
  <relation_mention ID="CNN_IP_20030404.1600.00-1-R12-1" LEXICALCONDITION="PreMod">
    <extent>
      <charseq START="989" END="1003">the U.S. forces</charseq>
    </extent>
    <relation_mention_argument REFID="CNN_IP_20030404.1600.00-1-E14-30" ROLE="Arg-1">
      <extent>
        <charseq START="989" END="1003">the U.S. forces</charseq>
      </extent>
    </relation_mention_argument>
    <relation_mention_argument REFID="CNN_IP_20030404.1600.00-1-E15-32" ROLE="Arg-2">
      <extent>
        <charseq START="993" END="995">U.S</charseq>
      </extent>
    </relation_mention_argument>
  </relation_mention>
</relation>
<relation ID="CNN_IP_20030404.1600.00-1-R13" TYPE="ORG-AFF" SUBTYPE="Membership" TENSE="Unspecified" MODALITY="Asserted">
  <relation_argument REFID="CNN_IP_20030404.1600.00-1-E16" ROLE="Arg-1"/>
  <relation_argument REFID="CNN_IP_20030404.1600.00-1-E68" ROLE="Arg-2"/>
  <relation_mention ID="CNN_IP_20030404.1600.00-1-R13-1" LEXICALCONDITION="Possessive">
    <extent>
      <charseq START="1135" END="1144">his regime</charseq>
    </extent>
    <relation_mention_argument REFID="CNN_IP_20030404.1600.00-1-E16-33" ROLE="Arg-1">
      <extent>
        <charseq START="1135" END="1137">his</charseq>
      </extent>
    </relation_mention_argument>
    <relation_mention_argument REFID="CNN_IP_20030404.1600.00-1-E68-111" ROLE="Arg-2">
      <extent>
        <charseq START="1135" END="1144">his regime</charseq>
      </extent>
    </relation_mention_argument>
  </relation_mention>
</relation>
<relation ID="CNN_IP_20030404.1600.00-1-R14" TYPE="ORG-AFF" SUBTYPE="Employment" TENSE="Unspecified" MODALITY="Asserted">
  <relation_argument REFID="CNN_IP_20030404.1600.00-1-E18" ROLE="Arg-1"/>
  <relation_argument REFID="CNN_IP_20030404.1600.00-1-E4" ROLE="Arg-2"/>
  <relation_mention ID="CNN_IP_20030404.1600.00-1-R14-1" LEXICALCONDITION="PreMod">
    <extent>
      <charseq START="1197" END="1212">coalition troops</charseq>
    </extent>
    <relation_mention_argument REFID="CNN_IP_20030404.1600.00-1-E18-37" ROLE="Arg-1">
      <extent>
        <charseq START="1197" END="1212">coalition troops</charseq>
      </extent>
    </relation_mention_argument>
    <relation_mention_argument REFID="CNN_IP_20030404.1600.00-1-E4-38" ROLE="Arg-2">
      <extent>
        <charseq START="1197" END="1205">coalition</charseq>
      </extent>
    </relation_mention_argument>
  </relation_mention>
</relation>
<relation ID="CNN_IP_20030404.1600.00-1-R15" TYPE="ART" SUBTYPE="User-Owner-Inventor-Manufacturer" TENSE="Unspecified" MODALITY="Asserted">
  <relation_argument REFID="CNN_IP_20030404.1600.00-1-E26" ROLE="Arg-1"/>
  <relation_argument REFID="CNN_IP_20030404.1600.00-1-E25" ROLE="Arg-2"/>
  <relation_mention ID="CNN_IP_20030404.1600.00-1-R15-1" LEXICALCONDITION="PreMod">
    <extent>
      <charseq START="1351" END="1365">A passenger jet</charseq>
    </extent>
    <relation_mention_argument REFID="CNN_IP_20030404.1600.00-1-E26-43" ROLE="Arg-1">
      <extent>
        <charseq START="1353" END="1361">passenger</charseq>
      </extent>
    </relation_mention_argument>
    <relation_mention_argument REFID="CNN_IP_20030404.1600.00-1-E25-42" ROLE="Arg-2">
      <extent>
        <charseq START="1351" END="1365">A passenger jet</charseq>
      </extent>
    </relation_mention_argument>
  </relation_mention>
</relation>
<relation ID="CNN_IP_20030404.1600.00-1-R16" TYPE="ART" SUBTYPE="User-Owner-Inventor-Manufacturer" TENSE="Unspecified" MODALITY="Asserted">
  <relation_argument REFID="CNN_IP_20030404.1600.00-1-E15" ROLE="Arg-1"/>
  <relation_argument REFID="CNN_IP_20030404.1600.00-1-E40" ROLE="Arg-2"/>
  <relation_mention ID="CNN_IP_20030404.1600.00-1-R16-1" LEXICALCONDITION="PreMod">
    <extent>
      <charseq START="1468" END="1490">U.S.
tanks and infantry</charseq>
    </extent>
    <relation_mention_argument REFID="CNN_IP_20030404.1600.00-1-E15-46" ROLE="Arg-1">
      <extent>
        <charseq START="1468" END="1470">U.S</charseq>
      </extent>
    </relation_mention_argument>
    <relation_mention_argument REFID="CNN_IP_20030404.1600.00-1-E40-64" ROLE="Arg-2">
      <extent>
        <charseq START="1468" END="1490">U.S.
tanks and infantry</charseq>
      </extent>
    </relation_mention_argument>
  </relation_mention>
</relation>
<relation ID="CNN_IP_20030404.1600.00-1-R17" TYPE="ORG-AFF" SUBTYPE="Employment" TENSE="Unspecified" MODALITY="Asserted">
  <relation_argument REFID="CNN_IP_20030404.1600.00-1-E41" ROLE="Arg-1"/>
  <relation_argument REFID="CNN_IP_20030404.1600.00-1-E15" ROLE="Arg-2"/>
  <relation_mention ID="CNN_IP_20030404.1600.00-1-R17-1" LEXICALCONDITION="PreMod">
    <extent>
      <charseq START="1468" END="1490">U.S.
tanks and infantry</charseq>
    </extent>
    <relation_mention_argument REFID="CNN_IP_20030404.1600.00-1-E41-65" ROLE="Arg-1">
      <extent>
        <charseq START="1468" END="1490">U.S.
tanks and infantry</charseq>
      </extent>
    </relation_mention_argument>
    <relation_mention_argument REFID="CNN_IP_20030404.1600.00-1-E15-46" ROLE="Arg-2">
      <extent>
        <charseq START="1468" END="1470">U.S</charseq>
      </extent>
    </relation_mention_argument>
  </relation_mention>
</relation>
<relation ID="CNN_IP_20030404.1600.00-1-R18" TYPE="ART" SUBTYPE="User-Owner-Inventor-Manufacturer" TENSE="Unspecified" MODALITY="Asserted">
  <relation_argument REFID="CNN_IP_20030404.1600.00-1-E16" ROLE="Arg-1"/>
  <relation_argument REFID="CNN_IP_20030404.1600.00-1-E17" ROLE="Arg-2"/>
  <relation_mention ID="CNN_IP_20030404.1600.00-1-R18-1" LEXICALCONDITION="Possessive">
    <extent>
      <charseq START="1657" END="1667">his airport</charseq>
    </extent>
    <relation_mention_argument REFID="CNN_IP_20030404.1600.00-1-E16-68" ROLE="Arg-1">
      <extent>
        <charseq START="1657" END="1659">his</charseq>
      </extent>
    </relation_mention_argument>
    <relation_mention_argument REFID="CNN_IP_20030404.1600.00-1-E17-55" ROLE="Arg-2">
      <extent>
        <charseq START="1657" END="1667">his airport</charseq>
      </extent>
    </relation_mention_argument>
  </relation_mention>
</relation>
<relation ID="CNN_IP_20030404.1600.00-1-R19" TYPE="ORG-AFF" SUBTYPE="Employment" TENSE="Unspecified" MODALITY="Asserted">
  <relation_argument REFID="CNN_IP_20030404.1600.00-1-E51" ROLE="Arg-1"/>
  <relation_argument REFID="CNN_IP_20030404.1600.00-1-E15" ROLE="Arg-2"/>
  <relation_mention ID="CNN_IP_20030404.1600.00-1-R19-1" LEXICALCONDITION="PreMod">
    <extent>
      <charseq START="1773" END="1783">U.S. troops</charseq>
    </extent>
    <relation_mention_argument REFID="CNN_IP_20030404.1600.00-1-E51-82" ROLE="Arg-1">
      <extent>
        <charseq START="1773" END="1783">U.S. troops</charseq>
      </extent>
    </relation_mention_argument>
    <relation_mention_argument REFID="CNN_IP_20030404.1600.00-1-E15-47" ROLE="Arg-2">
      <extent>
        <charseq START="1773" END="1775">U.S</charseq>
      </extent>
    </relation_mention_argument>
  </relation_mention>
</relation>
<relation ID="CNN_IP_20030404.1600.00-1-R20" TYPE="ART" SUBTYPE="User-Owner-Inventor-Manufacturer" TENSE="Unspecified" MODALITY="Asserted">
  <relation_argument REFID="CNN_IP_20030404.1600.00-1-E51" ROLE="Arg-1"/>
  <relation_argument REFID="CNN_IP_20030404.1600.00-1-E17" ROLE="Arg-2"/>
  <relation_mention ID="CNN_IP_20030404.1600.00-1-R20-1" LEXICALCONDITION="Preposition">
    <extent>
      <charseq START="1750" END="1783">a key forward
base for U.S. troops</charseq>
    </extent>
    <relation_mention_argument REFID="CNN_IP_20030404.1600.00-1-E51-82" ROLE="Arg-1">
      <extent>
        <charseq START="1773" END="1783">U.S. troops</charseq>
      </extent>
    </relation_mention_argument>
    <relation_mention_argument REFID="CNN_IP_20030404.1600.00-1-E17-57" ROLE="Arg-2">
      <extent>
        <charseq START="1750" END="1783">a key forward
base for U.S. troops</charseq>
      </extent>
    </relation_mention_argument>
  </relation_mention>
</relation>
<relation ID="CNN_IP_20030404.1600.00-1-R21" TYPE="ORG-AFF" SUBTYPE="Employment" TENSE="Unspecified" MODALITY="Asserted">
  <relation_argument REFID="CNN_IP_20030404.1600.00-1-E52" ROLE="Arg-1"/>
  <relation_argument REFID="CNN_IP_20030404.1600.00-1-E33" ROLE="Arg-2"/>
  <relation_mention ID="CNN_IP_20030404.1600.00-1-R21-1" LEXICALCONDITION="PreMod">
    <extent>
      <charseq START="1828" END="1855">More than
300 Iraqi soldiers</charseq>
    </extent>
    <relation_mention_argument REFID="CNN_IP_20030404.1600.00-1-E52-84" ROLE="Arg-1">
      <extent>
        <charseq START="1828" END="1855">More than
300 Iraqi soldiers</charseq>
      </extent>
    </relation_mention_argument>
    <relation_mention_argument REFID="CNN_IP_20030404.1600.00-1-E33-54" ROLE="Arg-2">
      <extent>
        <charseq START="1842" END="1846">Iraqi</charseq>
      </extent>
    </relation_mention_argument>
  </relation_mention>
</relation>
<relation ID="CNN_IP_20030404.1600.00-1-R22" TYPE="ORG-AFF" SUBTYPE="Employment" TENSE="Unspecified" MODALITY="Asserted">
  <relation_argument REFID="CNN_IP_20030404.1600.00-1-E53" ROLE="Arg-1"/>
  <relation_argument REFID="CNN_IP_20030404.1600.00-1-E1" ROLE="Arg-2"/>
  <relation_mention ID="CNN_IP_20030404.1600.00-1-R22-1" LEXICALCONDITION="PreMod">
    <extent>
      <charseq START="1878" END="1905">Some Republican Guard troops</charseq>
    </extent>
    <relation_mention_argument REFID="CNN_IP_20030404.1600.00-1-E53-85" ROLE="Arg-1">
      <extent>
        <charseq START="1878" END="1905">Some Republican Guard troops</charseq>
      </extent>
    </relation_mention_argument>
    <relation_mention_argument REFID="CNN_IP_20030404.1600.00-1-E1-70" ROLE="Arg-2">
      <extent>
        <charseq START="1883" END="1898">Republican Guard</charseq>
      </extent>
    </relation_mention_argument>
  </relation_mention>
</relation>
<relation ID="CNN_IP_20030404.1600.00-1-R23" TYPE="PART-WHOLE" SUBTYPE="Geographical" TENSE="Unspecified" MODALITY="Asserted">
  <relation_argument REFID="CNN_IP_20030404.1600.00-1-E54" ROLE="Arg-1"/>
  <relation_argument REFID="CNN_IP_20030404.1600.00-1-E17" ROLE="Arg-2"/>
  <relation_mention ID="CNN_IP_20030404.1600.00-1-R23-1" LEXICALCONDITION="Preposition">
    <extent>
      <charseq START="1926" END="1965">the northern side of the airport complex</charseq>
    </extent>
    <relation_mention_argument REFID="CNN_IP_20030404.1600.00-1-E54-86" ROLE="Arg-1">
      <extent>
        <charseq START="1926" END="1965">the northern side of the airport complex</charseq>
      </extent>
    </relation_mention_argument>
    <relation_mention_argument REFID="CNN_IP_20030404.1600.00-1-E17-60" ROLE="Arg-2">
      <extent>
        <charseq START="1947" END="1965">the airport complex</charseq>
      </extent>
    </relation_mention_argument>
  </relation_mention>
</relation>
<relation ID="CNN_IP_20030404.1600.00-1-R24" TYPE="ART" SUBTYPE="User-Owner-Inventor-Manufacturer" TENSE="Unspecified" MODALITY="Asserted">
  <relation_argument REFID="CNN_IP_20030404.1600.00-1-E33" ROLE="Arg-1"/>
  <relation_argument REFID="CNN_IP_20030404.1600.00-1-E55" ROLE="Arg-2"/>
  <relation_mention ID="CNN_IP_20030404.1600.00-1-R24-1" LEXICALCONDITION="PreMod">
    <extent>
      <charseq START="2246" END="2265">an Iraqi armored car</charseq>
    </extent>
    <relation_mention_argument REFID="CNN_IP_20030404.1600.00-1-E33-53" ROLE="Arg-1">
      <extent>
        <charseq START="2249" END="2253">Iraqi</charseq>
      </extent>
    </relation_mention_argument>
    <relation_mention_argument REFID="CNN_IP_20030404.1600.00-1-E55-92" ROLE="Arg-2">
      <extent>
        <charseq START="2246" END="2265">an Iraqi armored car</charseq>
      </extent>
    </relation_mention_argument>
  </relation_mention>
</relation>
<relation ID="CNN_IP_20030404.1600.00-1-R25" TYPE="ORG-AFF" SUBTYPE="Employment" TENSE="Unspecified" MODALITY="Asserted">
  <relation_argument REFID="CNN_IP_20030404.1600.00-1-E56" ROLE="Arg-1"/>
  <relation_argument REFID="CNN_IP_20030404.1600.00-1-E33" ROLE="Arg-2"/>
  <relation_mention ID="CNN_IP_20030404.1600.00-1-R25-1" LEXICALCONDITION="PreMod">
    <extent>
      <charseq START="2296" END="2311">an
Iraqi soldier</charseq>
    </extent>
    <relation_mention_argument REFID="CNN_IP_20030404.1600.00-1-E56-95" ROLE="Arg-1">
      <extent>
        <charseq START="2296" END="2311">an
Iraqi soldier</charseq>
      </extent>
    </relation_mention_argument>
    <relation_mention_argument REFID="CNN_IP_20030404.1600.00-1-E33-71" ROLE="Arg-2">
      <extent>
        <charseq START="2299" END="2303">Iraqi</charseq>
      </extent>
    </relation_mention_argument>
  </relation_mention>
</relation>
<relation ID="CNN_IP_20030404.1600.00-1-R26" TYPE="ORG-AFF" SUBTYPE="Employment" TENSE="Unspecified" MODALITY="Asserted">
  <relation_argument REFID="CNN_IP_20030404.1600.00-1-E58" ROLE="Arg-1"/>
  <relation_argument REFID="CNN_IP_20030404.1600.00-1-E15" ROLE="Arg-2"/>
  <relation_mention ID="CNN_IP_20030404.1600.00-1-R26-1" LEXICALCONDITION="PreMod">
    <extent>
      <charseq START="2427" END="2437">U.S. troops</charseq>
    </extent>
    <relation_mention_argument REFID="CNN_IP_20030404.1600.00-1-E58-97" ROLE="Arg-1">
      <extent>
        <charseq START="2427" END="2437">U.S. troops</charseq>
      </extent>
    </relation_mention_argument>
    <relation_mention_argument REFID="CNN_IP_20030404.1600.00-1-E15-48" ROLE="Arg-2">
      <extent>
        <charseq START="2427" END="2429">U.S</charseq>
      </extent>
    </relation_mention_argument>
  </relation_mention>
</relation>
<relation ID="CNN_IP_20030404.1600.00-1-R27" TYPE="ORG-AFF" SUBTYPE="Employment" TENSE="Unspecified" MODALITY="Asserted">
  <relation_argument REFID="CNN_IP_20030404.1600.00-1-E59" ROLE="Arg-1"/>
  <relation_argument REFID="CNN_IP_20030404.1600.00-1-E4" ROLE="Arg-2"/>
  <relation_mention ID="CNN_IP_20030404.1600.00-1-R27-1" LEXICALCONDITION="PreMod">
    <extent>
      <charseq START="2655" END="2674">coalition commanders</charseq>
    </extent>
    <relation_mention_argument REFID="CNN_IP_20030404.1600.00-1-E59-99" ROLE="Arg-1">
      <extent>
        <charseq START="2655" END="2674">coalition commanders</charseq>
      </extent>
    </relation_mention_argument>
    <relation_mention_argument REFID="CNN_IP_20030404.1600.00-1-E4-100" ROLE="Arg-2">
      <extent>
        <charseq START="2655" END="2663">coalition</charseq>
      </extent>
    </relation_mention_argument>
  </relation_mention>
</relation>
<relation ID="CNN_IP_20030404.1600.00-1-R28" TYPE="PART-WHOLE" SUBTYPE="Subsidiary" TENSE="Unspecified" MODALITY="Asserted">
  <relation_argument REFID="CNN_IP_20030404.1600.00-1-E62" ROLE="Arg-1"/>
  <relation_argument REFID="CNN_IP_20030404.1600.00-1-E33" ROLE="Arg-2"/>
  <relation_mention ID="CNN_IP_20030404.1600.00-1-R28-1" LEXICALCONDITION="PreMod">
    <extent>
      <charseq START="2737" END="2769">Iraqi command and control centers</charseq>
    </extent>
    <relation_mention_argument REFID="CNN_IP_20030404.1600.00-1-E62-103" ROLE="Arg-1">
      <extent>
        <charseq START="2737" END="2769">Iraqi command and control centers</charseq>
      </extent>
    </relation_mention_argument>
    <relation_mention_argument REFID="CNN_IP_20030404.1600.00-1-E33-52" ROLE="Arg-2">
      <extent>
        <charseq START="2737" END="2741">Iraqi</charseq>
      </extent>
    </relation_mention_argument>
  </relation_mention>
</relation>
<relation ID="CNN_IP_20030404.1600.00-1-R29" TYPE="PHYS" SUBTYPE="Located" TENSE="Unspecified" MODALITY="Other">
  <relation_argument REFID="CNN_IP_20030404.1600.00-1-E63" ROLE="Arg-1"/>
  <relation_argument REFID="CNN_IP_20030404.1600.00-1-E21" ROLE="Arg-2"/>
  <relation_mention ID="CNN_IP_20030404.1600.00-1-R29-1" LEXICALCONDITION="Verbal">
    <extent>
      <charseq START="2700" END="2905">Have they done so much
damage now to Iraqi command and control centers that they can no longer
put up a proper fight, or are the best troops simply withdrawing into the
city, to fight there street by street</charseq>
    </extent>
    <relation_mention_argument REFID="CNN_IP_20030404.1600.00-1-E63-104" ROLE="Arg-1">
      <extent>
        <charseq START="2825" END="2839">the best troops</charseq>
      </extent>
    </relation_mention_argument>
    <relation_mention_argument REFID="CNN_IP_20030404.1600.00-1-E21-105" ROLE="Arg-2">
      <extent>
        <charseq START="2865" END="2872">the
city</charseq>
      </extent>
    </relation_mention_argument>
  </relation_mention>
</relation>
<relation ID="CNN_IP_20030404.1600.00-1-R30" TYPE="PHYS" SUBTYPE="Located" TENSE="Unspecified" MODALITY="Other">
  <relation_argument REFID="CNN_IP_20030404.1600.00-1-E3" ROLE="Arg-1"/>
  <relation_argument REFID="CNN_IP_20030404.1600.00-1-E21" ROLE="Arg-2"/>
  <relation_mention ID="CNN_IP_20030404.1600.00-1-R30-1" LEXICALCONDITION="Other">
    <extent>
      <charseq START="2908" END="2992">The answer to that could well
decide how quickly they make a final push into the city</charseq>
    </extent>
    <relation_mention_argument REFID="CNN_IP_20030404.1600.00-1-E3-110" ROLE="Arg-1">
      <extent>
        <charseq START="2957" END="2960">they</charseq>
      </extent>
    </relation_mention_argument>
    <relation_mention_argument REFID="CNN_IP_20030404.1600.00-1-E21-19" ROLE="Arg-2">
      <extent>
        <charseq START="2985" END="2992">the city</charseq>
      </extent>
    </relation_mention_argument>
  </relation_mention>
</relation>
<relation ID="CNN_IP_20030404.1600.00-1-R32" TYPE="ORG-AFF" SUBTYPE="Employment" TENSE="Unspecified" MODALITY="Asserted">
  <relation_argument REFID="CNN_IP_20030404.1600.00-1-E66" ROLE="Arg-1"/>
  <relation_argument REFID="CNN_IP_20030404.1600.00-1-E15" ROLE="Arg-2"/>
  <relation_mention ID="CNN_IP_20030404.1600.00-1-R32-1" LEXICALCONDITION="PreMod">
    <extent>
      <charseq START="3023" END="3038">the U.S. marines</charseq>
    </extent>
    <relation_mention_argument REFID="CNN_IP_20030404.1600.00-1-E66-109" ROLE="Arg-1">
      <extent>
        <charseq START="3023" END="3038">the U.S. marines</charseq>
      </extent>
    </relation_mention_argument>
    <relation_mention_argument REFID="CNN_IP_20030404.1600.00-1-E15-49" ROLE="Arg-2">
      <extent>
        <charseq START="3027" END="3029">U.S</charseq>
      </extent>
    </relation_mention_argument>
  </relation_mention>
</relation>
<event ID="CNN_IP_20030404.1600.00-1-EV1" TYPE="Conflict" SUBTYPE="Attack" MODALITY="Asserted" POLARITY="Positive" GENERICITY="Specific" TENSE="Unspecified">
  <event_argument REFID="CNN_IP_20030404.1600.00-1-E21" ROLE="Place"/>
  <event_argument REFID="CNN_IP_20030404.1600.00-1-T9" ROLE="Time-Within"/>
  <event_argument REFID="CNN_IP_20030404.1600.00-1-T2" ROLE="Time-Within"/>
  <event_mention ID="CNN_IP_20030404.1600.00-1-EV1-1">
    <extent>
      <charseq START="194" END="231">New explosions rock Baghdad after dark</charseq>
    </extent>
    <ldc_scope>
      <charseq START="194" END="231">New explosions rock Baghdad after dark</charseq>
    </ldc_scope>
    <anchor>
      <charseq START="198" END="207">explosions</charseq>
    </anchor>
    <event_mention_argument REFID="CNN_IP_20030404.1600.00-1-E21-1" ROLE="Place">
      <extent>
        <charseq START="214" END="220">Baghdad</charseq>
      </extent>
    </event_mention_argument>
    <event_mention_argument REFID="CNN_IP_20030404.1600.00-1-T9-1" ROLE="Time-Within">
      <extent>
        <charseq START="194" END="196">New</charseq>
      </extent>
    </event_mention_argument>
    <event_mention_argument REFID="CNN_IP_20030404.1600.00-1-T2-1" ROLE="Time-Within">
      <extent>
        <charseq START="222" END="231">after dark</charseq>
      </extent>
    </event_mention_argument>
  </event_mention>
</event>
<event ID="CNN_IP_20030404.1600.00-1-EV2" TYPE="Conflict" SUBTYPE="Attack" MODALITY="Asserted" POLARITY="Positive" GENERICITY="Generic" TENSE="Past">
  <event_argument REFID="CNN_IP_20030404.1600.00-1-E71" ROLE="Place"/>
  <event_mention ID="CNN_IP_20030404.1600.00-1-EV2-1">
    <extent>
      <charseq START="259" END="320">blasts
around a presidential complex in the center of the city</charseq>
    </extent>
    <ldc_scope>
      <charseq START="234" END="320">Witnesses say they heard blasts
around a presidential complex in the center of the city</charseq>
    </ldc_scope>
    <anchor>
      <charseq START="259" END="264">blasts</charseq>
    </anchor>
    <event_mention_argument REFID="CNN_IP_20030404.1600.00-1-E71-116" ROLE="Place">
      <extent>
        <charseq START="273" END="320">a presidential complex in the center of the city</charseq>
      </extent>
    </event_mention_argument>
  </event_mention>
</event>
<event ID="CNN_IP_20030404.1600.00-1-EV3" TYPE="Conflict" SUBTYPE="Attack" MODALITY="Asserted" POLARITY="Positive" GENERICITY="Specific" TENSE="Unspecified">
  <event_mention ID="CNN_IP_20030404.1600.00-1-EV3-1">
    <extent>
      <charseq START="797" END="801">fight</charseq>
    </extent>
    <ldc_scope>
      <charseq START="774" END="848">Now, the latest on the fight for control of Baghdad's
International Airport</charseq>
    </ldc_scope>
    <anchor>
      <charseq START="797" END="801">fight</charseq>
    </anchor>
  </event_mention>
</event>
<event ID="CNN_IP_20030404.1600.00-1-EV4" TYPE="Conflict" SUBTYPE="Attack" MODALITY="Asserted" POLARITY="Positive" GENERICITY="Specific" TENSE="Past">
  <event_argument REFID="CNN_IP_20030404.1600.00-1-E4" ROLE="Attacker"/>
  <event_mention ID="CNN_IP_20030404.1600.00-1-EV4-1">
    <extent>
      <charseq START="1333" END="1348">coalition attack</charseq>
    </extent>
    <ldc_scope>
      <charseq START="1270" END="1348">These pictures were taken on the runway just moments after
the coalition attack</charseq>
    </ldc_scope>
    <anchor>
      <charseq START="1343" END="1348">attack</charseq>
    </anchor>
    <event_mention_argument REFID="CNN_IP_20030404.1600.00-1-E4-41" ROLE="Attacker">
      <extent>
        <charseq START="1333" END="1341">coalition</charseq>
      </extent>
    </event_mention_argument>
  </event_mention>
</event>
<event ID="CNN_IP_20030404.1600.00-1-EV5" TYPE="Life" SUBTYPE="Die" MODALITY="Asserted" POLARITY="Positive" GENERICITY="Specific" TENSE="Past">
  <event_argument REFID="CNN_IP_20030404.1600.00-1-E52" ROLE="Victim"/>
  <event_mention ID="CNN_IP_20030404.1600.00-1-EV5-1">
    <extent>
      <charseq START="1828" END="1875">More than
300 Iraqi soldiers have been left dead</charseq>
    </extent>
    <ldc_scope>
      <charseq START="1828" END="1875">More than
300 Iraqi soldiers have been left dead</charseq>
    </ldc_scope>
    <anchor>
      <charseq START="1872" END="1875">dead</charseq>
    </anchor>
    <event_mention_argument REFID="CNN_IP_20030404.1600.00-1-E52-84" ROLE="Victim">
      <extent>
        <charseq START="1828" END="1855">More than
300 Iraqi soldiers</charseq>
      </extent>
    </event_mention_argument>
  </event_mention>
</event>
<event ID="CNN_IP_20030404.1600.00-1-EV6" TYPE="Conflict" SUBTYPE="Attack" MODALITY="Asserted" POLARITY="Positive" GENERICITY="Specific" TENSE="Past">
  <event_argument REFID="CNN_IP_20030404.1600.00-1-E53" ROLE="Attacker"/>
  <event_argument REFID="CNN_IP_20030404.1600.00-1-E54" ROLE="Place"/>
  <event_mention ID="CNN_IP_20030404.1600.00-1-EV6-1">
    <extent>
      <charseq START="1878" END="1965">Some Republican Guard troops
fought fiercely on the northern side of the airport complex</charseq>
    </extent>
    <ldc_scope>
      <charseq START="1878" END="1965">Some Republican Guard troops
fought fiercely on the northern side of the airport complex</charseq>
    </ldc_scope>
    <anchor>
      <charseq START="1907" END="1912">fought</charseq>
    </anchor>
    <event_mention_argument REFID="CNN_IP_20030404.1600.00-1-E53-85" ROLE="Attacker">
      <extent>
        <charseq START="1878" END="1905">Some Republican Guard troops</charseq>
      </extent>
    </event_mention_argument>
    <event_mention_argument REFID="CNN_IP_20030404.1600.00-1-E54-86" ROLE="Place">
      <extent>
        <charseq START="1926" END="1965">the northern side of the airport complex</charseq>
      </extent>
    </event_mention_argument>
  </event_mention>
</event>
<event ID="CNN_IP_20030404.1600.00-1-EV7" TYPE="Conflict" SUBTYPE="Attack" MODALITY="Asserted" POLARITY="Positive" GENERICITY="Generic" TENSE="Unspecified">
  <event_argument REFID="CNN_IP_20030404.1600.00-1-E17" ROLE="Place"/>
  <event_mention ID="CNN_IP_20030404.1600.00-1-EV7-1">
    <extent>
      <charseq START="2163" END="2187">the airport, the fighting</charseq>
    </extent>
    <ldc_scope>
      <charseq START="2155" END="2222">Outside the airport, the fighting was fierce, but the battle unequal</charseq>
    </ldc_scope>
    <anchor>
      <charseq START="2180" END="2187">fighting</charseq>
    </anchor>
    <event_mention_argument REFID="CNN_IP_20030404.1600.00-1-E17-76" ROLE="Place">
      <extent>
        <charseq START="2163" END="2173">the airport</charseq>
      </extent>
    </event_mention_argument>
  </event_mention>
</event>
<event ID="CNN_IP_20030404.1600.00-1-EV8" TYPE="Conflict" SUBTYPE="Attack" MODALITY="Asserted" POLARITY="Positive" GENERICITY="Specific" TENSE="Past">
  <event_argument REFID="CNN_IP_20030404.1600.00-1-E17" ROLE="Place"/>
  <event_mention ID="CNN_IP_20030404.1600.00-1-EV8-1">
    <extent>
      <charseq START="2163" END="2214">the airport, the fighting was fierce, but the battle</charseq>
    </extent>
    <ldc_scope>
      <charseq START="2155" END="2222">Outside the airport, the fighting was fierce, but the battle unequal</charseq>
    </ldc_scope>
    <anchor>
      <charseq START="2209" END="2214">battle</charseq>
    </anchor>
    <event_mention_argument REFID="CNN_IP_20030404.1600.00-1-E17-76" ROLE="Place">
      <extent>
        <charseq START="2163" END="2173">the airport</charseq>
      </extent>
    </event_mention_argument>
  </event_mention>
</event>
<event ID="CNN_IP_20030404.1600.00-1-EV9" TYPE="Movement" SUBTYPE="Transport" MODALITY="Asserted" POLARITY="Positive" GENERICITY="Specific" TENSE="Future">
  <event_argument REFID="CNN_IP_20030404.1600.00-1-E21" ROLE="Destination"/>
  <event_argument REFID="CNN_IP_20030404.1600.00-1-E3" ROLE="Person"/>
  <event_mention ID="CNN_IP_20030404.1600.00-1-EV9-1">
    <extent>
      <charseq START="2494" END="2511">push into the city</charseq>
    </extent>
    <ldc_scope>
      <charseq START="2480" END="2562">But the final push into the city
could yet prove to be the toughest fighting of all</charseq>
    </ldc_scope>
    <anchor>
      <charseq START="2494" END="2497">push</charseq>
    </anchor>
    <event_mention_argument REFID="CNN_IP_20030404.1600.00-1-E21-18" ROLE="Destination">
      <extent>
        <charseq START="2504" END="2511">the city</charseq>
      </extent>
    </event_mention_argument>
  </event_mention>
  <event_mention ID="CNN_IP_20030404.1600.00-1-EV9-2">
    <extent>
      <charseq START="2957" END="2992">they make a final push into the city</charseq>
    </extent>
    <ldc_scope>
      <charseq START="2908" END="2992">The answer to that could well
decide how quickly they make a final push into the city</charseq>
    </ldc_scope>
    <anchor>
      <charseq START="2975" END="2978">push</charseq>
    </anchor>
    <event_mention_argument REFID="CNN_IP_20030404.1600.00-1-E3-110" ROLE="Person">
      <extent>
        <charseq START="2957" END="2960">they</charseq>
      </extent>
    </event_mention_argument>
    <event_mention_argument REFID="CNN_IP_20030404.1600.00-1-E21-19" ROLE="Destination">
      <extent>
        <charseq START="2985" END="2992">the city</charseq>
      </extent>
    </event_mention_argument>
  </event_mention>
</event>
<event ID="CNN_IP_20030404.1600.00-1-EV10" TYPE="Conflict" SUBTYPE="Attack" MODALITY="Other" POLARITY="Positive" GENERICITY="Generic" TENSE="Unspecified">
  <event_mention ID="CNN_IP_20030404.1600.00-1-EV10-1">
    <extent>
      <charseq START="2548" END="2555">fighting</charseq>
    </extent>
    <ldc_scope>
      <charseq START="2480" END="2562">But the final push into the city
could yet prove to be the toughest fighting of all</charseq>
    </ldc_scope>
    <anchor>
      <charseq START="2548" END="2555">fighting</charseq>
    </anchor>
  </event_mention>
</event>
<event ID="CNN_IP_20030404.1600.00-1-EV11" TYPE="Conflict" SUBTYPE="Attack" MODALITY="Asserted" POLARITY="Positive" GENERICITY="Generic" TENSE="Past">
  <event_argument REFID="CNN_IP_20030404.1600.00-1-E3" ROLE="Attacker"/>
  <event_argument REFID="CNN_IP_20030404.1600.00-1-E62" ROLE="Target"/>
  <event_mention ID="CNN_IP_20030404.1600.00-1-EV11-1">
    <extent>
      <charseq START="2705" END="2769">they done so much
damage now to Iraqi command and control centers</charseq>
    </extent>
    <ldc_scope>
      <charseq START="2700" END="2905">Have they done so much
damage now to Iraqi command and control centers that they can no longer
put up a proper fight, or are the best troops simply withdrawing into the
city, to fight there street by street</charseq>
    </ldc_scope>
    <anchor>
      <charseq START="2710" END="2713">done</charseq>
    </anchor>
    <event_mention_argument REFID="CNN_IP_20030404.1600.00-1-E3-101" ROLE="Attacker">
      <extent>
        <charseq START="2705" END="2708">they</charseq>
      </extent>
    </event_mention_argument>
    <event_mention_argument REFID="CNN_IP_20030404.1600.00-1-E62-103" ROLE="Target">
      <extent>
        <charseq START="2737" END="2769">Iraqi command and control centers</charseq>
      </extent>
    </event_mention_argument>
  </event_mention>
</event>
<event ID="CNN_IP_20030404.1600.00-1-EV12" TYPE="Conflict" SUBTYPE="Attack" MODALITY="Other" POLARITY="Positive" GENERICITY="Generic" TENSE="Unspecified">
  <event_mention ID="CNN_IP_20030404.1600.00-1-EV12-1">
    <extent>
      <charseq START="2811" END="2815">fight</charseq>
    </extent>
    <ldc_scope>
      <charseq START="2700" END="2905">Have they done so much
damage now to Iraqi command and control centers that they can no longer
put up a proper fight, or are the best troops simply withdrawing into the
city, to fight there street by street</charseq>
    </ldc_scope>
    <anchor>
      <charseq START="2811" END="2815">fight</charseq>
    </anchor>
  </event_mention>
</event>
<event ID="CNN_IP_20030404.1600.00-1-EV13" TYPE="Conflict" SUBTYPE="Attack" MODALITY="Other" POLARITY="Positive" GENERICITY="Generic" TENSE="Future">
  <event_argument REFID="CNN_IP_20030404.1600.00-1-E63" ROLE="Attacker"/>
  <event_argument REFID="CNN_IP_20030404.1600.00-1-E21" ROLE="Place"/>
  <event_mention ID="CNN_IP_20030404.1600.00-1-EV13-1">
    <extent>
      <charseq START="2825" END="2888">the best troops simply withdrawing into the
city, to fight there</charseq>
    </extent>
    <ldc_scope>
      <charseq START="2700" END="2905">Have they done so much
damage now to Iraqi command and control centers that they can no longer
put up a proper fight, or are the best troops simply withdrawing into the
city, to fight there street by street</charseq>
    </ldc_scope>
    <anchor>
      <charseq START="2878" END="2882">fight</charseq>
    </anchor>
    <event_mention_argument REFID="CNN_IP_20030404.1600.00-1-E63-104" ROLE="Attacker">
      <extent>
        <charseq START="2825" END="2839">the best troops</charseq>
      </extent>
    </event_mention_argument>
    <event_mention_argument REFID="CNN_IP_20030404.1600.00-1-E21-106" ROLE="Place">
      <extent>
        <charseq START="2884" END="2888">there</charseq>
      </extent>
    </event_mention_argument>
  </event_mention>
</event>
</document>
</source_file>
