<?xml version="1.0"?>
<!DOCTYPE AGSet SYSTEM "ag-1.1.dtd">
<AGSet id="CNN_CF_20030303.1900.06-2" version="1.0" xmlns="http://www.ldc.upenn.edu/atlas/ag/" xmlns:xlink="http://www.w3.org/1999/xlink" xmlns:dc="http://purl.org/DC/documents/rec-dces-19990702.htm">
<Metadata>
<MetadataElement name="author">LDC</MetadataElement>
<MetadataElement name="encoding">UTF-8</MetadataElement>
<MetadataElement name="source"></MetadataElement>
<MetadataElement name="type">text</MetadataElement>
<MetadataElement name="uri">CNN_CF_20030303.1900.06-2.sgm</MetadataElement>
<MetadataElement name="version">3.1</MetadataElement>
</Metadata>
<Timeline id="CNN_CF_20030303.1900.06-2:T1">
<Signal id="CNN_CF_20030303.1900.06-2:T1:1" mimeClass="text" mimeType="NULL" encoding="unknown" unit="char" xlink:type="simple" xlink:href="URI" track="NULL"></Signal>
</Timeline>
<AG id="CNN_CF_20030303.1900.06-2:1" timeline="CNN_CF_20030303.1900.06-2:T1">
<Metadata>
<MetadataElement name="docid">CNN_CF_20030303.1900.06-2</MetadataElement>
</Metadata>
<Anchor id="CNN_CF_20030303.1900.06-2:1:4u" offset="119.000000"></Anchor>
<Anchor id="CNN_CF_20030303.1900.06-2:1:4v" offset="143.000000"></Anchor>
<Anchor id="CNN_CF_20030303.1900.06-2:1:1" offset="318.000000"></Anchor>
<Anchor id="CNN_CF_20030303.1900.06-2:1:3" offset="322.000000"></Anchor>
<Anchor id="CNN_CF_20030303.1900.06-2:1:2" offset="329.000000"></Anchor>
<Anchor id="CNN_CF_20030303.1900.06-2:1:4" offset="329.000000"></Anchor>
<Anchor id="CNN_CF_20030303.1900.06-2:1:9" offset="390.000000"></Anchor>
<Anchor id="CNN_CF_20030303.1900.06-2:1:A" offset="390.000000"></Anchor>
<Anchor id="CNN_CF_20030303.1900.06-2:1:B" offset="390.000000"></Anchor>
<Anchor id="CNN_CF_20030303.1900.06-2:1:C" offset="390.000000"></Anchor>
<Anchor id="CNN_CF_20030303.1900.06-2:1:4y" offset="394.000000"></Anchor>
<Anchor id="CNN_CF_20030303.1900.06-2:1:50" offset="394.000000"></Anchor>
<Anchor id="CNN_CF_20030303.1900.06-2:1:52" offset="394.000000"></Anchor>
<Anchor id="CNN_CF_20030303.1900.06-2:1:51" offset="404.000000"></Anchor>
<Anchor id="CNN_CF_20030303.1900.06-2:1:5A" offset="416.000000"></Anchor>
<Anchor id="CNN_CF_20030303.1900.06-2:1:V" offset="416.000000"></Anchor>
<Anchor id="CNN_CF_20030303.1900.06-2:1:X" offset="416.000000"></Anchor>
<Anchor id="CNN_CF_20030303.1900.06-2:1:Y" offset="420.000000"></Anchor>
<Anchor id="CNN_CF_20030303.1900.06-2:1:d" offset="423.000000"></Anchor>
<Anchor id="CNN_CF_20030303.1900.06-2:1:f" offset="423.000000"></Anchor>
<Anchor id="CNN_CF_20030303.1900.06-2:1:4z" offset="429.000000"></Anchor>
<Anchor id="CNN_CF_20030303.1900.06-2:1:53" offset="429.000000"></Anchor>
<Anchor id="CNN_CF_20030303.1900.06-2:1:5B" offset="429.000000"></Anchor>
<Anchor id="CNN_CF_20030303.1900.06-2:1:W" offset="429.000000"></Anchor>
<Anchor id="CNN_CF_20030303.1900.06-2:1:e" offset="429.000000"></Anchor>
<Anchor id="CNN_CF_20030303.1900.06-2:1:g" offset="429.000000"></Anchor>
<Anchor id="CNN_CF_20030303.1900.06-2:1:l" offset="432.000000"></Anchor>
<Anchor id="CNN_CF_20030303.1900.06-2:1:m" offset="432.000000"></Anchor>
<Anchor id="CNN_CF_20030303.1900.06-2:1:n" offset="432.000000"></Anchor>
<Anchor id="CNN_CF_20030303.1900.06-2:1:o" offset="432.000000"></Anchor>
<Anchor id="CNN_CF_20030303.1900.06-2:1:p" offset="460.000000"></Anchor>
<Anchor id="CNN_CF_20030303.1900.06-2:1:r" offset="460.000000"></Anchor>
<Anchor id="CNN_CF_20030303.1900.06-2:1:q" offset="481.000000"></Anchor>
<Anchor id="CNN_CF_20030303.1900.06-2:1:s" offset="481.000000"></Anchor>
<Anchor id="CNN_CF_20030303.1900.06-2:1:5J" offset="484.000000"></Anchor>
<Anchor id="CNN_CF_20030303.1900.06-2:1:5U" offset="484.000000"></Anchor>
<Anchor id="CNN_CF_20030303.1900.06-2:1:x" offset="500.000000"></Anchor>
<Anchor id="CNN_CF_20030303.1900.06-2:1:z" offset="500.000000"></Anchor>
<Anchor id="CNN_CF_20030303.1900.06-2:1:10" offset="505.000000"></Anchor>
<Anchor id="CNN_CF_20030303.1900.06-2:1:y" offset="505.000000"></Anchor>
<Anchor id="CNN_CF_20030303.1900.06-2:1:15" offset="527.000000"></Anchor>
<Anchor id="CNN_CF_20030303.1900.06-2:1:17" offset="531.000000"></Anchor>
<Anchor id="CNN_CF_20030303.1900.06-2:1:16" offset="533.000000"></Anchor>
<Anchor id="CNN_CF_20030303.1900.06-2:1:18" offset="533.000000"></Anchor>
<Anchor id="CNN_CF_20030303.1900.06-2:1:5L" offset="563.000000"></Anchor>
<Anchor id="CNN_CF_20030303.1900.06-2:1:5M" offset="565.000000"></Anchor>
<Anchor id="CNN_CF_20030303.1900.06-2:1:1D" offset="572.000000"></Anchor>
<Anchor id="CNN_CF_20030303.1900.06-2:1:1G" offset="572.000000"></Anchor>
<Anchor id="CNN_CF_20030303.1900.06-2:1:1F" offset="575.000000"></Anchor>
<Anchor id="CNN_CF_20030303.1900.06-2:1:1H" offset="575.000000"></Anchor>
<Anchor id="CNN_CF_20030303.1900.06-2:1:5W" offset="592.000000"></Anchor>
<Anchor id="CNN_CF_20030303.1900.06-2:1:5X" offset="600.000000"></Anchor>
<Anchor id="CNN_CF_20030303.1900.06-2:1:1M" offset="616.000000"></Anchor>
<Anchor id="CNN_CF_20030303.1900.06-2:1:1O" offset="616.000000"></Anchor>
<Anchor id="CNN_CF_20030303.1900.06-2:1:1N" offset="623.000000"></Anchor>
<Anchor id="CNN_CF_20030303.1900.06-2:1:1P" offset="623.000000"></Anchor>
<Anchor id="CNN_CF_20030303.1900.06-2:1:5K" offset="623.000000"></Anchor>
<Anchor id="CNN_CF_20030303.1900.06-2:1:5V" offset="623.000000"></Anchor>
<Anchor id="CNN_CF_20030303.1900.06-2:1:1V" offset="721.000000"></Anchor>
<Anchor id="CNN_CF_20030303.1900.06-2:1:1X" offset="721.000000"></Anchor>
<Anchor id="CNN_CF_20030303.1900.06-2:1:1W" offset="722.000000"></Anchor>
<Anchor id="CNN_CF_20030303.1900.06-2:1:1Y" offset="722.000000"></Anchor>
<Anchor id="CNN_CF_20030303.1900.06-2:1:1d" offset="759.000000"></Anchor>
<Anchor id="CNN_CF_20030303.1900.06-2:1:1f" offset="759.000000"></Anchor>
<Anchor id="CNN_CF_20030303.1900.06-2:1:1e" offset="769.000000"></Anchor>
<Anchor id="CNN_CF_20030303.1900.06-2:1:1g" offset="769.000000"></Anchor>
<Anchor id="CNN_CF_20030303.1900.06-2:1:1l" offset="851.000000"></Anchor>
<Anchor id="CNN_CF_20030303.1900.06-2:1:1n" offset="851.000000"></Anchor>
<Anchor id="CNN_CF_20030303.1900.06-2:1:1m" offset="852.000000"></Anchor>
<Anchor id="CNN_CF_20030303.1900.06-2:1:1o" offset="852.000000"></Anchor>
<Anchor id="CNN_CF_20030303.1900.06-2:1:1p" offset="859.000000"></Anchor>
<Anchor id="CNN_CF_20030303.1900.06-2:1:1r" offset="859.000000"></Anchor>
<Anchor id="CNN_CF_20030303.1900.06-2:1:1q" offset="864.000000"></Anchor>
<Anchor id="CNN_CF_20030303.1900.06-2:1:1s" offset="864.000000"></Anchor>
<Anchor id="CNN_CF_20030303.1900.06-2:1:20" offset="875.000000"></Anchor>
<Anchor id="CNN_CF_20030303.1900.06-2:1:22" offset="881.000000"></Anchor>
<Anchor id="CNN_CF_20030303.1900.06-2:1:21" offset="884.000000"></Anchor>
<Anchor id="CNN_CF_20030303.1900.06-2:1:23" offset="884.000000"></Anchor>
<Anchor id="CNN_CF_20030303.1900.06-2:1:28" offset="887.000000"></Anchor>
<Anchor id="CNN_CF_20030303.1900.06-2:1:2A" offset="887.000000"></Anchor>
<Anchor id="CNN_CF_20030303.1900.06-2:1:29" offset="888.000000"></Anchor>
<Anchor id="CNN_CF_20030303.1900.06-2:1:2B" offset="888.000000"></Anchor>
<Anchor id="CNN_CF_20030303.1900.06-2:1:2G" offset="894.000000"></Anchor>
<Anchor id="CNN_CF_20030303.1900.06-2:1:2I" offset="894.000000"></Anchor>
<Anchor id="CNN_CF_20030303.1900.06-2:1:2H" offset="896.000000"></Anchor>
<Anchor id="CNN_CF_20030303.1900.06-2:1:2J" offset="896.000000"></Anchor>
<Anchor id="CNN_CF_20030303.1900.06-2:1:2v" offset="906.000000"></Anchor>
<Anchor id="CNN_CF_20030303.1900.06-2:1:2x" offset="910.000000"></Anchor>
<Anchor id="CNN_CF_20030303.1900.06-2:1:2w" offset="919.000000"></Anchor>
<Anchor id="CNN_CF_20030303.1900.06-2:1:2y" offset="919.000000"></Anchor>
<Anchor id="CNN_CF_20030303.1900.06-2:1:2K" offset="925.000000"></Anchor>
<Anchor id="CNN_CF_20030303.1900.06-2:1:2M" offset="925.000000"></Anchor>
<Anchor id="CNN_CF_20030303.1900.06-2:1:2L" offset="927.000000"></Anchor>
<Anchor id="CNN_CF_20030303.1900.06-2:1:2N" offset="927.000000"></Anchor>
<Anchor id="CNN_CF_20030303.1900.06-2:1:2S" offset="930.000000"></Anchor>
<Anchor id="CNN_CF_20030303.1900.06-2:1:2V" offset="930.000000"></Anchor>
<Anchor id="CNN_CF_20030303.1900.06-2:1:2U" offset="931.000000"></Anchor>
<Anchor id="CNN_CF_20030303.1900.06-2:1:2W" offset="931.000000"></Anchor>
<Anchor id="CNN_CF_20030303.1900.06-2:1:2O" offset="944.000000"></Anchor>
<Anchor id="CNN_CF_20030303.1900.06-2:1:2Q" offset="944.000000"></Anchor>
<Anchor id="CNN_CF_20030303.1900.06-2:1:2P" offset="946.000000"></Anchor>
<Anchor id="CNN_CF_20030303.1900.06-2:1:2R" offset="946.000000"></Anchor>
<Anchor id="CNN_CF_20030303.1900.06-2:1:2X" offset="949.000000"></Anchor>
<Anchor id="CNN_CF_20030303.1900.06-2:1:2Z" offset="949.000000"></Anchor>
<Anchor id="CNN_CF_20030303.1900.06-2:1:5a" offset="949.000000"></Anchor>
<Anchor id="CNN_CF_20030303.1900.06-2:1:5i" offset="949.000000"></Anchor>
<Anchor id="CNN_CF_20030303.1900.06-2:1:2Y" offset="950.000000"></Anchor>
<Anchor id="CNN_CF_20030303.1900.06-2:1:2a" offset="950.000000"></Anchor>
<Anchor id="CNN_CF_20030303.1900.06-2:1:5c" offset="958.000000"></Anchor>
<Anchor id="CNN_CF_20030303.1900.06-2:1:5d" offset="960.000000"></Anchor>
<Anchor id="CNN_CF_20030303.1900.06-2:1:2b" offset="965.000000"></Anchor>
<Anchor id="CNN_CF_20030303.1900.06-2:1:2d" offset="965.000000"></Anchor>
<Anchor id="CNN_CF_20030303.1900.06-2:1:2c" offset="968.000000"></Anchor>
<Anchor id="CNN_CF_20030303.1900.06-2:1:2e" offset="968.000000"></Anchor>
<Anchor id="CNN_CF_20030303.1900.06-2:1:2n" offset="971.000000"></Anchor>
<Anchor id="CNN_CF_20030303.1900.06-2:1:2p" offset="979.000000"></Anchor>
<Anchor id="CNN_CF_20030303.1900.06-2:1:2o" offset="984.000000"></Anchor>
<Anchor id="CNN_CF_20030303.1900.06-2:1:2q" offset="984.000000"></Anchor>
<Anchor id="CNN_CF_20030303.1900.06-2:1:5k" offset="992.000000"></Anchor>
<Anchor id="CNN_CF_20030303.1900.06-2:1:5l" offset="1001.000000"></Anchor>
<Anchor id="CNN_CF_20030303.1900.06-2:1:2f" offset="1006.000000"></Anchor>
<Anchor id="CNN_CF_20030303.1900.06-2:1:2h" offset="1006.000000"></Anchor>
<Anchor id="CNN_CF_20030303.1900.06-2:1:2g" offset="1013.000000"></Anchor>
<Anchor id="CNN_CF_20030303.1900.06-2:1:2i" offset="1013.000000"></Anchor>
<Anchor id="CNN_CF_20030303.1900.06-2:1:2z" offset="1016.000000"></Anchor>
<Anchor id="CNN_CF_20030303.1900.06-2:1:31" offset="1016.000000"></Anchor>
<Anchor id="CNN_CF_20030303.1900.06-2:1:30" offset="1019.000000"></Anchor>
<Anchor id="CNN_CF_20030303.1900.06-2:1:32" offset="1019.000000"></Anchor>
<Anchor id="CNN_CF_20030303.1900.06-2:1:33" offset="1046.000000"></Anchor>
<Anchor id="CNN_CF_20030303.1900.06-2:1:35" offset="1050.000000"></Anchor>
<Anchor id="CNN_CF_20030303.1900.06-2:1:34" offset="1059.000000"></Anchor>
<Anchor id="CNN_CF_20030303.1900.06-2:1:36" offset="1059.000000"></Anchor>
<Anchor id="CNN_CF_20030303.1900.06-2:1:5b" offset="1059.000000"></Anchor>
<Anchor id="CNN_CF_20030303.1900.06-2:1:5j" offset="1059.000000"></Anchor>
<Anchor id="CNN_CF_20030303.1900.06-2:1:37" offset="1088.000000"></Anchor>
<Anchor id="CNN_CF_20030303.1900.06-2:1:39" offset="1094.000000"></Anchor>
<Anchor id="CNN_CF_20030303.1900.06-2:1:38" offset="1104.000000"></Anchor>
<Anchor id="CNN_CF_20030303.1900.06-2:1:3A" offset="1104.000000"></Anchor>
<Anchor id="CNN_CF_20030303.1900.06-2:1:3G" offset="1124.000000"></Anchor>
<Anchor id="CNN_CF_20030303.1900.06-2:1:3I" offset="1124.000000"></Anchor>
<Anchor id="CNN_CF_20030303.1900.06-2:1:3H" offset="1125.000000"></Anchor>
<Anchor id="CNN_CF_20030303.1900.06-2:1:3J" offset="1125.000000"></Anchor>
<Anchor id="CNN_CF_20030303.1900.06-2:1:3S" offset="1132.000000"></Anchor>
<Anchor id="CNN_CF_20030303.1900.06-2:1:3V" offset="1132.000000"></Anchor>
<Anchor id="CNN_CF_20030303.1900.06-2:1:3U" offset="1135.000000"></Anchor>
<Anchor id="CNN_CF_20030303.1900.06-2:1:3W" offset="1135.000000"></Anchor>
<Anchor id="CNN_CF_20030303.1900.06-2:1:3K" offset="1157.000000"></Anchor>
<Anchor id="CNN_CF_20030303.1900.06-2:1:3M" offset="1157.000000"></Anchor>
<Anchor id="CNN_CF_20030303.1900.06-2:1:5x" offset="1157.000000"></Anchor>
<Anchor id="CNN_CF_20030303.1900.06-2:1:3L" offset="1158.000000"></Anchor>
<Anchor id="CNN_CF_20030303.1900.06-2:1:3N" offset="1158.000000"></Anchor>
<Anchor id="CNN_CF_20030303.1900.06-2:1:5z" offset="1166.000000"></Anchor>
<Anchor id="CNN_CF_20030303.1900.06-2:1:60" offset="1168.000000"></Anchor>
<Anchor id="CNN_CF_20030303.1900.06-2:1:3X" offset="1173.000000"></Anchor>
<Anchor id="CNN_CF_20030303.1900.06-2:1:3Z" offset="1173.000000"></Anchor>
<Anchor id="CNN_CF_20030303.1900.06-2:1:3Y" offset="1176.000000"></Anchor>
<Anchor id="CNN_CF_20030303.1900.06-2:1:3a" offset="1176.000000"></Anchor>
<Anchor id="CNN_CF_20030303.1900.06-2:1:3O" offset="1207.000000"></Anchor>
<Anchor id="CNN_CF_20030303.1900.06-2:1:3Q" offset="1207.000000"></Anchor>
<Anchor id="CNN_CF_20030303.1900.06-2:1:3P" offset="1208.000000"></Anchor>
<Anchor id="CNN_CF_20030303.1900.06-2:1:3R" offset="1208.000000"></Anchor>
<Anchor id="CNN_CF_20030303.1900.06-2:1:5y" offset="1215.000000"></Anchor>
<Anchor id="CNN_CF_20030303.1900.06-2:1:3b" offset="1262.000000"></Anchor>
<Anchor id="CNN_CF_20030303.1900.06-2:1:3d" offset="1262.000000"></Anchor>
<Anchor id="CNN_CF_20030303.1900.06-2:1:3c" offset="1264.000000"></Anchor>
<Anchor id="CNN_CF_20030303.1900.06-2:1:3e" offset="1264.000000"></Anchor>
<Anchor id="CNN_CF_20030303.1900.06-2:1:3j" offset="1285.000000"></Anchor>
<Anchor id="CNN_CF_20030303.1900.06-2:1:3l" offset="1289.000000"></Anchor>
<Anchor id="CNN_CF_20030303.1900.06-2:1:3k" offset="1297.000000"></Anchor>
<Anchor id="CNN_CF_20030303.1900.06-2:1:3m" offset="1297.000000"></Anchor>
<Anchor id="CNN_CF_20030303.1900.06-2:1:3r" offset="1346.000000"></Anchor>
<Anchor id="CNN_CF_20030303.1900.06-2:1:3t" offset="1346.000000"></Anchor>
<Anchor id="CNN_CF_20030303.1900.06-2:1:3s" offset="1348.000000"></Anchor>
<Anchor id="CNN_CF_20030303.1900.06-2:1:3u" offset="1348.000000"></Anchor>
<Anchor id="CNN_CF_20030303.1900.06-2:1:65" offset="1412.000000"></Anchor>
<Anchor id="CNN_CF_20030303.1900.06-2:1:3v" offset="1417.000000"></Anchor>
<Anchor id="CNN_CF_20030303.1900.06-2:1:3w" offset="1417.000000"></Anchor>
<Anchor id="CNN_CF_20030303.1900.06-2:1:3x" offset="1417.000000"></Anchor>
<Anchor id="CNN_CF_20030303.1900.06-2:1:3y" offset="1417.000000"></Anchor>
<Anchor id="CNN_CF_20030303.1900.06-2:1:3z" offset="1434.000000"></Anchor>
<Anchor id="CNN_CF_20030303.1900.06-2:1:41" offset="1436.000000"></Anchor>
<Anchor id="CNN_CF_20030303.1900.06-2:1:42" offset="1444.000000"></Anchor>
<Anchor id="CNN_CF_20030303.1900.06-2:1:4A" offset="1446.000000"></Anchor>
<Anchor id="CNN_CF_20030303.1900.06-2:1:4C" offset="1446.000000"></Anchor>
<Anchor id="CNN_CF_20030303.1900.06-2:1:4B" offset="1448.000000"></Anchor>
<Anchor id="CNN_CF_20030303.1900.06-2:1:4D" offset="1448.000000"></Anchor>
<Anchor id="CNN_CF_20030303.1900.06-2:1:4F" offset="1471.000000"></Anchor>
<Anchor id="CNN_CF_20030303.1900.06-2:1:4H" offset="1471.000000"></Anchor>
<Anchor id="CNN_CF_20030303.1900.06-2:1:4G" offset="1473.000000"></Anchor>
<Anchor id="CNN_CF_20030303.1900.06-2:1:4I" offset="1473.000000"></Anchor>
<Anchor id="CNN_CF_20030303.1900.06-2:1:67" offset="1487.000000"></Anchor>
<Anchor id="CNN_CF_20030303.1900.06-2:1:40" offset="1495.000000"></Anchor>
<Anchor id="CNN_CF_20030303.1900.06-2:1:68" offset="1495.000000"></Anchor>
<Anchor id="CNN_CF_20030303.1900.06-2:1:4J" offset="1502.000000"></Anchor>
<Anchor id="CNN_CF_20030303.1900.06-2:1:4K" offset="1502.000000"></Anchor>
<Anchor id="CNN_CF_20030303.1900.06-2:1:4L" offset="1502.000000"></Anchor>
<Anchor id="CNN_CF_20030303.1900.06-2:1:4M" offset="1502.000000"></Anchor>
<Anchor id="CNN_CF_20030303.1900.06-2:1:4W" offset="1521.000000"></Anchor>
<Anchor id="CNN_CF_20030303.1900.06-2:1:4Y" offset="1521.000000"></Anchor>
<Anchor id="CNN_CF_20030303.1900.06-2:1:4X" offset="1523.000000"></Anchor>
<Anchor id="CNN_CF_20030303.1900.06-2:1:4Z" offset="1523.000000"></Anchor>
<Anchor id="CNN_CF_20030303.1900.06-2:1:66" offset="1527.000000"></Anchor>
<Anchor id="CNN_CF_20030303.1900.06-2:1:4N" offset="1545.000000"></Anchor>
<Anchor id="CNN_CF_20030303.1900.06-2:1:4O" offset="1545.000000"></Anchor>
<Anchor id="CNN_CF_20030303.1900.06-2:1:4P" offset="1545.000000"></Anchor>
<Anchor id="CNN_CF_20030303.1900.06-2:1:4Q" offset="1545.000000"></Anchor>
<Anchor id="CNN_CF_20030303.1900.06-2:1:4R" offset="1549.000000"></Anchor>
<Anchor id="CNN_CF_20030303.1900.06-2:1:4U" offset="1549.000000"></Anchor>
<Anchor id="CNN_CF_20030303.1900.06-2:1:4S" offset="1559.000000"></Anchor>
<Anchor id="CNN_CF_20030303.1900.06-2:1:4V" offset="1559.000000"></Anchor>
<Anchor id="CNN_CF_20030303.1900.06-2:1:4a" offset="1646.000000"></Anchor>
<Anchor id="CNN_CF_20030303.1900.06-2:1:4b" offset="1646.000000"></Anchor>
<Anchor id="CNN_CF_20030303.1900.06-2:1:4c" offset="1646.000000"></Anchor>
<Anchor id="CNN_CF_20030303.1900.06-2:1:4d" offset="1646.000000"></Anchor>
<Anchor id="CNN_CF_20030303.1900.06-2:1:4i" offset="1650.000000"></Anchor>
<Anchor id="CNN_CF_20030303.1900.06-2:1:4k" offset="1650.000000"></Anchor>
<Anchor id="CNN_CF_20030303.1900.06-2:1:4j" offset="1661.000000"></Anchor>
<Anchor id="CNN_CF_20030303.1900.06-2:1:4l" offset="1661.000000"></Anchor>
<Anchor id="CNN_CF_20030303.1900.06-2:1:4m" offset="1669.000000"></Anchor>
<Anchor id="CNN_CF_20030303.1900.06-2:1:4o" offset="1669.000000"></Anchor>
<Anchor id="CNN_CF_20030303.1900.06-2:1:4n" offset="1670.000000"></Anchor>
<Anchor id="CNN_CF_20030303.1900.06-2:1:4p" offset="1670.000000"></Anchor>
<Anchor id="CNN_CF_20030303.1900.06-2:1:11"></Anchor>
<Anchor id="CNN_CF_20030303.1900.06-2:1:12"></Anchor>
<Anchor id="CNN_CF_20030303.1900.06-2:1:13"></Anchor>
<Anchor id="CNN_CF_20030303.1900.06-2:1:14"></Anchor>
<Anchor id="CNN_CF_20030303.1900.06-2:1:19"></Anchor>
<Anchor id="CNN_CF_20030303.1900.06-2:1:1A"></Anchor>
<Anchor id="CNN_CF_20030303.1900.06-2:1:1B"></Anchor>
<Anchor id="CNN_CF_20030303.1900.06-2:1:1C"></Anchor>
<Anchor id="CNN_CF_20030303.1900.06-2:1:1I"></Anchor>
<Anchor id="CNN_CF_20030303.1900.06-2:1:1J"></Anchor>
<Anchor id="CNN_CF_20030303.1900.06-2:1:1K"></Anchor>
<Anchor id="CNN_CF_20030303.1900.06-2:1:1L"></Anchor>
<Anchor id="CNN_CF_20030303.1900.06-2:1:1Q"></Anchor>
<Anchor id="CNN_CF_20030303.1900.06-2:1:1R"></Anchor>
<Anchor id="CNN_CF_20030303.1900.06-2:1:1S"></Anchor>
<Anchor id="CNN_CF_20030303.1900.06-2:1:1U"></Anchor>
<Anchor id="CNN_CF_20030303.1900.06-2:1:1Z"></Anchor>
<Anchor id="CNN_CF_20030303.1900.06-2:1:1a"></Anchor>
<Anchor id="CNN_CF_20030303.1900.06-2:1:1b"></Anchor>
<Anchor id="CNN_CF_20030303.1900.06-2:1:1c"></Anchor>
<Anchor id="CNN_CF_20030303.1900.06-2:1:1h"></Anchor>
<Anchor id="CNN_CF_20030303.1900.06-2:1:1i"></Anchor>
<Anchor id="CNN_CF_20030303.1900.06-2:1:1j"></Anchor>
<Anchor id="CNN_CF_20030303.1900.06-2:1:1k"></Anchor>
<Anchor id="CNN_CF_20030303.1900.06-2:1:1t"></Anchor>
<Anchor id="CNN_CF_20030303.1900.06-2:1:1u"></Anchor>
<Anchor id="CNN_CF_20030303.1900.06-2:1:1v"></Anchor>
<Anchor id="CNN_CF_20030303.1900.06-2:1:1w"></Anchor>
<Anchor id="CNN_CF_20030303.1900.06-2:1:24"></Anchor>
<Anchor id="CNN_CF_20030303.1900.06-2:1:25"></Anchor>
<Anchor id="CNN_CF_20030303.1900.06-2:1:26"></Anchor>
<Anchor id="CNN_CF_20030303.1900.06-2:1:27"></Anchor>
<Anchor id="CNN_CF_20030303.1900.06-2:1:2j"></Anchor>
<Anchor id="CNN_CF_20030303.1900.06-2:1:2k"></Anchor>
<Anchor id="CNN_CF_20030303.1900.06-2:1:2l"></Anchor>
<Anchor id="CNN_CF_20030303.1900.06-2:1:2m"></Anchor>
<Anchor id="CNN_CF_20030303.1900.06-2:1:2r"></Anchor>
<Anchor id="CNN_CF_20030303.1900.06-2:1:2s"></Anchor>
<Anchor id="CNN_CF_20030303.1900.06-2:1:2t"></Anchor>
<Anchor id="CNN_CF_20030303.1900.06-2:1:2u"></Anchor>
<Anchor id="CNN_CF_20030303.1900.06-2:1:3B"></Anchor>
<Anchor id="CNN_CF_20030303.1900.06-2:1:3C"></Anchor>
<Anchor id="CNN_CF_20030303.1900.06-2:1:3D"></Anchor>
<Anchor id="CNN_CF_20030303.1900.06-2:1:3F"></Anchor>
<Anchor id="CNN_CF_20030303.1900.06-2:1:3f"></Anchor>
<Anchor id="CNN_CF_20030303.1900.06-2:1:3g"></Anchor>
<Anchor id="CNN_CF_20030303.1900.06-2:1:3h"></Anchor>
<Anchor id="CNN_CF_20030303.1900.06-2:1:3i"></Anchor>
<Anchor id="CNN_CF_20030303.1900.06-2:1:3n"></Anchor>
<Anchor id="CNN_CF_20030303.1900.06-2:1:3o"></Anchor>
<Anchor id="CNN_CF_20030303.1900.06-2:1:3p"></Anchor>
<Anchor id="CNN_CF_20030303.1900.06-2:1:3q"></Anchor>
<Anchor id="CNN_CF_20030303.1900.06-2:1:43"></Anchor>
<Anchor id="CNN_CF_20030303.1900.06-2:1:44"></Anchor>
<Anchor id="CNN_CF_20030303.1900.06-2:1:45"></Anchor>
<Anchor id="CNN_CF_20030303.1900.06-2:1:46"></Anchor>
<Anchor id="CNN_CF_20030303.1900.06-2:1:4e"></Anchor>
<Anchor id="CNN_CF_20030303.1900.06-2:1:4f"></Anchor>
<Anchor id="CNN_CF_20030303.1900.06-2:1:4g"></Anchor>
<Anchor id="CNN_CF_20030303.1900.06-2:1:4h"></Anchor>
<Anchor id="CNN_CF_20030303.1900.06-2:1:4q"></Anchor>
<Anchor id="CNN_CF_20030303.1900.06-2:1:4r"></Anchor>
<Anchor id="CNN_CF_20030303.1900.06-2:1:4s"></Anchor>
<Anchor id="CNN_CF_20030303.1900.06-2:1:4t"></Anchor>
<Anchor id="CNN_CF_20030303.1900.06-2:1:4w"></Anchor>
<Anchor id="CNN_CF_20030303.1900.06-2:1:4x"></Anchor>
<Anchor id="CNN_CF_20030303.1900.06-2:1:5"></Anchor>
<Anchor id="CNN_CF_20030303.1900.06-2:1:54"></Anchor>
<Anchor id="CNN_CF_20030303.1900.06-2:1:55"></Anchor>
<Anchor id="CNN_CF_20030303.1900.06-2:1:56"></Anchor>
<Anchor id="CNN_CF_20030303.1900.06-2:1:57"></Anchor>
<Anchor id="CNN_CF_20030303.1900.06-2:1:58"></Anchor>
<Anchor id="CNN_CF_20030303.1900.06-2:1:59"></Anchor>
<Anchor id="CNN_CF_20030303.1900.06-2:1:5C"></Anchor>
<Anchor id="CNN_CF_20030303.1900.06-2:1:5D"></Anchor>
<Anchor id="CNN_CF_20030303.1900.06-2:1:5F"></Anchor>
<Anchor id="CNN_CF_20030303.1900.06-2:1:5G"></Anchor>
<Anchor id="CNN_CF_20030303.1900.06-2:1:5H"></Anchor>
<Anchor id="CNN_CF_20030303.1900.06-2:1:5I"></Anchor>
<Anchor id="CNN_CF_20030303.1900.06-2:1:5N"></Anchor>
<Anchor id="CNN_CF_20030303.1900.06-2:1:5O"></Anchor>
<Anchor id="CNN_CF_20030303.1900.06-2:1:5P"></Anchor>
<Anchor id="CNN_CF_20030303.1900.06-2:1:5Q"></Anchor>
<Anchor id="CNN_CF_20030303.1900.06-2:1:5R"></Anchor>
<Anchor id="CNN_CF_20030303.1900.06-2:1:5S"></Anchor>
<Anchor id="CNN_CF_20030303.1900.06-2:1:5Y"></Anchor>
<Anchor id="CNN_CF_20030303.1900.06-2:1:5Z"></Anchor>
<Anchor id="CNN_CF_20030303.1900.06-2:1:5e"></Anchor>
<Anchor id="CNN_CF_20030303.1900.06-2:1:5f"></Anchor>
<Anchor id="CNN_CF_20030303.1900.06-2:1:5g"></Anchor>
<Anchor id="CNN_CF_20030303.1900.06-2:1:5h"></Anchor>
<Anchor id="CNN_CF_20030303.1900.06-2:1:5m"></Anchor>
<Anchor id="CNN_CF_20030303.1900.06-2:1:5n"></Anchor>
<Anchor id="CNN_CF_20030303.1900.06-2:1:5o"></Anchor>
<Anchor id="CNN_CF_20030303.1900.06-2:1:5p"></Anchor>
<Anchor id="CNN_CF_20030303.1900.06-2:1:5q"></Anchor>
<Anchor id="CNN_CF_20030303.1900.06-2:1:5r"></Anchor>
<Anchor id="CNN_CF_20030303.1900.06-2:1:6"></Anchor>
<Anchor id="CNN_CF_20030303.1900.06-2:1:61"></Anchor>
<Anchor id="CNN_CF_20030303.1900.06-2:1:62"></Anchor>
<Anchor id="CNN_CF_20030303.1900.06-2:1:63"></Anchor>
<Anchor id="CNN_CF_20030303.1900.06-2:1:64"></Anchor>
<Anchor id="CNN_CF_20030303.1900.06-2:1:7"></Anchor>
<Anchor id="CNN_CF_20030303.1900.06-2:1:8"></Anchor>
<Anchor id="CNN_CF_20030303.1900.06-2:1:D"></Anchor>
<Anchor id="CNN_CF_20030303.1900.06-2:1:F"></Anchor>
<Anchor id="CNN_CF_20030303.1900.06-2:1:G"></Anchor>
<Anchor id="CNN_CF_20030303.1900.06-2:1:H"></Anchor>
<Anchor id="CNN_CF_20030303.1900.06-2:1:M"></Anchor>
<Anchor id="CNN_CF_20030303.1900.06-2:1:N"></Anchor>
<Anchor id="CNN_CF_20030303.1900.06-2:1:O"></Anchor>
<Anchor id="CNN_CF_20030303.1900.06-2:1:P"></Anchor>
<Anchor id="CNN_CF_20030303.1900.06-2:1:Z"></Anchor>
<Anchor id="CNN_CF_20030303.1900.06-2:1:a"></Anchor>
<Anchor id="CNN_CF_20030303.1900.06-2:1:b"></Anchor>
<Anchor id="CNN_CF_20030303.1900.06-2:1:c"></Anchor>
<Anchor id="CNN_CF_20030303.1900.06-2:1:h"></Anchor>
<Anchor id="CNN_CF_20030303.1900.06-2:1:i"></Anchor>
<Anchor id="CNN_CF_20030303.1900.06-2:1:j"></Anchor>
<Anchor id="CNN_CF_20030303.1900.06-2:1:k"></Anchor>
<Anchor id="CNN_CF_20030303.1900.06-2:1:t"></Anchor>
<Anchor id="CNN_CF_20030303.1900.06-2:1:u"></Anchor>
<Anchor id="CNN_CF_20030303.1900.06-2:1:v"></Anchor>
<Anchor id="CNN_CF_20030303.1900.06-2:1:w"></Anchor>
<Annotation id="CNN_CF_20030303.1900.06-2:1:E11" type="entity" start="CNN_CF_20030303.1900.06-2:1:24" end="CNN_CF_20030303.1900.06-2:1:25">
<Feature name="class">GEN</Feature>
<Feature name="class_difficultDecision">FALSE</Feature>
<Feature name="composite_entity">CNN_CF_20030303.1900.06-2:1:E12</Feature>
<Feature name="id">E14</Feature>
<Feature name="subtype">Group</Feature>
<Feature name="subtype_difficultDecision">FALSE</Feature>
<Feature name="type">PER</Feature>
<Feature name="type_difficultDecision">FALSE</Feature>
</Annotation>
<Annotation id="CNN_CF_20030303.1900.06-2:1:E12" type="composite_entity" start="CNN_CF_20030303.1900.06-2:1:26" end="CNN_CF_20030303.1900.06-2:1:27">
<Feature name="composite_entity_class">GEN</Feature>
<Feature name="id">CE14</Feature>
</Annotation>
<Annotation id="CNN_CF_20030303.1900.06-2:1:E1L" type="entity" start="CNN_CF_20030303.1900.06-2:1:2j" end="CNN_CF_20030303.1900.06-2:1:2k">
<Feature name="class">SPC</Feature>
<Feature name="class_difficultDecision">FALSE</Feature>
<Feature name="composite_entity">CNN_CF_20030303.1900.06-2:1:E1M</Feature>
<Feature name="id">E15</Feature>
<Feature name="subtype">Nation</Feature>
<Feature name="subtype_difficultDecision">FALSE</Feature>
<Feature name="type">GPE</Feature>
<Feature name="type_difficultDecision">FALSE</Feature>
</Annotation>
<Annotation id="CNN_CF_20030303.1900.06-2:1:E1M" type="composite_entity" start="CNN_CF_20030303.1900.06-2:1:2l" end="CNN_CF_20030303.1900.06-2:1:2m">
<Feature name="composite_entity_class">SPC</Feature>
<Feature name="id">CE15</Feature>
</Annotation>
<Annotation id="CNN_CF_20030303.1900.06-2:1:E1P" type="entity" start="CNN_CF_20030303.1900.06-2:1:2r" end="CNN_CF_20030303.1900.06-2:1:2s">
<Feature name="class">USP</Feature>
<Feature name="class_difficultDecision">FALSE</Feature>
<Feature name="composite_entity">CNN_CF_20030303.1900.06-2:1:E1Q</Feature>
<Feature name="id">E16</Feature>
<Feature name="subtype">Group</Feature>
<Feature name="subtype_difficultDecision">FALSE</Feature>
<Feature name="type">PER</Feature>
<Feature name="type_difficultDecision">FALSE</Feature>
</Annotation>
<Annotation id="CNN_CF_20030303.1900.06-2:1:E1Q" type="composite_entity" start="CNN_CF_20030303.1900.06-2:1:2t" end="CNN_CF_20030303.1900.06-2:1:2u">
<Feature name="composite_entity_class">USP</Feature>
<Feature name="id">CE16</Feature>
</Annotation>
<Annotation id="CNN_CF_20030303.1900.06-2:1:E1a" type="entity" start="CNN_CF_20030303.1900.06-2:1:3B" end="CNN_CF_20030303.1900.06-2:1:3C">
<Feature name="class">SPC</Feature>
<Feature name="class_difficultDecision">FALSE</Feature>
<Feature name="composite_entity">CNN_CF_20030303.1900.06-2:1:E1b</Feature>
<Feature name="id">E17</Feature>
<Feature name="subtype">Nation</Feature>
<Feature name="subtype_difficultDecision">FALSE</Feature>
<Feature name="type">GPE</Feature>
<Feature name="type_difficultDecision">FALSE</Feature>
</Annotation>
<Annotation id="CNN_CF_20030303.1900.06-2:1:E1b" type="composite_entity" start="CNN_CF_20030303.1900.06-2:1:3D" end="CNN_CF_20030303.1900.06-2:1:3F">
<Feature name="composite_entity_class">SPC</Feature>
<Feature name="id">CE17</Feature>
</Annotation>
<Annotation id="CNN_CF_20030303.1900.06-2:1:E1o" type="entity" start="CNN_CF_20030303.1900.06-2:1:3f" end="CNN_CF_20030303.1900.06-2:1:3g">
<Feature name="class">USP</Feature>
<Feature name="class_difficultDecision">FALSE</Feature>
<Feature name="composite_entity">CNN_CF_20030303.1900.06-2:1:E1p</Feature>
<Feature name="id">E18</Feature>
<Feature name="subtype">Indeterminate</Feature>
<Feature name="subtype_difficultDecision">FALSE</Feature>
<Feature name="type">PER</Feature>
<Feature name="type_difficultDecision">FALSE</Feature>
</Annotation>
<Annotation id="CNN_CF_20030303.1900.06-2:1:E1p" type="composite_entity" start="CNN_CF_20030303.1900.06-2:1:3h" end="CNN_CF_20030303.1900.06-2:1:3i">
<Feature name="composite_entity_class">USP</Feature>
<Feature name="id">CE18</Feature>
</Annotation>
<Annotation id="CNN_CF_20030303.1900.06-2:1:E1s" type="entity" start="CNN_CF_20030303.1900.06-2:1:3n" end="CNN_CF_20030303.1900.06-2:1:3o">
<Feature name="class">SPC</Feature>
<Feature name="class_difficultDecision">FALSE</Feature>
<Feature name="composite_entity">CNN_CF_20030303.1900.06-2:1:E1t</Feature>
<Feature name="id">E19</Feature>
<Feature name="subtype">NON</Feature>
<Feature name="subtype_difficultDecision">FALSE</Feature>
<Feature name="type">ORG</Feature>
<Feature name="type_difficultDecision">FALSE</Feature>
</Annotation>
<Annotation id="CNN_CF_20030303.1900.06-2:1:E1t" type="composite_entity" start="CNN_CF_20030303.1900.06-2:1:3p" end="CNN_CF_20030303.1900.06-2:1:3q">
<Feature name="composite_entity_class">SPC</Feature>
<Feature name="id">CE19</Feature>
</Annotation>
<Annotation id="CNN_CF_20030303.1900.06-2:1:E20" type="entity" start="CNN_CF_20030303.1900.06-2:1:43" end="CNN_CF_20030303.1900.06-2:1:44">
<Feature name="class">SPC</Feature>
<Feature name="class_difficultDecision">FALSE</Feature>
<Feature name="composite_entity">CNN_CF_20030303.1900.06-2:1:E21</Feature>
<Feature name="id">E20</Feature>
<Feature name="subtype">Individual</Feature>
<Feature name="subtype_difficultDecision">FALSE</Feature>
<Feature name="type">PER</Feature>
<Feature name="type_difficultDecision">FALSE</Feature>
</Annotation>
<Annotation id="CNN_CF_20030303.1900.06-2:1:E21" type="composite_entity" start="CNN_CF_20030303.1900.06-2:1:45" end="CNN_CF_20030303.1900.06-2:1:46">
<Feature name="composite_entity_class">SPC</Feature>
<Feature name="id">CE20</Feature>
</Annotation>
<Annotation id="CNN_CF_20030303.1900.06-2:1:E2I" type="entity" start="CNN_CF_20030303.1900.06-2:1:4e" end="CNN_CF_20030303.1900.06-2:1:4f">
<Feature name="class">SPC</Feature>
<Feature name="class_difficultDecision">FALSE</Feature>
<Feature name="composite_entity">CNN_CF_20030303.1900.06-2:1:E2J</Feature>
<Feature name="id">E21</Feature>
<Feature name="subtype">Individual</Feature>
<Feature name="subtype_difficultDecision">FALSE</Feature>
<Feature name="type">PER</Feature>
<Feature name="type_difficultDecision">FALSE</Feature>
</Annotation>
<Annotation id="CNN_CF_20030303.1900.06-2:1:E2J" type="composite_entity" start="CNN_CF_20030303.1900.06-2:1:4g" end="CNN_CF_20030303.1900.06-2:1:4h">
<Feature name="composite_entity_class">SPC</Feature>
<Feature name="id">CE21</Feature>
</Annotation>
<Annotation id="CNN_CF_20030303.1900.06-2:1:E2O" type="entity" start="CNN_CF_20030303.1900.06-2:1:4q" end="CNN_CF_20030303.1900.06-2:1:4r">
<Feature name="class">SPC</Feature>
<Feature name="class_difficultDecision">FALSE</Feature>
<Feature name="composite_entity">CNN_CF_20030303.1900.06-2:1:E2P</Feature>
<Feature name="id">E22</Feature>
<Feature name="subtype">Group</Feature>
<Feature name="subtype_difficultDecision">FALSE</Feature>
<Feature name="type">PER</Feature>
<Feature name="type_difficultDecision">FALSE</Feature>
</Annotation>
<Annotation id="CNN_CF_20030303.1900.06-2:1:E2P" type="composite_entity" start="CNN_CF_20030303.1900.06-2:1:4s" end="CNN_CF_20030303.1900.06-2:1:4t">
<Feature name="composite_entity_class">SPC</Feature>
<Feature name="id">CE22</Feature>
</Annotation>
<Annotation id="CNN_CF_20030303.1900.06-2:1:E2R" type="value" start="CNN_CF_20030303.1900.06-2:1:4w" end="CNN_CF_20030303.1900.06-2:1:4x">
<Feature name="id">Q1</Feature>
<Feature name="subtype"></Feature>
<Feature name="subtype_difficultDecision">FALSE</Feature>
<Feature name="type">TIME</Feature>
<Feature name="type_difficultDecision">FALSE</Feature>
</Annotation>
<Annotation id="CNN_CF_20030303.1900.06-2:1:E2W" type="relation" start="CNN_CF_20030303.1900.06-2:1:54" end="CNN_CF_20030303.1900.06-2:1:55">
<Feature name="id">R1</Feature>
<Feature name="modality">Asserted</Feature>
<Feature name="subtype">CRRE</Feature>
<Feature name="subtype_difficultDecision">FALSE</Feature>
<Feature name="tense">Unspecified</Feature>
<Feature name="type">GEN-AFF</Feature>
<Feature name="type_difficultDecision">FALSE</Feature>
</Annotation>
<Annotation id="CNN_CF_20030303.1900.06-2:1:E2X" type="relation_mention_argument" start="CNN_CF_20030303.1900.06-2:1:56" end="CNN_CF_20030303.1900.06-2:1:57">
<Feature name="argnum">1</Feature>
<Feature name="indexing_type">charseq</Feature>
<Feature name="object_mention">CNN_CF_20030303.1900.06-2:1:E2S</Feature>
<Feature name="relation_mention">CNN_CF_20030303.1900.06-2:1:E2V</Feature>
<Feature name="subrole"></Feature>
</Annotation>
<Annotation id="CNN_CF_20030303.1900.06-2:1:E2Y" type="relation_mention_argument" start="CNN_CF_20030303.1900.06-2:1:58" end="CNN_CF_20030303.1900.06-2:1:59">
<Feature name="argnum">2</Feature>
<Feature name="indexing_type">charseq</Feature>
<Feature name="object_mention">CNN_CF_20030303.1900.06-2:1:EF</Feature>
<Feature name="relation_mention">CNN_CF_20030303.1900.06-2:1:E2V</Feature>
<Feature name="subrole"></Feature>
</Annotation>
<Annotation id="CNN_CF_20030303.1900.06-2:1:E2a" type="relation" start="CNN_CF_20030303.1900.06-2:1:5C" end="CNN_CF_20030303.1900.06-2:1:5D">
<Feature name="id">R2</Feature>
<Feature name="modality">Asserted</Feature>
<Feature name="subtype">Geographical</Feature>
<Feature name="subtype_difficultDecision">FALSE</Feature>
<Feature name="tense">Unspecified</Feature>
<Feature name="type">PART-WHOLE</Feature>
<Feature name="type_difficultDecision">FALSE</Feature>
</Annotation>
<Annotation id="CNN_CF_20030303.1900.06-2:1:E2b" type="relation_mention_argument" start="CNN_CF_20030303.1900.06-2:1:5F" end="CNN_CF_20030303.1900.06-2:1:5G">
<Feature name="argnum">1</Feature>
<Feature name="indexing_type">charseq</Feature>
<Feature name="object_mention">CNN_CF_20030303.1900.06-2:1:EF</Feature>
<Feature name="relation_mention">CNN_CF_20030303.1900.06-2:1:E2Z</Feature>
<Feature name="subrole"></Feature>
</Annotation>
<Annotation id="CNN_CF_20030303.1900.06-2:1:E2c" type="relation_mention_argument" start="CNN_CF_20030303.1900.06-2:1:5H" end="CNN_CF_20030303.1900.06-2:1:5I">
<Feature name="argnum">2</Feature>
<Feature name="indexing_type">charseq</Feature>
<Feature name="object_mention">CNN_CF_20030303.1900.06-2:1:EJ</Feature>
<Feature name="relation_mention">CNN_CF_20030303.1900.06-2:1:E2Z</Feature>
<Feature name="subrole"></Feature>
</Annotation>
<Annotation id="CNN_CF_20030303.1900.06-2:1:E2f" type="event" start="CNN_CF_20030303.1900.06-2:1:5N" end="CNN_CF_20030303.1900.06-2:1:5O">
<Feature name="genericity">Specific</Feature>
<Feature name="id">V1</Feature>
<Feature name="modality">Other</Feature>
<Feature name="polarity">Positive</Feature>
<Feature name="subtype">Attack</Feature>
<Feature name="subtype_difficultDecision">FALSE</Feature>
<Feature name="tense">Unspecified</Feature>
<Feature name="type">Conflict</Feature>
<Feature name="type_difficultDecision">FALSE</Feature>
</Annotation>
<Annotation id="CNN_CF_20030303.1900.06-2:1:E2g" type="event_mention_participant" start="CNN_CF_20030303.1900.06-2:1:5P" end="CNN_CF_20030303.1900.06-2:1:5Q">
<Feature name="event_mention">CNN_CF_20030303.1900.06-2:1:E2d</Feature>
<Feature name="indexing_type">charseq</Feature>
<Feature name="object_mention">CNN_CF_20030303.1900.06-2:1:EY</Feature>
<Feature name="role">Attacker</Feature>
<Feature name="subrole"></Feature>
</Annotation>
<Annotation id="CNN_CF_20030303.1900.06-2:1:E2h" type="event_mention_participant" start="CNN_CF_20030303.1900.06-2:1:5R" end="CNN_CF_20030303.1900.06-2:1:5S">
<Feature name="event_mention">CNN_CF_20030303.1900.06-2:1:E2d</Feature>
<Feature name="indexing_type">charseq</Feature>
<Feature name="object_mention">CNN_CF_20030303.1900.06-2:1:Ec</Feature>
<Feature name="role">Target</Feature>
<Feature name="subrole"></Feature>
</Annotation>
<Annotation id="CNN_CF_20030303.1900.06-2:1:E2k" type="event" start="CNN_CF_20030303.1900.06-2:1:5Y" end="CNN_CF_20030303.1900.06-2:1:5Z">
<Feature name="genericity">Generic</Feature>
<Feature name="id">V2</Feature>
<Feature name="modality">Asserted</Feature>
<Feature name="polarity">Positive</Feature>
<Feature name="subtype">Attack</Feature>
<Feature name="subtype_difficultDecision">FALSE</Feature>
<Feature name="tense">Unspecified</Feature>
<Feature name="type">Conflict</Feature>
<Feature name="type_difficultDecision">FALSE</Feature>
</Annotation>
<Annotation id="CNN_CF_20030303.1900.06-2:1:E2n" type="event_mention_participant" start="CNN_CF_20030303.1900.06-2:1:5e" end="CNN_CF_20030303.1900.06-2:1:5f">
<Feature name="event_mention">CNN_CF_20030303.1900.06-2:1:E2l</Feature>
<Feature name="indexing_type">charseq</Feature>
<Feature name="object_mention">CNN_CF_20030303.1900.06-2:1:E1F</Feature>
<Feature name="role">Attacker</Feature>
<Feature name="subrole"></Feature>
</Annotation>
<Annotation id="CNN_CF_20030303.1900.06-2:1:E2o" type="event_mention_participant" start="CNN_CF_20030303.1900.06-2:1:5g" end="CNN_CF_20030303.1900.06-2:1:5h">
<Feature name="event_mention">CNN_CF_20030303.1900.06-2:1:E2l</Feature>
<Feature name="indexing_type">charseq</Feature>
<Feature name="object_mention">CNN_CF_20030303.1900.06-2:1:E1H</Feature>
<Feature name="role">Place</Feature>
<Feature name="subrole"></Feature>
</Annotation>
<Annotation id="CNN_CF_20030303.1900.06-2:1:E2r" type="event" start="CNN_CF_20030303.1900.06-2:1:5m" end="CNN_CF_20030303.1900.06-2:1:5n">
<Feature name="genericity">Generic</Feature>
<Feature name="id">V3</Feature>
<Feature name="modality">Other</Feature>
<Feature name="polarity">Positive</Feature>
<Feature name="subtype">Demonstrate</Feature>
<Feature name="subtype_difficultDecision">FALSE</Feature>
<Feature name="tense">Unspecified</Feature>
<Feature name="type">Conflict</Feature>
<Feature name="type_difficultDecision">FALSE</Feature>
</Annotation>
<Annotation id="CNN_CF_20030303.1900.06-2:1:E2s" type="event_mention_participant" start="CNN_CF_20030303.1900.06-2:1:5o" end="CNN_CF_20030303.1900.06-2:1:5p">
<Feature name="event_mention">CNN_CF_20030303.1900.06-2:1:E2p</Feature>
<Feature name="indexing_type">charseq</Feature>
<Feature name="object_mention">CNN_CF_20030303.1900.06-2:1:E1J</Feature>
<Feature name="role">Place</Feature>
<Feature name="subrole"></Feature>
</Annotation>
<Annotation id="CNN_CF_20030303.1900.06-2:1:E2t" type="event_mention_participant" start="CNN_CF_20030303.1900.06-2:1:5q" end="CNN_CF_20030303.1900.06-2:1:5r">
<Feature name="event_mention">CNN_CF_20030303.1900.06-2:1:E2p</Feature>
<Feature name="indexing_type">charseq</Feature>
<Feature name="object_mention">CNN_CF_20030303.1900.06-2:1:E1N</Feature>
<Feature name="role">Entity</Feature>
<Feature name="subrole"></Feature>
</Annotation>
<Annotation id="CNN_CF_20030303.1900.06-2:1:E2y" type="event_mention_participant" start="CNN_CF_20030303.1900.06-2:1:61" end="CNN_CF_20030303.1900.06-2:1:62">
<Feature name="event_mention">CNN_CF_20030303.1900.06-2:1:E2w</Feature>
<Feature name="indexing_type">charseq</Feature>
<Feature name="object_mention">CNN_CF_20030303.1900.06-2:1:E1e</Feature>
<Feature name="role">Attacker</Feature>
<Feature name="subrole"></Feature>
</Annotation>
<Annotation id="CNN_CF_20030303.1900.06-2:1:E2z" type="event_mention_participant" start="CNN_CF_20030303.1900.06-2:1:63" end="CNN_CF_20030303.1900.06-2:1:64">
<Feature name="event_mention">CNN_CF_20030303.1900.06-2:1:E2w</Feature>
<Feature name="indexing_type">charseq</Feature>
<Feature name="object_mention">CNN_CF_20030303.1900.06-2:1:E1k</Feature>
<Feature name="role">Place</Feature>
<Feature name="subrole"></Feature>
</Annotation>
<Annotation id="CNN_CF_20030303.1900.06-2:1:E3" type="entity" start="CNN_CF_20030303.1900.06-2:1:5" end="CNN_CF_20030303.1900.06-2:1:6">
<Feature name="class">SPC</Feature>
<Feature name="class_difficultDecision">FALSE</Feature>
<Feature name="composite_entity">CNN_CF_20030303.1900.06-2:1:E4</Feature>
<Feature name="id">E1</Feature>
<Feature name="subtype">Group</Feature>
<Feature name="subtype_difficultDecision">FALSE</Feature>
<Feature name="type">PER</Feature>
<Feature name="type_difficultDecision">FALSE</Feature>
</Annotation>
<Annotation id="CNN_CF_20030303.1900.06-2:1:E4" type="composite_entity" start="CNN_CF_20030303.1900.06-2:1:7" end="CNN_CF_20030303.1900.06-2:1:8">
<Feature name="composite_entity_class">SPC</Feature>
<Feature name="id">CE1</Feature>
</Annotation>
<Annotation id="CNN_CF_20030303.1900.06-2:1:E7" type="entity" start="CNN_CF_20030303.1900.06-2:1:D" end="CNN_CF_20030303.1900.06-2:1:F">
<Feature name="class">SPC</Feature>
<Feature name="class_difficultDecision">FALSE</Feature>
<Feature name="composite_entity">CNN_CF_20030303.1900.06-2:1:E8</Feature>
<Feature name="id">E2</Feature>
<Feature name="subtype">Individual</Feature>
<Feature name="subtype_difficultDecision">FALSE</Feature>
<Feature name="type">PER</Feature>
<Feature name="type_difficultDecision">FALSE</Feature>
</Annotation>
<Annotation id="CNN_CF_20030303.1900.06-2:1:E8" type="composite_entity" start="CNN_CF_20030303.1900.06-2:1:G" end="CNN_CF_20030303.1900.06-2:1:H">
<Feature name="composite_entity_class">SPC</Feature>
<Feature name="id">CE2</Feature>
</Annotation>
<Annotation id="CNN_CF_20030303.1900.06-2:1:EH" type="entity" start="CNN_CF_20030303.1900.06-2:1:Z" end="CNN_CF_20030303.1900.06-2:1:a">
<Feature name="class">SPC</Feature>
<Feature name="class_difficultDecision">FALSE</Feature>
<Feature name="composite_entity">CNN_CF_20030303.1900.06-2:1:EI</Feature>
<Feature name="id">E4</Feature>
<Feature name="subtype">Population-Center</Feature>
<Feature name="subtype_difficultDecision">FALSE</Feature>
<Feature name="type">GPE</Feature>
<Feature name="type_difficultDecision">FALSE</Feature>
</Annotation>
<Annotation id="CNN_CF_20030303.1900.06-2:1:EI" type="composite_entity" start="CNN_CF_20030303.1900.06-2:1:b" end="CNN_CF_20030303.1900.06-2:1:c">
<Feature name="composite_entity_class">SPC</Feature>
<Feature name="id">CE4</Feature>
</Annotation>
<Annotation id="CNN_CF_20030303.1900.06-2:1:EL" type="entity" start="CNN_CF_20030303.1900.06-2:1:h" end="CNN_CF_20030303.1900.06-2:1:i">
<Feature name="class">SPC</Feature>
<Feature name="class_difficultDecision">FALSE</Feature>
<Feature name="composite_entity">CNN_CF_20030303.1900.06-2:1:EM</Feature>
<Feature name="id">E5</Feature>
<Feature name="subtype">State-or-Province</Feature>
<Feature name="subtype_difficultDecision">FALSE</Feature>
<Feature name="type">GPE</Feature>
<Feature name="type_difficultDecision">FALSE</Feature>
</Annotation>
<Annotation id="CNN_CF_20030303.1900.06-2:1:EM" type="composite_entity" start="CNN_CF_20030303.1900.06-2:1:j" end="CNN_CF_20030303.1900.06-2:1:k">
<Feature name="composite_entity_class">SPC</Feature>
<Feature name="id">CE5</Feature>
</Annotation>
<Annotation id="CNN_CF_20030303.1900.06-2:1:ER" type="entity" start="CNN_CF_20030303.1900.06-2:1:t" end="CNN_CF_20030303.1900.06-2:1:u">
<Feature name="class">SPC</Feature>
<Feature name="class_difficultDecision">FALSE</Feature>
<Feature name="composite_entity">CNN_CF_20030303.1900.06-2:1:ES</Feature>
<Feature name="id">E6</Feature>
<Feature name="subtype">Individual</Feature>
<Feature name="subtype_difficultDecision">FALSE</Feature>
<Feature name="type">PER</Feature>
<Feature name="type_difficultDecision">FALSE</Feature>
</Annotation>
<Annotation id="CNN_CF_20030303.1900.06-2:1:ES" type="composite_entity" start="CNN_CF_20030303.1900.06-2:1:v" end="CNN_CF_20030303.1900.06-2:1:w">
<Feature name="composite_entity_class">SPC</Feature>
<Feature name="id">CE6</Feature>
</Annotation>
<Annotation id="CNN_CF_20030303.1900.06-2:1:EW" type="entity" start="CNN_CF_20030303.1900.06-2:1:11" end="CNN_CF_20030303.1900.06-2:1:12">
<Feature name="class">USP</Feature>
<Feature name="class_difficultDecision">FALSE</Feature>
<Feature name="composite_entity">CNN_CF_20030303.1900.06-2:1:EX</Feature>
<Feature name="id">E7</Feature>
<Feature name="subtype">Group</Feature>
<Feature name="subtype_difficultDecision">FALSE</Feature>
<Feature name="type">PER</Feature>
<Feature name="type_difficultDecision">FALSE</Feature>
</Annotation>
<Annotation id="CNN_CF_20030303.1900.06-2:1:EX" type="composite_entity" start="CNN_CF_20030303.1900.06-2:1:13" end="CNN_CF_20030303.1900.06-2:1:14">
<Feature name="composite_entity_class">USP</Feature>
<Feature name="id">CE7</Feature>
</Annotation>
<Annotation id="CNN_CF_20030303.1900.06-2:1:Ea" type="entity" start="CNN_CF_20030303.1900.06-2:1:19" end="CNN_CF_20030303.1900.06-2:1:1A">
<Feature name="class">SPC</Feature>
<Feature name="class_difficultDecision">FALSE</Feature>
<Feature name="composite_entity">CNN_CF_20030303.1900.06-2:1:Eb</Feature>
<Feature name="id">E8</Feature>
<Feature name="subtype">Nation</Feature>
<Feature name="subtype_difficultDecision">FALSE</Feature>
<Feature name="type">GPE</Feature>
<Feature name="type_difficultDecision">FALSE</Feature>
</Annotation>
<Annotation id="CNN_CF_20030303.1900.06-2:1:Eb" type="composite_entity" start="CNN_CF_20030303.1900.06-2:1:1B" end="CNN_CF_20030303.1900.06-2:1:1C">
<Feature name="composite_entity_class">SPC</Feature>
<Feature name="id">CE8</Feature>
</Annotation>
<Annotation id="CNN_CF_20030303.1900.06-2:1:Ee" type="entity" start="CNN_CF_20030303.1900.06-2:1:1I" end="CNN_CF_20030303.1900.06-2:1:1J">
<Feature name="class">SPC</Feature>
<Feature name="class_difficultDecision">FALSE</Feature>
<Feature name="composite_entity">CNN_CF_20030303.1900.06-2:1:Ef</Feature>
<Feature name="id">E9</Feature>
<Feature name="subtype">Nation</Feature>
<Feature name="subtype_difficultDecision">FALSE</Feature>
<Feature name="type">GPE</Feature>
<Feature name="type_difficultDecision">FALSE</Feature>
</Annotation>
<Annotation id="CNN_CF_20030303.1900.06-2:1:Ef" type="composite_entity" start="CNN_CF_20030303.1900.06-2:1:1K" end="CNN_CF_20030303.1900.06-2:1:1L">
<Feature name="composite_entity_class">SPC</Feature>
<Feature name="id">CE9</Feature>
</Annotation>
<Annotation id="CNN_CF_20030303.1900.06-2:1:Ei" type="entity" start="CNN_CF_20030303.1900.06-2:1:1Q" end="CNN_CF_20030303.1900.06-2:1:1R">
<Feature name="class">SPC</Feature>
<Feature name="class_difficultDecision">FALSE</Feature>
<Feature name="composite_entity">CNN_CF_20030303.1900.06-2:1:Ej</Feature>
<Feature name="id">E10</Feature>
<Feature name="subtype">NON</Feature>
<Feature name="subtype_difficultDecision">FALSE</Feature>
<Feature name="type">ORG</Feature>
<Feature name="type_difficultDecision">FALSE</Feature>
</Annotation>
<Annotation id="CNN_CF_20030303.1900.06-2:1:Ej" type="composite_entity" start="CNN_CF_20030303.1900.06-2:1:1S" end="CNN_CF_20030303.1900.06-2:1:1U">
<Feature name="composite_entity_class">SPC</Feature>
<Feature name="id">CE10</Feature>
</Annotation>
<Annotation id="CNN_CF_20030303.1900.06-2:1:Em" type="entity" start="CNN_CF_20030303.1900.06-2:1:1Z" end="CNN_CF_20030303.1900.06-2:1:1a">
<Feature name="class">SPC</Feature>
<Feature name="class_difficultDecision">FALSE</Feature>
<Feature name="composite_entity">CNN_CF_20030303.1900.06-2:1:En</Feature>
<Feature name="id">E11</Feature>
<Feature name="subtype">Individual</Feature>
<Feature name="subtype_difficultDecision">FALSE</Feature>
<Feature name="type">PER</Feature>
<Feature name="type_difficultDecision">FALSE</Feature>
</Annotation>
<Annotation id="CNN_CF_20030303.1900.06-2:1:En" type="composite_entity" start="CNN_CF_20030303.1900.06-2:1:1b" end="CNN_CF_20030303.1900.06-2:1:1c">
<Feature name="composite_entity_class">SPC</Feature>
<Feature name="id">CE11</Feature>
</Annotation>
<Annotation id="CNN_CF_20030303.1900.06-2:1:Eq" type="entity" start="CNN_CF_20030303.1900.06-2:1:1h" end="CNN_CF_20030303.1900.06-2:1:1i">
<Feature name="class">SPC</Feature>
<Feature name="class_difficultDecision">FALSE</Feature>
<Feature name="composite_entity">CNN_CF_20030303.1900.06-2:1:Er</Feature>
<Feature name="id">E12</Feature>
<Feature name="subtype">Individual</Feature>
<Feature name="subtype_difficultDecision">FALSE</Feature>
<Feature name="type">PER</Feature>
<Feature name="type_difficultDecision">FALSE</Feature>
</Annotation>
<Annotation id="CNN_CF_20030303.1900.06-2:1:Er" type="composite_entity" start="CNN_CF_20030303.1900.06-2:1:1j" end="CNN_CF_20030303.1900.06-2:1:1k">
<Feature name="composite_entity_class">SPC</Feature>
<Feature name="id">CE12</Feature>
</Annotation>
<Annotation id="CNN_CF_20030303.1900.06-2:1:Ew" type="entity" start="CNN_CF_20030303.1900.06-2:1:1t" end="CNN_CF_20030303.1900.06-2:1:1u">
<Feature name="class">USP</Feature>
<Feature name="class_difficultDecision">FALSE</Feature>
<Feature name="composite_entity">CNN_CF_20030303.1900.06-2:1:Ex</Feature>
<Feature name="id">E13</Feature>
<Feature name="subtype">Nation</Feature>
<Feature name="subtype_difficultDecision">FALSE</Feature>
<Feature name="type">GPE</Feature>
<Feature name="type_difficultDecision">FALSE</Feature>
</Annotation>
<Annotation id="CNN_CF_20030303.1900.06-2:1:Ex" type="composite_entity" start="CNN_CF_20030303.1900.06-2:1:1v" end="CNN_CF_20030303.1900.06-2:1:1w">
<Feature name="composite_entity_class">USP</Feature>
<Feature name="id">CE13</Feature>
</Annotation>
<Annotation id="CNN_CF_20030303.1900.06-2:1:E2Q" type="value_mention" start="CNN_CF_20030303.1900.06-2:1:4u" end="CNN_CF_20030303.1900.06-2:1:4v">
<Feature name="id">QM1</Feature>
<Feature name="indexing_type">charseq</Feature>
<Feature name="value">CNN_CF_20030303.1900.06-2:1:E2R</Feature>
</Annotation>
<Annotation id="CNN_CF_20030303.1900.06-2:1:E1" type="entity_mention" start="CNN_CF_20030303.1900.06-2:1:1" end="CNN_CF_20030303.1900.06-2:1:2">
<Feature name="entity">CNN_CF_20030303.1900.06-2:1:E3</Feature>
<Feature name="entity_difficultDecision">FALSE</Feature>
<Feature name="head">CNN_CF_20030303.1900.06-2:1:E2</Feature>
<Feature name="id">EM1</Feature>
<Feature name="indexing_type">charseq</Feature>
<Feature name="role"></Feature>
<Feature name="role_difficultDecision">FALSE</Feature>
<Feature name="type">NOM</Feature>
<Feature name="type_difficultDecision">FALSE</Feature>
</Annotation>
<Annotation id="CNN_CF_20030303.1900.06-2:1:E2" type="entity_mention_head" start="CNN_CF_20030303.1900.06-2:1:3" end="CNN_CF_20030303.1900.06-2:1:4">
<Feature name="indexing_type">charseq</Feature>
</Annotation>
<Annotation id="CNN_CF_20030303.1900.06-2:1:E5" type="entity_mention" start="CNN_CF_20030303.1900.06-2:1:9" end="CNN_CF_20030303.1900.06-2:1:A">
<Feature name="entity">CNN_CF_20030303.1900.06-2:1:E7</Feature>
<Feature name="entity_difficultDecision">FALSE</Feature>
<Feature name="head">CNN_CF_20030303.1900.06-2:1:E6</Feature>
<Feature name="id">EM2</Feature>
<Feature name="indexing_type">charseq</Feature>
<Feature name="role"></Feature>
<Feature name="role_difficultDecision">FALSE</Feature>
<Feature name="type">PRO</Feature>
<Feature name="type_difficultDecision">FALSE</Feature>
</Annotation>
<Annotation id="CNN_CF_20030303.1900.06-2:1:E6" type="entity_mention_head" start="CNN_CF_20030303.1900.06-2:1:B" end="CNN_CF_20030303.1900.06-2:1:C">
<Feature name="indexing_type">charseq</Feature>
</Annotation>
<Annotation id="CNN_CF_20030303.1900.06-2:1:E2U" type="entity_mention_head" start="CNN_CF_20030303.1900.06-2:1:50" end="CNN_CF_20030303.1900.06-2:1:51">
<Feature name="indexing_type">charseq</Feature>
</Annotation>
<Annotation id="CNN_CF_20030303.1900.06-2:1:E2S" type="entity_mention" start="CNN_CF_20030303.1900.06-2:1:4y" end="CNN_CF_20030303.1900.06-2:1:4z">
<Feature name="entity">CNN_CF_20030303.1900.06-2:1:E7</Feature>
<Feature name="entity_difficultDecision">FALSE</Feature>
<Feature name="head">CNN_CF_20030303.1900.06-2:1:E2U</Feature>
<Feature name="id">EM53</Feature>
<Feature name="indexing_type">charseq</Feature>
<Feature name="role"></Feature>
<Feature name="role_difficultDecision">FALSE</Feature>
<Feature name="type">NAM</Feature>
<Feature name="type_difficultDecision">FALSE</Feature>
</Annotation>
<Annotation id="CNN_CF_20030303.1900.06-2:1:E2V" type="relation_mention" start="CNN_CF_20030303.1900.06-2:1:52" end="CNN_CF_20030303.1900.06-2:1:53">
<Feature name="id">RM1</Feature>
<Feature name="indexing_type">charseq</Feature>
<Feature name="lexical_condition">Preposition</Feature>
<Feature name="lexical_condition_difficultDecision">FALSE</Feature>
<Feature name="relation">CNN_CF_20030303.1900.06-2:1:E2W</Feature>
<Feature name="relation_difficultDecision">FALSE</Feature>
</Annotation>
<Annotation id="CNN_CF_20030303.1900.06-2:1:EG" type="entity_mention_head" start="CNN_CF_20030303.1900.06-2:1:X" end="CNN_CF_20030303.1900.06-2:1:Y">
<Feature name="indexing_type">charseq</Feature>
</Annotation>
<Annotation id="CNN_CF_20030303.1900.06-2:1:E2Z" type="relation_mention" start="CNN_CF_20030303.1900.06-2:1:5A" end="CNN_CF_20030303.1900.06-2:1:5B">
<Feature name="id">RM2</Feature>
<Feature name="indexing_type">charseq</Feature>
<Feature name="lexical_condition">Formulaic</Feature>
<Feature name="lexical_condition_difficultDecision">FALSE</Feature>
<Feature name="relation">CNN_CF_20030303.1900.06-2:1:E2a</Feature>
<Feature name="relation_difficultDecision">FALSE</Feature>
</Annotation>
<Annotation id="CNN_CF_20030303.1900.06-2:1:EF" type="entity_mention" start="CNN_CF_20030303.1900.06-2:1:V" end="CNN_CF_20030303.1900.06-2:1:W">
<Feature name="entity">CNN_CF_20030303.1900.06-2:1:EH</Feature>
<Feature name="entity_difficultDecision">FALSE</Feature>
<Feature name="head">CNN_CF_20030303.1900.06-2:1:EG</Feature>
<Feature name="id">EM5</Feature>
<Feature name="indexing_type">charseq</Feature>
<Feature name="role">LOC</Feature>
<Feature name="role_difficultDecision">FALSE</Feature>
<Feature name="type">NAM</Feature>
<Feature name="type_difficultDecision">FALSE</Feature>
</Annotation>
<Annotation id="CNN_CF_20030303.1900.06-2:1:EJ" type="entity_mention" start="CNN_CF_20030303.1900.06-2:1:d" end="CNN_CF_20030303.1900.06-2:1:e">
<Feature name="entity">CNN_CF_20030303.1900.06-2:1:EL</Feature>
<Feature name="entity_difficultDecision">FALSE</Feature>
<Feature name="head">CNN_CF_20030303.1900.06-2:1:EK</Feature>
<Feature name="id">EM6</Feature>
<Feature name="indexing_type">charseq</Feature>
<Feature name="role">LOC</Feature>
<Feature name="role_difficultDecision">FALSE</Feature>
<Feature name="type">NAM</Feature>
<Feature name="type_difficultDecision">FALSE</Feature>
</Annotation>
<Annotation id="CNN_CF_20030303.1900.06-2:1:EK" type="entity_mention_head" start="CNN_CF_20030303.1900.06-2:1:f" end="CNN_CF_20030303.1900.06-2:1:g">
<Feature name="indexing_type">charseq</Feature>
</Annotation>
<Annotation id="CNN_CF_20030303.1900.06-2:1:EN" type="entity_mention" start="CNN_CF_20030303.1900.06-2:1:l" end="CNN_CF_20030303.1900.06-2:1:m">
<Feature name="entity">CNN_CF_20030303.1900.06-2:1:E7</Feature>
<Feature name="entity_difficultDecision">FALSE</Feature>
<Feature name="head">CNN_CF_20030303.1900.06-2:1:EO</Feature>
<Feature name="id">EM7</Feature>
<Feature name="indexing_type">charseq</Feature>
<Feature name="role"></Feature>
<Feature name="role_difficultDecision">FALSE</Feature>
<Feature name="type">PRO</Feature>
<Feature name="type_difficultDecision">FALSE</Feature>
</Annotation>
<Annotation id="CNN_CF_20030303.1900.06-2:1:EO" type="entity_mention_head" start="CNN_CF_20030303.1900.06-2:1:n" end="CNN_CF_20030303.1900.06-2:1:o">
<Feature name="indexing_type">charseq</Feature>
</Annotation>
<Annotation id="CNN_CF_20030303.1900.06-2:1:EP" type="entity_mention" start="CNN_CF_20030303.1900.06-2:1:p" end="CNN_CF_20030303.1900.06-2:1:q">
<Feature name="entity">CNN_CF_20030303.1900.06-2:1:ER</Feature>
<Feature name="entity_difficultDecision">FALSE</Feature>
<Feature name="head">CNN_CF_20030303.1900.06-2:1:EQ</Feature>
<Feature name="id">EM8</Feature>
<Feature name="indexing_type">charseq</Feature>
<Feature name="role"></Feature>
<Feature name="role_difficultDecision">FALSE</Feature>
<Feature name="type">NAM</Feature>
<Feature name="type_difficultDecision">FALSE</Feature>
</Annotation>
<Annotation id="CNN_CF_20030303.1900.06-2:1:EQ" type="entity_mention_head" start="CNN_CF_20030303.1900.06-2:1:r" end="CNN_CF_20030303.1900.06-2:1:s">
<Feature name="indexing_type">charseq</Feature>
</Annotation>
<Annotation id="CNN_CF_20030303.1900.06-2:1:E2d" type="event_mention" start="CNN_CF_20030303.1900.06-2:1:5J" end="CNN_CF_20030303.1900.06-2:1:5K">
<Feature name="anchor">CNN_CF_20030303.1900.06-2:1:E2e</Feature>
<Feature name="event">CNN_CF_20030303.1900.06-2:1:E2f</Feature>
<Feature name="event_difficultDecision">FALSE</Feature>
<Feature name="id">VM1</Feature>
<Feature name="indexing_type">charseq</Feature>
</Annotation>
<Annotation id="CNN_CF_20030303.1900.06-2:1:E2i" type="event_mention" start="CNN_CF_20030303.1900.06-2:1:5U" end="CNN_CF_20030303.1900.06-2:1:5V">
<Feature name="anchor">CNN_CF_20030303.1900.06-2:1:E2j</Feature>
<Feature name="event">CNN_CF_20030303.1900.06-2:1:E2k</Feature>
<Feature name="event_difficultDecision">FALSE</Feature>
<Feature name="id">VM2</Feature>
<Feature name="indexing_type">charseq</Feature>
</Annotation>
<Annotation id="CNN_CF_20030303.1900.06-2:1:EU" type="entity_mention" start="CNN_CF_20030303.1900.06-2:1:x" end="CNN_CF_20030303.1900.06-2:1:y">
<Feature name="entity">CNN_CF_20030303.1900.06-2:1:EW</Feature>
<Feature name="entity_difficultDecision">FALSE</Feature>
<Feature name="head">CNN_CF_20030303.1900.06-2:1:EV</Feature>
<Feature name="id">EM9</Feature>
<Feature name="indexing_type">charseq</Feature>
<Feature name="role"></Feature>
<Feature name="role_difficultDecision">FALSE</Feature>
<Feature name="type">BAR</Feature>
<Feature name="type_difficultDecision">FALSE</Feature>
</Annotation>
<Annotation id="CNN_CF_20030303.1900.06-2:1:EV" type="entity_mention_head" start="CNN_CF_20030303.1900.06-2:1:z" end="CNN_CF_20030303.1900.06-2:1:10">
<Feature name="indexing_type">charseq</Feature>
</Annotation>
<Annotation id="CNN_CF_20030303.1900.06-2:1:EY" type="entity_mention" start="CNN_CF_20030303.1900.06-2:1:15" end="CNN_CF_20030303.1900.06-2:1:16">
<Feature name="entity">CNN_CF_20030303.1900.06-2:1:Ea</Feature>
<Feature name="entity_difficultDecision">FALSE</Feature>
<Feature name="head">CNN_CF_20030303.1900.06-2:1:EZ</Feature>
<Feature name="id">EM10</Feature>
<Feature name="indexing_type">charseq</Feature>
<Feature name="role">GPE</Feature>
<Feature name="role_difficultDecision">FALSE</Feature>
<Feature name="type">NAM</Feature>
<Feature name="type_difficultDecision">FALSE</Feature>
</Annotation>
<Annotation id="CNN_CF_20030303.1900.06-2:1:EZ" type="entity_mention_head" start="CNN_CF_20030303.1900.06-2:1:17" end="CNN_CF_20030303.1900.06-2:1:18">
<Feature name="indexing_type">charseq</Feature>
</Annotation>
<Annotation id="CNN_CF_20030303.1900.06-2:1:E2e" type="event_mention_anchor" start="CNN_CF_20030303.1900.06-2:1:5L" end="CNN_CF_20030303.1900.06-2:1:5M">
<Feature name="indexing_type">charseq</Feature>
</Annotation>
<Annotation id="CNN_CF_20030303.1900.06-2:1:Ec" type="entity_mention" start="CNN_CF_20030303.1900.06-2:1:1D" end="CNN_CF_20030303.1900.06-2:1:1F">
<Feature name="entity">CNN_CF_20030303.1900.06-2:1:Ee</Feature>
<Feature name="entity_difficultDecision">FALSE</Feature>
<Feature name="head">CNN_CF_20030303.1900.06-2:1:Ed</Feature>
<Feature name="id">EM11</Feature>
<Feature name="indexing_type">charseq</Feature>
<Feature name="role">GPE</Feature>
<Feature name="role_difficultDecision">FALSE</Feature>
<Feature name="type">NAM</Feature>
<Feature name="type_difficultDecision">FALSE</Feature>
</Annotation>
<Annotation id="CNN_CF_20030303.1900.06-2:1:Ed" type="entity_mention_head" start="CNN_CF_20030303.1900.06-2:1:1G" end="CNN_CF_20030303.1900.06-2:1:1H">
<Feature name="indexing_type">charseq</Feature>
</Annotation>
<Annotation id="CNN_CF_20030303.1900.06-2:1:E2j" type="event_mention_anchor" start="CNN_CF_20030303.1900.06-2:1:5W" end="CNN_CF_20030303.1900.06-2:1:5X">
<Feature name="indexing_type">charseq</Feature>
</Annotation>
<Annotation id="CNN_CF_20030303.1900.06-2:1:Eg" type="entity_mention" start="CNN_CF_20030303.1900.06-2:1:1M" end="CNN_CF_20030303.1900.06-2:1:1N">
<Feature name="entity">CNN_CF_20030303.1900.06-2:1:Ei</Feature>
<Feature name="entity_difficultDecision">FALSE</Feature>
<Feature name="head">CNN_CF_20030303.1900.06-2:1:Eh</Feature>
<Feature name="id">EM12</Feature>
<Feature name="indexing_type">charseq</Feature>
<Feature name="role"></Feature>
<Feature name="role_difficultDecision">FALSE</Feature>
<Feature name="type">NAM</Feature>
<Feature name="type_difficultDecision">FALSE</Feature>
</Annotation>
<Annotation id="CNN_CF_20030303.1900.06-2:1:Eh" type="entity_mention_head" start="CNN_CF_20030303.1900.06-2:1:1O" end="CNN_CF_20030303.1900.06-2:1:1P">
<Feature name="indexing_type">charseq</Feature>
</Annotation>
<Annotation id="CNN_CF_20030303.1900.06-2:1:Ek" type="entity_mention" start="CNN_CF_20030303.1900.06-2:1:1V" end="CNN_CF_20030303.1900.06-2:1:1W">
<Feature name="entity">CNN_CF_20030303.1900.06-2:1:Em</Feature>
<Feature name="entity_difficultDecision">FALSE</Feature>
<Feature name="head">CNN_CF_20030303.1900.06-2:1:El</Feature>
<Feature name="id">EM13</Feature>
<Feature name="indexing_type">charseq</Feature>
<Feature name="role"></Feature>
<Feature name="role_difficultDecision">FALSE</Feature>
<Feature name="type">PRO</Feature>
<Feature name="type_difficultDecision">FALSE</Feature>
</Annotation>
<Annotation id="CNN_CF_20030303.1900.06-2:1:El" type="entity_mention_head" start="CNN_CF_20030303.1900.06-2:1:1X" end="CNN_CF_20030303.1900.06-2:1:1Y">
<Feature name="indexing_type">charseq</Feature>
</Annotation>
<Annotation id="CNN_CF_20030303.1900.06-2:1:Eo" type="entity_mention" start="CNN_CF_20030303.1900.06-2:1:1d" end="CNN_CF_20030303.1900.06-2:1:1e">
<Feature name="entity">CNN_CF_20030303.1900.06-2:1:Eq</Feature>
<Feature name="entity_difficultDecision">FALSE</Feature>
<Feature name="head">CNN_CF_20030303.1900.06-2:1:Ep</Feature>
<Feature name="id">EM14</Feature>
<Feature name="indexing_type">charseq</Feature>
<Feature name="role"></Feature>
<Feature name="role_difficultDecision">FALSE</Feature>
<Feature name="type">NAM</Feature>
<Feature name="type_difficultDecision">FALSE</Feature>
</Annotation>
<Annotation id="CNN_CF_20030303.1900.06-2:1:Ep" type="entity_mention_head" start="CNN_CF_20030303.1900.06-2:1:1f" end="CNN_CF_20030303.1900.06-2:1:1g">
<Feature name="indexing_type">charseq</Feature>
</Annotation>
<Annotation id="CNN_CF_20030303.1900.06-2:1:Es" type="entity_mention" start="CNN_CF_20030303.1900.06-2:1:1l" end="CNN_CF_20030303.1900.06-2:1:1m">
<Feature name="entity">CNN_CF_20030303.1900.06-2:1:Ea</Feature>
<Feature name="entity_difficultDecision">FALSE</Feature>
<Feature name="head">CNN_CF_20030303.1900.06-2:1:Et</Feature>
<Feature name="id">EM15</Feature>
<Feature name="indexing_type">charseq</Feature>
<Feature name="role">GPE</Feature>
<Feature name="role_difficultDecision">FALSE</Feature>
<Feature name="type">PRO</Feature>
<Feature name="type_difficultDecision">FALSE</Feature>
</Annotation>
<Annotation id="CNN_CF_20030303.1900.06-2:1:Et" type="entity_mention_head" start="CNN_CF_20030303.1900.06-2:1:1n" end="CNN_CF_20030303.1900.06-2:1:1o">
<Feature name="indexing_type">charseq</Feature>
</Annotation>
<Annotation id="CNN_CF_20030303.1900.06-2:1:Eu" type="entity_mention" start="CNN_CF_20030303.1900.06-2:1:1p" end="CNN_CF_20030303.1900.06-2:1:1q">
<Feature name="entity">CNN_CF_20030303.1900.06-2:1:Ew</Feature>
<Feature name="entity_difficultDecision">FALSE</Feature>
<Feature name="head">CNN_CF_20030303.1900.06-2:1:Ev</Feature>
<Feature name="id">EM16</Feature>
<Feature name="indexing_type">charseq</Feature>
<Feature name="role">GPE</Feature>
<Feature name="role_difficultDecision">FALSE</Feature>
<Feature name="type">BAR</Feature>
<Feature name="type_difficultDecision">FALSE</Feature>
</Annotation>
<Annotation id="CNN_CF_20030303.1900.06-2:1:Ev" type="entity_mention_head" start="CNN_CF_20030303.1900.06-2:1:1r" end="CNN_CF_20030303.1900.06-2:1:1s">
<Feature name="indexing_type">charseq</Feature>
</Annotation>
<Annotation id="CNN_CF_20030303.1900.06-2:1:Ez" type="entity_mention" start="CNN_CF_20030303.1900.06-2:1:20" end="CNN_CF_20030303.1900.06-2:1:21">
<Feature name="entity">CNN_CF_20030303.1900.06-2:1:E11</Feature>
<Feature name="entity_difficultDecision">FALSE</Feature>
<Feature name="head">CNN_CF_20030303.1900.06-2:1:E10</Feature>
<Feature name="id">EM18</Feature>
<Feature name="indexing_type">charseq</Feature>
<Feature name="role"></Feature>
<Feature name="role_difficultDecision">FALSE</Feature>
<Feature name="type">NOM</Feature>
<Feature name="type_difficultDecision">FALSE</Feature>
</Annotation>
<Annotation id="CNN_CF_20030303.1900.06-2:1:E10" type="entity_mention_head" start="CNN_CF_20030303.1900.06-2:1:22" end="CNN_CF_20030303.1900.06-2:1:23">
<Feature name="indexing_type">charseq</Feature>
</Annotation>
<Annotation id="CNN_CF_20030303.1900.06-2:1:E13" type="entity_mention" start="CNN_CF_20030303.1900.06-2:1:28" end="CNN_CF_20030303.1900.06-2:1:29">
<Feature name="entity">CNN_CF_20030303.1900.06-2:1:Ea</Feature>
<Feature name="entity_difficultDecision">FALSE</Feature>
<Feature name="head">CNN_CF_20030303.1900.06-2:1:E14</Feature>
<Feature name="id">EM19</Feature>
<Feature name="indexing_type">charseq</Feature>
<Feature name="role">ORG</Feature>
<Feature name="role_difficultDecision">FALSE</Feature>
<Feature name="type">PRO</Feature>
<Feature name="type_difficultDecision">FALSE</Feature>
</Annotation>
<Annotation id="CNN_CF_20030303.1900.06-2:1:E14" type="entity_mention_head" start="CNN_CF_20030303.1900.06-2:1:2A" end="CNN_CF_20030303.1900.06-2:1:2B">
<Feature name="indexing_type">charseq</Feature>
</Annotation>
<Annotation id="CNN_CF_20030303.1900.06-2:1:E16" type="entity_mention" start="CNN_CF_20030303.1900.06-2:1:2G" end="CNN_CF_20030303.1900.06-2:1:2H">
<Feature name="entity">CNN_CF_20030303.1900.06-2:1:ER</Feature>
<Feature name="entity_difficultDecision">FALSE</Feature>
<Feature name="head">CNN_CF_20030303.1900.06-2:1:E17</Feature>
<Feature name="id">EM21</Feature>
<Feature name="indexing_type">charseq</Feature>
<Feature name="role"></Feature>
<Feature name="role_difficultDecision">FALSE</Feature>
<Feature name="type">PRO</Feature>
<Feature name="type_difficultDecision">FALSE</Feature>
</Annotation>
<Annotation id="CNN_CF_20030303.1900.06-2:1:E17" type="entity_mention_head" start="CNN_CF_20030303.1900.06-2:1:2I" end="CNN_CF_20030303.1900.06-2:1:2J">
<Feature name="indexing_type">charseq</Feature>
</Annotation>
<Annotation id="CNN_CF_20030303.1900.06-2:1:E1R" type="entity_mention" start="CNN_CF_20030303.1900.06-2:1:2v" end="CNN_CF_20030303.1900.06-2:1:2w">
<Feature name="entity">CNN_CF_20030303.1900.06-2:1:E1L</Feature>
<Feature name="entity_difficultDecision">FALSE</Feature>
<Feature name="head">CNN_CF_20030303.1900.06-2:1:E1S</Feature>
<Feature name="id">EM29</Feature>
<Feature name="indexing_type">charseq</Feature>
<Feature name="role">ORG</Feature>
<Feature name="role_difficultDecision">FALSE</Feature>
<Feature name="type">NAM</Feature>
<Feature name="type_difficultDecision">FALSE</Feature>
</Annotation>
<Annotation id="CNN_CF_20030303.1900.06-2:1:E1S" type="entity_mention_head" start="CNN_CF_20030303.1900.06-2:1:2x" end="CNN_CF_20030303.1900.06-2:1:2y">
<Feature name="indexing_type">charseq</Feature>
</Annotation>
<Annotation id="CNN_CF_20030303.1900.06-2:1:E18" type="entity_mention" start="CNN_CF_20030303.1900.06-2:1:2K" end="CNN_CF_20030303.1900.06-2:1:2L">
<Feature name="entity">CNN_CF_20030303.1900.06-2:1:ER</Feature>
<Feature name="entity_difficultDecision">FALSE</Feature>
<Feature name="head">CNN_CF_20030303.1900.06-2:1:E19</Feature>
<Feature name="id">EM22</Feature>
<Feature name="indexing_type">charseq</Feature>
<Feature name="role"></Feature>
<Feature name="role_difficultDecision">FALSE</Feature>
<Feature name="type">PRO</Feature>
<Feature name="type_difficultDecision">FALSE</Feature>
</Annotation>
<Annotation id="CNN_CF_20030303.1900.06-2:1:E19" type="entity_mention_head" start="CNN_CF_20030303.1900.06-2:1:2M" end="CNN_CF_20030303.1900.06-2:1:2N">
<Feature name="indexing_type">charseq</Feature>
</Annotation>
<Annotation id="CNN_CF_20030303.1900.06-2:1:E1C" type="entity_mention" start="CNN_CF_20030303.1900.06-2:1:2S" end="CNN_CF_20030303.1900.06-2:1:2U">
<Feature name="entity">CNN_CF_20030303.1900.06-2:1:Ea</Feature>
<Feature name="entity_difficultDecision">FALSE</Feature>
<Feature name="head">CNN_CF_20030303.1900.06-2:1:E1D</Feature>
<Feature name="id">EM24</Feature>
<Feature name="indexing_type">charseq</Feature>
<Feature name="role">ORG</Feature>
<Feature name="role_difficultDecision">FALSE</Feature>
<Feature name="type">PRO</Feature>
<Feature name="type_difficultDecision">FALSE</Feature>
</Annotation>
<Annotation id="CNN_CF_20030303.1900.06-2:1:E1D" type="entity_mention_head" start="CNN_CF_20030303.1900.06-2:1:2V" end="CNN_CF_20030303.1900.06-2:1:2W">
<Feature name="indexing_type">charseq</Feature>
</Annotation>
<Annotation id="CNN_CF_20030303.1900.06-2:1:E1A" type="entity_mention" start="CNN_CF_20030303.1900.06-2:1:2O" end="CNN_CF_20030303.1900.06-2:1:2P">
<Feature name="entity">CNN_CF_20030303.1900.06-2:1:ER</Feature>
<Feature name="entity_difficultDecision">FALSE</Feature>
<Feature name="head">CNN_CF_20030303.1900.06-2:1:E1B</Feature>
<Feature name="id">EM23</Feature>
<Feature name="indexing_type">charseq</Feature>
<Feature name="role"></Feature>
<Feature name="role_difficultDecision">FALSE</Feature>
<Feature name="type">PRO</Feature>
<Feature name="type_difficultDecision">FALSE</Feature>
</Annotation>
<Annotation id="CNN_CF_20030303.1900.06-2:1:E1B" type="entity_mention_head" start="CNN_CF_20030303.1900.06-2:1:2Q" end="CNN_CF_20030303.1900.06-2:1:2R">
<Feature name="indexing_type">charseq</Feature>
</Annotation>
<Annotation id="CNN_CF_20030303.1900.06-2:1:E1F" type="entity_mention" start="CNN_CF_20030303.1900.06-2:1:2X" end="CNN_CF_20030303.1900.06-2:1:2Y">
<Feature name="entity">CNN_CF_20030303.1900.06-2:1:Ea</Feature>
<Feature name="entity_difficultDecision">FALSE</Feature>
<Feature name="head">CNN_CF_20030303.1900.06-2:1:E1G</Feature>
<Feature name="id">EM25</Feature>
<Feature name="indexing_type">charseq</Feature>
<Feature name="role">ORG</Feature>
<Feature name="role_difficultDecision">FALSE</Feature>
<Feature name="type">PRO</Feature>
<Feature name="type_difficultDecision">FALSE</Feature>
</Annotation>
<Annotation id="CNN_CF_20030303.1900.06-2:1:E1G" type="entity_mention_head" start="CNN_CF_20030303.1900.06-2:1:2Z" end="CNN_CF_20030303.1900.06-2:1:2a">
<Feature name="indexing_type">charseq</Feature>
</Annotation>
<Annotation id="CNN_CF_20030303.1900.06-2:1:E2l" type="event_mention" start="CNN_CF_20030303.1900.06-2:1:5a" end="CNN_CF_20030303.1900.06-2:1:5b">
<Feature name="anchor">CNN_CF_20030303.1900.06-2:1:E2m</Feature>
<Feature name="event">CNN_CF_20030303.1900.06-2:1:E2f</Feature>
<Feature name="event_difficultDecision">FALSE</Feature>
<Feature name="id">VM3</Feature>
<Feature name="indexing_type">charseq</Feature>
</Annotation>
<Annotation id="CNN_CF_20030303.1900.06-2:1:E2p" type="event_mention" start="CNN_CF_20030303.1900.06-2:1:5i" end="CNN_CF_20030303.1900.06-2:1:5j">
<Feature name="anchor">CNN_CF_20030303.1900.06-2:1:E2q</Feature>
<Feature name="event">CNN_CF_20030303.1900.06-2:1:E2r</Feature>
<Feature name="event_difficultDecision">FALSE</Feature>
<Feature name="id">VM4</Feature>
<Feature name="indexing_type">charseq</Feature>
</Annotation>
<Annotation id="CNN_CF_20030303.1900.06-2:1:E2m" type="event_mention_anchor" start="CNN_CF_20030303.1900.06-2:1:5c" end="CNN_CF_20030303.1900.06-2:1:5d">
<Feature name="indexing_type">charseq</Feature>
</Annotation>
<Annotation id="CNN_CF_20030303.1900.06-2:1:E1H" type="entity_mention" start="CNN_CF_20030303.1900.06-2:1:2b" end="CNN_CF_20030303.1900.06-2:1:2c">
<Feature name="entity">CNN_CF_20030303.1900.06-2:1:Ee</Feature>
<Feature name="entity_difficultDecision">FALSE</Feature>
<Feature name="head">CNN_CF_20030303.1900.06-2:1:E1I</Feature>
<Feature name="id">EM26</Feature>
<Feature name="indexing_type">charseq</Feature>
<Feature name="role">LOC</Feature>
<Feature name="role_difficultDecision">FALSE</Feature>
<Feature name="type">NAM</Feature>
<Feature name="type_difficultDecision">FALSE</Feature>
</Annotation>
<Annotation id="CNN_CF_20030303.1900.06-2:1:E1I" type="entity_mention_head" start="CNN_CF_20030303.1900.06-2:1:2d" end="CNN_CF_20030303.1900.06-2:1:2e">
<Feature name="indexing_type">charseq</Feature>
</Annotation>
<Annotation id="CNN_CF_20030303.1900.06-2:1:E1N" type="entity_mention" start="CNN_CF_20030303.1900.06-2:1:2n" end="CNN_CF_20030303.1900.06-2:1:2o">
<Feature name="entity">CNN_CF_20030303.1900.06-2:1:E1P</Feature>
<Feature name="entity_difficultDecision">FALSE</Feature>
<Feature name="head">CNN_CF_20030303.1900.06-2:1:E1O</Feature>
<Feature name="id">EM28</Feature>
<Feature name="indexing_type">charseq</Feature>
<Feature name="role"></Feature>
<Feature name="role_difficultDecision">FALSE</Feature>
<Feature name="type">NOM</Feature>
<Feature name="type_difficultDecision">FALSE</Feature>
</Annotation>
<Annotation id="CNN_CF_20030303.1900.06-2:1:E1O" type="entity_mention_head" start="CNN_CF_20030303.1900.06-2:1:2p" end="CNN_CF_20030303.1900.06-2:1:2q">
<Feature name="indexing_type">charseq</Feature>
</Annotation>
<Annotation id="CNN_CF_20030303.1900.06-2:1:E2q" type="event_mention_anchor" start="CNN_CF_20030303.1900.06-2:1:5k" end="CNN_CF_20030303.1900.06-2:1:5l">
<Feature name="indexing_type">charseq</Feature>
</Annotation>
<Annotation id="CNN_CF_20030303.1900.06-2:1:E1J" type="entity_mention" start="CNN_CF_20030303.1900.06-2:1:2f" end="CNN_CF_20030303.1900.06-2:1:2g">
<Feature name="entity">CNN_CF_20030303.1900.06-2:1:E1L</Feature>
<Feature name="entity_difficultDecision">FALSE</Feature>
<Feature name="head">CNN_CF_20030303.1900.06-2:1:E1K</Feature>
<Feature name="id">EM27</Feature>
<Feature name="indexing_type">charseq</Feature>
<Feature name="role">LOC</Feature>
<Feature name="role_difficultDecision">FALSE</Feature>
<Feature name="type">NAM</Feature>
<Feature name="type_difficultDecision">FALSE</Feature>
</Annotation>
<Annotation id="CNN_CF_20030303.1900.06-2:1:E1K" type="entity_mention_head" start="CNN_CF_20030303.1900.06-2:1:2h" end="CNN_CF_20030303.1900.06-2:1:2i">
<Feature name="indexing_type">charseq</Feature>
</Annotation>
<Annotation id="CNN_CF_20030303.1900.06-2:1:E1U" type="entity_mention" start="CNN_CF_20030303.1900.06-2:1:2z" end="CNN_CF_20030303.1900.06-2:1:30">
<Feature name="entity">CNN_CF_20030303.1900.06-2:1:E1P</Feature>
<Feature name="entity_difficultDecision">FALSE</Feature>
<Feature name="head">CNN_CF_20030303.1900.06-2:1:E1V</Feature>
<Feature name="id">EM30</Feature>
<Feature name="indexing_type">charseq</Feature>
<Feature name="role"></Feature>
<Feature name="role_difficultDecision">FALSE</Feature>
<Feature name="type">PRO</Feature>
<Feature name="type_difficultDecision">FALSE</Feature>
</Annotation>
<Annotation id="CNN_CF_20030303.1900.06-2:1:E1V" type="entity_mention_head" start="CNN_CF_20030303.1900.06-2:1:31" end="CNN_CF_20030303.1900.06-2:1:32">
<Feature name="indexing_type">charseq</Feature>
</Annotation>
<Annotation id="CNN_CF_20030303.1900.06-2:1:E1W" type="entity_mention" start="CNN_CF_20030303.1900.06-2:1:33" end="CNN_CF_20030303.1900.06-2:1:34">
<Feature name="entity">CNN_CF_20030303.1900.06-2:1:E1L</Feature>
<Feature name="entity_difficultDecision">FALSE</Feature>
<Feature name="head">CNN_CF_20030303.1900.06-2:1:E1X</Feature>
<Feature name="id">EM31</Feature>
<Feature name="indexing_type">charseq</Feature>
<Feature name="role">ORG</Feature>
<Feature name="role_difficultDecision">FALSE</Feature>
<Feature name="type">NOM</Feature>
<Feature name="type_difficultDecision">FALSE</Feature>
</Annotation>
<Annotation id="CNN_CF_20030303.1900.06-2:1:E1X" type="entity_mention_head" start="CNN_CF_20030303.1900.06-2:1:35" end="CNN_CF_20030303.1900.06-2:1:36">
<Feature name="indexing_type">charseq</Feature>
</Annotation>
<Annotation id="CNN_CF_20030303.1900.06-2:1:E1Y" type="entity_mention" start="CNN_CF_20030303.1900.06-2:1:37" end="CNN_CF_20030303.1900.06-2:1:38">
<Feature name="entity">CNN_CF_20030303.1900.06-2:1:E1a</Feature>
<Feature name="entity_difficultDecision">FALSE</Feature>
<Feature name="head">CNN_CF_20030303.1900.06-2:1:E1Z</Feature>
<Feature name="id">EM32</Feature>
<Feature name="indexing_type">charseq</Feature>
<Feature name="role">ORG</Feature>
<Feature name="role_difficultDecision">FALSE</Feature>
<Feature name="type">NOM</Feature>
<Feature name="type_difficultDecision">FALSE</Feature>
</Annotation>
<Annotation id="CNN_CF_20030303.1900.06-2:1:E1Z" type="entity_mention_head" start="CNN_CF_20030303.1900.06-2:1:39" end="CNN_CF_20030303.1900.06-2:1:3A">
<Feature name="indexing_type">charseq</Feature>
</Annotation>
<Annotation id="CNN_CF_20030303.1900.06-2:1:E1c" type="entity_mention" start="CNN_CF_20030303.1900.06-2:1:3G" end="CNN_CF_20030303.1900.06-2:1:3H">
<Feature name="entity">CNN_CF_20030303.1900.06-2:1:Ea</Feature>
<Feature name="entity_difficultDecision">FALSE</Feature>
<Feature name="head">CNN_CF_20030303.1900.06-2:1:E1d</Feature>
<Feature name="id">EM33</Feature>
<Feature name="indexing_type">charseq</Feature>
<Feature name="role">ORG</Feature>
<Feature name="role_difficultDecision">FALSE</Feature>
<Feature name="type">PRO</Feature>
<Feature name="type_difficultDecision">FALSE</Feature>
</Annotation>
<Annotation id="CNN_CF_20030303.1900.06-2:1:E1d" type="entity_mention_head" start="CNN_CF_20030303.1900.06-2:1:3I" end="CNN_CF_20030303.1900.06-2:1:3J">
<Feature name="indexing_type">charseq</Feature>
</Annotation>
<Annotation id="CNN_CF_20030303.1900.06-2:1:E1i" type="entity_mention" start="CNN_CF_20030303.1900.06-2:1:3S" end="CNN_CF_20030303.1900.06-2:1:3U">
<Feature name="entity">CNN_CF_20030303.1900.06-2:1:E1a</Feature>
<Feature name="entity_difficultDecision">FALSE</Feature>
<Feature name="head">CNN_CF_20030303.1900.06-2:1:E1j</Feature>
<Feature name="id">EM36</Feature>
<Feature name="indexing_type">charseq</Feature>
<Feature name="role">ORG</Feature>
<Feature name="role_difficultDecision">FALSE</Feature>
<Feature name="type">PRO</Feature>
<Feature name="type_difficultDecision">FALSE</Feature>
</Annotation>
<Annotation id="CNN_CF_20030303.1900.06-2:1:E1j" type="entity_mention_head" start="CNN_CF_20030303.1900.06-2:1:3V" end="CNN_CF_20030303.1900.06-2:1:3W">
<Feature name="indexing_type">charseq</Feature>
</Annotation>
<Annotation id="CNN_CF_20030303.1900.06-2:1:E1e" type="entity_mention" start="CNN_CF_20030303.1900.06-2:1:3K" end="CNN_CF_20030303.1900.06-2:1:3L">
<Feature name="entity">CNN_CF_20030303.1900.06-2:1:Ea</Feature>
<Feature name="entity_difficultDecision">FALSE</Feature>
<Feature name="head">CNN_CF_20030303.1900.06-2:1:E1f</Feature>
<Feature name="id">EM34</Feature>
<Feature name="indexing_type">charseq</Feature>
<Feature name="role">ORG</Feature>
<Feature name="role_difficultDecision">FALSE</Feature>
<Feature name="type">PRO</Feature>
<Feature name="type_difficultDecision">FALSE</Feature>
</Annotation>
<Annotation id="CNN_CF_20030303.1900.06-2:1:E1f" type="entity_mention_head" start="CNN_CF_20030303.1900.06-2:1:3M" end="CNN_CF_20030303.1900.06-2:1:3N">
<Feature name="indexing_type">charseq</Feature>
</Annotation>
<Annotation id="CNN_CF_20030303.1900.06-2:1:E2w" type="event_mention" start="CNN_CF_20030303.1900.06-2:1:5x" end="CNN_CF_20030303.1900.06-2:1:5y">
<Feature name="anchor">CNN_CF_20030303.1900.06-2:1:E2x</Feature>
<Feature name="event">CNN_CF_20030303.1900.06-2:1:E2f</Feature>
<Feature name="event_difficultDecision">FALSE</Feature>
<Feature name="id">VM6</Feature>
<Feature name="indexing_type">charseq</Feature>
</Annotation>
<Annotation id="CNN_CF_20030303.1900.06-2:1:E2x" type="event_mention_anchor" start="CNN_CF_20030303.1900.06-2:1:5z" end="CNN_CF_20030303.1900.06-2:1:60">
<Feature name="indexing_type">charseq</Feature>
</Annotation>
<Annotation id="CNN_CF_20030303.1900.06-2:1:E1k" type="entity_mention" start="CNN_CF_20030303.1900.06-2:1:3X" end="CNN_CF_20030303.1900.06-2:1:3Y">
<Feature name="entity">CNN_CF_20030303.1900.06-2:1:Ee</Feature>
<Feature name="entity_difficultDecision">FALSE</Feature>
<Feature name="head">CNN_CF_20030303.1900.06-2:1:E1l</Feature>
<Feature name="id">EM37</Feature>
<Feature name="indexing_type">charseq</Feature>
<Feature name="role">LOC</Feature>
<Feature name="role_difficultDecision">FALSE</Feature>
<Feature name="type">NAM</Feature>
<Feature name="type_difficultDecision">FALSE</Feature>
</Annotation>
<Annotation id="CNN_CF_20030303.1900.06-2:1:E1l" type="entity_mention_head" start="CNN_CF_20030303.1900.06-2:1:3Z" end="CNN_CF_20030303.1900.06-2:1:3a">
<Feature name="indexing_type">charseq</Feature>
</Annotation>
<Annotation id="CNN_CF_20030303.1900.06-2:1:E1g" type="entity_mention" start="CNN_CF_20030303.1900.06-2:1:3O" end="CNN_CF_20030303.1900.06-2:1:3P">
<Feature name="entity">CNN_CF_20030303.1900.06-2:1:Ea</Feature>
<Feature name="entity_difficultDecision">FALSE</Feature>
<Feature name="head">CNN_CF_20030303.1900.06-2:1:E1h</Feature>
<Feature name="id">EM35</Feature>
<Feature name="indexing_type">charseq</Feature>
<Feature name="role">ORG</Feature>
<Feature name="role_difficultDecision">FALSE</Feature>
<Feature name="type">PRO</Feature>
<Feature name="type_difficultDecision">FALSE</Feature>
</Annotation>
<Annotation id="CNN_CF_20030303.1900.06-2:1:E1h" type="entity_mention_head" start="CNN_CF_20030303.1900.06-2:1:3Q" end="CNN_CF_20030303.1900.06-2:1:3R">
<Feature name="indexing_type">charseq</Feature>
</Annotation>
<Annotation id="CNN_CF_20030303.1900.06-2:1:E1m" type="entity_mention" start="CNN_CF_20030303.1900.06-2:1:3b" end="CNN_CF_20030303.1900.06-2:1:3c">
<Feature name="entity">CNN_CF_20030303.1900.06-2:1:E1o</Feature>
<Feature name="entity_difficultDecision">FALSE</Feature>
<Feature name="head">CNN_CF_20030303.1900.06-2:1:E1n</Feature>
<Feature name="id">EM38</Feature>
<Feature name="indexing_type">charseq</Feature>
<Feature name="role"></Feature>
<Feature name="role_difficultDecision">FALSE</Feature>
<Feature name="type">PRO</Feature>
<Feature name="type_difficultDecision">FALSE</Feature>
</Annotation>
<Annotation id="CNN_CF_20030303.1900.06-2:1:E1n" type="entity_mention_head" start="CNN_CF_20030303.1900.06-2:1:3d" end="CNN_CF_20030303.1900.06-2:1:3e">
<Feature name="indexing_type">charseq</Feature>
</Annotation>
<Annotation id="CNN_CF_20030303.1900.06-2:1:E1q" type="entity_mention" start="CNN_CF_20030303.1900.06-2:1:3j" end="CNN_CF_20030303.1900.06-2:1:3k">
<Feature name="entity">CNN_CF_20030303.1900.06-2:1:E1s</Feature>
<Feature name="entity_difficultDecision">FALSE</Feature>
<Feature name="head">CNN_CF_20030303.1900.06-2:1:E1r</Feature>
<Feature name="id">EM39</Feature>
<Feature name="indexing_type">charseq</Feature>
<Feature name="role"></Feature>
<Feature name="role_difficultDecision">FALSE</Feature>
<Feature name="type">NAM</Feature>
<Feature name="type_difficultDecision">FALSE</Feature>
</Annotation>
<Annotation id="CNN_CF_20030303.1900.06-2:1:E1r" type="entity_mention_head" start="CNN_CF_20030303.1900.06-2:1:3l" end="CNN_CF_20030303.1900.06-2:1:3m">
<Feature name="indexing_type">charseq</Feature>
</Annotation>
<Annotation id="CNN_CF_20030303.1900.06-2:1:E1u" type="entity_mention" start="CNN_CF_20030303.1900.06-2:1:3r" end="CNN_CF_20030303.1900.06-2:1:3s">
<Feature name="entity">CNN_CF_20030303.1900.06-2:1:E1s</Feature>
<Feature name="entity_difficultDecision">FALSE</Feature>
<Feature name="head">CNN_CF_20030303.1900.06-2:1:E1v</Feature>
<Feature name="id">EM40</Feature>
<Feature name="indexing_type">charseq</Feature>
<Feature name="role"></Feature>
<Feature name="role_difficultDecision">FALSE</Feature>
<Feature name="type">PRO</Feature>
<Feature name="type_difficultDecision">FALSE</Feature>
</Annotation>
<Annotation id="CNN_CF_20030303.1900.06-2:1:E1v" type="entity_mention_head" start="CNN_CF_20030303.1900.06-2:1:3t" end="CNN_CF_20030303.1900.06-2:1:3u">
<Feature name="indexing_type">charseq</Feature>
</Annotation>
<Annotation id="CNN_CF_20030303.1900.06-2:1:E30" type="event_mention" start="CNN_CF_20030303.1900.06-2:1:65" end="CNN_CF_20030303.1900.06-2:1:66">
<Feature name="anchor">CNN_CF_20030303.1900.06-2:1:E31</Feature>
<Feature name="event">CNN_CF_20030303.1900.06-2:1:E2k</Feature>
<Feature name="event_difficultDecision">FALSE</Feature>
<Feature name="id">VM7</Feature>
<Feature name="indexing_type">charseq</Feature>
</Annotation>
<Annotation id="CNN_CF_20030303.1900.06-2:1:E1w" type="entity_mention" start="CNN_CF_20030303.1900.06-2:1:3v" end="CNN_CF_20030303.1900.06-2:1:3w">
<Feature name="entity">CNN_CF_20030303.1900.06-2:1:Em</Feature>
<Feature name="entity_difficultDecision">FALSE</Feature>
<Feature name="head">CNN_CF_20030303.1900.06-2:1:E1x</Feature>
<Feature name="id">EM41</Feature>
<Feature name="indexing_type">charseq</Feature>
<Feature name="role"></Feature>
<Feature name="role_difficultDecision">FALSE</Feature>
<Feature name="type">PRO</Feature>
<Feature name="type_difficultDecision">FALSE</Feature>
</Annotation>
<Annotation id="CNN_CF_20030303.1900.06-2:1:E1x" type="entity_mention_head" start="CNN_CF_20030303.1900.06-2:1:3x" end="CNN_CF_20030303.1900.06-2:1:3y">
<Feature name="indexing_type">charseq</Feature>
</Annotation>
<Annotation id="CNN_CF_20030303.1900.06-2:1:E1y" type="entity_mention" start="CNN_CF_20030303.1900.06-2:1:3z" end="CNN_CF_20030303.1900.06-2:1:40">
<Feature name="entity">CNN_CF_20030303.1900.06-2:1:E20</Feature>
<Feature name="entity_difficultDecision">FALSE</Feature>
<Feature name="head">CNN_CF_20030303.1900.06-2:1:E1z</Feature>
<Feature name="id">EM42</Feature>
<Feature name="indexing_type">charseq</Feature>
<Feature name="role"></Feature>
<Feature name="role_difficultDecision">FALSE</Feature>
<Feature name="type">NOM</Feature>
<Feature name="type_difficultDecision">FALSE</Feature>
</Annotation>
<Annotation id="CNN_CF_20030303.1900.06-2:1:E1z" type="entity_mention_head" start="CNN_CF_20030303.1900.06-2:1:41" end="CNN_CF_20030303.1900.06-2:1:42">
<Feature name="indexing_type">charseq</Feature>
</Annotation>
<Annotation id="CNN_CF_20030303.1900.06-2:1:E23" type="entity_mention" start="CNN_CF_20030303.1900.06-2:1:4A" end="CNN_CF_20030303.1900.06-2:1:4B">
<Feature name="entity">CNN_CF_20030303.1900.06-2:1:E20</Feature>
<Feature name="entity_difficultDecision">FALSE</Feature>
<Feature name="head">CNN_CF_20030303.1900.06-2:1:E24</Feature>
<Feature name="id">EM44</Feature>
<Feature name="indexing_type">charseq</Feature>
<Feature name="role"></Feature>
<Feature name="role_difficultDecision">FALSE</Feature>
<Feature name="type">WHQ</Feature>
<Feature name="type_difficultDecision">FALSE</Feature>
</Annotation>
<Annotation id="CNN_CF_20030303.1900.06-2:1:E24" type="entity_mention_head" start="CNN_CF_20030303.1900.06-2:1:4C" end="CNN_CF_20030303.1900.06-2:1:4D">
<Feature name="indexing_type">charseq</Feature>
</Annotation>
<Annotation id="CNN_CF_20030303.1900.06-2:1:E25" type="entity_mention" start="CNN_CF_20030303.1900.06-2:1:4F" end="CNN_CF_20030303.1900.06-2:1:4G">
<Feature name="entity">CNN_CF_20030303.1900.06-2:1:Ea</Feature>
<Feature name="entity_difficultDecision">FALSE</Feature>
<Feature name="head">CNN_CF_20030303.1900.06-2:1:E26</Feature>
<Feature name="id">EM45</Feature>
<Feature name="indexing_type">charseq</Feature>
<Feature name="role">GPE</Feature>
<Feature name="role_difficultDecision">FALSE</Feature>
<Feature name="type">PRO</Feature>
<Feature name="type_difficultDecision">FALSE</Feature>
</Annotation>
<Annotation id="CNN_CF_20030303.1900.06-2:1:E26" type="entity_mention_head" start="CNN_CF_20030303.1900.06-2:1:4H" end="CNN_CF_20030303.1900.06-2:1:4I">
<Feature name="indexing_type">charseq</Feature>
</Annotation>
<Annotation id="CNN_CF_20030303.1900.06-2:1:E31" type="event_mention_anchor" start="CNN_CF_20030303.1900.06-2:1:67" end="CNN_CF_20030303.1900.06-2:1:68">
<Feature name="indexing_type">charseq</Feature>
</Annotation>
<Annotation id="CNN_CF_20030303.1900.06-2:1:E27" type="entity_mention" start="CNN_CF_20030303.1900.06-2:1:4J" end="CNN_CF_20030303.1900.06-2:1:4K">
<Feature name="entity">CNN_CF_20030303.1900.06-2:1:Em</Feature>
<Feature name="entity_difficultDecision">FALSE</Feature>
<Feature name="head">CNN_CF_20030303.1900.06-2:1:E28</Feature>
<Feature name="id">EM46</Feature>
<Feature name="indexing_type">charseq</Feature>
<Feature name="role"></Feature>
<Feature name="role_difficultDecision">FALSE</Feature>
<Feature name="type">PRO</Feature>
<Feature name="type_difficultDecision">FALSE</Feature>
</Annotation>
<Annotation id="CNN_CF_20030303.1900.06-2:1:E28" type="entity_mention_head" start="CNN_CF_20030303.1900.06-2:1:4L" end="CNN_CF_20030303.1900.06-2:1:4M">
<Feature name="indexing_type">charseq</Feature>
</Annotation>
<Annotation id="CNN_CF_20030303.1900.06-2:1:E2D" type="entity_mention" start="CNN_CF_20030303.1900.06-2:1:4W" end="CNN_CF_20030303.1900.06-2:1:4X">
<Feature name="entity">CNN_CF_20030303.1900.06-2:1:E20</Feature>
<Feature name="entity_difficultDecision">FALSE</Feature>
<Feature name="head">CNN_CF_20030303.1900.06-2:1:E2F</Feature>
<Feature name="id">EM49</Feature>
<Feature name="indexing_type">charseq</Feature>
<Feature name="role"></Feature>
<Feature name="role_difficultDecision">FALSE</Feature>
<Feature name="type">PRO</Feature>
<Feature name="type_difficultDecision">FALSE</Feature>
</Annotation>
<Annotation id="CNN_CF_20030303.1900.06-2:1:E2F" type="entity_mention_head" start="CNN_CF_20030303.1900.06-2:1:4Y" end="CNN_CF_20030303.1900.06-2:1:4Z">
<Feature name="indexing_type">charseq</Feature>
</Annotation>
<Annotation id="CNN_CF_20030303.1900.06-2:1:E29" type="entity_mention" start="CNN_CF_20030303.1900.06-2:1:4N" end="CNN_CF_20030303.1900.06-2:1:4O">
<Feature name="entity">CNN_CF_20030303.1900.06-2:1:Em</Feature>
<Feature name="entity_difficultDecision">FALSE</Feature>
<Feature name="head">CNN_CF_20030303.1900.06-2:1:E2A</Feature>
<Feature name="id">EM47</Feature>
<Feature name="indexing_type">charseq</Feature>
<Feature name="role"></Feature>
<Feature name="role_difficultDecision">FALSE</Feature>
<Feature name="type">PRO</Feature>
<Feature name="type_difficultDecision">FALSE</Feature>
</Annotation>
<Annotation id="CNN_CF_20030303.1900.06-2:1:E2A" type="entity_mention_head" start="CNN_CF_20030303.1900.06-2:1:4P" end="CNN_CF_20030303.1900.06-2:1:4Q">
<Feature name="indexing_type">charseq</Feature>
</Annotation>
<Annotation id="CNN_CF_20030303.1900.06-2:1:E2B" type="entity_mention" start="CNN_CF_20030303.1900.06-2:1:4R" end="CNN_CF_20030303.1900.06-2:1:4S">
<Feature name="entity">CNN_CF_20030303.1900.06-2:1:Em</Feature>
<Feature name="entity_difficultDecision">FALSE</Feature>
<Feature name="head">CNN_CF_20030303.1900.06-2:1:E2C</Feature>
<Feature name="id">EM48</Feature>
<Feature name="indexing_type">charseq</Feature>
<Feature name="role"></Feature>
<Feature name="role_difficultDecision">FALSE</Feature>
<Feature name="type">NAM</Feature>
<Feature name="type_difficultDecision">FALSE</Feature>
</Annotation>
<Annotation id="CNN_CF_20030303.1900.06-2:1:E2C" type="entity_mention_head" start="CNN_CF_20030303.1900.06-2:1:4U" end="CNN_CF_20030303.1900.06-2:1:4V">
<Feature name="indexing_type">charseq</Feature>
</Annotation>
<Annotation id="CNN_CF_20030303.1900.06-2:1:E2G" type="entity_mention" start="CNN_CF_20030303.1900.06-2:1:4a" end="CNN_CF_20030303.1900.06-2:1:4b">
<Feature name="entity">CNN_CF_20030303.1900.06-2:1:E2I</Feature>
<Feature name="entity_difficultDecision">FALSE</Feature>
<Feature name="head">CNN_CF_20030303.1900.06-2:1:E2H</Feature>
<Feature name="id">EM50</Feature>
<Feature name="indexing_type">charseq</Feature>
<Feature name="role"></Feature>
<Feature name="role_difficultDecision">FALSE</Feature>
<Feature name="type">PRO</Feature>
<Feature name="type_difficultDecision">FALSE</Feature>
</Annotation>
<Annotation id="CNN_CF_20030303.1900.06-2:1:E2H" type="entity_mention_head" start="CNN_CF_20030303.1900.06-2:1:4c" end="CNN_CF_20030303.1900.06-2:1:4d">
<Feature name="indexing_type">charseq</Feature>
</Annotation>
<Annotation id="CNN_CF_20030303.1900.06-2:1:E2K" type="entity_mention" start="CNN_CF_20030303.1900.06-2:1:4i" end="CNN_CF_20030303.1900.06-2:1:4j">
<Feature name="entity">CNN_CF_20030303.1900.06-2:1:E2I</Feature>
<Feature name="entity_difficultDecision">FALSE</Feature>
<Feature name="head">CNN_CF_20030303.1900.06-2:1:E2L</Feature>
<Feature name="id">EM51</Feature>
<Feature name="indexing_type">charseq</Feature>
<Feature name="role"></Feature>
<Feature name="role_difficultDecision">FALSE</Feature>
<Feature name="type">NAM</Feature>
<Feature name="type_difficultDecision">FALSE</Feature>
</Annotation>
<Annotation id="CNN_CF_20030303.1900.06-2:1:E2L" type="entity_mention_head" start="CNN_CF_20030303.1900.06-2:1:4k" end="CNN_CF_20030303.1900.06-2:1:4l">
<Feature name="indexing_type">charseq</Feature>
</Annotation>
<Annotation id="CNN_CF_20030303.1900.06-2:1:E2M" type="entity_mention" start="CNN_CF_20030303.1900.06-2:1:4m" end="CNN_CF_20030303.1900.06-2:1:4n">
<Feature name="entity">CNN_CF_20030303.1900.06-2:1:E2O</Feature>
<Feature name="entity_difficultDecision">FALSE</Feature>
<Feature name="head">CNN_CF_20030303.1900.06-2:1:E2N</Feature>
<Feature name="id">EM52</Feature>
<Feature name="indexing_type">charseq</Feature>
<Feature name="role"></Feature>
<Feature name="role_difficultDecision">FALSE</Feature>
<Feature name="type">PRO</Feature>
<Feature name="type_difficultDecision">FALSE</Feature>
</Annotation>
<Annotation id="CNN_CF_20030303.1900.06-2:1:E2N" type="entity_mention_head" start="CNN_CF_20030303.1900.06-2:1:4o" end="CNN_CF_20030303.1900.06-2:1:4p">
<Feature name="indexing_type">charseq</Feature>
</Annotation>
</AG>
</AGSet>
