<?xml version="1.0"?>
<!DOCTYPE source_file SYSTEM "apf.v5.1.1.dtd">
<source_file URI="CNN_IP_20030410.1600.03-1.sgm" SOURCE="broadcast conversation" TYPE="text" AUTHOR="LDC" ENCODING="UTF-8">
<document DOCID="CNN_IP_20030410.1600.03-1">
<entity ID="CNN_IP_20030410.1600.03-1-E1" TYPE="VEH" SUBTYPE="Land" CLASS="USP">
  <entity_mention ID="CNN_IP_20030410.1600.03-1-E1-2" TYPE="NOM" LDCTYPE="NOM">
    <extent>
      <charseq START="887" END="891">a car</charseq>
    </extent>
    <head>
      <charseq START="889" END="891">car</charseq>
    </head>
  </entity_mention>
</entity>
<entity ID="CNN_IP_20030410.1600.03-1-E2" TYPE="LOC" SUBTYPE="Region-General" CLASS="USP">
  <entity_mention ID="CNN_IP_20030410.1600.03-1-E2-4" TYPE="NOM" LDCTYPE="BAR">
    <extent>
      <charseq START="982" END="1036">parts of Baghdad that the Americans haven't
yet reached</charseq>
    </extent>
    <head>
      <charseq START="982" END="986">parts</charseq>
    </head>
  </entity_mention>
</entity>
<entity ID="CNN_IP_20030410.1600.03-1-E3" TYPE="PER" SUBTYPE="Individual" CLASS="SPC">
  <entity_mention ID="CNN_IP_20030410.1600.03-1-E3-5" TYPE="NOM" LDCTYPE="NOM">
    <extent>
      <charseq START="1063" END="1070">This man</charseq>
    </extent>
    <head>
      <charseq START="1068" END="1070">man</charseq>
    </head>
  </entity_mention>
</entity>
<entity ID="CNN_IP_20030410.1600.03-1-E4" TYPE="FAC" SUBTYPE="Building-Grounds" CLASS="SPC">
  <entity_mention ID="CNN_IP_20030410.1600.03-1-E4-6" TYPE="NOM" LDCTYPE="NOM">
    <extent>
      <charseq START="1092" END="1148">a
stable at the home of Uday Hussein, Saddam's eldest son</charseq>
    </extent>
    <head>
      <charseq START="1094" END="1099">stable</charseq>
    </head>
  </entity_mention>
</entity>
<entity ID="CNN_IP_20030410.1600.03-1-E5" TYPE="FAC" SUBTYPE="Building-Grounds" CLASS="SPC">
  <entity_mention ID="CNN_IP_20030410.1600.03-1-E5-7" TYPE="NOM" LDCTYPE="NOM" LDCATR="FALSE">
    <extent>
      <charseq START="1104" END="1148">the home of Uday Hussein, Saddam's eldest son</charseq>
    </extent>
    <head>
      <charseq START="1108" END="1111">home</charseq>
    </head>
  </entity_mention>
  <entity_mention ID="CNN_IP_20030410.1600.03-1-E5-14" TYPE="NOM" LDCTYPE="NOM" LDCATR="FALSE">
    <extent>
      <charseq START="1171" END="1194">a large, gaudy structure</charseq>
    </extent>
    <head>
      <charseq START="1186" END="1194">structure</charseq>
    </head>
  </entity_mention>
  <entity_mention ID="CNN_IP_20030410.1600.03-1-E5-15" TYPE="NOM" LDCTYPE="NOM" LDCATR="FALSE">
    <extent>
      <charseq START="1197" END="1279">a place that just a few days ago people
didn't even look at for fear of their lives</charseq>
    </extent>
    <head>
      <charseq START="1199" END="1203">place</charseq>
    </head>
  </entity_mention>
  <entity_mention ID="CNN_IP_20030410.1600.03-1-E5-16" TYPE="PRO" LDCTYPE="WHQ" LDCATR="FALSE">
    <extent>
      <charseq START="1205" END="1208">that</charseq>
    </extent>
    <head>
      <charseq START="1205" END="1208">that</charseq>
    </head>
  </entity_mention>
  <entity_mention ID="CNN_IP_20030410.1600.03-1-E5-17" TYPE="NOM" LDCTYPE="NOM" LDCATR="FALSE">
    <extent>
      <charseq START="1160" END="1168">the
house</charseq>
    </extent>
    <head>
      <charseq START="1164" END="1168">house</charseq>
    </head>
  </entity_mention>
  <entity_mention ID="CNN_IP_20030410.1600.03-1-E5-18" TYPE="PRO" LDCTYPE="HLS" LDCATR="FALSE">
    <extent>
      <charseq START="1282" END="1285">This</charseq>
    </extent>
    <head>
      <charseq START="1282" END="1285">This</charseq>
    </head>
  </entity_mention>
  <entity_mention ID="CNN_IP_20030410.1600.03-1-E5-19" TYPE="PRO" LDCTYPE="PTV" LDCATR="TRUE">
    <extent>
      <charseq START="1298" END="1316">one of
Uday's homes</charseq>
    </extent>
    <head>
      <charseq START="1298" END="1300">one</charseq>
    </head>
  </entity_mention>
  <entity_mention ID="CNN_IP_20030410.1600.03-1-E5-21" TYPE="PRO" LDCTYPE="PRO" LDCATR="FALSE">
    <extent>
      <charseq START="1319" END="1322">Here</charseq>
    </extent>
    <head>
      <charseq START="1319" END="1322">Here</charseq>
    </head>
  </entity_mention>
  <entity_mention ID="CNN_IP_20030410.1600.03-1-E5-27" TYPE="NOM" LDCTYPE="NOM" LDCATR="FALSE">
    <extent>
      <charseq START="1411" END="1419">the house</charseq>
    </extent>
    <head>
      <charseq START="1415" END="1419">house</charseq>
    </head>
  </entity_mention>
  <entity_mention ID="CNN_IP_20030410.1600.03-1-E5-30" TYPE="NOM" LDCTYPE="NOM" LDCATR="FALSE">
    <extent>
      <charseq START="1593" END="1602">this place</charseq>
    </extent>
    <head>
      <charseq START="1598" END="1602">place</charseq>
    </head>
  </entity_mention>
</entity>
<entity ID="CNN_IP_20030410.1600.03-1-E6" TYPE="PER" SUBTYPE="Individual" CLASS="SPC">
  <entity_mention ID="CNN_IP_20030410.1600.03-1-E6-9" TYPE="NAM" LDCTYPE="NAM" LDCATR="FALSE">
    <extent>
      <charseq START="1116" END="1127">Uday Hussein</charseq>
    </extent>
    <head>
      <charseq START="1116" END="1127">Uday Hussein</charseq>
    </head>
  </entity_mention>
  <entity_mention ID="CNN_IP_20030410.1600.03-1-E6-10" TYPE="NOM" LDCTYPE="NOM" LDCATR="TRUE">
    <extent>
      <charseq START="1130" END="1148">Saddam's eldest son</charseq>
    </extent>
    <head>
      <charseq START="1146" END="1148">son</charseq>
    </head>
  </entity_mention>
  <entity_mention ID="CNN_IP_20030410.1600.03-1-E6-20" TYPE="NAM" LDCTYPE="NAM" LDCATR="FALSE">
    <extent>
      <charseq START="1305" END="1308">Uday</charseq>
    </extent>
    <head>
      <charseq START="1305" END="1308">Uday</charseq>
    </head>
  </entity_mention>
  <entity_attributes>
    <name NAME="Uday Hussein">
      <charseq START="1116" END="1127">Uday Hussein</charseq>
    </name>
    <name NAME="Uday">
      <charseq START="1305" END="1308">Uday</charseq>
    </name>
  </entity_attributes>
</entity>
<entity ID="CNN_IP_20030410.1600.03-1-E8" TYPE="PER" SUBTYPE="Individual" CLASS="SPC">
  <entity_mention ID="CNN_IP_20030410.1600.03-1-E8-11" TYPE="NAM" LDCTYPE="NAM">
    <extent>
      <charseq START="1130" END="1135">Saddam</charseq>
    </extent>
    <head>
      <charseq START="1130" END="1135">Saddam</charseq>
    </head>
  </entity_mention>
  <entity_mention ID="CNN_IP_20030410.1600.03-1-E8-37" TYPE="NAM" LDCTYPE="NAM">
    <extent>
      <charseq START="1767" END="1772">Saddam</charseq>
    </extent>
    <head>
      <charseq START="1767" END="1772">Saddam</charseq>
    </head>
  </entity_mention>
  <entity_attributes>
    <name NAME="Saddam">
      <charseq START="1130" END="1135">Saddam</charseq>
    </name>
    <name NAME="Saddam">
      <charseq START="1767" END="1772">Saddam</charseq>
    </name>
  </entity_attributes>
</entity>
<entity ID="CNN_IP_20030410.1600.03-1-E9" TYPE="PER" SUBTYPE="Group" CLASS="USP">
  <entity_mention ID="CNN_IP_20030410.1600.03-1-E9-12" TYPE="PRO" LDCTYPE="PRO">
    <extent>
      <charseq START="1151" END="1152">We</charseq>
    </extent>
    <head>
      <charseq START="1151" END="1152">We</charseq>
    </head>
  </entity_mention>
  <entity_mention ID="CNN_IP_20030410.1600.03-1-E9-42" TYPE="PRO" LDCTYPE="PRO">
    <extent>
      <charseq START="1910" END="1911">we</charseq>
    </extent>
    <head>
      <charseq START="1910" END="1911">we</charseq>
    </head>
  </entity_mention>
  <entity_mention ID="CNN_IP_20030410.1600.03-1-E9-47" TYPE="PRO" LDCTYPE="PRO">
    <extent>
      <charseq START="2092" END="2093">We</charseq>
    </extent>
    <head>
      <charseq START="2092" END="2093">We</charseq>
    </head>
  </entity_mention>
</entity>
<entity ID="CNN_IP_20030410.1600.03-1-E12" TYPE="PER" SUBTYPE="Group" CLASS="SPC">
  <entity_mention ID="CNN_IP_20030410.1600.03-1-E12-22" TYPE="NOM" LDCTYPE="NOM">
    <extent>
      <charseq START="1325" END="1341">the ruling family</charseq>
    </extent>
    <head>
      <charseq START="1336" END="1341">family</charseq>
    </head>
  </entity_mention>
</entity>
<entity ID="CNN_IP_20030410.1600.03-1-E13" TYPE="LOC" SUBTYPE="Water-Body" CLASS="SPC">
  <entity_mention ID="CNN_IP_20030410.1600.03-1-E13-23" TYPE="NAM" LDCTYPE="NAM">
    <extent>
      <charseq START="1363" END="1372">the Tigris</charseq>
    </extent>
    <head>
      <charseq START="1367" END="1372">Tigris</charseq>
    </head>
  </entity_mention>
  <entity_attributes>
    <name NAME="Tigris">
      <charseq START="1367" END="1372">Tigris</charseq>
    </name>
  </entity_attributes>
</entity>
<entity ID="CNN_IP_20030410.1600.03-1-E14" TYPE="PER" SUBTYPE="Group" CLASS="GEN">
  <entity_mention ID="CNN_IP_20030410.1600.03-1-E14-24" TYPE="NOM" LDCTYPE="BAR">
    <extent>
      <charseq START="1230" END="1235">people</charseq>
    </extent>
    <head>
      <charseq START="1230" END="1235">people</charseq>
    </head>
  </entity_mention>
  <entity_mention ID="CNN_IP_20030410.1600.03-1-E14-25" TYPE="PRO" LDCTYPE="PRO">
    <extent>
      <charseq START="1269" END="1273">their</charseq>
    </extent>
    <head>
      <charseq START="1269" END="1273">their</charseq>
    </head>
  </entity_mention>
</entity>
<entity ID="CNN_IP_20030410.1600.03-1-E15" TYPE="PER" SUBTYPE="Group" CLASS="USP">
  <entity_mention ID="CNN_IP_20030410.1600.03-1-E15-26" TYPE="NOM" LDCTYPE="BAR">
    <extent>
      <charseq START="1375" END="1380">People</charseq>
    </extent>
    <head>
      <charseq START="1375" END="1380">People</charseq>
    </head>
  </entity_mention>
  <entity_mention ID="CNN_IP_20030410.1600.03-1-E15-28" TYPE="PRO" LDCTYPE="PRO">
    <extent>
      <charseq START="1478" END="1481">They</charseq>
    </extent>
    <head>
      <charseq START="1478" END="1481">They</charseq>
    </head>
  </entity_mention>
  <entity_mention ID="CNN_IP_20030410.1600.03-1-E15-29" TYPE="PRO" LDCTYPE="PRO">
    <extent>
      <charseq START="1574" END="1577">they</charseq>
    </extent>
    <head>
      <charseq START="1574" END="1577">they</charseq>
    </head>
  </entity_mention>
</entity>
<entity ID="CNN_IP_20030410.1600.03-1-E16" TYPE="PER" SUBTYPE="Group" CLASS="SPC">
  <entity_mention ID="CNN_IP_20030410.1600.03-1-E16-31" TYPE="NOM" LDCTYPE="NOM">
    <extent>
      <charseq START="1696" END="1707">These Iraqis</charseq>
    </extent>
    <head>
      <charseq START="1702" END="1707">Iraqis</charseq>
    </head>
  </entity_mention>
</entity>
<entity ID="CNN_IP_20030410.1600.03-1-E17" TYPE="FAC" SUBTYPE="Building-Grounds" CLASS="SPC">
  <entity_mention ID="CNN_IP_20030410.1600.03-1-E17-32" TYPE="NOM" LDCTYPE="NOM" LDCATR="FALSE">
    <extent>
      <charseq START="1722" END="1796">a home of a
senior member of the Mukhabarat, Saddam's dreaded secret police</charseq>
    </extent>
    <head>
      <charseq START="1724" END="1727">home</charseq>
    </head>
  </entity_mention>
  <entity_mention ID="CNN_IP_20030410.1600.03-1-E17-38" TYPE="PRO" LDCTYPE="PRO" LDCATR="FALSE">
    <extent>
      <charseq START="1799" END="1800">It</charseq>
    </extent>
    <head>
      <charseq START="1799" END="1800">It</charseq>
    </head>
  </entity_mention>
  <entity_mention ID="CNN_IP_20030410.1600.03-1-E17-39" TYPE="NOM" LDCTYPE="NOM" LDCATR="FALSE">
    <extent>
      <charseq START="1820" END="1850">some kind of monitoring station</charseq>
    </extent>
    <head>
      <charseq START="1844" END="1850">station</charseq>
    </head>
  </entity_mention>
  <entity_mention ID="CNN_IP_20030410.1600.03-1-E17-40" TYPE="PRO" LDCTYPE="PRO" LDCATR="FALSE">
    <extent>
      <charseq START="1887" END="1890">here</charseq>
    </extent>
    <head>
      <charseq START="1887" END="1890">here</charseq>
    </head>
  </entity_mention>
  <entity_mention ID="CNN_IP_20030410.1600.03-1-E17-43" TYPE="PRO" LDCTYPE="HLS" LDCATR="FALSE">
    <extent>
      <charseq START="1977" END="1980">This</charseq>
    </extent>
    <head>
      <charseq START="1977" END="1980">This</charseq>
    </head>
  </entity_mention>
  <entity_mention ID="CNN_IP_20030410.1600.03-1-E17-44" TYPE="NOM" LDCTYPE="NOM" LDCATR="FALSE">
    <extent>
      <charseq START="1991" END="2015">a nerve center for spying</charseq>
    </extent>
    <head>
      <charseq START="1999" END="2004">center</charseq>
    </head>
  </entity_mention>
  <entity_mention ID="CNN_IP_20030410.1600.03-1-E17-45" TYPE="NOM" LDCTYPE="NOM" LDCATR="TRUE">
    <extent>
      <charseq START="2018" END="2076">a
place from where the bully boys kept tabs to keep control</charseq>
    </extent>
    <head>
      <charseq START="2020" END="2024">place</charseq>
    </head>
  </entity_mention>
  <entity_mention ID="CNN_IP_20030410.1600.03-1-E17-49" TYPE="NOM" LDCTYPE="NOM" LDCATR="FALSE">
    <extent>
      <charseq START="2119" END="2152">a secret police monitoring station</charseq>
    </extent>
    <head>
      <charseq START="2146" END="2152">station</charseq>
    </head>
  </entity_mention>
</entity>
<entity ID="CNN_IP_20030410.1600.03-1-E18" TYPE="PER" SUBTYPE="Individual" CLASS="SPC">
  <entity_mention ID="CNN_IP_20030410.1600.03-1-E18-33" TYPE="NOM" LDCTYPE="NOM">
    <extent>
      <charseq START="1732" END="1796">a
senior member of the Mukhabarat, Saddam's dreaded secret police</charseq>
    </extent>
    <head>
      <charseq START="1741" END="1746">member</charseq>
    </head>
  </entity_mention>
</entity>
<entity ID="CNN_IP_20030410.1600.03-1-E19" TYPE="ORG" SUBTYPE="Government" CLASS="SPC">
  <entity_mention ID="CNN_IP_20030410.1600.03-1-E19-35" TYPE="NAM" LDCTYPE="NAM" LDCATR="FALSE">
    <extent>
      <charseq START="1751" END="1764">the Mukhabarat</charseq>
    </extent>
    <head>
      <charseq START="1755" END="1764">Mukhabarat</charseq>
    </head>
  </entity_mention>
  <entity_mention ID="CNN_IP_20030410.1600.03-1-E19-36" TYPE="NOM" LDCTYPE="NOM" LDCATR="FALSE">
    <extent>
      <charseq START="1767" END="1796">Saddam's dreaded secret police</charseq>
    </extent>
    <head>
      <charseq START="1791" END="1796">police</charseq>
    </head>
  </entity_mention>
  <entity_mention ID="CNN_IP_20030410.1600.03-1-E19-50" TYPE="NOM" LDCTYPE="NOMPRE" LDCATR="TRUE">
    <extent>
      <charseq START="2121" END="2133">secret police</charseq>
    </extent>
    <head>
      <charseq START="2128" END="2133">police</charseq>
    </head>
  </entity_mention>
  <entity_attributes>
    <name NAME="Mukhabarat">
      <charseq START="1755" END="1764">Mukhabarat</charseq>
    </name>
  </entity_attributes>
</entity>
<entity ID="CNN_IP_20030410.1600.03-1-E21" TYPE="GPE" SUBTYPE="Population-Center" CLASS="SPC">
  <entity_mention ID="CNN_IP_20030410.1600.03-1-E21-1" TYPE="NAM" LDCTYPE="NAM" ROLE="LOC" LDCATR="FALSE">
    <extent>
      <charseq START="198" END="204">Baghdad</charseq>
    </extent>
    <head>
      <charseq START="198" END="204">Baghdad</charseq>
    </head>
  </entity_mention>
  <entity_mention ID="CNN_IP_20030410.1600.03-1-E21-3" TYPE="NAM" LDCTYPE="NAM" ROLE="LOC" LDCATR="FALSE">
    <extent>
      <charseq START="991" END="997">Baghdad</charseq>
    </extent>
    <head>
      <charseq START="991" END="997">Baghdad</charseq>
    </head>
  </entity_mention>
  <entity_mention ID="CNN_IP_20030410.1600.03-1-E21-59" TYPE="NAM" LDCTYPE="NAM" ROLE="LOC" LDCATR="FALSE">
    <extent>
      <charseq START="2486" END="2492">Baghdad</charseq>
    </extent>
    <head>
      <charseq START="2486" END="2492">Baghdad</charseq>
    </head>
  </entity_mention>
  <entity_mention ID="CNN_IP_20030410.1600.03-1-E21-65" TYPE="NAM" LDCTYPE="NAM" ROLE="LOC" LDCATR="FALSE">
    <extent>
      <charseq START="303" END="309">Baghdad</charseq>
    </extent>
    <head>
      <charseq START="303" END="309">Baghdad</charseq>
    </head>
  </entity_mention>
  <entity_mention ID="CNN_IP_20030410.1600.03-1-E21-66" TYPE="NOM" LDCTYPE="NOM" ROLE="LOC" LDCATR="FALSE">
    <extent>
      <charseq START="320" END="332">an ugly place</charseq>
    </extent>
    <head>
      <charseq START="328" END="332">place</charseq>
    </head>
  </entity_mention>
  <entity_mention ID="CNN_IP_20030410.1600.03-1-E21-69" TYPE="NOM" LDCTYPE="NOM" ROLE="LOC" LDCATR="TRUE">
    <extent>
      <charseq START="373" END="416">a city literally teetering on a razor's edge</charseq>
    </extent>
    <head>
      <charseq START="375" END="378">city</charseq>
    </head>
  </entity_mention>
  <entity_mention ID="CNN_IP_20030410.1600.03-1-E21-75" TYPE="NAM" LDCTYPE="NAM" ROLE="LOC" LDCATR="FALSE">
    <extent>
      <charseq START="674" END="680">Baghdad</charseq>
    </extent>
    <head>
      <charseq START="674" END="680">Baghdad</charseq>
    </head>
  </entity_mention>
  <entity_mention ID="CNN_IP_20030410.1600.03-1-E21-76" TYPE="NOM" LDCTYPE="NOM" ROLE="LOC" LDCATR="FALSE">
    <extent>
      <charseq START="732" END="751">a city without power</charseq>
    </extent>
    <head>
      <charseq START="734" END="737">city</charseq>
    </head>
  </entity_mention>
  <entity_attributes>
    <name NAME="Baghdad">
      <charseq START="198" END="204">Baghdad</charseq>
    </name>
    <name NAME="Baghdad">
      <charseq START="991" END="997">Baghdad</charseq>
    </name>
    <name NAME="Baghdad">
      <charseq START="2486" END="2492">Baghdad</charseq>
    </name>
    <name NAME="Baghdad">
      <charseq START="303" END="309">Baghdad</charseq>
    </name>
    <name NAME="Baghdad">
      <charseq START="674" END="680">Baghdad</charseq>
    </name>
  </entity_attributes>
</entity>
<entity ID="CNN_IP_20030410.1600.03-1-E23" TYPE="FAC" SUBTYPE="Subarea-Facility" CLASS="SPC">
  <entity_mention ID="CNN_IP_20030410.1600.03-1-E23-41" TYPE="NOM" LDCTYPE="NOM">
    <extent>
      <charseq START="1896" END="1907">the basement</charseq>
    </extent>
    <head>
      <charseq START="1900" END="1907">basement</charseq>
    </head>
  </entity_mention>
  <entity_mention ID="CNN_IP_20030410.1600.03-1-E23-48" TYPE="NOM" LDCTYPE="NOM">
    <extent>
      <charseq START="2105" END="2152">the bowels of a secret police monitoring station</charseq>
    </extent>
    <head>
      <charseq START="2109" END="2114">bowels</charseq>
    </head>
  </entity_mention>
</entity>
<entity ID="CNN_IP_20030410.1600.03-1-E26" TYPE="PER" SUBTYPE="Group" CLASS="USP">
  <entity_mention ID="CNN_IP_20030410.1600.03-1-E26-46" TYPE="NOM" LDCTYPE="NOM">
    <extent>
      <charseq START="2037" END="2050">the bully boys</charseq>
    </extent>
    <head>
      <charseq START="2047" END="2050">boys</charseq>
    </head>
  </entity_mention>
</entity>
<entity ID="CNN_IP_20030410.1600.03-1-E28" TYPE="PER" SUBTYPE="Group" CLASS="SPC">
  <entity_mention ID="CNN_IP_20030410.1600.03-1-E28-51" TYPE="NOM" LDCTYPE="NOM">
    <extent>
      <charseq START="2257" END="2268">These people</charseq>
    </extent>
    <head>
      <charseq START="2263" END="2268">people</charseq>
    </head>
  </entity_mention>
</entity>
<entity ID="CNN_IP_20030410.1600.03-1-E29" TYPE="FAC" SUBTYPE="Building-Grounds" CLASS="SPC">
  <entity_mention ID="CNN_IP_20030410.1600.03-1-E29-52" TYPE="NOM" LDCTYPE="NOM">
    <extent>
      <charseq START="2288" END="2304">a shopping center</charseq>
    </extent>
    <head>
      <charseq START="2299" END="2304">center</charseq>
    </head>
  </entity_mention>
</entity>
<entity ID="CNN_IP_20030410.1600.03-1-E30" TYPE="PER" SUBTYPE="Group" CLASS="SPC">
  <entity_mention ID="CNN_IP_20030410.1600.03-1-E30-53" TYPE="NOM" LDCTYPE="NOM">
    <extent>
      <charseq START="2378" END="2390">These thieves</charseq>
    </extent>
    <head>
      <charseq START="2384" END="2390">thieves</charseq>
    </head>
  </entity_mention>
</entity>
<entity ID="CNN_IP_20030410.1600.03-1-E31" TYPE="FAC" SUBTYPE="Building-Grounds" CLASS="SPC">
  <entity_mention ID="CNN_IP_20030410.1600.03-1-E31-54" TYPE="NOM" LDCTYPE="NOM">
    <extent>
      <charseq START="2411" END="2428">the German Embassy</charseq>
    </extent>
    <head>
      <charseq START="2422" END="2428">Embassy</charseq>
    </head>
  </entity_mention>
</entity>
<entity ID="CNN_IP_20030410.1600.03-1-E32" TYPE="GPE" SUBTYPE="Nation" CLASS="SPC">
  <entity_mention ID="CNN_IP_20030410.1600.03-1-E32-55" TYPE="NAM" LDCTYPE="NAMPRE" ROLE="GPE">
    <extent>
      <charseq START="2415" END="2420">German</charseq>
    </extent>
    <head>
      <charseq START="2415" END="2420">German</charseq>
    </head>
  </entity_mention>
  <entity_attributes>
    <name NAME="German">
      <charseq START="2415" END="2420">German</charseq>
    </name>
  </entity_attributes>
</entity>
<entity ID="CNN_IP_20030410.1600.03-1-E33" TYPE="PER" SUBTYPE="Individual" CLASS="SPC">
  <entity_mention ID="CNN_IP_20030410.1600.03-1-E33-56" TYPE="NOM" LDCTYPE="NOM">
    <extent>
      <charseq START="2454" END="2460">a guard</charseq>
    </extent>
    <head>
      <charseq START="2456" END="2460">guard</charseq>
    </head>
  </entity_mention>
</entity>
<entity ID="CNN_IP_20030410.1600.03-1-E34" TYPE="ORG" SUBTYPE="Media" CLASS="SPC">
  <entity_mention ID="CNN_IP_20030410.1600.03-1-E34-58" TYPE="NAM" LDCTYPE="NAM">
    <extent>
      <charseq START="2476" END="2483">ITV News</charseq>
    </extent>
    <head>
      <charseq START="2476" END="2483">ITV News</charseq>
    </head>
  </entity_mention>
  <entity_attributes>
    <name NAME="ITV News">
      <charseq START="2476" END="2483">ITV News</charseq>
    </name>
  </entity_attributes>
</entity>
<entity ID="CNN_IP_20030410.1600.03-1-E35" TYPE="WEA" SUBTYPE="Shooting" CLASS="GEN">
  <entity_mention ID="CNN_IP_20030410.1600.03-1-E35-62" TYPE="NOM" LDCTYPE="NOMPRE">
    <extent>
      <charseq START="935" END="937">gun</charseq>
    </extent>
    <head>
      <charseq START="935" END="937">gun</charseq>
    </head>
  </entity_mention>
</entity>
<entity ID="CNN_IP_20030410.1600.03-1-E36" TYPE="PER" SUBTYPE="Group" CLASS="USP">
  <entity_mention ID="CNN_IP_20030410.1600.03-1-E36-61" TYPE="NOM" LDCTYPE="BAR">
    <extent>
      <charseq START="236" END="247">firefighters</charseq>
    </extent>
    <head>
      <charseq START="236" END="247">firefighters</charseq>
    </head>
  </entity_mention>
</entity>
<entity ID="CNN_IP_20030410.1600.03-1-E37" TYPE="ORG" SUBTYPE="Government" CLASS="SPC">
  <entity_mention ID="CNN_IP_20030410.1600.03-1-E37-63" TYPE="NAM" LDCTYPE="NAM">
    <extent>
      <charseq START="274" END="293">U.S. Central Command</charseq>
    </extent>
    <head>
      <charseq START="279" END="293">Central Command</charseq>
    </head>
  </entity_mention>
  <entity_attributes>
    <name NAME="Central Command">
      <charseq START="279" END="293">Central Command</charseq>
    </name>
  </entity_attributes>
</entity>
<entity ID="CNN_IP_20030410.1600.03-1-E38" TYPE="GPE" SUBTYPE="Nation" CLASS="SPC">
  <entity_mention ID="CNN_IP_20030410.1600.03-1-E38-60" TYPE="NAM" LDCTYPE="NAM" ROLE="ORG" LDCATR="FALSE">
    <extent>
      <charseq START="1004" END="1016">the Americans</charseq>
    </extent>
    <head>
      <charseq START="1008" END="1016">Americans</charseq>
    </head>
  </entity_mention>
  <entity_mention ID="CNN_IP_20030410.1600.03-1-E38-64" TYPE="NAM" LDCTYPE="NAMPRE" ROLE="GPE" LDCATR="FALSE">
    <extent>
      <charseq START="274" END="276">U.S</charseq>
    </extent>
    <head>
      <charseq START="274" END="276">U.S</charseq>
    </head>
  </entity_mention>
  <entity_mention ID="CNN_IP_20030410.1600.03-1-E38-71" TYPE="NAM" LDCTYPE="NAMPRE" ROLE="GPE" LDCATR="TRUE">
    <extent>
      <charseq START="528" END="530">U.S</charseq>
    </extent>
    <head>
      <charseq START="528" END="530">U.S</charseq>
    </head>
  </entity_mention>
  <entity_attributes>
    <name NAME="Americans">
      <charseq START="1008" END="1016">Americans</charseq>
    </name>
    <name NAME="U.S">
      <charseq START="274" END="276">U.S</charseq>
    </name>
    <name NAME="U.S">
      <charseq START="528" END="530">U.S</charseq>
    </name>
  </entity_attributes>
</entity>
<entity ID="CNN_IP_20030410.1600.03-1-E41" TYPE="ORG" SUBTYPE="Media" CLASS="SPC">
  <entity_mention ID="CNN_IP_20030410.1600.03-1-E41-67" TYPE="NAM" LDCTYPE="NAM">
    <extent>
      <charseq START="335" END="337">CNN</charseq>
    </extent>
    <head>
      <charseq START="335" END="337">CNN</charseq>
    </head>
  </entity_mention>
  <entity_attributes>
    <name NAME="CNN">
      <charseq START="335" END="337">CNN</charseq>
    </name>
  </entity_attributes>
</entity>
<entity ID="CNN_IP_20030410.1600.03-1-E42" TYPE="PER" SUBTYPE="Individual" CLASS="SPC">
  <entity_mention ID="CNN_IP_20030410.1600.03-1-E42-57" TYPE="NAM" LDCTYPE="NAM">
    <extent>
      <charseq START="2463" END="2473">John Irvine</charseq>
    </extent>
    <head>
      <charseq START="2463" END="2473">John Irvine</charseq>
    </head>
  </entity_mention>
  <entity_mention ID="CNN_IP_20030410.1600.03-1-E42-68" TYPE="NAM" LDCTYPE="NAM">
    <extent>
      <charseq START="335" END="351">CNN's John Irvine</charseq>
    </extent>
    <head>
      <charseq START="341" END="351">John Irvine</charseq>
    </head>
  </entity_mention>
  <entity_attributes>
    <name NAME="John Irvine">
      <charseq START="2463" END="2473">John Irvine</charseq>
    </name>
    <name NAME="John Irvine">
      <charseq START="341" END="351">John Irvine</charseq>
    </name>
  </entity_attributes>
</entity>
<entity ID="CNN_IP_20030410.1600.03-1-E44" TYPE="ORG" SUBTYPE="Government" CLASS="SPC">
  <entity_mention ID="CNN_IP_20030410.1600.03-1-E44-70" TYPE="NAM" LDCTYPE="NAM">
    <extent>
      <charseq START="524" END="539">the U.S. Marines</charseq>
    </extent>
    <head>
      <charseq START="533" END="539">Marines</charseq>
    </head>
  </entity_mention>
  <entity_mention ID="CNN_IP_20030410.1600.03-1-E44-72" TYPE="PRO" LDCTYPE="PRO">
    <extent>
      <charseq START="603" END="607">their</charseq>
    </extent>
    <head>
      <charseq START="603" END="607">their</charseq>
    </head>
  </entity_mention>
  <entity_attributes>
    <name NAME="Marines">
      <charseq START="533" END="539">Marines</charseq>
    </name>
  </entity_attributes>
</entity>
<entity ID="CNN_IP_20030410.1600.03-1-E46" TYPE="GPE" SUBTYPE="Population-Center" CLASS="SPC">
  <entity_mention ID="CNN_IP_20030410.1600.03-1-E46-73" TYPE="NOM" LDCTYPE="NOM" ROLE="PER">
    <extent>
      <charseq START="580" END="622">the people who are now their responsibility</charseq>
    </extent>
    <head>
      <charseq START="584" END="589">people</charseq>
    </head>
  </entity_mention>
  <entity_mention ID="CNN_IP_20030410.1600.03-1-E46-74" TYPE="PRO" LDCTYPE="WHQ" ROLE="PER">
    <extent>
      <charseq START="591" END="593">who</charseq>
    </extent>
    <head>
      <charseq START="591" END="593">who</charseq>
    </head>
  </entity_mention>
</entity>
<entity ID="CNN_IP_20030410.1600.03-1-E47" TYPE="PER" SUBTYPE="Group" CLASS="SPC">
  <entity_mention ID="CNN_IP_20030410.1600.03-1-E47-77" TYPE="NOM" LDCTYPE="NOM">
    <extent>
      <charseq START="754" END="767">these soldiers</charseq>
    </extent>
    <head>
      <charseq START="760" END="767">soldiers</charseq>
    </head>
  </entity_mention>
</entity>
<entity ID="CNN_IP_20030410.1600.03-1-E48" TYPE="FAC" SUBTYPE="Building-Grounds" CLASS="SPC">
  <entity_mention ID="CNN_IP_20030410.1600.03-1-E48-78" TYPE="NOM" LDCTYPE="NOM">
    <extent>
      <charseq START="777" END="787">a roadblock</charseq>
    </extent>
    <head>
      <charseq START="779" END="787">roadblock</charseq>
    </head>
  </entity_mention>
</entity>
<timex2 ID="CNN_IP_20030410.1600.03-1-T1">
  <timex2_mention ID="CNN_IP_20030410.1600.03-1-T1-1">
    <extent>
      <charseq START="38" END="62">2003-04-10T16:00:00-05:00</charseq>
    </extent>
  </timex2_mention>
</timex2>
<timex2 ID="CNN_IP_20030410.1600.03-1-T2">
  <timex2_mention ID="CNN_IP_20030410.1600.03-1-T2-1">
    <extent>
      <charseq START="152" END="160">Yesterday</charseq>
    </extent>
  </timex2_mention>
</timex2>
<timex2 ID="CNN_IP_20030410.1600.03-1-T3">
  <timex2_mention ID="CNN_IP_20030410.1600.03-1-T3-1">
    <extent>
      <charseq START="207" END="211">today</charseq>
    </extent>
  </timex2_mention>
</timex2>
<timex2 ID="CNN_IP_20030410.1600.03-1-T4">
  <timex2_mention ID="CNN_IP_20030410.1600.03-1-T4-1">
    <extent>
      <charseq START="1210" END="1228">just a few days ago</charseq>
    </extent>
  </timex2_mention>
</timex2>
<timex2 ID="CNN_IP_20030410.1600.03-1-T5">
  <timex2_mention ID="CNN_IP_20030410.1600.03-1-T5-1">
    <extent>
      <charseq START="1612" END="1629">less than 24 hours</charseq>
    </extent>
  </timex2_mention>
</timex2>
<timex2 ID="CNN_IP_20030410.1600.03-1-T6">
  <timex2_mention ID="CNN_IP_20030410.1600.03-1-T6-1">
    <extent>
      <charseq START="599" END="601">now</charseq>
    </extent>
  </timex2_mention>
</timex2>
<relation ID="CNN_IP_20030410.1600.03-1-R1" TYPE="PART-WHOLE" SUBTYPE="Subsidiary" TENSE="Unspecified" MODALITY="Asserted">
  <relation_argument REFID="CNN_IP_20030410.1600.03-1-E37" ROLE="Arg-1"/>
  <relation_argument REFID="CNN_IP_20030410.1600.03-1-E38" ROLE="Arg-2"/>
  <relation_mention ID="CNN_IP_20030410.1600.03-1-R1-1" LEXICALCONDITION="PreMod">
    <extent>
      <charseq START="274" END="293">U.S. Central Command</charseq>
    </extent>
    <relation_mention_argument REFID="CNN_IP_20030410.1600.03-1-E37-63" ROLE="Arg-1">
      <extent>
        <charseq START="274" END="293">U.S. Central Command</charseq>
      </extent>
    </relation_mention_argument>
    <relation_mention_argument REFID="CNN_IP_20030410.1600.03-1-E38-64" ROLE="Arg-2">
      <extent>
        <charseq START="274" END="276">U.S</charseq>
      </extent>
    </relation_mention_argument>
  </relation_mention>
</relation>
<relation ID="CNN_IP_20030410.1600.03-1-R2" TYPE="ORG-AFF" SUBTYPE="Employment" TENSE="Unspecified" MODALITY="Asserted">
  <relation_argument REFID="CNN_IP_20030410.1600.03-1-E42" ROLE="Arg-1"/>
  <relation_argument REFID="CNN_IP_20030410.1600.03-1-E41" ROLE="Arg-2"/>
  <relation_mention ID="CNN_IP_20030410.1600.03-1-R2-1" LEXICALCONDITION="Possessive">
    <extent>
      <charseq START="335" END="351">CNN's John Irvine</charseq>
    </extent>
    <relation_mention_argument REFID="CNN_IP_20030410.1600.03-1-E42-68" ROLE="Arg-1">
      <extent>
        <charseq START="335" END="351">CNN's John Irvine</charseq>
      </extent>
    </relation_mention_argument>
    <relation_mention_argument REFID="CNN_IP_20030410.1600.03-1-E41-67" ROLE="Arg-2">
      <extent>
        <charseq START="335" END="337">CNN</charseq>
      </extent>
    </relation_mention_argument>
  </relation_mention>
</relation>
<relation ID="CNN_IP_20030410.1600.03-1-R3" TYPE="PART-WHOLE" SUBTYPE="Subsidiary" TENSE="Unspecified" MODALITY="Asserted">
  <relation_argument REFID="CNN_IP_20030410.1600.03-1-E44" ROLE="Arg-1"/>
  <relation_argument REFID="CNN_IP_20030410.1600.03-1-E38" ROLE="Arg-2"/>
  <relation_mention ID="CNN_IP_20030410.1600.03-1-R3-1" LEXICALCONDITION="PreMod">
    <extent>
      <charseq START="524" END="539">the U.S. Marines</charseq>
    </extent>
    <relation_mention_argument REFID="CNN_IP_20030410.1600.03-1-E44-70" ROLE="Arg-1">
      <extent>
        <charseq START="524" END="539">the U.S. Marines</charseq>
      </extent>
    </relation_mention_argument>
    <relation_mention_argument REFID="CNN_IP_20030410.1600.03-1-E38-71" ROLE="Arg-2">
      <extent>
        <charseq START="528" END="530">U.S</charseq>
      </extent>
    </relation_mention_argument>
  </relation_mention>
</relation>
<relation ID="CNN_IP_20030410.1600.03-1-R4" TYPE="ART" SUBTYPE="User-Owner-Inventor-Manufacturer" TENSE="Unspecified" MODALITY="Asserted">
  <relation_argument REFID="CNN_IP_20030410.1600.03-1-E47" ROLE="Arg-1"/>
  <relation_argument REFID="CNN_IP_20030410.1600.03-1-E48" ROLE="Arg-2"/>
  <relation_mention ID="CNN_IP_20030410.1600.03-1-R4-1" LEXICALCONDITION="Verbal">
    <extent>
      <charseq START="710" END="802">In the pitch black of a city without power, these soldiers
manning a roadblock became nervous</charseq>
    </extent>
    <relation_mention_argument REFID="CNN_IP_20030410.1600.03-1-E47-77" ROLE="Arg-1">
      <extent>
        <charseq START="754" END="767">these soldiers</charseq>
      </extent>
    </relation_mention_argument>
    <relation_mention_argument REFID="CNN_IP_20030410.1600.03-1-E48-78" ROLE="Arg-2">
      <extent>
        <charseq START="777" END="787">a roadblock</charseq>
      </extent>
    </relation_mention_argument>
  </relation_mention>
</relation>
<relation ID="CNN_IP_20030410.1600.03-1-R5" TYPE="PHYS" SUBTYPE="Located" TENSE="Unspecified" MODALITY="Asserted">
  <relation_argument REFID="CNN_IP_20030410.1600.03-1-E47" ROLE="Arg-1"/>
  <relation_argument REFID="CNN_IP_20030410.1600.03-1-E21" ROLE="Arg-2"/>
  <relation_mention ID="CNN_IP_20030410.1600.03-1-R5-1" LEXICALCONDITION="Other">
    <extent>
      <charseq START="710" END="802">In the pitch black of a city without power, these soldiers
manning a roadblock became nervous</charseq>
    </extent>
    <relation_mention_argument REFID="CNN_IP_20030410.1600.03-1-E47-77" ROLE="Arg-1">
      <extent>
        <charseq START="754" END="767">these soldiers</charseq>
      </extent>
    </relation_mention_argument>
    <relation_mention_argument REFID="CNN_IP_20030410.1600.03-1-E21-76" ROLE="Arg-2">
      <extent>
        <charseq START="732" END="751">a city without power</charseq>
      </extent>
    </relation_mention_argument>
  </relation_mention>
</relation>
<relation ID="CNN_IP_20030410.1600.03-1-R6" TYPE="PART-WHOLE" SUBTYPE="Geographical" TENSE="Unspecified" MODALITY="Asserted">
  <relation_argument REFID="CNN_IP_20030410.1600.03-1-E2" ROLE="Arg-1"/>
  <relation_argument REFID="CNN_IP_20030410.1600.03-1-E21" ROLE="Arg-2"/>
  <relation_mention ID="CNN_IP_20030410.1600.03-1-R6-1" LEXICALCONDITION="Preposition">
    <extent>
      <charseq START="979" END="1036">In parts of Baghdad that the Americans haven't
yet reached</charseq>
    </extent>
    <relation_mention_argument REFID="CNN_IP_20030410.1600.03-1-E2-4" ROLE="Arg-1">
      <extent>
        <charseq START="982" END="1036">parts of Baghdad that the Americans haven't
yet reached</charseq>
      </extent>
    </relation_mention_argument>
    <relation_mention_argument REFID="CNN_IP_20030410.1600.03-1-E21-3" ROLE="Arg-2">
      <extent>
        <charseq START="991" END="997">Baghdad</charseq>
      </extent>
    </relation_mention_argument>
  </relation_mention>
</relation>
<relation ID="CNN_IP_20030410.1600.03-1-R7" TYPE="PART-WHOLE" SUBTYPE="Geographical" TENSE="Unspecified" MODALITY="Asserted">
  <relation_argument REFID="CNN_IP_20030410.1600.03-1-E4" ROLE="Arg-1"/>
  <relation_argument REFID="CNN_IP_20030410.1600.03-1-E5" ROLE="Arg-2"/>
  <relation_mention ID="CNN_IP_20030410.1600.03-1-R7-1" LEXICALCONDITION="Preposition">
    <extent>
      <charseq START="1092" END="1148">a
stable at the home of Uday Hussein, Saddam's eldest son</charseq>
    </extent>
    <relation_mention_argument REFID="CNN_IP_20030410.1600.03-1-E4-6" ROLE="Arg-1">
      <extent>
        <charseq START="1092" END="1148">a
stable at the home of Uday Hussein, Saddam's eldest son</charseq>
      </extent>
    </relation_mention_argument>
    <relation_mention_argument REFID="CNN_IP_20030410.1600.03-1-E5-7" ROLE="Arg-2">
      <extent>
        <charseq START="1104" END="1148">the home of Uday Hussein, Saddam's eldest son</charseq>
      </extent>
    </relation_mention_argument>
  </relation_mention>
</relation>
<relation ID="CNN_IP_20030410.1600.03-1-R8" TYPE="ART" SUBTYPE="User-Owner-Inventor-Manufacturer" TENSE="Unspecified" MODALITY="Asserted">
  <relation_argument REFID="CNN_IP_20030410.1600.03-1-E6" ROLE="Arg-1"/>
  <relation_argument REFID="CNN_IP_20030410.1600.03-1-E5" ROLE="Arg-2"/>
  <relation_mention ID="CNN_IP_20030410.1600.03-1-R8-1" LEXICALCONDITION="Preposition">
    <extent>
      <charseq START="1104" END="1148">the home of Uday Hussein, Saddam's eldest son</charseq>
    </extent>
    <relation_mention_argument REFID="CNN_IP_20030410.1600.03-1-E6-9" ROLE="Arg-1">
      <extent>
        <charseq START="1116" END="1127">Uday Hussein</charseq>
      </extent>
    </relation_mention_argument>
    <relation_mention_argument REFID="CNN_IP_20030410.1600.03-1-E5-7" ROLE="Arg-2">
      <extent>
        <charseq START="1104" END="1148">the home of Uday Hussein, Saddam's eldest son</charseq>
      </extent>
    </relation_mention_argument>
  </relation_mention>
</relation>
<relation ID="CNN_IP_20030410.1600.03-1-R9" TYPE="PER-SOC" SUBTYPE="Family" TENSE="Unspecified" MODALITY="Asserted">
  <relation_argument REFID="CNN_IP_20030410.1600.03-1-E8" ROLE="Arg-1"/>
  <relation_argument REFID="CNN_IP_20030410.1600.03-1-E6" ROLE="Arg-2"/>
  <relation_mention ID="CNN_IP_20030410.1600.03-1-R9-1" LEXICALCONDITION="Possessive">
    <extent>
      <charseq START="1130" END="1148">Saddam's eldest son</charseq>
    </extent>
    <relation_mention_argument REFID="CNN_IP_20030410.1600.03-1-E8-11" ROLE="Arg-1">
      <extent>
        <charseq START="1130" END="1135">Saddam</charseq>
      </extent>
    </relation_mention_argument>
    <relation_mention_argument REFID="CNN_IP_20030410.1600.03-1-E6-10" ROLE="Arg-2">
      <extent>
        <charseq START="1130" END="1148">Saddam's eldest son</charseq>
      </extent>
    </relation_mention_argument>
  </relation_mention>
</relation>
<relation ID="CNN_IP_20030410.1600.03-1-R10" TYPE="ART" SUBTYPE="User-Owner-Inventor-Manufacturer" TENSE="Unspecified" MODALITY="Asserted">
  <relation_argument REFID="CNN_IP_20030410.1600.03-1-E18" ROLE="Arg-1"/>
  <relation_argument REFID="CNN_IP_20030410.1600.03-1-E17" ROLE="Arg-2"/>
  <relation_mention ID="CNN_IP_20030410.1600.03-1-R10-1" LEXICALCONDITION="Preposition">
    <extent>
      <charseq START="1722" END="1796">a home of a
senior member of the Mukhabarat, Saddam's dreaded secret police</charseq>
    </extent>
    <relation_mention_argument REFID="CNN_IP_20030410.1600.03-1-E18-33" ROLE="Arg-1">
      <extent>
        <charseq START="1732" END="1796">a
senior member of the Mukhabarat, Saddam's dreaded secret police</charseq>
      </extent>
    </relation_mention_argument>
    <relation_mention_argument REFID="CNN_IP_20030410.1600.03-1-E17-32" ROLE="Arg-2">
      <extent>
        <charseq START="1722" END="1796">a home of a
senior member of the Mukhabarat, Saddam's dreaded secret police</charseq>
      </extent>
    </relation_mention_argument>
  </relation_mention>
</relation>
<relation ID="CNN_IP_20030410.1600.03-1-R11" TYPE="ORG-AFF" SUBTYPE="Membership" TENSE="Unspecified" MODALITY="Asserted">
  <relation_argument REFID="CNN_IP_20030410.1600.03-1-E18" ROLE="Arg-1"/>
  <relation_argument REFID="CNN_IP_20030410.1600.03-1-E19" ROLE="Arg-2"/>
  <relation_mention ID="CNN_IP_20030410.1600.03-1-R11-1" LEXICALCONDITION="Preposition">
    <extent>
      <charseq START="1732" END="1796">a
senior member of the Mukhabarat, Saddam's dreaded secret police</charseq>
    </extent>
    <relation_mention_argument REFID="CNN_IP_20030410.1600.03-1-E18-33" ROLE="Arg-1">
      <extent>
        <charseq START="1732" END="1796">a
senior member of the Mukhabarat, Saddam's dreaded secret police</charseq>
      </extent>
    </relation_mention_argument>
    <relation_mention_argument REFID="CNN_IP_20030410.1600.03-1-E19-35" ROLE="Arg-2">
      <extent>
        <charseq START="1751" END="1764">the Mukhabarat</charseq>
      </extent>
    </relation_mention_argument>
  </relation_mention>
</relation>
<relation ID="CNN_IP_20030410.1600.03-1-R12" TYPE="PART-WHOLE" SUBTYPE="Geographical" TENSE="Unspecified" MODALITY="Asserted">
  <relation_argument REFID="CNN_IP_20030410.1600.03-1-E23" ROLE="Arg-1"/>
  <relation_argument REFID="CNN_IP_20030410.1600.03-1-E17" ROLE="Arg-2"/>
  <relation_mention ID="CNN_IP_20030410.1600.03-1-R12-1" LEXICALCONDITION="Preposition">
    <extent>
      <charseq START="2105" END="2152">the bowels of a secret police monitoring station</charseq>
    </extent>
    <relation_mention_argument REFID="CNN_IP_20030410.1600.03-1-E23-48" ROLE="Arg-1">
      <extent>
        <charseq START="2105" END="2152">the bowels of a secret police monitoring station</charseq>
      </extent>
    </relation_mention_argument>
    <relation_mention_argument REFID="CNN_IP_20030410.1600.03-1-E17-49" ROLE="Arg-2">
      <extent>
        <charseq START="2119" END="2152">a secret police monitoring station</charseq>
      </extent>
    </relation_mention_argument>
  </relation_mention>
</relation>
<relation ID="CNN_IP_20030410.1600.03-1-R13" TYPE="ART" SUBTYPE="User-Owner-Inventor-Manufacturer" TENSE="Unspecified" MODALITY="Asserted">
  <relation_argument REFID="CNN_IP_20030410.1600.03-1-E32" ROLE="Arg-1"/>
  <relation_argument REFID="CNN_IP_20030410.1600.03-1-E31" ROLE="Arg-2"/>
  <relation_mention ID="CNN_IP_20030410.1600.03-1-R13-1" LEXICALCONDITION="PreMod">
    <extent>
      <charseq START="2411" END="2428">the German Embassy</charseq>
    </extent>
    <relation_mention_argument REFID="CNN_IP_20030410.1600.03-1-E32-55" ROLE="Arg-1">
      <extent>
        <charseq START="2415" END="2420">German</charseq>
      </extent>
    </relation_mention_argument>
    <relation_mention_argument REFID="CNN_IP_20030410.1600.03-1-E31-54" ROLE="Arg-2">
      <extent>
        <charseq START="2411" END="2428">the German Embassy</charseq>
      </extent>
    </relation_mention_argument>
  </relation_mention>
</relation>
<relation ID="CNN_IP_20030410.1600.03-1-R14" TYPE="PHYS" SUBTYPE="Located" TENSE="Unspecified" MODALITY="Asserted">
  <relation_argument REFID="CNN_IP_20030410.1600.03-1-E42" ROLE="Arg-1"/>
  <relation_argument REFID="CNN_IP_20030410.1600.03-1-E21" ROLE="Arg-2"/>
  <relation_mention ID="CNN_IP_20030410.1600.03-1-R14-1" LEXICALCONDITION="Formulaic">
    <extent>
      <charseq START="2463" END="2492">John Irvine, ITV News, Baghdad</charseq>
    </extent>
    <relation_mention_argument REFID="CNN_IP_20030410.1600.03-1-E42-57" ROLE="Arg-1">
      <extent>
        <charseq START="2463" END="2473">John Irvine</charseq>
      </extent>
    </relation_mention_argument>
    <relation_mention_argument REFID="CNN_IP_20030410.1600.03-1-E21-59" ROLE="Arg-2">
      <extent>
        <charseq START="2486" END="2492">Baghdad</charseq>
      </extent>
    </relation_mention_argument>
  </relation_mention>
</relation>
<relation ID="CNN_IP_20030410.1600.03-1-R15" TYPE="ORG-AFF" SUBTYPE="Employment" TENSE="Unspecified" MODALITY="Asserted">
  <relation_argument REFID="CNN_IP_20030410.1600.03-1-E42" ROLE="Arg-1"/>
  <relation_argument REFID="CNN_IP_20030410.1600.03-1-E34" ROLE="Arg-2"/>
  <relation_mention ID="CNN_IP_20030410.1600.03-1-R15-1" LEXICALCONDITION="Formulaic">
    <extent>
      <charseq START="2463" END="2483">John Irvine, ITV News</charseq>
    </extent>
    <relation_mention_argument REFID="CNN_IP_20030410.1600.03-1-E42-57" ROLE="Arg-1">
      <extent>
        <charseq START="2463" END="2473">John Irvine</charseq>
      </extent>
    </relation_mention_argument>
    <relation_mention_argument REFID="CNN_IP_20030410.1600.03-1-E34-58" ROLE="Arg-2">
      <extent>
        <charseq START="2476" END="2483">ITV News</charseq>
      </extent>
    </relation_mention_argument>
  </relation_mention>
</relation>
<event ID="CNN_IP_20030410.1600.03-1-EV1" TYPE="Life" SUBTYPE="Die" MODALITY="Asserted" POLARITY="Positive" GENERICITY="Specific" TENSE="Past">
  <event_argument REFID="CNN_IP_20030410.1600.03-1-T3" ROLE="Time-Within"/>
  <event_mention ID="CNN_IP_20030410.1600.03-1-EV1-1">
    <extent>
      <charseq START="207" END="222">today, a suicide</charseq>
    </extent>
    <ldc_scope>
      <charseq START="152" END="332">Yesterday, there were scenes of jubilation in Baghdad, today, a suicide
bombing and firefighters, grim reminders that, as U.S. Central Command
put it, Baghdad is still an ugly place</charseq>
    </ldc_scope>
    <anchor>
      <charseq START="216" END="222">suicide</charseq>
    </anchor>
    <event_mention_argument REFID="CNN_IP_20030410.1600.03-1-T3-1" ROLE="Time-Within">
      <extent>
        <charseq START="207" END="211">today</charseq>
      </extent>
    </event_mention_argument>
  </event_mention>
</event>
<event ID="CNN_IP_20030410.1600.03-1-EV2" TYPE="Conflict" SUBTYPE="Attack" MODALITY="Asserted" POLARITY="Positive" GENERICITY="Specific" TENSE="Past">
  <event_argument REFID="CNN_IP_20030410.1600.03-1-E21" ROLE="Place"/>
  <event_argument REFID="CNN_IP_20030410.1600.03-1-T3" ROLE="Time-Within"/>
  <event_mention ID="CNN_IP_20030410.1600.03-1-EV2-1">
    <extent>
      <charseq START="198" END="230">Baghdad, today, a suicide
bombing</charseq>
    </extent>
    <ldc_scope>
      <charseq START="152" END="332">Yesterday, there were scenes of jubilation in Baghdad, today, a suicide
bombing and firefighters, grim reminders that, as U.S. Central Command
put it, Baghdad is still an ugly place</charseq>
    </ldc_scope>
    <anchor>
      <charseq START="224" END="230">bombing</charseq>
    </anchor>
    <event_mention_argument REFID="CNN_IP_20030410.1600.03-1-E21-1" ROLE="Place">
      <extent>
        <charseq START="198" END="204">Baghdad</charseq>
      </extent>
    </event_mention_argument>
    <event_mention_argument REFID="CNN_IP_20030410.1600.03-1-T3-1" ROLE="Time-Within">
      <extent>
        <charseq START="207" END="211">today</charseq>
      </extent>
    </event_mention_argument>
  </event_mention>
</event>
<event ID="CNN_IP_20030410.1600.03-1-EV3" TYPE="Conflict" SUBTYPE="Attack" MODALITY="Other" POLARITY="Positive" GENERICITY="Specific" TENSE="Unspecified">
  <event_argument REFID="CNN_IP_20030410.1600.03-1-E35" ROLE="Instrument"/>
  <event_mention ID="CNN_IP_20030410.1600.03-1-EV3-1">
    <extent>
      <charseq START="935" END="944">gun battle</charseq>
    </extent>
    <ldc_scope>
      <charseq START="882" END="944">When a car fails to stop, it's the cue for a violent gun battle</charseq>
    </ldc_scope>
    <anchor>
      <charseq START="939" END="944">battle</charseq>
    </anchor>
    <event_mention_argument REFID="CNN_IP_20030410.1600.03-1-E35-62" ROLE="Instrument">
      <extent>
        <charseq START="935" END="937">gun</charseq>
      </extent>
    </event_mention_argument>
  </event_mention>
</event>
<event ID="CNN_IP_20030410.1600.03-1-EV4" TYPE="Movement" SUBTYPE="Transport" MODALITY="Other" POLARITY="Positive" GENERICITY="Specific" TENSE="Unspecified">
  <event_argument REFID="CNN_IP_20030410.1600.03-1-E30" ROLE="Person"/>
  <event_argument REFID="CNN_IP_20030410.1600.03-1-E31" ROLE="Origin"/>
  <event_mention ID="CNN_IP_20030410.1600.03-1-EV4-1">
    <extent>
      <charseq START="2378" END="2428">These thieves are trying to flee the German Embassy</charseq>
    </extent>
    <ldc_scope>
      <charseq START="2378" END="2460">These thieves are trying to flee the German Embassy, having been shot at
by a guard</charseq>
    </ldc_scope>
    <anchor>
      <charseq START="2406" END="2409">flee</charseq>
    </anchor>
    <event_mention_argument REFID="CNN_IP_20030410.1600.03-1-E30-53" ROLE="Person">
      <extent>
        <charseq START="2378" END="2390">These thieves</charseq>
      </extent>
    </event_mention_argument>
    <event_mention_argument REFID="CNN_IP_20030410.1600.03-1-E31-54" ROLE="Origin">
      <extent>
        <charseq START="2411" END="2428">the German Embassy</charseq>
      </extent>
    </event_mention_argument>
  </event_mention>
</event>
</document>
</source_file>
