<?xml version="1.0"?>
<!DOCTYPE source_file SYSTEM "apf.v5.1.1.dtd">
<source_file URI="CNN_IP_20030405.1600.01-1.sgm" SOURCE="broadcast conversation" TYPE="text" AUTHOR="LDC" ENCODING="UTF-8">
<document DOCID="CNN_IP_20030405.1600.01-1">
<entity ID="CNN_IP_20030405.1600.01-1-E1" TYPE="GPE" SUBTYPE="Nation" CLASS="SPC">
  <entity_mention ID="CNN_IP_20030405.1600.01-1-E1-10" TYPE="NOM" LDCTYPE="NOMPRE" ROLE="GPE" LDCATR="TRUE">
    <extent>
      <charseq START="714" END="722">coalition</charseq>
    </extent>
    <head>
      <charseq START="714" END="722">coalition</charseq>
    </head>
  </entity_mention>
  <entity_mention ID="CNN_IP_20030405.1600.01-1-E1-17" TYPE="NOM" LDCTYPE="NOMPRE" ROLE="GPE" LDCATR="TRUE">
    <extent>
      <charseq START="809" END="817">coalition</charseq>
    </extent>
    <head>
      <charseq START="809" END="817">coalition</charseq>
    </head>
  </entity_mention>
  <entity_mention ID="CNN_IP_20030405.1600.01-1-E1-35" TYPE="NOM" LDCTYPE="NOMPRE" ROLE="GPE" LDCATR="TRUE">
    <extent>
      <charseq START="1258" END="1266">coalition</charseq>
    </extent>
    <head>
      <charseq START="1258" END="1266">coalition</charseq>
    </head>
  </entity_mention>
  <entity_mention ID="CNN_IP_20030405.1600.01-1-E1-62" TYPE="NOM" LDCTYPE="NOMPRE" ROLE="GPE" LDCATR="TRUE">
    <extent>
      <charseq START="526" END="534">coalition</charseq>
    </extent>
    <head>
      <charseq START="526" END="534">coalition</charseq>
    </head>
  </entity_mention>
</entity>
<entity ID="CNN_IP_20030405.1600.01-1-E2" TYPE="PER" SUBTYPE="Individual" CLASS="SPC">
  <entity_mention ID="CNN_IP_20030405.1600.01-1-E2-2" TYPE="NAM" LDCTYPE="NAM">
    <extent>
      <charseq START="566" END="579">Walter Rodgers</charseq>
    </extent>
    <head>
      <charseq START="566" END="579">Walter Rodgers</charseq>
    </head>
  </entity_mention>
  <entity_attributes>
    <name NAME="Walter Rodgers">
      <charseq START="566" END="579">Walter Rodgers</charseq>
    </name>
  </entity_attributes>
</entity>
<entity ID="CNN_IP_20030405.1600.01-1-E3" TYPE="ORG" SUBTYPE="Government" CLASS="SPC">
  <entity_mention ID="CNN_IP_20030405.1600.01-1-E3-3" TYPE="NAM" LDCTYPE="NAMPRE">
    <extent>
      <charseq START="602" END="605">Army</charseq>
    </extent>
    <head>
      <charseq START="602" END="605">Army</charseq>
    </head>
  </entity_mention>
  <entity_attributes>
    <name NAME="Army">
      <charseq START="602" END="605">Army</charseq>
    </name>
  </entity_attributes>
</entity>
<entity ID="CNN_IP_20030405.1600.01-1-E4" TYPE="PER" SUBTYPE="Group" CLASS="USP">
  <entity_mention ID="CNN_IP_20030405.1600.01-1-E4-4" TYPE="NOM" LDCTYPE="BAR">
    <extent>
      <charseq START="616" END="630">Iraqi officials</charseq>
    </extent>
    <head>
      <charseq START="622" END="630">officials</charseq>
    </head>
  </entity_mention>
</entity>
<entity ID="CNN_IP_20030405.1600.01-1-E5" TYPE="GPE" SUBTYPE="Nation" CLASS="SPC">
  <entity_mention ID="CNN_IP_20030405.1600.01-1-E5-1" TYPE="NAM" LDCTYPE="NAM" ROLE="LOC" LDCATR="TRUE">
    <extent>
      <charseq START="225" END="228">Iraq</charseq>
    </extent>
    <head>
      <charseq START="225" END="228">Iraq</charseq>
    </head>
  </entity_mention>
  <entity_mention ID="CNN_IP_20030405.1600.01-1-E5-5" TYPE="NAM" LDCTYPE="NAMPRE" ROLE="GPE" LDCATR="TRUE">
    <extent>
      <charseq START="616" END="620">Iraqi</charseq>
    </extent>
    <head>
      <charseq START="616" END="620">Iraqi</charseq>
    </head>
  </entity_mention>
  <entity_mention ID="CNN_IP_20030405.1600.01-1-E5-48" TYPE="NAM" LDCTYPE="NAMPRE" ROLE="GPE" LDCATR="TRUE">
    <extent>
      <charseq START="290" END="294">Iraqi</charseq>
    </extent>
    <head>
      <charseq START="290" END="294">Iraqi</charseq>
    </head>
  </entity_mention>
  <entity_mention ID="CNN_IP_20030405.1600.01-1-E5-55" TYPE="NAM" LDCTYPE="NAMPRE" ROLE="GPE" LDCATR="TRUE">
    <extent>
      <charseq START="376" END="380">Iraqi</charseq>
    </extent>
    <head>
      <charseq START="376" END="380">Iraqi</charseq>
    </head>
  </entity_mention>
  <entity_mention ID="CNN_IP_20030405.1600.01-1-E5-57" TYPE="NAM" LDCTYPE="NAM" ROLE="GPE" LDCATR="TRUE">
    <extent>
      <charseq START="410" END="413">Iraq</charseq>
    </extent>
    <head>
      <charseq START="410" END="413">Iraq</charseq>
    </head>
  </entity_mention>
  <entity_attributes>
    <name NAME="Iraqi">
      <charseq START="290" END="294">Iraqi</charseq>
    </name>
    <name NAME="Iraqi">
      <charseq START="376" END="380">Iraqi</charseq>
    </name>
    <name NAME="Iraq">
      <charseq START="410" END="413">Iraq</charseq>
    </name>
    <name NAME="Iraq">
      <charseq START="225" END="228">Iraq</charseq>
    </name>
    <name NAME="Iraqi">
      <charseq START="616" END="620">Iraqi</charseq>
    </name>
  </entity_attributes>
</entity>
<entity ID="CNN_IP_20030405.1600.01-1-E6" TYPE="GPE" SUBTYPE="Nation" CLASS="SPC">
  <entity_mention ID="CNN_IP_20030405.1600.01-1-E6-8" TYPE="NAM" LDCTYPE="NAM" ROLE="GPE" LDCATR="FALSE">
    <extent>
      <charseq START="1088" END="1094">the U.S</charseq>
    </extent>
    <head>
      <charseq START="1092" END="1094">U.S</charseq>
    </head>
  </entity_mention>
  <entity_mention ID="CNN_IP_20030405.1600.01-1-E6-13" TYPE="NAM" LDCTYPE="NAMPRE" ROLE="GPE" LDCATR="TRUE">
    <extent>
      <charseq START="349" END="351">U.S</charseq>
    </extent>
    <head>
      <charseq START="349" END="351">U.S</charseq>
    </head>
  </entity_mention>
  <entity_mention ID="CNN_IP_20030405.1600.01-1-E6-53" TYPE="NAM" LDCTYPE="NAMPRE" ROLE="GPE" LDCATR="TRUE">
    <extent>
      <charseq START="254" END="256">U.S</charseq>
    </extent>
    <head>
      <charseq START="254" END="256">U.S</charseq>
    </head>
  </entity_mention>
  <entity_attributes>
    <name NAME="U.S">
      <charseq START="349" END="351">U.S</charseq>
    </name>
    <name NAME="U.S">
      <charseq START="254" END="256">U.S</charseq>
    </name>
    <name NAME="U.S">
      <charseq START="1092" END="1094">U.S</charseq>
    </name>
  </entity_attributes>
</entity>
<entity ID="CNN_IP_20030405.1600.01-1-E7" TYPE="VEH" SUBTYPE="Land" CLASS="SPC">
  <entity_mention ID="CNN_IP_20030405.1600.01-1-E7-7" TYPE="NOM" LDCTYPE="BAR">
    <extent>
      <charseq START="669" END="684">civilian
convoys</charseq>
    </extent>
    <head>
      <charseq START="678" END="684">convoys</charseq>
    </head>
  </entity_mention>
</entity>
<entity ID="CNN_IP_20030405.1600.01-1-E8" TYPE="PER" SUBTYPE="Individual" CLASS="GEN">
  <entity_mention ID="CNN_IP_20030405.1600.01-1-E8-9" TYPE="NOM" LDCTYPE="NOMPRE">
    <extent>
      <charseq START="669" END="676">civilian</charseq>
    </extent>
    <head>
      <charseq START="669" END="676">civilian</charseq>
    </head>
  </entity_mention>
</entity>
<entity ID="CNN_IP_20030405.1600.01-1-E10" TYPE="PER" SUBTYPE="Individual" CLASS="SPC">
  <entity_mention ID="CNN_IP_20030405.1600.01-1-E10-11" TYPE="NAM" LDCTYPE="NAM" LDCATR="FALSE">
    <extent>
      <charseq START="760" END="799">CNN Pentagon correspondent Barbara Starr</charseq>
    </extent>
    <head>
      <charseq START="787" END="799">Barbara Starr</charseq>
    </head>
  </entity_mention>
  <entity_mention ID="CNN_IP_20030405.1600.01-1-E10-12" TYPE="NOM" LDCTYPE="NOMPRE" LDCATR="TRUE">
    <extent>
      <charseq START="760" END="785">CNN Pentagon correspondent</charseq>
    </extent>
    <head>
      <charseq START="773" END="785">correspondent</charseq>
    </head>
  </entity_mention>
  <entity_mention ID="CNN_IP_20030405.1600.01-1-E10-31" TYPE="NAM" LDCTYPE="NAM" LDCATR="FALSE">
    <extent>
      <charseq START="1163" END="1175">Barbara Starr</charseq>
    </extent>
    <head>
      <charseq START="1163" END="1175">Barbara Starr</charseq>
    </head>
  </entity_mention>
  <entity_attributes>
    <name NAME="Barbara Starr">
      <charseq START="787" END="799">Barbara Starr</charseq>
    </name>
    <name NAME="Barbara Starr">
      <charseq START="1163" END="1175">Barbara Starr</charseq>
    </name>
  </entity_attributes>
</entity>
<entity ID="CNN_IP_20030405.1600.01-1-E13" TYPE="ORG" SUBTYPE="Media" CLASS="SPC">
  <entity_mention ID="CNN_IP_20030405.1600.01-1-E13-15" TYPE="NAM" LDCTYPE="NAMPRE" LDCATR="TRUE">
    <extent>
      <charseq START="760" END="762">CNN</charseq>
    </extent>
    <head>
      <charseq START="760" END="762">CNN</charseq>
    </head>
  </entity_mention>
  <entity_mention ID="CNN_IP_20030405.1600.01-1-E13-22" TYPE="NAM" LDCTYPE="NAM" LDCATR="FALSE">
    <extent>
      <charseq START="932" END="934">CNN</charseq>
    </extent>
    <head>
      <charseq START="932" END="934">CNN</charseq>
    </head>
  </entity_mention>
  <entity_mention ID="CNN_IP_20030405.1600.01-1-E13-38" TYPE="NAM" LDCTYPE="NAM" LDCATR="FALSE">
    <extent>
      <charseq START="1424" END="1426">CNN</charseq>
    </extent>
    <head>
      <charseq START="1424" END="1426">CNN</charseq>
    </head>
  </entity_mention>
  <entity_attributes>
    <name NAME="CNN">
      <charseq START="760" END="762">CNN</charseq>
    </name>
    <name NAME="CNN">
      <charseq START="932" END="934">CNN</charseq>
    </name>
    <name NAME="CNN">
      <charseq START="1424" END="1426">CNN</charseq>
    </name>
  </entity_attributes>
</entity>
<entity ID="CNN_IP_20030405.1600.01-1-E15" TYPE="PER" SUBTYPE="Group" CLASS="SPC">
  <entity_mention ID="CNN_IP_20030405.1600.01-1-E15-16" TYPE="NOM" LDCTYPE="BAR">
    <extent>
      <charseq START="809" END="841">coalition troops entering Baghdad</charseq>
    </extent>
    <head>
      <charseq START="819" END="824">troops</charseq>
    </head>
  </entity_mention>
</entity>
<entity ID="CNN_IP_20030405.1600.01-1-E17" TYPE="PER" SUBTYPE="Group" CLASS="SPC">
  <entity_mention ID="CNN_IP_20030405.1600.01-1-E17-19" TYPE="NOM" LDCTYPE="BAR">
    <extent>
      <charseq START="889" END="898">casualties</charseq>
    </extent>
    <head>
      <charseq START="889" END="898">casualties</charseq>
    </head>
  </entity_mention>
</entity>
<entity ID="CNN_IP_20030405.1600.01-1-E18" TYPE="PER" SUBTYPE="Group" CLASS="SPC">
  <entity_mention ID="CNN_IP_20030405.1600.01-1-E18-20" TYPE="NOM" LDCTYPE="NOM">
    <extent>
      <charseq START="903" END="912">both sides</charseq>
    </extent>
    <head>
      <charseq START="908" END="912">sides</charseq>
    </head>
  </entity_mention>
</entity>
<entity ID="CNN_IP_20030405.1600.01-1-E19" TYPE="PER" SUBTYPE="Individual" CLASS="SPC">
  <entity_mention ID="CNN_IP_20030405.1600.01-1-E19-21" TYPE="NAM" LDCTYPE="NAM">
    <extent>
      <charseq START="932" END="951">CNN's Martin
Savidge</charseq>
    </extent>
    <head>
      <charseq START="938" END="951">Martin
Savidge</charseq>
    </head>
  </entity_mention>
  <entity_attributes>
    <name NAME="Martin Savidge">
      <charseq START="938" END="951">Martin
Savidge</charseq>
    </name>
  </entity_attributes>
</entity>
<entity ID="CNN_IP_20030405.1600.01-1-E20" TYPE="PER" SUBTYPE="Group" CLASS="SPC">
  <entity_mention ID="CNN_IP_20030405.1600.01-1-E20-14" TYPE="NOM" LDCTYPE="NOM">
    <extent>
      <charseq START="1008" END="1015">the unit</charseq>
    </extent>
    <head>
      <charseq START="1012" END="1015">unit</charseq>
    </head>
  </entity_mention>
  <entity_mention ID="CNN_IP_20030405.1600.01-1-E20-23" TYPE="NAM" LDCTYPE="NAM">
    <extent>
      <charseq START="968" END="997">the 1st Battalion, 7th Marines</charseq>
    </extent>
    <head>
      <charseq START="972" END="984">1st Battalion</charseq>
    </head>
  </entity_mention>
  <entity_attributes>
    <name NAME="1st Battalion">
      <charseq START="972" END="984">1st Battalion</charseq>
    </name>
  </entity_attributes>
</entity>
<entity ID="CNN_IP_20030405.1600.01-1-E21" TYPE="PER" SUBTYPE="Group" CLASS="SPC">
  <entity_mention ID="CNN_IP_20030405.1600.01-1-E21-24" TYPE="NAM" LDCTYPE="NAM">
    <extent>
      <charseq START="987" END="997">7th Marines</charseq>
    </extent>
    <head>
      <charseq START="987" END="997">7th Marines</charseq>
    </head>
  </entity_mention>
  <entity_attributes>
    <name NAME="7th Marines">
      <charseq START="987" END="997">7th Marines</charseq>
    </name>
  </entity_attributes>
</entity>
<entity ID="CNN_IP_20030405.1600.01-1-E22" TYPE="GPE" SUBTYPE="Population-Center" CLASS="SPC">
  <entity_mention ID="CNN_IP_20030405.1600.01-1-E22-25" TYPE="NOM" LDCTYPE="NOM" ROLE="LOC">
    <extent>
      <charseq START="1029" END="1068">the extreme southeast suburbs of Baghdad</charseq>
    </extent>
    <head>
      <charseq START="1051" END="1057">suburbs</charseq>
    </head>
  </entity_mention>
</entity>
<entity ID="CNN_IP_20030405.1600.01-1-E23" TYPE="PER" SUBTYPE="Group" CLASS="USP">
  <entity_mention ID="CNN_IP_20030405.1600.01-1-E23-27" TYPE="NOM" LDCTYPE="BAR">
    <extent>
      <charseq START="1081" END="1086">forces</charseq>
    </extent>
    <head>
      <charseq START="1081" END="1086">forces</charseq>
    </head>
  </entity_mention>
</entity>
<entity ID="CNN_IP_20030405.1600.01-1-E24" TYPE="FAC" SUBTYPE="Building-Grounds" CLASS="SPC">
  <entity_mention ID="CNN_IP_20030405.1600.01-1-E24-29" TYPE="NOM" LDCTYPE="NOM">
    <extent>
      <charseq START="1149" END="1160">the
Pentagon</charseq>
    </extent>
    <head>
      <charseq START="1153" END="1160">Pentagon</charseq>
    </head>
  </entity_mention>
</entity>
<entity ID="CNN_IP_20030405.1600.01-1-E25" TYPE="ORG" SUBTYPE="Government" CLASS="SPC">
  <entity_mention ID="CNN_IP_20030405.1600.01-1-E25-30" TYPE="NAM" LDCTYPE="NAMPRE">
    <extent>
      <charseq START="764" END="771">Pentagon</charseq>
    </extent>
    <head>
      <charseq START="764" END="771">Pentagon</charseq>
    </head>
  </entity_mention>
  <entity_attributes>
    <name NAME="Pentagon">
      <charseq START="764" END="771">Pentagon</charseq>
    </name>
  </entity_attributes>
</entity>
<entity ID="CNN_IP_20030405.1600.01-1-E27" TYPE="PER" SUBTYPE="Group" CLASS="USP">
  <entity_mention ID="CNN_IP_20030405.1600.01-1-E27-32" TYPE="NOM" LDCTYPE="BAR">
    <extent>
      <charseq START="1185" END="1193">officials</charseq>
    </extent>
    <head>
      <charseq START="1185" END="1193">officials</charseq>
    </head>
  </entity_mention>
</entity>
<entity ID="CNN_IP_20030405.1600.01-1-E28" TYPE="ORG" SUBTYPE="Government" CLASS="SPC">
  <entity_mention ID="CNN_IP_20030405.1600.01-1-E28-34" TYPE="NAM" LDCTYPE="NAM">
    <extent>
      <charseq START="1254" END="1276">The coalition air force</charseq>
    </extent>
    <head>
      <charseq START="1268" END="1276">air force</charseq>
    </head>
  </entity_mention>
  <entity_attributes>
    <name NAME="air force">
      <charseq START="1268" END="1276">air force</charseq>
    </name>
  </entity_attributes>
</entity>
<entity ID="CNN_IP_20030405.1600.01-1-E30" TYPE="PER" SUBTYPE="Individual" CLASS="SPC">
  <entity_mention ID="CNN_IP_20030405.1600.01-1-E30-37" TYPE="NAM" LDCTYPE="NAM">
    <extent>
      <charseq START="1424" END="1441">CNN's Wolf Blitzer</charseq>
    </extent>
    <head>
      <charseq START="1430" END="1441">Wolf Blitzer</charseq>
    </head>
  </entity_mention>
  <entity_attributes>
    <name NAME="Wolf Blitzer">
      <charseq START="1430" END="1441">Wolf Blitzer</charseq>
    </name>
  </entity_attributes>
</entity>
<entity ID="CNN_IP_20030405.1600.01-1-E31" TYPE="PER" SUBTYPE="Individual" CLASS="SPC">
  <entity_mention ID="CNN_IP_20030405.1600.01-1-E31-39" TYPE="NOM" LDCTYPE="NOM">
    <extent>
      <charseq START="1464" END="1476">an eyewitness</charseq>
    </extent>
    <head>
      <charseq START="1467" END="1476">eyewitness</charseq>
    </head>
  </entity_mention>
</entity>
<entity ID="CNN_IP_20030405.1600.01-1-E32" TYPE="WEA" SUBTYPE="Exploding" CLASS="SPC">
  <entity_mention ID="CNN_IP_20030405.1600.01-1-E32-40" TYPE="NOM" LDCTYPE="NOM">
    <extent>
      <charseq START="1479" END="1484">a bomb</charseq>
    </extent>
    <head>
      <charseq START="1481" END="1484">bomb</charseq>
    </head>
  </entity_mention>
</entity>
<entity ID="CNN_IP_20030405.1600.01-1-E33" TYPE="LOC" SUBTYPE="Region-General" CLASS="SPC">
  <entity_mention ID="CNN_IP_20030405.1600.01-1-E33-41" TYPE="NOM" LDCTYPE="NOM">
    <extent>
      <charseq START="1494" END="1508">central Baghdad</charseq>
    </extent>
    <head>
      <charseq START="1502" END="1508">Baghdad</charseq>
    </head>
  </entity_mention>
</entity>
<entity ID="CNN_IP_20030405.1600.01-1-E34" TYPE="FAC" SUBTYPE="Building-Grounds" CLASS="SPC">
  <entity_mention ID="CNN_IP_20030405.1600.01-1-E34-42" TYPE="NAM" LDCTYPE="NAM" LDCATR="FALSE">
    <extent>
      <charseq START="1541" END="1559">the Palestine Hotel</charseq>
    </extent>
    <head>
      <charseq START="1545" END="1559">Palestine Hotel</charseq>
    </head>
  </entity_mention>
  <entity_mention ID="CNN_IP_20030405.1600.01-1-E34-43" TYPE="NAM" LDCTYPE="NAM" LDCATR="FALSE">
    <extent>
      <charseq START="1562" END="1580">The Palestine Hotel</charseq>
    </extent>
    <head>
      <charseq START="1566" END="1580">Palestine Hotel</charseq>
    </head>
  </entity_mention>
  <entity_mention ID="CNN_IP_20030405.1600.01-1-E34-44" TYPE="PRO" LDCTYPE="WHQ" LDCATR="TRUE">
    <extent>
      <charseq START="1585" END="1636">where
much of the international press corps is based</charseq>
    </extent>
    <head>
      <charseq START="1585" END="1589">where</charseq>
    </head>
  </entity_mention>
  <entity_attributes>
    <name NAME="Palestine Hotel">
      <charseq START="1545" END="1559">Palestine Hotel</charseq>
    </name>
    <name NAME="Palestine Hotel">
      <charseq START="1566" END="1580">Palestine Hotel</charseq>
    </name>
  </entity_attributes>
</entity>
<entity ID="CNN_IP_20030405.1600.01-1-E36" TYPE="PER" SUBTYPE="Group" CLASS="USP">
  <entity_mention ID="CNN_IP_20030405.1600.01-1-E36-45" TYPE="NOM" LDCTYPE="NOM">
    <extent>
      <charseq START="1599" END="1627">the international press corps</charseq>
    </extent>
    <head>
      <charseq START="1623" END="1627">corps</charseq>
    </head>
  </entity_mention>
</entity>
<entity ID="CNN_IP_20030405.1600.01-1-E37" TYPE="ORG" SUBTYPE="Media" CLASS="USP">
  <entity_mention ID="CNN_IP_20030405.1600.01-1-E37-46" TYPE="NOM" LDCTYPE="NOMPRE">
    <extent>
      <charseq START="1603" END="1621">international press</charseq>
    </extent>
    <head>
      <charseq START="1617" END="1621">press</charseq>
    </head>
  </entity_mention>
</entity>
<entity ID="CNN_IP_20030405.1600.01-1-E38" TYPE="VEH" SUBTYPE="Air" CLASS="USP">
  <entity_mention ID="CNN_IP_20030405.1600.01-1-E38-47" TYPE="NOM" LDCTYPE="NOM">
    <extent>
      <charseq START="1299" END="1322">urban combat air support</charseq>
    </extent>
    <head>
      <charseq START="1316" END="1322">support</charseq>
    </head>
  </entity_mention>
</entity>
<entity ID="CNN_IP_20030405.1600.01-1-E40" TYPE="ORG" SUBTYPE="Government" CLASS="SPC">
  <entity_mention ID="CNN_IP_20030405.1600.01-1-E40-49" TYPE="PRO" LDCTYPE="PRO">
    <extent>
      <charseq START="234" END="236">its</charseq>
    </extent>
    <head>
      <charseq START="234" END="236">its</charseq>
    </head>
  </entity_mention>
</entity>
<entity ID="CNN_IP_20030405.1600.01-1-E41" TYPE="ORG" SUBTYPE="Government" CLASS="SPC">
  <entity_mention ID="CNN_IP_20030405.1600.01-1-E41-50" TYPE="NAM" LDCTYPE="NAM">
    <extent>
      <charseq START="254" END="273">U.S.
Central Command</charseq>
    </extent>
    <head>
      <charseq START="259" END="273">Central Command</charseq>
    </head>
  </entity_mention>
  <entity_attributes>
    <name NAME="Central Command">
      <charseq START="259" END="273">Central Command</charseq>
    </name>
  </entity_attributes>
</entity>
<entity ID="CNN_IP_20030405.1600.01-1-E43" TYPE="GPE" SUBTYPE="Population-Center" CLASS="SPC">
  <entity_mention ID="CNN_IP_20030405.1600.01-1-E43-6" TYPE="NAM" LDCTYPE="NAM" ROLE="LOC">
    <extent>
      <charseq START="644" END="650">Baghdad</charseq>
    </extent>
    <head>
      <charseq START="644" END="650">Baghdad</charseq>
    </head>
  </entity_mention>
  <entity_mention ID="CNN_IP_20030405.1600.01-1-E43-18" TYPE="NAM" LDCTYPE="NAM" ROLE="LOC">
    <extent>
      <charseq START="835" END="841">Baghdad</charseq>
    </extent>
    <head>
      <charseq START="835" END="841">Baghdad</charseq>
    </head>
  </entity_mention>
  <entity_mention ID="CNN_IP_20030405.1600.01-1-E43-26" TYPE="NAM" LDCTYPE="NAM" ROLE="GPE">
    <extent>
      <charseq START="1062" END="1068">Baghdad</charseq>
    </extent>
    <head>
      <charseq START="1062" END="1068">Baghdad</charseq>
    </head>
  </entity_mention>
  <entity_mention ID="CNN_IP_20030405.1600.01-1-E43-28" TYPE="NOM" LDCTYPE="NOM" ROLE="LOC">
    <extent>
      <charseq START="1115" END="1122">the city</charseq>
    </extent>
    <head>
      <charseq START="1119" END="1122">city</charseq>
    </head>
  </entity_mention>
  <entity_mention ID="CNN_IP_20030405.1600.01-1-E43-33" TYPE="NAM" LDCTYPE="NAM" ROLE="LOC">
    <extent>
      <charseq START="1245" END="1251">Baghdad</charseq>
    </extent>
    <head>
      <charseq START="1245" END="1251">Baghdad</charseq>
    </head>
  </entity_mention>
  <entity_mention ID="CNN_IP_20030405.1600.01-1-E43-36" TYPE="NOM" LDCTYPE="NOM" ROLE="LOC">
    <extent>
      <charseq START="1329" END="1336">the city</charseq>
    </extent>
    <head>
      <charseq START="1333" END="1336">city</charseq>
    </head>
  </entity_mention>
  <entity_mention ID="CNN_IP_20030405.1600.01-1-E43-51" TYPE="NAM" LDCTYPE="NAM" ROLE="LOC">
    <extent>
      <charseq START="328" END="334">Baghdad</charseq>
    </extent>
    <head>
      <charseq START="328" END="334">Baghdad</charseq>
    </head>
  </entity_mention>
  <entity_mention ID="CNN_IP_20030405.1600.01-1-E43-54" TYPE="NOM" LDCTYPE="NOM" ROLE="LOC">
    <extent>
      <charseq START="372" END="388">the Iraqi capital</charseq>
    </extent>
    <head>
      <charseq START="382" END="388">capital</charseq>
    </head>
  </entity_mention>
  <entity_attributes>
    <name NAME="Baghdad">
      <charseq START="835" END="841">Baghdad</charseq>
    </name>
    <name NAME="Baghdad">
      <charseq START="1062" END="1068">Baghdad</charseq>
    </name>
    <name NAME="Baghdad">
      <charseq START="1245" END="1251">Baghdad</charseq>
    </name>
    <name NAME="Baghdad">
      <charseq START="328" END="334">Baghdad</charseq>
    </name>
    <name NAME="Baghdad">
      <charseq START="644" END="650">Baghdad</charseq>
    </name>
  </entity_attributes>
</entity>
<entity ID="CNN_IP_20030405.1600.01-1-E44" TYPE="PER" SUBTYPE="Group" CLASS="USP">
  <entity_mention ID="CNN_IP_20030405.1600.01-1-E44-52" TYPE="NOM" LDCTYPE="BAR">
    <extent>
      <charseq START="349" END="359">U.S. forces</charseq>
    </extent>
    <head>
      <charseq START="354" END="359">forces</charseq>
    </head>
  </entity_mention>
</entity>
<entity ID="CNN_IP_20030405.1600.01-1-E46" TYPE="PER" SUBTYPE="Individual" CLASS="SPC">
  <entity_mention ID="CNN_IP_20030405.1600.01-1-E46-56" TYPE="NOM" LDCTYPE="NOM">
    <extent>
      <charseq START="410" END="436">Iraq's information minister</charseq>
    </extent>
    <head>
      <charseq START="429" END="436">minister</charseq>
    </head>
  </entity_mention>
  <entity_mention ID="CNN_IP_20030405.1600.01-1-E46-58" TYPE="PRO" LDCTYPE="PRO">
    <extent>
      <charseq START="454" END="455">he</charseq>
    </extent>
    <head>
      <charseq START="454" END="455">he</charseq>
    </head>
  </entity_mention>
</entity>
<entity ID="CNN_IP_20030405.1600.01-1-E47" TYPE="PER" SUBTYPE="Individual" CLASS="SPC">
  <entity_mention ID="CNN_IP_20030405.1600.01-1-E47-59" TYPE="NAM" LDCTYPE="NAM">
    <extent>
      <charseq START="470" END="483">Saddam Hussein</charseq>
    </extent>
    <head>
      <charseq START="470" END="483">Saddam Hussein</charseq>
    </head>
  </entity_mention>
  <entity_attributes>
    <name NAME="Saddam Hussein">
      <charseq START="470" END="483">Saddam Hussein</charseq>
    </name>
  </entity_attributes>
</entity>
<entity ID="CNN_IP_20030405.1600.01-1-E48" TYPE="PER" SUBTYPE="Group" CLASS="USP">
  <entity_mention ID="CNN_IP_20030405.1600.01-1-E48-60" TYPE="NOM" LDCTYPE="BAR">
    <extent>
      <charseq START="492" END="497">Iraqis</charseq>
    </extent>
    <head>
      <charseq START="492" END="497">Iraqis</charseq>
    </head>
  </entity_mention>
</entity>
<entity ID="CNN_IP_20030405.1600.01-1-E49" TYPE="PER" SUBTYPE="Group" CLASS="USP">
  <entity_mention ID="CNN_IP_20030405.1600.01-1-E49-61" TYPE="NOM" LDCTYPE="BAR">
    <extent>
      <charseq START="526" END="541">coalition
forces</charseq>
    </extent>
    <head>
      <charseq START="536" END="541">forces</charseq>
    </head>
  </entity_mention>
</entity>
<timex2 ID="CNN_IP_20030405.1600.01-1-T1">
  <timex2_mention ID="CNN_IP_20030405.1600.01-1-T1-1">
    <extent>
      <charseq START="38" END="62">2003-04-05T16:00:00-05:00</charseq>
    </extent>
  </timex2_mention>
</timex2>
<timex2 ID="CNN_IP_20030405.1600.01-1-T2">
  <timex2_mention ID="CNN_IP_20030405.1600.01-1-T2-1">
    <extent>
      <charseq START="185" END="219">Seven-eleven a.m. Eastern, 4:11 p.m</charseq>
    </extent>
  </timex2_mention>
</timex2>
<timex2 ID="CNN_IP_20030405.1600.01-1-T3">
  <timex2_mention ID="CNN_IP_20030405.1600.01-1-T3-1">
    <extent>
      <charseq START="185" END="209">Seven-eleven a.m. Eastern</charseq>
    </extent>
  </timex2_mention>
</timex2>
<timex2 ID="CNN_IP_20030405.1600.01-1-T4">
  <timex2_mention ID="CNN_IP_20030405.1600.01-1-T4-1">
    <extent>
      <charseq START="212" END="219">4:11 p.m</charseq>
    </extent>
  </timex2_mention>
</timex2>
<timex2 ID="CNN_IP_20030405.1600.01-1-T5">
  <timex2_mention ID="CNN_IP_20030405.1600.01-1-T5-1">
    <extent>
      <charseq START="391" END="407">Eight-fifteen a.m</charseq>
    </extent>
  </timex2_mention>
</timex2>
<timex2 ID="CNN_IP_20030405.1600.01-1-T6">
  <timex2_mention ID="CNN_IP_20030405.1600.01-1-T6-1">
    <extent>
      <charseq START="544" END="563">Eight-thirty-six a.m</charseq>
    </extent>
  </timex2_mention>
</timex2>
<timex2 ID="CNN_IP_20030405.1600.01-1-T7">
  <timex2_mention ID="CNN_IP_20030405.1600.01-1-T7-1">
    <extent>
      <charseq START="737" END="757">Eight-forty-three a.m</charseq>
    </extent>
  </timex2_mention>
</timex2>
<timex2 ID="CNN_IP_20030405.1600.01-1-T8">
  <timex2_mention ID="CNN_IP_20030405.1600.01-1-T8-1">
    <extent>
      <charseq START="915" END="929">Nine-oh-six a.m</charseq>
    </extent>
  </timex2_mention>
</timex2>
<timex2 ID="CNN_IP_20030405.1600.01-1-T9">
  <timex2_mention ID="CNN_IP_20030405.1600.01-1-T9-1">
    <extent>
      <charseq START="1125" END="1143">Twelve-thirteen p.m</charseq>
    </extent>
  </timex2_mention>
</timex2>
<timex2 ID="CNN_IP_20030405.1600.01-1-T10">
  <timex2_mention ID="CNN_IP_20030405.1600.01-1-T10-1">
    <extent>
      <charseq START="1102" END="1104">now</charseq>
    </extent>
  </timex2_mention>
</timex2>
<timex2 ID="CNN_IP_20030405.1600.01-1-T11">
  <timex2_mention ID="CNN_IP_20030405.1600.01-1-T11-1">
    <extent>
      <charseq START="1199" END="1203">today</charseq>
    </extent>
  </timex2_mention>
</timex2>
<timex2 ID="CNN_IP_20030405.1600.01-1-T12">
  <timex2_mention ID="CNN_IP_20030405.1600.01-1-T12-1">
    <extent>
      <charseq START="1214" END="1216">new</charseq>
    </extent>
  </timex2_mention>
</timex2>
<timex2 ID="CNN_IP_20030405.1600.01-1-T13">
  <timex2_mention ID="CNN_IP_20030405.1600.01-1-T13-1">
    <extent>
      <charseq START="1339" END="1341">Now</charseq>
    </extent>
  </timex2_mention>
</timex2>
<timex2 ID="CNN_IP_20030405.1600.01-1-T14">
  <timex2_mention ID="CNN_IP_20030405.1600.01-1-T14-1">
    <extent>
      <charseq START="1401" END="1421">Twelve-twenty-one p.m</charseq>
    </extent>
  </timex2_mention>
</timex2>
<timex2 ID="CNN_IP_20030405.1600.01-1-T15">
  <timex2_mention ID="CNN_IP_20030405.1600.01-1-T15-1">
    <extent>
      <charseq START="238" END="242">daily</charseq>
    </extent>
  </timex2_mention>
</timex2>
<relation ID="CNN_IP_20030405.1600.01-1-R1" TYPE="PART-WHOLE" SUBTYPE="Subsidiary" TENSE="Unspecified" MODALITY="Asserted">
  <relation_argument REFID="CNN_IP_20030405.1600.01-1-E41" ROLE="Arg-1"/>
  <relation_argument REFID="CNN_IP_20030405.1600.01-1-E6" ROLE="Arg-2"/>
  <relation_mention ID="CNN_IP_20030405.1600.01-1-R1-1" LEXICALCONDITION="PreMod">
    <extent>
      <charseq START="254" END="273">U.S.
Central Command</charseq>
    </extent>
    <relation_mention_argument REFID="CNN_IP_20030405.1600.01-1-E41-50" ROLE="Arg-1">
      <extent>
        <charseq START="254" END="273">U.S.
Central Command</charseq>
      </extent>
    </relation_mention_argument>
    <relation_mention_argument REFID="CNN_IP_20030405.1600.01-1-E6-53" ROLE="Arg-2">
      <extent>
        <charseq START="254" END="256">U.S</charseq>
      </extent>
    </relation_mention_argument>
  </relation_mention>
</relation>
<relation ID="CNN_IP_20030405.1600.01-1-R2" TYPE="ORG-AFF" SUBTYPE="Employment" TENSE="Unspecified" MODALITY="Asserted">
  <relation_argument REFID="CNN_IP_20030405.1600.01-1-E44" ROLE="Arg-1"/>
  <relation_argument REFID="CNN_IP_20030405.1600.01-1-E6" ROLE="Arg-2"/>
  <relation_mention ID="CNN_IP_20030405.1600.01-1-R2-1" LEXICALCONDITION="PreMod">
    <extent>
      <charseq START="349" END="359">U.S. forces</charseq>
    </extent>
    <relation_mention_argument REFID="CNN_IP_20030405.1600.01-1-E44-52" ROLE="Arg-1">
      <extent>
        <charseq START="349" END="359">U.S. forces</charseq>
      </extent>
    </relation_mention_argument>
    <relation_mention_argument REFID="CNN_IP_20030405.1600.01-1-E6-13" ROLE="Arg-2">
      <extent>
        <charseq START="349" END="351">U.S</charseq>
      </extent>
    </relation_mention_argument>
  </relation_mention>
</relation>
<relation ID="CNN_IP_20030405.1600.01-1-R3" TYPE="PHYS" SUBTYPE="Located" TENSE="Present" MODALITY="Asserted">
  <relation_argument REFID="CNN_IP_20030405.1600.01-1-E20" ROLE="Arg-1"/>
  <relation_argument REFID="CNN_IP_20030405.1600.01-1-E22" ROLE="Arg-2"/>
  <relation_mention ID="CNN_IP_20030405.1600.01-1-R3-1" LEXICALCONDITION="Verbal">
    <extent>
      <charseq START="932" END="1122">CNN's Martin
Savidge, embedded with the 1st Battalion, 7th Marines, reports the unit
has reached the extreme southeast suburbs of Baghdad, adding to forces
the U.S. says now encircle the city</charseq>
    </extent>
    <relation_mention_argument REFID="CNN_IP_20030405.1600.01-1-E20-23" ROLE="Arg-1">
      <extent>
        <charseq START="968" END="997">the 1st Battalion, 7th Marines</charseq>
      </extent>
    </relation_mention_argument>
    <relation_mention_argument REFID="CNN_IP_20030405.1600.01-1-E22-25" ROLE="Arg-2">
      <extent>
        <charseq START="1029" END="1068">the extreme southeast suburbs of Baghdad</charseq>
      </extent>
    </relation_mention_argument>
  </relation_mention>
</relation>
<relation ID="CNN_IP_20030405.1600.01-1-R4" TYPE="METONYMY">
  <relation_argument REFID="CNN_IP_20030405.1600.01-1-E24" ROLE="Arg-1"/>
  <relation_argument REFID="CNN_IP_20030405.1600.01-1-E25" ROLE="Arg-2"/>
</relation>
<relation ID="CNN_IP_20030405.1600.01-1-R5" TYPE="PHYS" SUBTYPE="Near" TENSE="Present" MODALITY="Asserted">
  <relation_argument REFID="CNN_IP_20030405.1600.01-1-E23" ROLE="Arg-1"/>
  <relation_argument REFID="CNN_IP_20030405.1600.01-1-E43" ROLE="Arg-2"/>
  <relation_mention ID="CNN_IP_20030405.1600.01-1-R5-1" LEXICALCONDITION="Verbal">
    <extent>
      <charseq START="932" END="1122">CNN's Martin
Savidge, embedded with the 1st Battalion, 7th Marines, reports the unit
has reached the extreme southeast suburbs of Baghdad, adding to forces
the U.S. says now encircle the city</charseq>
    </extent>
    <relation_mention_argument REFID="CNN_IP_20030405.1600.01-1-E23-27" ROLE="Arg-1">
      <extent>
        <charseq START="1081" END="1086">forces</charseq>
      </extent>
    </relation_mention_argument>
    <relation_mention_argument REFID="CNN_IP_20030405.1600.01-1-E43-28" ROLE="Arg-2">
      <extent>
        <charseq START="1115" END="1122">the city</charseq>
      </extent>
    </relation_mention_argument>
  </relation_mention>
</relation>
<relation ID="CNN_IP_20030405.1600.01-1-R6" TYPE="PHYS" SUBTYPE="Located" TENSE="Present" MODALITY="Asserted">
  <relation_argument REFID="CNN_IP_20030405.1600.01-1-E19" ROLE="Arg-1"/>
  <relation_argument REFID="CNN_IP_20030405.1600.01-1-E22" ROLE="Arg-2"/>
  <relation_mention ID="CNN_IP_20030405.1600.01-1-R6-1" LEXICALCONDITION="Verbal">
    <extent>
      <charseq START="932" END="1122">CNN's Martin
Savidge, embedded with the 1st Battalion, 7th Marines, reports the unit
has reached the extreme southeast suburbs of Baghdad, adding to forces
the U.S. says now encircle the city</charseq>
    </extent>
    <relation_mention_argument REFID="CNN_IP_20030405.1600.01-1-E19-21" ROLE="Arg-1">
      <extent>
        <charseq START="932" END="951">CNN's Martin
Savidge</charseq>
      </extent>
    </relation_mention_argument>
    <relation_mention_argument REFID="CNN_IP_20030405.1600.01-1-E22-25" ROLE="Arg-2">
      <extent>
        <charseq START="1029" END="1068">the extreme southeast suburbs of Baghdad</charseq>
      </extent>
    </relation_mention_argument>
  </relation_mention>
</relation>
<relation ID="CNN_IP_20030405.1600.01-1-R7" TYPE="PART-WHOLE" SUBTYPE="Geographical" TENSE="Unspecified" MODALITY="Asserted">
  <relation_argument REFID="CNN_IP_20030405.1600.01-1-E43" ROLE="Arg-1"/>
  <relation_argument REFID="CNN_IP_20030405.1600.01-1-E5" ROLE="Arg-2"/>
  <relation_mention ID="CNN_IP_20030405.1600.01-1-R7-1" LEXICALCONDITION="PreMod">
    <extent>
      <charseq START="372" END="388">the Iraqi capital</charseq>
    </extent>
    <relation_mention_argument REFID="CNN_IP_20030405.1600.01-1-E43-54" ROLE="Arg-1">
      <extent>
        <charseq START="372" END="388">the Iraqi capital</charseq>
      </extent>
    </relation_mention_argument>
    <relation_mention_argument REFID="CNN_IP_20030405.1600.01-1-E5-55" ROLE="Arg-2">
      <extent>
        <charseq START="376" END="380">Iraqi</charseq>
      </extent>
    </relation_mention_argument>
  </relation_mention>
</relation>
<relation ID="CNN_IP_20030405.1600.01-1-R8" TYPE="PHYS" SUBTYPE="Located" TENSE="Present" MODALITY="Asserted">
  <relation_argument REFID="CNN_IP_20030405.1600.01-1-E44" ROLE="Arg-1"/>
  <relation_argument REFID="CNN_IP_20030405.1600.01-1-E43" ROLE="Arg-2"/>
  <relation_mention ID="CNN_IP_20030405.1600.01-1-R8-1" LEXICALCONDITION="Verbal">
    <extent>
      <charseq START="231" END="388">At its daily briefing, U.S.
Central Command says Operation Iraqi Freedom is far from finished in
Baghdad, even though U.S. forces are inside the Iraqi capital</charseq>
    </extent>
    <relation_mention_argument REFID="CNN_IP_20030405.1600.01-1-E44-52" ROLE="Arg-1">
      <extent>
        <charseq START="349" END="359">U.S. forces</charseq>
      </extent>
    </relation_mention_argument>
    <relation_mention_argument REFID="CNN_IP_20030405.1600.01-1-E43-54" ROLE="Arg-2">
      <extent>
        <charseq START="372" END="388">the Iraqi capital</charseq>
      </extent>
    </relation_mention_argument>
  </relation_mention>
</relation>
<relation ID="CNN_IP_20030405.1600.01-1-R9" TYPE="ORG-AFF" SUBTYPE="Employment" TENSE="Unspecified" MODALITY="Asserted">
  <relation_argument REFID="CNN_IP_20030405.1600.01-1-E46" ROLE="Arg-1"/>
  <relation_argument REFID="CNN_IP_20030405.1600.01-1-E5" ROLE="Arg-2"/>
  <relation_mention ID="CNN_IP_20030405.1600.01-1-R9-1" LEXICALCONDITION="Possessive">
    <extent>
      <charseq START="410" END="436">Iraq's information minister</charseq>
    </extent>
    <relation_mention_argument REFID="CNN_IP_20030405.1600.01-1-E46-56" ROLE="Arg-1">
      <extent>
        <charseq START="410" END="436">Iraq's information minister</charseq>
      </extent>
    </relation_mention_argument>
    <relation_mention_argument REFID="CNN_IP_20030405.1600.01-1-E5-57" ROLE="Arg-2">
      <extent>
        <charseq START="410" END="413">Iraq</charseq>
      </extent>
    </relation_mention_argument>
  </relation_mention>
</relation>
<relation ID="CNN_IP_20030405.1600.01-1-R10" TYPE="ORG-AFF" SUBTYPE="Employment" TENSE="Unspecified" MODALITY="Asserted">
  <relation_argument REFID="CNN_IP_20030405.1600.01-1-E49" ROLE="Arg-1"/>
  <relation_argument REFID="CNN_IP_20030405.1600.01-1-E1" ROLE="Arg-2"/>
  <relation_mention ID="CNN_IP_20030405.1600.01-1-R10-1" LEXICALCONDITION="PreMod">
    <extent>
      <charseq START="526" END="541">coalition
forces</charseq>
    </extent>
    <relation_mention_argument REFID="CNN_IP_20030405.1600.01-1-E49-61" ROLE="Arg-1">
      <extent>
        <charseq START="526" END="541">coalition
forces</charseq>
      </extent>
    </relation_mention_argument>
    <relation_mention_argument REFID="CNN_IP_20030405.1600.01-1-E1-62" ROLE="Arg-2">
      <extent>
        <charseq START="526" END="534">coalition</charseq>
      </extent>
    </relation_mention_argument>
  </relation_mention>
</relation>
<relation ID="CNN_IP_20030405.1600.01-1-R11" TYPE="ORG-AFF" SUBTYPE="Employment" TENSE="Unspecified" MODALITY="Asserted">
  <relation_argument REFID="CNN_IP_20030405.1600.01-1-E4" ROLE="Arg-1"/>
  <relation_argument REFID="CNN_IP_20030405.1600.01-1-E5" ROLE="Arg-2"/>
  <relation_mention ID="CNN_IP_20030405.1600.01-1-R11-1" LEXICALCONDITION="PreMod">
    <extent>
      <charseq START="616" END="630">Iraqi officials</charseq>
    </extent>
    <relation_mention_argument REFID="CNN_IP_20030405.1600.01-1-E4-4" ROLE="Arg-1">
      <extent>
        <charseq START="616" END="630">Iraqi officials</charseq>
      </extent>
    </relation_mention_argument>
    <relation_mention_argument REFID="CNN_IP_20030405.1600.01-1-E5-5" ROLE="Arg-2">
      <extent>
        <charseq START="616" END="620">Iraqi</charseq>
      </extent>
    </relation_mention_argument>
  </relation_mention>
</relation>
<relation ID="CNN_IP_20030405.1600.01-1-R12" TYPE="ART" SUBTYPE="User-Owner-Inventor-Manufacturer" TENSE="Unspecified" MODALITY="Other">
  <relation_argument REFID="CNN_IP_20030405.1600.01-1-E4" ROLE="Arg-1"/>
  <relation_argument REFID="CNN_IP_20030405.1600.01-1-E7" ROLE="Arg-2"/>
  <relation_mention ID="CNN_IP_20030405.1600.01-1-R12-1" LEXICALCONDITION="Verbal">
    <extent>
      <charseq START="566" END="734">Walter Rodgers reports according to Army
sources, Iraqi officials are fleeing Baghdad in droves, using civilian
convoys top avoid being targeted by coalition air strikes</charseq>
    </extent>
    <relation_mention_argument REFID="CNN_IP_20030405.1600.01-1-E4-4" ROLE="Arg-1">
      <extent>
        <charseq START="616" END="630">Iraqi officials</charseq>
      </extent>
    </relation_mention_argument>
    <relation_mention_argument REFID="CNN_IP_20030405.1600.01-1-E7-7" ROLE="Arg-2">
      <extent>
        <charseq START="669" END="684">civilian
convoys</charseq>
      </extent>
    </relation_mention_argument>
  </relation_mention>
</relation>
<relation ID="CNN_IP_20030405.1600.01-1-R13" TYPE="PHYS" SUBTYPE="Located" TENSE="Unspecified" MODALITY="Other">
  <relation_argument REFID="CNN_IP_20030405.1600.01-1-E4" ROLE="Arg-1"/>
  <relation_argument REFID="CNN_IP_20030405.1600.01-1-E43" ROLE="Arg-2"/>
  <relation_mention ID="CNN_IP_20030405.1600.01-1-R13-1" LEXICALCONDITION="Verbal">
    <extent>
      <charseq START="566" END="734">Walter Rodgers reports according to Army
sources, Iraqi officials are fleeing Baghdad in droves, using civilian
convoys top avoid being targeted by coalition air strikes</charseq>
    </extent>
    <relation_mention_argument REFID="CNN_IP_20030405.1600.01-1-E4-4" ROLE="Arg-1">
      <extent>
        <charseq START="616" END="630">Iraqi officials</charseq>
      </extent>
    </relation_mention_argument>
    <relation_mention_argument REFID="CNN_IP_20030405.1600.01-1-E43-6" ROLE="Arg-2">
      <extent>
        <charseq START="644" END="650">Baghdad</charseq>
      </extent>
    </relation_mention_argument>
  </relation_mention>
</relation>
<relation ID="CNN_IP_20030405.1600.01-1-R14" TYPE="ART" SUBTYPE="User-Owner-Inventor-Manufacturer" TENSE="Unspecified" MODALITY="Asserted">
  <relation_argument REFID="CNN_IP_20030405.1600.01-1-E8" ROLE="Arg-1"/>
  <relation_argument REFID="CNN_IP_20030405.1600.01-1-E7" ROLE="Arg-2"/>
  <relation_mention ID="CNN_IP_20030405.1600.01-1-R14-1" LEXICALCONDITION="PreMod">
    <extent>
      <charseq START="669" END="684">civilian
convoys</charseq>
    </extent>
    <relation_mention_argument REFID="CNN_IP_20030405.1600.01-1-E8-9" ROLE="Arg-1">
      <extent>
        <charseq START="669" END="676">civilian</charseq>
      </extent>
    </relation_mention_argument>
    <relation_mention_argument REFID="CNN_IP_20030405.1600.01-1-E7-7" ROLE="Arg-2">
      <extent>
        <charseq START="669" END="684">civilian
convoys</charseq>
      </extent>
    </relation_mention_argument>
  </relation_mention>
</relation>
<relation ID="CNN_IP_20030405.1600.01-1-R15" TYPE="ORG-AFF" SUBTYPE="Employment" TENSE="Unspecified" MODALITY="Asserted">
  <relation_argument REFID="CNN_IP_20030405.1600.01-1-E10" ROLE="Arg-1"/>
  <relation_argument REFID="CNN_IP_20030405.1600.01-1-E13" ROLE="Arg-2"/>
  <relation_mention ID="CNN_IP_20030405.1600.01-1-R15-1" LEXICALCONDITION="PreMod">
    <extent>
      <charseq START="760" END="785">CNN Pentagon correspondent</charseq>
    </extent>
    <relation_mention_argument REFID="CNN_IP_20030405.1600.01-1-E10-12" ROLE="Arg-1">
      <extent>
        <charseq START="760" END="785">CNN Pentagon correspondent</charseq>
      </extent>
    </relation_mention_argument>
    <relation_mention_argument REFID="CNN_IP_20030405.1600.01-1-E13-15" ROLE="Arg-2">
      <extent>
        <charseq START="760" END="762">CNN</charseq>
      </extent>
    </relation_mention_argument>
  </relation_mention>
</relation>
<relation ID="CNN_IP_20030405.1600.01-1-R16" TYPE="ORG-AFF" SUBTYPE="Employment" TENSE="Unspecified" MODALITY="Asserted">
  <relation_argument REFID="CNN_IP_20030405.1600.01-1-E15" ROLE="Arg-1"/>
  <relation_argument REFID="CNN_IP_20030405.1600.01-1-E1" ROLE="Arg-2"/>
  <relation_mention ID="CNN_IP_20030405.1600.01-1-R16-1" LEXICALCONDITION="PreMod">
    <extent>
      <charseq START="809" END="841">coalition troops entering Baghdad</charseq>
    </extent>
    <relation_mention_argument REFID="CNN_IP_20030405.1600.01-1-E15-16" ROLE="Arg-1">
      <extent>
        <charseq START="809" END="841">coalition troops entering Baghdad</charseq>
      </extent>
    </relation_mention_argument>
    <relation_mention_argument REFID="CNN_IP_20030405.1600.01-1-E1-17" ROLE="Arg-2">
      <extent>
        <charseq START="809" END="817">coalition</charseq>
      </extent>
    </relation_mention_argument>
  </relation_mention>
</relation>
<relation ID="CNN_IP_20030405.1600.01-1-R17" TYPE="PHYS" SUBTYPE="Located" TENSE="Unspecified" MODALITY="Other">
  <relation_argument REFID="CNN_IP_20030405.1600.01-1-E15" ROLE="Arg-1"/>
  <relation_argument REFID="CNN_IP_20030405.1600.01-1-E43" ROLE="Arg-2"/>
  <relation_mention ID="CNN_IP_20030405.1600.01-1-R17-1" LEXICALCONDITION="Participial">
    <extent>
      <charseq START="809" END="841">coalition troops entering Baghdad</charseq>
    </extent>
    <relation_mention_argument REFID="CNN_IP_20030405.1600.01-1-E15-16" ROLE="Arg-1">
      <extent>
        <charseq START="809" END="841">coalition troops entering Baghdad</charseq>
      </extent>
    </relation_mention_argument>
    <relation_mention_argument REFID="CNN_IP_20030405.1600.01-1-E43-18" ROLE="Arg-2">
      <extent>
        <charseq START="835" END="841">Baghdad</charseq>
      </extent>
    </relation_mention_argument>
  </relation_mention>
</relation>
<relation ID="CNN_IP_20030405.1600.01-1-R18" TYPE="ORG-AFF" SUBTYPE="Employment" TENSE="Present" MODALITY="Asserted">
  <relation_argument REFID="CNN_IP_20030405.1600.01-1-E19" ROLE="Arg-1"/>
  <relation_argument REFID="CNN_IP_20030405.1600.01-1-E13" ROLE="Arg-2"/>
  <relation_mention ID="CNN_IP_20030405.1600.01-1-R18-1" LEXICALCONDITION="Possessive">
    <extent>
      <charseq START="932" END="951">CNN's Martin
Savidge</charseq>
    </extent>
    <relation_mention_argument REFID="CNN_IP_20030405.1600.01-1-E19-21" ROLE="Arg-1">
      <extent>
        <charseq START="932" END="951">CNN's Martin
Savidge</charseq>
      </extent>
    </relation_mention_argument>
    <relation_mention_argument REFID="CNN_IP_20030405.1600.01-1-E13-22" ROLE="Arg-2">
      <extent>
        <charseq START="932" END="934">CNN</charseq>
      </extent>
    </relation_mention_argument>
  </relation_mention>
</relation>
<relation ID="CNN_IP_20030405.1600.01-1-R19" TYPE="PER-SOC" SUBTYPE="Business" TENSE="Present" MODALITY="Asserted">
  <relation_argument REFID="CNN_IP_20030405.1600.01-1-E19" ROLE="Arg-1"/>
  <relation_argument REFID="CNN_IP_20030405.1600.01-1-E20" ROLE="Arg-2"/>
  <relation_mention ID="CNN_IP_20030405.1600.01-1-R19-1" LEXICALCONDITION="Verbal">
    <extent>
      <charseq START="932" END="997">CNN's Martin
Savidge, embedded with the 1st Battalion, 7th Marines</charseq>
    </extent>
    <relation_mention_argument REFID="CNN_IP_20030405.1600.01-1-E19-21" ROLE="Arg-1">
      <extent>
        <charseq START="932" END="951">CNN's Martin
Savidge</charseq>
      </extent>
    </relation_mention_argument>
    <relation_mention_argument REFID="CNN_IP_20030405.1600.01-1-E20-23" ROLE="Arg-2">
      <extent>
        <charseq START="968" END="997">the 1st Battalion, 7th Marines</charseq>
      </extent>
    </relation_mention_argument>
  </relation_mention>
</relation>
<relation ID="CNN_IP_20030405.1600.01-1-R20" TYPE="PER-SOC" SUBTYPE="Business" TENSE="Unspecified" MODALITY="Asserted">
  <relation_argument REFID="CNN_IP_20030405.1600.01-1-E20" ROLE="Arg-1"/>
  <relation_argument REFID="CNN_IP_20030405.1600.01-1-E21" ROLE="Arg-2"/>
  <relation_mention ID="CNN_IP_20030405.1600.01-1-R20-1" LEXICALCONDITION="Formulaic">
    <extent>
      <charseq START="968" END="997">the 1st Battalion, 7th Marines</charseq>
    </extent>
    <relation_mention_argument REFID="CNN_IP_20030405.1600.01-1-E20-23" ROLE="Arg-1">
      <extent>
        <charseq START="968" END="997">the 1st Battalion, 7th Marines</charseq>
      </extent>
    </relation_mention_argument>
    <relation_mention_argument REFID="CNN_IP_20030405.1600.01-1-E21-24" ROLE="Arg-2">
      <extent>
        <charseq START="987" END="997">7th Marines</charseq>
      </extent>
    </relation_mention_argument>
  </relation_mention>
</relation>
<relation ID="CNN_IP_20030405.1600.01-1-R21" TYPE="PHYS" SUBTYPE="Located" TENSE="Present" MODALITY="Asserted">
  <relation_argument REFID="CNN_IP_20030405.1600.01-1-E10" ROLE="Arg-1"/>
  <relation_argument REFID="CNN_IP_20030405.1600.01-1-E24" ROLE="Arg-2"/>
  <relation_mention ID="CNN_IP_20030405.1600.01-1-R21-1" LEXICALCONDITION="Preposition">
    <extent>
      <charseq START="1146" END="1175">At the
Pentagon, Barbara Starr</charseq>
    </extent>
    <relation_mention_argument REFID="CNN_IP_20030405.1600.01-1-E10-31" ROLE="Arg-1">
      <extent>
        <charseq START="1163" END="1175">Barbara Starr</charseq>
      </extent>
    </relation_mention_argument>
    <relation_mention_argument REFID="CNN_IP_20030405.1600.01-1-E24-29" ROLE="Arg-2">
      <extent>
        <charseq START="1149" END="1160">the
Pentagon</charseq>
      </extent>
    </relation_mention_argument>
  </relation_mention>
</relation>
<relation ID="CNN_IP_20030405.1600.01-1-R22" TYPE="PART-WHOLE" SUBTYPE="Subsidiary" TENSE="Unspecified" MODALITY="Asserted">
  <relation_argument REFID="CNN_IP_20030405.1600.01-1-E28" ROLE="Arg-1"/>
  <relation_argument REFID="CNN_IP_20030405.1600.01-1-E1" ROLE="Arg-2"/>
  <relation_mention ID="CNN_IP_20030405.1600.01-1-R22-1" LEXICALCONDITION="PreMod">
    <extent>
      <charseq START="1254" END="1276">The coalition air force</charseq>
    </extent>
    <relation_mention_argument REFID="CNN_IP_20030405.1600.01-1-E28-34" ROLE="Arg-1">
      <extent>
        <charseq START="1254" END="1276">The coalition air force</charseq>
      </extent>
    </relation_mention_argument>
    <relation_mention_argument REFID="CNN_IP_20030405.1600.01-1-E1-35" ROLE="Arg-2">
      <extent>
        <charseq START="1258" END="1266">coalition</charseq>
      </extent>
    </relation_mention_argument>
  </relation_mention>
</relation>
<relation ID="CNN_IP_20030405.1600.01-1-R23" TYPE="ART" SUBTYPE="User-Owner-Inventor-Manufacturer" TENSE="Unspecified" MODALITY="Other">
  <relation_argument REFID="CNN_IP_20030405.1600.01-1-E28" ROLE="Arg-1"/>
  <relation_argument REFID="CNN_IP_20030405.1600.01-1-E38" ROLE="Arg-2"/>
  <relation_mention ID="CNN_IP_20030405.1600.01-1-R23-1" LEXICALCONDITION="Verbal">
    <extent>
      <charseq START="1254" END="1336">The coalition air force will begin providing
urban combat air support over the city</charseq>
    </extent>
    <relation_mention_argument REFID="CNN_IP_20030405.1600.01-1-E28-34" ROLE="Arg-1">
      <extent>
        <charseq START="1254" END="1276">The coalition air force</charseq>
      </extent>
    </relation_mention_argument>
    <relation_mention_argument REFID="CNN_IP_20030405.1600.01-1-E38-47" ROLE="Arg-2">
      <extent>
        <charseq START="1299" END="1322">urban combat air support</charseq>
      </extent>
    </relation_mention_argument>
  </relation_mention>
</relation>
<relation ID="CNN_IP_20030405.1600.01-1-R24" TYPE="ORG-AFF" SUBTYPE="Employment" TENSE="Present" MODALITY="Asserted">
  <relation_argument REFID="CNN_IP_20030405.1600.01-1-E30" ROLE="Arg-1"/>
  <relation_argument REFID="CNN_IP_20030405.1600.01-1-E13" ROLE="Arg-2"/>
  <relation_mention ID="CNN_IP_20030405.1600.01-1-R24-1" LEXICALCONDITION="Possessive">
    <extent>
      <charseq START="1424" END="1441">CNN's Wolf Blitzer</charseq>
    </extent>
    <relation_mention_argument REFID="CNN_IP_20030405.1600.01-1-E30-37" ROLE="Arg-1">
      <extent>
        <charseq START="1424" END="1441">CNN's Wolf Blitzer</charseq>
      </extent>
    </relation_mention_argument>
    <relation_mention_argument REFID="CNN_IP_20030405.1600.01-1-E13-38" ROLE="Arg-2">
      <extent>
        <charseq START="1424" END="1426">CNN</charseq>
      </extent>
    </relation_mention_argument>
  </relation_mention>
</relation>
<relation ID="CNN_IP_20030405.1600.01-1-R25" TYPE="PHYS" SUBTYPE="Located" TENSE="Past" MODALITY="Asserted">
  <relation_argument REFID="CNN_IP_20030405.1600.01-1-E31" ROLE="Arg-1"/>
  <relation_argument REFID="CNN_IP_20030405.1600.01-1-E33" ROLE="Arg-2"/>
  <relation_mention ID="CNN_IP_20030405.1600.01-1-R25-1" LEXICALCONDITION="Other">
    <extent>
      <charseq START="1424" END="1559">CNN's Wolf Blitzer
reports according to an eyewitness, a bomb has hit central Baghdad only a
few hundred meters from the Palestine Hotel</charseq>
    </extent>
    <relation_mention_argument REFID="CNN_IP_20030405.1600.01-1-E31-39" ROLE="Arg-1">
      <extent>
        <charseq START="1464" END="1476">an eyewitness</charseq>
      </extent>
    </relation_mention_argument>
    <relation_mention_argument REFID="CNN_IP_20030405.1600.01-1-E33-41" ROLE="Arg-2">
      <extent>
        <charseq START="1494" END="1508">central Baghdad</charseq>
      </extent>
    </relation_mention_argument>
  </relation_mention>
</relation>
<relation ID="CNN_IP_20030405.1600.01-1-R26" TYPE="PART-WHOLE" SUBTYPE="Geographical" TENSE="Unspecified" MODALITY="Asserted">
  <relation_argument REFID="CNN_IP_20030405.1600.01-1-E34" ROLE="Arg-1"/>
  <relation_argument REFID="CNN_IP_20030405.1600.01-1-E33" ROLE="Arg-2"/>
  <relation_mention ID="CNN_IP_20030405.1600.01-1-R26-1" LEXICALCONDITION="Other">
    <extent>
      <charseq START="1424" END="1559">CNN's Wolf Blitzer
reports according to an eyewitness, a bomb has hit central Baghdad only a
few hundred meters from the Palestine Hotel</charseq>
    </extent>
    <relation_mention_argument REFID="CNN_IP_20030405.1600.01-1-E34-42" ROLE="Arg-1">
      <extent>
        <charseq START="1541" END="1559">the Palestine Hotel</charseq>
      </extent>
    </relation_mention_argument>
    <relation_mention_argument REFID="CNN_IP_20030405.1600.01-1-E33-41" ROLE="Arg-2">
      <extent>
        <charseq START="1494" END="1508">central Baghdad</charseq>
      </extent>
    </relation_mention_argument>
  </relation_mention>
</relation>
<relation ID="CNN_IP_20030405.1600.01-1-R27" TYPE="PHYS" SUBTYPE="Located" TENSE="Unspecified" MODALITY="Other">
  <relation_argument REFID="CNN_IP_20030405.1600.01-1-E36" ROLE="Arg-1"/>
  <relation_argument REFID="CNN_IP_20030405.1600.01-1-E34" ROLE="Arg-2"/>
  <relation_mention ID="CNN_IP_20030405.1600.01-1-R27-1" LEXICALCONDITION="Verbal">
    <extent>
      <charseq START="1562" END="1636">The Palestine Hotel is where
much of the international press corps is based</charseq>
    </extent>
    <relation_mention_argument REFID="CNN_IP_20030405.1600.01-1-E36-45" ROLE="Arg-1">
      <extent>
        <charseq START="1599" END="1627">the international press corps</charseq>
      </extent>
    </relation_mention_argument>
    <relation_mention_argument REFID="CNN_IP_20030405.1600.01-1-E34-44" ROLE="Arg-2">
      <extent>
        <charseq START="1585" END="1636">where
much of the international press corps is based</charseq>
      </extent>
    </relation_mention_argument>
  </relation_mention>
</relation>
<relation ID="CNN_IP_20030405.1600.01-1-R28" TYPE="ORG-AFF" SUBTYPE="Membership" TENSE="Unspecified" MODALITY="Asserted">
  <relation_argument REFID="CNN_IP_20030405.1600.01-1-E36" ROLE="Arg-1"/>
  <relation_argument REFID="CNN_IP_20030405.1600.01-1-E37" ROLE="Arg-2"/>
  <relation_mention ID="CNN_IP_20030405.1600.01-1-R28-1" LEXICALCONDITION="PreMod">
    <extent>
      <charseq START="1599" END="1627">the international press corps</charseq>
    </extent>
    <relation_mention_argument REFID="CNN_IP_20030405.1600.01-1-E36-45" ROLE="Arg-1">
      <extent>
        <charseq START="1599" END="1627">the international press corps</charseq>
      </extent>
    </relation_mention_argument>
    <relation_mention_argument REFID="CNN_IP_20030405.1600.01-1-E37-46" ROLE="Arg-2">
      <extent>
        <charseq START="1603" END="1621">international press</charseq>
      </extent>
    </relation_mention_argument>
  </relation_mention>
</relation>
</document>
</source_file>
