<?xml version="1.0"?>
<!DOCTYPE source_file SYSTEM "apf.v5.1.1.dtd">
<source_file URI="CNN_IP_20030329.1600.00-3.sgm" SOURCE="broadcast conversation" TYPE="text" AUTHOR="LDC" ENCODING="UTF-8">
<document DOCID="CNN_IP_20030329.1600.00-3">
<entity ID="CNN_IP_20030329.1600.00-3-E1" TYPE="FAC" SUBTYPE="Airport" CLASS="GEN">
  <entity_mention ID="CNN_IP_20030329.1600.00-3-E1-2" TYPE="NOM" LDCTYPE="NOM">
    <extent>
      <charseq START="628" END="690">more than 30 bases in 12 different countries in the Middle
East</charseq>
    </extent>
    <head>
      <charseq START="641" END="645">bases</charseq>
    </head>
  </entity_mention>
  <entity_mention ID="CNN_IP_20030329.1600.00-3-E1-127" TYPE="NOM" LDCTYPE="NOM">
    <extent>
      <charseq START="600" END="612">all the bases</charseq>
    </extent>
    <head>
      <charseq START="608" END="612">bases</charseq>
    </head>
  </entity_mention>
</entity>
<entity ID="CNN_IP_20030329.1600.00-3-E2" TYPE="GPE" SUBTYPE="Nation" CLASS="USP">
  <entity_mention ID="CNN_IP_20030329.1600.00-3-E2-3" TYPE="NOM" LDCTYPE="NOM" ROLE="LOC">
    <extent>
      <charseq START="650" END="690">12 different countries in the Middle
East</charseq>
    </extent>
    <head>
      <charseq START="663" END="671">countries</charseq>
    </head>
  </entity_mention>
</entity>
<entity ID="CNN_IP_20030329.1600.00-3-E3" TYPE="GPE" SUBTYPE="GPE-Cluster" CLASS="SPC">
  <entity_mention ID="CNN_IP_20030329.1600.00-3-E3-4" TYPE="NAM" LDCTYPE="NAM" ROLE="LOC">
    <extent>
      <charseq START="676" END="690">the Middle
East</charseq>
    </extent>
    <head>
      <charseq START="680" END="690">Middle
East</charseq>
    </head>
  </entity_mention>
  <entity_attributes>
    <name NAME="Middle East">
      <charseq START="680" END="690">Middle
East</charseq>
    </name>
  </entity_attributes>
</entity>
<entity ID="CNN_IP_20030329.1600.00-3-E4" TYPE="ORG" SUBTYPE="Government" CLASS="SPC">
  <entity_mention ID="CNN_IP_20030329.1600.00-3-E4-5" TYPE="NAM" LDCTYPE="NAM">
    <extent>
      <charseq START="705" END="716">the Pentagon</charseq>
    </extent>
    <head>
      <charseq START="709" END="716">Pentagon</charseq>
    </head>
  </entity_mention>
  <entity_mention ID="CNN_IP_20030329.1600.00-3-E4-6" TYPE="PRO" LDCTYPE="PRO">
    <extent>
      <charseq START="719" END="722">They</charseq>
    </extent>
    <head>
      <charseq START="719" END="722">They</charseq>
    </head>
  </entity_mention>
  <entity_attributes>
    <name NAME="Pentagon">
      <charseq START="709" END="716">Pentagon</charseq>
    </name>
  </entity_attributes>
</entity>
<entity ID="CNN_IP_20030329.1600.00-3-E5" TYPE="WEA" SUBTYPE="Exploding" CLASS="USP">
  <entity_mention ID="CNN_IP_20030329.1600.00-3-E5-7" TYPE="NOM" LDCTYPE="BAR">
    <extent>
      <charseq START="858" END="862">bombs</charseq>
    </extent>
    <head>
      <charseq START="858" END="862">bombs</charseq>
    </head>
  </entity_mention>
</entity>
<entity ID="CNN_IP_20030329.1600.00-3-E6" TYPE="WEA" SUBTYPE="Projectile" CLASS="USP">
  <entity_mention ID="CNN_IP_20030329.1600.00-3-E6-8" TYPE="NOM" LDCTYPE="BAR">
    <extent>
      <charseq START="868" END="875">missiles</charseq>
    </extent>
    <head>
      <charseq START="868" END="875">missiles</charseq>
    </head>
  </entity_mention>
</entity>
<entity ID="CNN_IP_20030329.1600.00-3-E7" TYPE="PER" SUBTYPE="Individual" CLASS="SPC">
  <entity_mention ID="CNN_IP_20030329.1600.00-3-E7-10" TYPE="NAM" LDCTYPE="NAM">
    <extent>
      <charseq START="951" END="954">Wolf</charseq>
    </extent>
    <head>
      <charseq START="951" END="954">Wolf</charseq>
    </head>
  </entity_mention>
  <entity_mention ID="CNN_IP_20030329.1600.00-3-E7-11" TYPE="PRO" LDCTYPE="PRO">
    <extent>
      <charseq START="965" END="967">you</charseq>
    </extent>
    <head>
      <charseq START="965" END="967">you</charseq>
    </head>
  </entity_mention>
  <entity_mention ID="CNN_IP_20030329.1600.00-3-E7-20" TYPE="PRO" LDCTYPE="PRO">
    <extent>
      <charseq START="1148" END="1148">I</charseq>
    </extent>
    <head>
      <charseq START="1148" END="1148">I</charseq>
    </head>
  </entity_mention>
  <entity_mention ID="CNN_IP_20030329.1600.00-3-E7-30" TYPE="PRO" LDCTYPE="PRO">
    <extent>
      <charseq START="1291" END="1292">my</charseq>
    </extent>
    <head>
      <charseq START="1291" END="1292">my</charseq>
    </head>
  </entity_mention>
  <entity_mention ID="CNN_IP_20030329.1600.00-3-E7-31" TYPE="PRO" LDCTYPE="PRO">
    <extent>
      <charseq START="1406" END="1406">I</charseq>
    </extent>
    <head>
      <charseq START="1406" END="1406">I</charseq>
    </head>
  </entity_mention>
  <entity_mention ID="CNN_IP_20030329.1600.00-3-E7-37" TYPE="PRO" LDCTYPE="PRO">
    <extent>
      <charseq START="1634" END="1636">you</charseq>
    </extent>
    <head>
      <charseq START="1634" END="1636">you</charseq>
    </head>
  </entity_mention>
  <entity_mention ID="CNN_IP_20030329.1600.00-3-E7-38" TYPE="NAM" LDCTYPE="NAM">
    <extent>
      <charseq START="1721" END="1724">Wolf</charseq>
    </extent>
    <head>
      <charseq START="1721" END="1724">Wolf</charseq>
    </head>
  </entity_mention>
  <entity_attributes>
    <name NAME="Wolf">
      <charseq START="951" END="954">Wolf</charseq>
    </name>
    <name NAME="Wolf">
      <charseq START="1721" END="1724">Wolf</charseq>
    </name>
  </entity_attributes>
</entity>
<entity ID="CNN_IP_20030329.1600.00-3-E8" TYPE="WEA" SUBTYPE="Underspecified" CLASS="USP">
  <entity_mention ID="CNN_IP_20030329.1600.00-3-E8-12" TYPE="PRO" LDCTYPE="PRO" LDCATR="FALSE">
    <extent>
      <charseq START="982" END="985">That</charseq>
    </extent>
    <head>
      <charseq START="982" END="985">That</charseq>
    </head>
  </entity_mention>
  <entity_mention ID="CNN_IP_20030329.1600.00-3-E8-13" TYPE="NOM" LDCTYPE="NOM" LDCATR="FALSE">
    <extent>
      <charseq START="989" END="1015">a lot of bombs and missiles</charseq>
    </extent>
    <head>
      <charseq START="998" END="1002">bombs</charseq>
    </head>
  </entity_mention>
  <entity_mention ID="CNN_IP_20030329.1600.00-3-E8-14" TYPE="NOM" LDCTYPE="BAR" LDCATR="TRUE">
    <extent>
      <charseq START="1008" END="1015">missiles</charseq>
    </extent>
    <head>
      <charseq START="1008" END="1015">missiles</charseq>
    </head>
  </entity_mention>
</entity>
<entity ID="CNN_IP_20030329.1600.00-3-E11" TYPE="PER" SUBTYPE="Individual" CLASS="SPC">
  <entity_mention ID="CNN_IP_20030329.1600.00-3-E11-15" TYPE="NAM" LDCTYPE="NAM">
    <extent>
      <charseq START="1018" END="1029">Gary Tuchman</charseq>
    </extent>
    <head>
      <charseq START="1018" END="1029">Gary Tuchman</charseq>
    </head>
  </entity_mention>
  <entity_mention ID="CNN_IP_20030329.1600.00-3-E11-19" TYPE="NAM" LDCTYPE="NAM">
    <extent>
      <charseq START="1086" END="1097">Gary Tuchman</charseq>
    </extent>
    <head>
      <charseq START="1086" END="1097">Gary Tuchman</charseq>
    </head>
  </entity_mention>
  <entity_attributes>
    <name NAME="Gary Tuchman">
      <charseq START="1018" END="1029">Gary Tuchman</charseq>
    </name>
    <name NAME="Gary Tuchman">
      <charseq START="1086" END="1097">Gary Tuchman</charseq>
    </name>
  </entity_attributes>
</entity>
<entity ID="CNN_IP_20030329.1600.00-3-E12" TYPE="GPE" SUBTYPE="Nation" CLASS="SPC">
  <entity_mention ID="CNN_IP_20030329.1600.00-3-E12-9" TYPE="NAM" LDCTYPE="NAM" ROLE="LOC" LDCATR="TRUE">
    <extent>
      <charseq START="945" END="948">Iraq</charseq>
    </extent>
    <head>
      <charseq START="945" END="948">Iraq</charseq>
    </head>
  </entity_mention>
  <entity_mention ID="CNN_IP_20030329.1600.00-3-E12-18" TYPE="NAM" LDCTYPE="NAMPRE" ROLE="GPE" LDCATR="TRUE">
    <extent>
      <charseq START="1055" END="1058">Iraq</charseq>
    </extent>
    <head>
      <charseq START="1055" END="1058">Iraq</charseq>
    </head>
  </entity_mention>
  <entity_mention ID="CNN_IP_20030329.1600.00-3-E12-47" TYPE="NAM" LDCTYPE="NAMPRE" ROLE="GPE" LDCATR="TRUE">
    <extent>
      <charseq START="1937" END="1941">Iraqi</charseq>
    </extent>
    <head>
      <charseq START="1937" END="1941">Iraqi</charseq>
    </head>
  </entity_mention>
  <entity_mention ID="CNN_IP_20030329.1600.00-3-E12-59" TYPE="NAM" LDCTYPE="NAM" ROLE="LOC" LDCATR="TRUE">
    <extent>
      <charseq START="2209" END="2212">Iraq</charseq>
    </extent>
    <head>
      <charseq START="2209" END="2212">Iraq</charseq>
    </head>
  </entity_mention>
  <entity_mention ID="CNN_IP_20030329.1600.00-3-E12-83" TYPE="NAM" LDCTYPE="NAMPRE" ROLE="GPE" LDCATR="TRUE">
    <extent>
      <charseq START="2836" END="2840">Iraqi</charseq>
    </extent>
    <head>
      <charseq START="2836" END="2840">Iraqi</charseq>
    </head>
  </entity_mention>
  <entity_mention ID="CNN_IP_20030329.1600.00-3-E12-125" TYPE="NAM" LDCTYPE="NAMPRE" ROLE="GPE" LDCATR="TRUE">
    <extent>
      <charseq START="501" END="505">Iraqi</charseq>
    </extent>
    <head>
      <charseq START="501" END="505">Iraqi</charseq>
    </head>
  </entity_mention>
  <entity_attributes>
    <name NAME="Iraq">
      <charseq START="1055" END="1058">Iraq</charseq>
    </name>
    <name NAME="Iraqi">
      <charseq START="1937" END="1941">Iraqi</charseq>
    </name>
    <name NAME="Iraq">
      <charseq START="2209" END="2212">Iraq</charseq>
    </name>
    <name NAME="Iraqi">
      <charseq START="2836" END="2840">Iraqi</charseq>
    </name>
    <name NAME="Iraqi">
      <charseq START="501" END="505">Iraqi</charseq>
    </name>
    <name NAME="Iraq">
      <charseq START="945" END="948">Iraq</charseq>
    </name>
  </entity_attributes>
</entity>
<entity ID="CNN_IP_20030329.1600.00-3-E13" TYPE="PER" SUBTYPE="Individual" CLASS="SPC">
  <entity_mention ID="CNN_IP_20030329.1600.00-3-E13-22" TYPE="NOM" LDCTYPE="NOM" LDCATR="FALSE">
    <extent>
      <charseq START="1183" END="1215">the nation's
top military officer</charseq>
    </extent>
    <head>
      <charseq START="1209" END="1215">officer</charseq>
    </head>
  </entity_mention>
  <entity_mention ID="CNN_IP_20030329.1600.00-3-E13-25" TYPE="NOM" LDCTYPE="NOM" LDCATR="FALSE">
    <extent>
      <charseq START="1218" END="1258">the Chairman of the Joint Chiefs of Staff</charseq>
    </extent>
    <head>
      <charseq START="1222" END="1229">Chairman</charseq>
    </head>
  </entity_mention>
  <entity_mention ID="CNN_IP_20030329.1600.00-3-E13-27" TYPE="NAM" LDCTYPE="NAM" LDCATR="FALSE">
    <extent>
      <charseq START="1261" END="1281">General
Richard Myers</charseq>
    </extent>
    <head>
      <charseq START="1269" END="1281">Richard Myers</charseq>
    </head>
  </entity_mention>
  <entity_mention ID="CNN_IP_20030329.1600.00-3-E13-28" TYPE="NOM" LDCTYPE="NOMPRE" LDCATR="FALSE">
    <extent>
      <charseq START="1261" END="1267">General</charseq>
    </extent>
    <head>
      <charseq START="1261" END="1267">General</charseq>
    </head>
  </entity_mention>
  <entity_mention ID="CNN_IP_20030329.1600.00-3-E13-29" TYPE="NOM" LDCTYPE="NOM" LDCATR="TRUE">
    <extent>
      <charseq START="1291" END="1306">my special guest</charseq>
    </extent>
    <head>
      <charseq START="1302" END="1306">guest</charseq>
    </head>
  </entity_mention>
  <entity_attributes>
    <name NAME="Richard Myers">
      <charseq START="1269" END="1281">Richard Myers</charseq>
    </name>
  </entity_attributes>
</entity>
<entity ID="CNN_IP_20030329.1600.00-3-E14" TYPE="GPE" SUBTYPE="Nation" CLASS="SPC">
  <entity_mention ID="CNN_IP_20030329.1600.00-3-E14-23" TYPE="NOM" LDCTYPE="NOM" ROLE="GPE">
    <extent>
      <charseq START="1183" END="1192">the nation</charseq>
    </extent>
    <head>
      <charseq START="1187" END="1192">nation</charseq>
    </head>
  </entity_mention>
</entity>
<entity ID="CNN_IP_20030329.1600.00-3-E15" TYPE="ORG" SUBTYPE="Government" CLASS="USP">
  <entity_mention ID="CNN_IP_20030329.1600.00-3-E15-24" TYPE="NOM" LDCTYPE="NOMPRE">
    <extent>
      <charseq START="1200" END="1207">military</charseq>
    </extent>
    <head>
      <charseq START="1200" END="1207">military</charseq>
    </head>
  </entity_mention>
</entity>
<entity ID="CNN_IP_20030329.1600.00-3-E17" TYPE="ORG" SUBTYPE="Government" CLASS="SPC">
  <entity_mention ID="CNN_IP_20030329.1600.00-3-E17-26" TYPE="NAM" LDCTYPE="NAM">
    <extent>
      <charseq START="1234" END="1258">the Joint Chiefs of Staff</charseq>
    </extent>
    <head>
      <charseq START="1238" END="1258">Joint Chiefs of Staff</charseq>
    </head>
  </entity_mention>
  <entity_attributes>
    <name NAME="Joint Chiefs of Staff">
      <charseq START="1238" END="1258">Joint Chiefs of Staff</charseq>
    </name>
  </entity_attributes>
</entity>
<entity ID="CNN_IP_20030329.1600.00-3-E20" TYPE="PER" SUBTYPE="Individual" CLASS="SPC">
  <entity_mention ID="CNN_IP_20030329.1600.00-3-E20-32" TYPE="NAM" LDCTYPE="NAM">
    <extent>
      <charseq START="1419" END="1422">Judy</charseq>
    </extent>
    <head>
      <charseq START="1419" END="1422">Judy</charseq>
    </head>
  </entity_mention>
  <entity_mention ID="CNN_IP_20030329.1600.00-3-E20-34" TYPE="NAM" LDCTYPE="NAM">
    <extent>
      <charseq START="1574" END="1586">Judy Woodruff</charseq>
    </extent>
    <head>
      <charseq START="1574" END="1586">Judy Woodruff</charseq>
    </head>
  </entity_mention>
  <entity_attributes>
    <name NAME="Judy">
      <charseq START="1419" END="1422">Judy</charseq>
    </name>
    <name NAME="Judy Woodruff">
      <charseq START="1574" END="1586">Judy Woodruff</charseq>
    </name>
  </entity_attributes>
</entity>
<entity ID="CNN_IP_20030329.1600.00-3-E21" TYPE="PER" SUBTYPE="Group" CLASS="USP">
  <entity_mention ID="CNN_IP_20030329.1600.00-3-E21-33" TYPE="PRO" LDCTYPE="PRO">
    <extent>
      <charseq START="1477" END="1478">We</charseq>
    </extent>
    <head>
      <charseq START="1477" END="1478">We</charseq>
    </head>
  </entity_mention>
</entity>
<entity ID="CNN_IP_20030329.1600.00-3-E22" TYPE="GPE" SUBTYPE="Population-Center" CLASS="SPC">
  <entity_mention ID="CNN_IP_20030329.1600.00-3-E22-35" TYPE="NAM" LDCTYPE="NAM" ROLE="LOC">
    <extent>
      <charseq START="1591" END="1600">Washington</charseq>
    </extent>
    <head>
      <charseq START="1591" END="1600">Washington</charseq>
    </head>
  </entity_mention>
  <entity_attributes>
    <name NAME="Washington">
      <charseq START="1591" END="1600">Washington</charseq>
    </name>
  </entity_attributes>
</entity>
<entity ID="CNN_IP_20030329.1600.00-3-E23" TYPE="FAC" SUBTYPE="Airport" CLASS="SPC">
  <entity_mention ID="CNN_IP_20030329.1600.00-3-E23-1" TYPE="PRO" LDCTYPE="PRO" LDCATR="FALSE">
    <extent>
      <charseq START="114" END="117">This</charseq>
    </extent>
    <head>
      <charseq START="114" END="117">This</charseq>
    </head>
  </entity_mention>
  <entity_mention ID="CNN_IP_20030329.1600.00-3-E23-16" TYPE="NOM" LDCTYPE="NOM" LDCATR="FALSE">
    <extent>
      <charseq START="1034" END="1065">an air base near the
Iraq border</charseq>
    </extent>
    <head>
      <charseq START="1041" END="1044">base</charseq>
    </head>
  </entity_mention>
  <entity_mention ID="CNN_IP_20030329.1600.00-3-E23-68" TYPE="NOM" LDCTYPE="NOM" LDCATR="FALSE">
    <extent>
      <charseq START="122" END="137">a very busy base</charseq>
    </extent>
    <head>
      <charseq START="134" END="137">base</charseq>
    </head>
  </entity_mention>
  <entity_mention ID="CNN_IP_20030329.1600.00-3-E23-112" TYPE="PRO" LDCTYPE="PRO" LDCATR="FALSE">
    <extent>
      <charseq START="270" END="271">it</charseq>
    </extent>
    <head>
      <charseq START="270" END="271">it</charseq>
    </head>
  </entity_mention>
  <entity_mention ID="CNN_IP_20030329.1600.00-3-E23-117" TYPE="PRO" LDCTYPE="PRO" LDCATR="FALSE">
    <extent>
      <charseq START="217" END="218">It</charseq>
    </extent>
    <head>
      <charseq START="217" END="218">It</charseq>
    </head>
  </entity_mention>
  <entity_mention ID="CNN_IP_20030329.1600.00-3-E23-118" TYPE="NAM" LDCTYPE="NAM" LDCATR="TRUE">
    <extent>
      <charseq START="231" END="251">LAX on a Sunday night</charseq>
    </extent>
    <head>
      <charseq START="231" END="233">LAX</charseq>
    </head>
  </entity_mention>
  <entity_mention ID="CNN_IP_20030329.1600.00-3-E23-123" TYPE="NOM" LDCTYPE="NOM" LDCATR="FALSE">
    <extent>
      <charseq START="471" END="512">this particular base near the Iraqi border</charseq>
    </extent>
    <head>
      <charseq START="487" END="490">base</charseq>
    </head>
  </entity_mention>
  <entity_attributes>
    <name NAME="LAX">
      <charseq START="231" END="233">LAX</charseq>
    </name>
  </entity_attributes>
</entity>
<entity ID="CNN_IP_20030329.1600.00-3-E24" TYPE="PER" SUBTYPE="Group" CLASS="USP">
  <entity_mention ID="CNN_IP_20030329.1600.00-3-E24-36" TYPE="PRO" LDCTYPE="PRO">
    <extent>
      <charseq START="1616" END="1617">We</charseq>
    </extent>
    <head>
      <charseq START="1616" END="1617">We</charseq>
    </head>
  </entity_mention>
</entity>
<entity ID="CNN_IP_20030329.1600.00-3-E25" TYPE="PER" SUBTYPE="Group" CLASS="USP">
  <entity_mention ID="CNN_IP_20030329.1600.00-3-E25-39" TYPE="NOM" LDCTYPE="BAR">
    <extent>
      <charseq START="1736" END="1751">coalition forces</charseq>
    </extent>
    <head>
      <charseq START="1746" END="1751">forces</charseq>
    </head>
  </entity_mention>
  <entity_mention ID="CNN_IP_20030329.1600.00-3-E25-41" TYPE="PRO" LDCTYPE="PRO">
    <extent>
      <charseq START="1765" END="1768">they</charseq>
    </extent>
    <head>
      <charseq START="1765" END="1768">they</charseq>
    </head>
  </entity_mention>
</entity>
<entity ID="CNN_IP_20030329.1600.00-3-E26" TYPE="GPE" SUBTYPE="Nation" CLASS="SPC">
  <entity_mention ID="CNN_IP_20030329.1600.00-3-E26-40" TYPE="NOM" LDCTYPE="NOMPRE" ROLE="GPE" LDCATR="TRUE">
    <extent>
      <charseq START="1736" END="1744">coalition</charseq>
    </extent>
    <head>
      <charseq START="1736" END="1744">coalition</charseq>
    </head>
  </entity_mention>
  <entity_mention ID="CNN_IP_20030329.1600.00-3-E26-92" TYPE="NOM" LDCTYPE="NOMPRE" ROLE="GPE" LDCATR="TRUE">
    <extent>
      <charseq START="3195" END="3203">coalition</charseq>
    </extent>
    <head>
      <charseq START="3195" END="3203">coalition</charseq>
    </head>
  </entity_mention>
</entity>
<entity ID="CNN_IP_20030329.1600.00-3-E27" TYPE="WEA" SUBTYPE="Underspecified" CLASS="SPC">
  <entity_mention ID="CNN_IP_20030329.1600.00-3-E27-42" TYPE="NOM" LDCTYPE="NOM">
    <extent>
      <charseq START="1830" END="1864">the weapons captured from the enemy</charseq>
    </extent>
    <head>
      <charseq START="1834" END="1840">weapons</charseq>
    </head>
  </entity_mention>
</entity>
<entity ID="CNN_IP_20030329.1600.00-3-E28" TYPE="PER" SUBTYPE="Group" CLASS="GEN">
  <entity_mention ID="CNN_IP_20030329.1600.00-3-E28-43" TYPE="NOM" LDCTYPE="NOM">
    <extent>
      <charseq START="1856" END="1864">the enemy</charseq>
    </extent>
    <head>
      <charseq START="1860" END="1864">enemy</charseq>
    </head>
  </entity_mention>
</entity>
<entity ID="CNN_IP_20030329.1600.00-3-E29" TYPE="PER" SUBTYPE="Group" CLASS="SPC">
  <entity_mention ID="CNN_IP_20030329.1600.00-3-E29-44" TYPE="PRO" LDCTYPE="PTV">
    <extent>
      <charseq START="1867" END="1899">Some of the 40,000 British troops</charseq>
    </extent>
    <head>
      <charseq START="1867" END="1870">Some</charseq>
    </head>
  </entity_mention>
  <entity_mention ID="CNN_IP_20030329.1600.00-3-E29-48" TYPE="PRO" LDCTYPE="PRO">
    <extent>
      <charseq START="1990" END="1993">them</charseq>
    </extent>
    <head>
      <charseq START="1990" END="1993">them</charseq>
    </head>
  </entity_mention>
  <entity_mention ID="CNN_IP_20030329.1600.00-3-E29-50" TYPE="PRO" LDCTYPE="PRO">
    <extent>
      <charseq START="2011" END="2014">them</charseq>
    </extent>
    <head>
      <charseq START="2011" END="2014">them</charseq>
    </head>
  </entity_mention>
</entity>
<entity ID="CNN_IP_20030329.1600.00-3-E30" TYPE="PER" SUBTYPE="Group" CLASS="SPC">
  <entity_mention ID="CNN_IP_20030329.1600.00-3-E30-45" TYPE="NOM" LDCTYPE="NOM">
    <extent>
      <charseq START="1875" END="1899">the 40,000 British troops</charseq>
    </extent>
    <head>
      <charseq START="1894" END="1899">troops</charseq>
    </head>
  </entity_mention>
</entity>
<entity ID="CNN_IP_20030329.1600.00-3-E31" TYPE="LOC" SUBTYPE="Land-Region-Natural" CLASS="USP">
  <entity_mention ID="CNN_IP_20030329.1600.00-3-E31-46" TYPE="NOM" LDCTYPE="NOM">
    <extent>
      <charseq START="1933" END="1948">the Iraqi desert</charseq>
    </extent>
    <head>
      <charseq START="1943" END="1948">desert</charseq>
    </head>
  </entity_mention>
</entity>
<entity ID="CNN_IP_20030329.1600.00-3-E33" TYPE="WEA" SUBTYPE="Underspecified" CLASS="NEG">
  <entity_mention ID="CNN_IP_20030329.1600.00-3-E33-49" TYPE="PRO" LDCTYPE="PRO">
    <extent>
      <charseq START="1967" END="1973">nothing</charseq>
    </extent>
    <head>
      <charseq START="1967" END="1973">nothing</charseq>
    </head>
  </entity_mention>
</entity>
<entity ID="CNN_IP_20030329.1600.00-3-E34" TYPE="PER" SUBTYPE="Individual" CLASS="SPC">
  <entity_mention ID="CNN_IP_20030329.1600.00-3-E34-51" TYPE="NAM" LDCTYPE="NAM">
    <extent>
      <charseq START="2017" END="2026">Greg Milam</charseq>
    </extent>
    <head>
      <charseq START="2017" END="2026">Greg Milam</charseq>
    </head>
  </entity_mention>
  <entity_mention ID="CNN_IP_20030329.1600.00-3-E34-72" TYPE="PRO" LDCTYPE="PRO">
    <extent>
      <charseq START="2489" END="2489">I</charseq>
    </extent>
    <head>
      <charseq START="2489" END="2489">I</charseq>
    </head>
  </entity_mention>
  <entity_mention ID="CNN_IP_20030329.1600.00-3-E34-109" TYPE="NAM" LDCTYPE="NAM">
    <extent>
      <charseq START="3665" END="3674">Greg Milam</charseq>
    </extent>
    <head>
      <charseq START="3665" END="3674">Greg Milam</charseq>
    </head>
  </entity_mention>
  <entity_attributes>
    <name NAME="Greg Milam">
      <charseq START="2017" END="2026">Greg Milam</charseq>
    </name>
    <name NAME="Greg Milam">
      <charseq START="3665" END="3674">Greg Milam</charseq>
    </name>
  </entity_attributes>
</entity>
<entity ID="CNN_IP_20030329.1600.00-3-E35" TYPE="GPE" SUBTYPE="Nation" CLASS="SPC">
  <entity_mention ID="CNN_IP_20030329.1600.00-3-E35-52" TYPE="NAM" LDCTYPE="NAMPRE" ROLE="GPE" LDCATR="TRUE">
    <extent>
      <charseq START="1886" END="1892">British</charseq>
    </extent>
    <head>
      <charseq START="1886" END="1892">British</charseq>
    </head>
  </entity_mention>
  <entity_mention ID="CNN_IP_20030329.1600.00-3-E35-54" TYPE="NAM" LDCTYPE="NAMPRE" ROLE="GPE" LDCATR="TRUE">
    <extent>
      <charseq START="2040" END="2042">U.K</charseq>
    </extent>
    <head>
      <charseq START="2040" END="2042">U.K</charseq>
    </head>
  </entity_mention>
  <entity_mention ID="CNN_IP_20030329.1600.00-3-E35-58" TYPE="NAM" LDCTYPE="NAMPRE" ROLE="GPE" LDCATR="TRUE">
    <extent>
      <charseq START="2191" END="2197">British</charseq>
    </extent>
    <head>
      <charseq START="2191" END="2197">British</charseq>
    </head>
  </entity_mention>
  <entity_mention ID="CNN_IP_20030329.1600.00-3-E35-107" TYPE="NAM" LDCTYPE="NAMPRE" ROLE="GPE" LDCATR="TRUE">
    <extent>
      <charseq START="3615" END="3621">British</charseq>
    </extent>
    <head>
      <charseq START="3615" END="3621">British</charseq>
    </head>
  </entity_mention>
  <entity_attributes>
    <name NAME="British">
      <charseq START="1886" END="1892">British</charseq>
    </name>
    <name NAME="U.K">
      <charseq START="2040" END="2042">U.K</charseq>
    </name>
    <name NAME="British">
      <charseq START="2191" END="2197">British</charseq>
    </name>
    <name NAME="British">
      <charseq START="3615" END="3621">British</charseq>
    </name>
  </entity_attributes>
</entity>
<entity ID="CNN_IP_20030329.1600.00-3-E36" TYPE="PER" SUBTYPE="Group" CLASS="SPC">
  <entity_mention ID="CNN_IP_20030329.1600.00-3-E36-53" TYPE="NOM" LDCTYPE="NOM">
    <extent>
      <charseq START="2036" END="2067">the U.K.
forces in southern Iraq</charseq>
    </extent>
    <head>
      <charseq START="2045" END="2050">forces</charseq>
    </head>
  </entity_mention>
</entity>
<entity ID="CNN_IP_20030329.1600.00-3-E38" TYPE="LOC" SUBTYPE="Region-General" CLASS="SPC">
  <entity_mention ID="CNN_IP_20030329.1600.00-3-E38-55" TYPE="NOM" LDCTYPE="NOM">
    <extent>
      <charseq START="2055" END="2067">southern Iraq</charseq>
    </extent>
    <head>
      <charseq START="2064" END="2067">Iraq</charseq>
    </head>
  </entity_mention>
  <entity_mention ID="CNN_IP_20030329.1600.00-3-E38-108" TYPE="PRO" LDCTYPE="PRO">
    <extent>
      <charseq START="3630" END="3633">here</charseq>
    </extent>
    <head>
      <charseq START="3630" END="3633">here</charseq>
    </head>
  </entity_mention>
  <entity_mention ID="CNN_IP_20030329.1600.00-3-E38-111" TYPE="NOM" LDCTYPE="NOM">
    <extent>
      <charseq START="3687" END="3699">Southern Iraq</charseq>
    </extent>
    <head>
      <charseq START="3696" END="3699">Iraq</charseq>
    </head>
  </entity_mention>
</entity>
<entity ID="CNN_IP_20030329.1600.00-3-E39" TYPE="FAC" SUBTYPE="Building-Grounds" CLASS="SPC">
  <entity_mention ID="CNN_IP_20030329.1600.00-3-E39-56" TYPE="NOM" LDCTYPE="NOM">
    <extent>
      <charseq START="2142" END="2165">these battered buildings</charseq>
    </extent>
    <head>
      <charseq START="2157" END="2165">buildings</charseq>
    </head>
  </entity_mention>
</entity>
<entity ID="CNN_IP_20030329.1600.00-3-E40" TYPE="PER" SUBTYPE="Group" CLASS="GEN">
  <entity_mention ID="CNN_IP_20030329.1600.00-3-E40-57" TYPE="NOM" LDCTYPE="BAR">
    <extent>
      <charseq START="2191" END="2212">British forces in Iraq</charseq>
    </extent>
    <head>
      <charseq START="2199" END="2204">forces</charseq>
    </head>
  </entity_mention>
</entity>
<entity ID="CNN_IP_20030329.1600.00-3-E42" TYPE="WEA" SUBTYPE="Underspecified" CLASS="SPC">
  <entity_mention ID="CNN_IP_20030329.1600.00-3-E42-60" TYPE="PRO" LDCTYPE="PRO" LDCATR="FALSE">
    <extent>
      <charseq START="2258" END="2261">This</charseq>
    </extent>
    <head>
      <charseq START="2258" END="2261">This</charseq>
    </head>
  </entity_mention>
  <entity_mention ID="CNN_IP_20030329.1600.00-3-E42-62" TYPE="PRO" LDCTYPE="PRO" LDCATR="TRUE">
    <extent>
      <charseq START="2291" END="2342">a lot of these, 30 mil, 60 mil, 80 mil,
even 120 mil</charseq>
    </extent>
    <head>
      <charseq START="2300" END="2304">these</charseq>
    </head>
  </entity_mention>
  <entity_mention ID="CNN_IP_20030329.1600.00-3-E42-85" TYPE="PRO" LDCTYPE="PRO" LDCATR="FALSE">
    <extent>
      <charseq START="2922" END="2925">this</charseq>
    </extent>
    <head>
      <charseq START="2922" END="2925">this</charseq>
    </head>
  </entity_mention>
</entity>
<entity ID="CNN_IP_20030329.1600.00-3-E43" TYPE="PER" SUBTYPE="Group" CLASS="SPC">
  <entity_mention ID="CNN_IP_20030329.1600.00-3-E43-61" TYPE="PRO" LDCTYPE="PRO">
    <extent>
      <charseq START="2271" END="2272">we</charseq>
    </extent>
    <head>
      <charseq START="2271" END="2272">we</charseq>
    </head>
  </entity_mention>
  <entity_mention ID="CNN_IP_20030329.1600.00-3-E43-84" TYPE="NAM" LDCTYPE="NAM">
    <extent>
      <charseq START="2888" END="2908">these Royal Engineers</charseq>
    </extent>
    <head>
      <charseq START="2894" END="2908">Royal Engineers</charseq>
    </head>
  </entity_mention>
  <entity_mention ID="CNN_IP_20030329.1600.00-3-E43-106" TYPE="NOM" LDCTYPE="NOM">
    <extent>
      <charseq START="3611" END="3633">the British forces here</charseq>
    </extent>
    <head>
      <charseq START="3623" END="3628">forces</charseq>
    </head>
  </entity_mention>
  <entity_attributes>
    <name NAME="Royal Engineers">
      <charseq START="2894" END="2908">Royal Engineers</charseq>
    </name>
  </entity_attributes>
</entity>
<entity ID="CNN_IP_20030329.1600.00-3-E45" TYPE="WEA" SUBTYPE="Exploding" CLASS="USP">
  <entity_mention ID="CNN_IP_20030329.1600.00-3-E45-63" TYPE="PRO" LDCTYPE="HLS">
    <extent>
      <charseq START="2307" END="2312">30 mil</charseq>
    </extent>
    <head>
      <charseq START="2307" END="2312">30 mil</charseq>
    </head>
  </entity_mention>
</entity>
<entity ID="CNN_IP_20030329.1600.00-3-E46" TYPE="WEA" SUBTYPE="Exploding" CLASS="USP">
  <entity_mention ID="CNN_IP_20030329.1600.00-3-E46-64" TYPE="PRO" LDCTYPE="HLS">
    <extent>
      <charseq START="2315" END="2320">60 mil</charseq>
    </extent>
    <head>
      <charseq START="2315" END="2320">60 mil</charseq>
    </head>
  </entity_mention>
</entity>
<entity ID="CNN_IP_20030329.1600.00-3-E47" TYPE="WEA" SUBTYPE="Exploding" CLASS="USP">
  <entity_mention ID="CNN_IP_20030329.1600.00-3-E47-65" TYPE="PRO" LDCTYPE="HLS">
    <extent>
      <charseq START="2323" END="2328">80 mil</charseq>
    </extent>
    <head>
      <charseq START="2323" END="2328">80 mil</charseq>
    </head>
  </entity_mention>
</entity>
<entity ID="CNN_IP_20030329.1600.00-3-E48" TYPE="WEA" SUBTYPE="Exploding" CLASS="USP">
  <entity_mention ID="CNN_IP_20030329.1600.00-3-E48-66" TYPE="PRO" LDCTYPE="HLS">
    <extent>
      <charseq START="2336" END="2342">120 mil</charseq>
    </extent>
    <head>
      <charseq START="2336" END="2342">120 mil</charseq>
    </head>
  </entity_mention>
</entity>
<entity ID="CNN_IP_20030329.1600.00-3-E49" TYPE="WEA" SUBTYPE="Exploding" CLASS="USP">
  <entity_mention ID="CNN_IP_20030329.1600.00-3-E49-67" TYPE="PRO" LDCTYPE="HLS">
    <extent>
      <charseq START="2356" END="2377">plenty still out there</charseq>
    </extent>
    <head>
      <charseq START="2356" END="2361">plenty</charseq>
    </head>
  </entity_mention>
  <entity_mention ID="CNN_IP_20030329.1600.00-3-E49-69" TYPE="PRO" LDCTYPE="PRO">
    <extent>
      <charseq START="2418" END="2421">they</charseq>
    </extent>
    <head>
      <charseq START="2418" END="2421">they</charseq>
    </head>
  </entity_mention>
</entity>
<entity ID="CNN_IP_20030329.1600.00-3-E50" TYPE="PER" SUBTYPE="Individual" CLASS="SPC">
  <entity_mention ID="CNN_IP_20030329.1600.00-3-E50-70" TYPE="PRO" LDCTYPE="PRO">
    <extent>
      <charseq START="2449" END="2451">you</charseq>
    </extent>
    <head>
      <charseq START="2449" END="2451">you</charseq>
    </head>
  </entity_mention>
  <entity_mention ID="CNN_IP_20030329.1600.00-3-E50-73" TYPE="PRO" LDCTYPE="PRO">
    <extent>
      <charseq START="2499" END="2501">you</charseq>
    </extent>
    <head>
      <charseq START="2499" END="2501">you</charseq>
    </head>
  </entity_mention>
  <entity_mention ID="CNN_IP_20030329.1600.00-3-E50-74" TYPE="PRO" LDCTYPE="PRO">
    <extent>
      <charseq START="2536" END="2536">I</charseq>
    </extent>
    <head>
      <charseq START="2536" END="2536">I</charseq>
    </head>
  </entity_mention>
</entity>
<entity ID="CNN_IP_20030329.1600.00-3-E51" TYPE="FAC" SUBTYPE="Building-Grounds" CLASS="SPC">
  <entity_mention ID="CNN_IP_20030329.1600.00-3-E51-71" TYPE="NOM" LDCTYPE="NOM">
    <extent>
      <charseq START="2463" END="2472">this place</charseq>
    </extent>
    <head>
      <charseq START="2468" END="2472">place</charseq>
    </head>
  </entity_mention>
  <entity_mention ID="CNN_IP_20030329.1600.00-3-E51-75" TYPE="PRO" LDCTYPE="PRO">
    <extent>
      <charseq START="2582" END="2583">it</charseq>
    </extent>
    <head>
      <charseq START="2582" END="2583">it</charseq>
    </head>
  </entity_mention>
  <entity_mention ID="CNN_IP_20030329.1600.00-3-E51-76" TYPE="PRO" LDCTYPE="PRO">
    <extent>
      <charseq START="2626" END="2627">it</charseq>
    </extent>
    <head>
      <charseq START="2626" END="2627">it</charseq>
    </head>
  </entity_mention>
</entity>
<entity ID="CNN_IP_20030329.1600.00-3-E52" TYPE="PER" SUBTYPE="Group" CLASS="USP">
  <entity_mention ID="CNN_IP_20030329.1600.00-3-E52-77" TYPE="PRO" LDCTYPE="PRO">
    <extent>
      <charseq START="2653" END="2656">them</charseq>
    </extent>
    <head>
      <charseq START="2653" END="2656">them</charseq>
    </head>
  </entity_mention>
  <entity_mention ID="CNN_IP_20030329.1600.00-3-E52-78" TYPE="PRO" LDCTYPE="PRO">
    <extent>
      <charseq START="2698" END="2701">they</charseq>
    </extent>
    <head>
      <charseq START="2698" END="2701">they</charseq>
    </head>
  </entity_mention>
  <entity_mention ID="CNN_IP_20030329.1600.00-3-E52-99" TYPE="PRO" LDCTYPE="PRO">
    <extent>
      <charseq START="3393" END="3396">they</charseq>
    </extent>
    <head>
      <charseq START="3393" END="3396">they</charseq>
    </head>
  </entity_mention>
</entity>
<entity ID="CNN_IP_20030329.1600.00-3-E53" TYPE="WEA" SUBTYPE="Exploding" CLASS="USP">
  <entity_mention ID="CNN_IP_20030329.1600.00-3-E53-79" TYPE="NOM" LDCTYPE="BAR">
    <extent>
      <charseq START="2780" END="2787">Grenades</charseq>
    </extent>
    <head>
      <charseq START="2780" END="2787">Grenades</charseq>
    </head>
  </entity_mention>
</entity>
<entity ID="CNN_IP_20030329.1600.00-3-E54" TYPE="WEA" SUBTYPE="Exploding" CLASS="USP">
  <entity_mention ID="CNN_IP_20030329.1600.00-3-E54-80" TYPE="NOM" LDCTYPE="BAR">
    <extent>
      <charseq START="2790" END="2796">mortars</charseq>
    </extent>
    <head>
      <charseq START="2790" END="2796">mortars</charseq>
    </head>
  </entity_mention>
</entity>
<entity ID="CNN_IP_20030329.1600.00-3-E55" TYPE="WEA" SUBTYPE="Underspecified" CLASS="USP">
  <entity_mention ID="CNN_IP_20030329.1600.00-3-E55-81" TYPE="NOM" LDCTYPE="NOM">
    <extent>
      <charseq START="2799" END="2849">all sorts of ammunition abandoned by Iraqi soldiers</charseq>
    </extent>
    <head>
      <charseq START="2812" END="2821">ammunition</charseq>
    </head>
  </entity_mention>
</entity>
<entity ID="CNN_IP_20030329.1600.00-3-E56" TYPE="PER" SUBTYPE="Group" CLASS="USP">
  <entity_mention ID="CNN_IP_20030329.1600.00-3-E56-82" TYPE="NOM" LDCTYPE="BAR">
    <extent>
      <charseq START="2836" END="2849">Iraqi soldiers</charseq>
    </extent>
    <head>
      <charseq START="2842" END="2849">soldiers</charseq>
    </head>
  </entity_mention>
</entity>
<entity ID="CNN_IP_20030329.1600.00-3-E58" TYPE="WEA" SUBTYPE="Underspecified" CLASS="USP">
  <entity_mention ID="CNN_IP_20030329.1600.00-3-E58-86" TYPE="NOM" LDCTYPE="NOM">
    <extent>
      <charseq START="2931" END="2963">many other mountains of armaments</charseq>
    </extent>
    <head>
      <charseq START="2955" END="2963">armaments</charseq>
    </head>
  </entity_mention>
</entity>
<entity ID="CNN_IP_20030329.1600.00-3-E59" TYPE="WEA" SUBTYPE="Underspecified" CLASS="USP">
  <entity_mention ID="CNN_IP_20030329.1600.00-3-E59-87" TYPE="PRO" LDCTYPE="PRO">
    <extent>
      <charseq START="2977" END="2980">them</charseq>
    </extent>
    <head>
      <charseq START="2977" END="2980">them</charseq>
    </head>
  </entity_mention>
</entity>
<entity ID="CNN_IP_20030329.1600.00-3-E60" TYPE="WEA" SUBTYPE="Underspecified" CLASS="USP">
  <entity_mention ID="CNN_IP_20030329.1600.00-3-E60-88" TYPE="PRO" LDCTYPE="PRO">
    <extent>
      <charseq START="2983" END="2986">Some</charseq>
    </extent>
    <head>
      <charseq START="2983" END="2986">Some</charseq>
    </head>
  </entity_mention>
</entity>
<entity ID="CNN_IP_20030329.1600.00-3-E61" TYPE="WEA" SUBTYPE="Underspecified" CLASS="USP">
  <entity_mention ID="CNN_IP_20030329.1600.00-3-E61-89" TYPE="PRO" LDCTYPE="HLS">
    <extent>
      <charseq START="3054" END="3061">The rest</charseq>
    </extent>
    <head>
      <charseq START="3058" END="3061">rest</charseq>
    </head>
  </entity_mention>
</entity>
<entity ID="CNN_IP_20030329.1600.00-3-E62" TYPE="LOC" SUBTYPE="Land-Region-Natural" CLASS="GEN">
  <entity_mention ID="CNN_IP_20030329.1600.00-3-E62-90" TYPE="NOM" LDCTYPE="NOM">
    <extent>
      <charseq START="3087" END="3096">the desert</charseq>
    </extent>
    <head>
      <charseq START="3091" END="3096">desert</charseq>
    </head>
  </entity_mention>
</entity>
<entity ID="CNN_IP_20030329.1600.00-3-E63" TYPE="PER" SUBTYPE="Group" CLASS="GEN">
  <entity_mention ID="CNN_IP_20030329.1600.00-3-E63-91" TYPE="NOM" LDCTYPE="NOM">
    <extent>
      <charseq START="3191" END="3210">the coalition forces</charseq>
    </extent>
    <head>
      <charseq START="3205" END="3210">forces</charseq>
    </head>
  </entity_mention>
  <entity_mention ID="CNN_IP_20030329.1600.00-3-E63-93" TYPE="PRO" LDCTYPE="PRO">
    <extent>
      <charseq START="3242" END="3245">they</charseq>
    </extent>
    <head>
      <charseq START="3242" END="3245">they</charseq>
    </head>
  </entity_mention>
  <entity_mention ID="CNN_IP_20030329.1600.00-3-E63-96" TYPE="PRO" LDCTYPE="PRO">
    <extent>
      <charseq START="3289" END="3292">them</charseq>
    </extent>
    <head>
      <charseq START="3289" END="3292">them</charseq>
    </head>
  </entity_mention>
  <entity_mention ID="CNN_IP_20030329.1600.00-3-E63-103" TYPE="PRO" LDCTYPE="PRO">
    <extent>
      <charseq START="3462" END="3463">us</charseq>
    </extent>
    <head>
      <charseq START="3462" END="3463">us</charseq>
    </head>
  </entity_mention>
</entity>
<entity ID="CNN_IP_20030329.1600.00-3-E65" TYPE="WEA" SUBTYPE="Underspecified" CLASS="GEN">
  <entity_mention ID="CNN_IP_20030329.1600.00-3-E65-94" TYPE="NOM" LDCTYPE="BAR" LDCATR="FALSE">
    <extent>
      <charseq START="3255" END="3272">weaponry like this</charseq>
    </extent>
    <head>
      <charseq START="3255" END="3262">weaponry</charseq>
    </head>
  </entity_mention>
  <entity_mention ID="CNN_IP_20030329.1600.00-3-E65-95" TYPE="PRO" LDCTYPE="PRO" LDCATR="TRUE">
    <extent>
      <charseq START="3269" END="3272">this</charseq>
    </extent>
    <head>
      <charseq START="3269" END="3272">this</charseq>
    </head>
  </entity_mention>
  <entity_mention ID="CNN_IP_20030329.1600.00-3-E65-104" TYPE="NOM" LDCTYPE="NOM" LDCATR="FALSE">
    <extent>
      <charseq START="3543" END="3563">much of this weaponry</charseq>
    </extent>
    <head>
      <charseq START="3556" END="3563">weaponry</charseq>
    </head>
  </entity_mention>
</entity>
<entity ID="CNN_IP_20030329.1600.00-3-E67" TYPE="WEA" SUBTYPE="Underspecified" CLASS="USP">
  <entity_mention ID="CNN_IP_20030329.1600.00-3-E67-97" TYPE="NOM" LDCTYPE="NOM">
    <extent>
      <charseq START="3340" END="3364">the amounts of ammunition</charseq>
    </extent>
    <head>
      <charseq START="3355" END="3364">ammunition</charseq>
    </head>
  </entity_mention>
</entity>
<entity ID="CNN_IP_20030329.1600.00-3-E68" TYPE="WEA" SUBTYPE="Underspecified" CLASS="USP">
  <entity_mention ID="CNN_IP_20030329.1600.00-3-E68-98" TYPE="NOM" LDCTYPE="BAR" LDCATR="FALSE">
    <extent>
      <charseq START="3370" END="3376">weapons</charseq>
    </extent>
    <head>
      <charseq START="3370" END="3376">weapons</charseq>
    </head>
  </entity_mention>
  <entity_mention ID="CNN_IP_20030329.1600.00-3-E68-100" TYPE="NOM" LDCTYPE="NOM" LDCATR="FALSE">
    <extent>
      <charseq START="3405" END="3417">those systems</charseq>
    </extent>
    <head>
      <charseq START="3411" END="3417">systems</charseq>
    </head>
  </entity_mention>
  <entity_mention ID="CNN_IP_20030329.1600.00-3-E68-101" TYPE="NOM" LDCTYPE="NOM" LDCATR="TRUE">
    <extent>
      <charseq START="3420" END="3440">that amount of weapon</charseq>
    </extent>
    <head>
      <charseq START="3435" END="3440">weapon</charseq>
    </head>
  </entity_mention>
</entity>
<entity ID="CNN_IP_20030329.1600.00-3-E70" TYPE="PER" SUBTYPE="Indeterminate" CLASS="NEG">
  <entity_mention ID="CNN_IP_20030329.1600.00-3-E70-105" TYPE="PRO" LDCTYPE="PRO">
    <extent>
      <charseq START="3601" END="3606">No one</charseq>
    </extent>
    <head>
      <charseq START="3604" END="3606">one</charseq>
    </head>
  </entity_mention>
</entity>
<entity ID="CNN_IP_20030329.1600.00-3-E73" TYPE="ORG" SUBTYPE="Media" CLASS="SPC">
  <entity_mention ID="CNN_IP_20030329.1600.00-3-E73-110" TYPE="NAM" LDCTYPE="NAM">
    <extent>
      <charseq START="3677" END="3684">Sky
News</charseq>
    </extent>
    <head>
      <charseq START="3677" END="3684">Sky
News</charseq>
    </head>
  </entity_mention>
  <entity_attributes>
    <name NAME="Sky News">
      <charseq START="3677" END="3684">Sky
News</charseq>
    </name>
  </entity_attributes>
</entity>
<entity ID="CNN_IP_20030329.1600.00-3-E74" TYPE="PER" SUBTYPE="Group" CLASS="USP">
  <entity_mention ID="CNN_IP_20030329.1600.00-3-E74-113" TYPE="PRO" LDCTYPE="PRO">
    <extent>
      <charseq START="2764" END="2767">them</charseq>
    </extent>
    <head>
      <charseq START="2764" END="2767">them</charseq>
    </head>
  </entity_mention>
</entity>
<entity ID="CNN_IP_20030329.1600.00-3-E75" TYPE="PER" SUBTYPE="Group" CLASS="USP">
  <entity_mention ID="CNN_IP_20030329.1600.00-3-E75-114" TYPE="PRO" LDCTYPE="PRO">
    <extent>
      <charseq START="140" END="141">We</charseq>
    </extent>
    <head>
      <charseq START="140" END="141">We</charseq>
    </head>
  </entity_mention>
  <entity_mention ID="CNN_IP_20030329.1600.00-3-E75-119" TYPE="PRO" LDCTYPE="PRO">
    <extent>
      <charseq START="307" END="308">We</charseq>
    </extent>
    <head>
      <charseq START="307" END="308">We</charseq>
    </head>
  </entity_mention>
</entity>
<entity ID="CNN_IP_20030329.1600.00-3-E76" TYPE="PER" SUBTYPE="Group" CLASS="USP">
  <entity_mention ID="CNN_IP_20030329.1600.00-3-E76-115" TYPE="PRO" LDCTYPE="PRO">
    <extent>
      <charseq START="156" END="158">you</charseq>
    </extent>
    <head>
      <charseq START="156" END="158">you</charseq>
    </head>
  </entity_mention>
</entity>
<entity ID="CNN_IP_20030329.1600.00-3-E77" TYPE="VEH" SUBTYPE="Air" CLASS="SPC">
  <entity_mention ID="CNN_IP_20030329.1600.00-3-E77-116" TYPE="NOM" LDCTYPE="NOM">
    <extent>
      <charseq START="180" END="214">the
aircraft coming in for landings</charseq>
    </extent>
    <head>
      <charseq START="184" END="191">aircraft</charseq>
    </head>
  </entity_mention>
</entity>
<entity ID="CNN_IP_20030329.1600.00-3-E79" TYPE="VEH" SUBTYPE="Air" CLASS="USP">
  <entity_mention ID="CNN_IP_20030329.1600.00-3-E79-120" TYPE="NOM" LDCTYPE="NOM">
    <extent>
      <charseq START="328" END="350">multitudes of warplanes</charseq>
    </extent>
    <head>
      <charseq START="342" END="350">warplanes</charseq>
    </head>
  </entity_mention>
</entity>
<entity ID="CNN_IP_20030329.1600.00-3-E80" TYPE="VEH" SUBTYPE="Air" CLASS="USP">
  <entity_mention ID="CNN_IP_20030329.1600.00-3-E80-121" TYPE="NOM" LDCTYPE="NOM">
    <extent>
      <charseq START="358" END="380">multitudes of warplanes</charseq>
    </extent>
    <head>
      <charseq START="372" END="380">warplanes</charseq>
    </head>
  </entity_mention>
</entity>
<entity ID="CNN_IP_20030329.1600.00-3-E81" TYPE="PER" SUBTYPE="Group" CLASS="USP">
  <entity_mention ID="CNN_IP_20030329.1600.00-3-E81-122" TYPE="PRO" LDCTYPE="PRO">
    <extent>
      <charseq START="442" END="445">They</charseq>
    </extent>
    <head>
      <charseq START="442" END="445">They</charseq>
    </head>
  </entity_mention>
</entity>
<entity ID="CNN_IP_20030329.1600.00-3-E82" TYPE="LOC" SUBTYPE="Boundary" CLASS="SPC">
  <entity_mention ID="CNN_IP_20030329.1600.00-3-E82-17" TYPE="NAM" LDCTYPE="NAM">
    <extent>
      <charseq START="1051" END="1065">the
Iraq border</charseq>
    </extent>
    <head>
      <charseq START="1060" END="1065">border</charseq>
    </head>
  </entity_mention>
  <entity_mention ID="CNN_IP_20030329.1600.00-3-E82-124" TYPE="NOM" LDCTYPE="NOM">
    <extent>
      <charseq START="501" END="512">Iraqi border</charseq>
    </extent>
    <head>
      <charseq START="507" END="512">border</charseq>
    </head>
  </entity_mention>
  <entity_attributes>
    <name NAME="border">
      <charseq START="1060" END="1065">border</charseq>
    </name>
  </entity_attributes>
</entity>
<entity ID="CNN_IP_20030329.1600.00-3-E85" TYPE="ORG" SUBTYPE="Government" CLASS="SPC">
  <entity_mention ID="CNN_IP_20030329.1600.00-3-E85-126" TYPE="NAM" LDCTYPE="NAMPRE">
    <extent>
      <charseq START="579" END="587">Air Force</charseq>
    </extent>
    <head>
      <charseq START="579" END="587">Air Force</charseq>
    </head>
  </entity_mention>
  <entity_attributes>
    <name NAME="Air Force">
      <charseq START="579" END="587">Air Force</charseq>
    </name>
  </entity_attributes>
</entity>
<timex2 ID="CNN_IP_20030329.1600.00-3-T1">
  <timex2_mention ID="CNN_IP_20030329.1600.00-3-T1-1">
    <extent>
      <charseq START="38" END="62">2003-03-29T16:00:00-05:00</charseq>
    </extent>
  </timex2_mention>
</timex2>
<timex2 ID="CNN_IP_20030329.1600.00-3-T2">
  <timex2_mention ID="CNN_IP_20030329.1600.00-3-T2-1">
    <extent>
      <charseq START="167" END="175">right now</charseq>
    </extent>
  </timex2_mention>
</timex2>
<timex2 ID="CNN_IP_20030329.1600.00-3-T3">
  <timex2_mention ID="CNN_IP_20030329.1600.00-3-T3-1">
    <extent>
      <charseq START="289" END="304">the past 11 days</charseq>
    </extent>
  </timex2_mention>
</timex2>
<timex2 ID="CNN_IP_20030329.1600.00-3-T4">
  <timex2_mention ID="CNN_IP_20030329.1600.00-3-T4-1">
    <extent>
      <charseq START="407" END="423">the busiest night</charseq>
    </extent>
  </timex2_mention>
</timex2>
<timex2 ID="CNN_IP_20030329.1600.00-3-T5">
  <timex2_mention ID="CNN_IP_20030329.1600.00-3-T5-1">
    <extent>
      <charseq START="532" END="560">a 24-hour
period ending today</charseq>
    </extent>
  </timex2_mention>
</timex2>
<timex2 ID="CNN_IP_20030329.1600.00-3-T6">
  <timex2_mention ID="CNN_IP_20030329.1600.00-3-T6-1">
    <extent>
      <charseq START="556" END="560">today</charseq>
    </extent>
  </timex2_mention>
</timex2>
<timex2 ID="CNN_IP_20030329.1600.00-3-T7">
  <timex2_mention ID="CNN_IP_20030329.1600.00-3-T7-1">
    <extent>
      <charseq START="764" END="795">a 24-hour period ending tomorrow</charseq>
    </extent>
  </timex2_mention>
</timex2>
<timex2 ID="CNN_IP_20030329.1600.00-3-T8">
  <timex2_mention ID="CNN_IP_20030329.1600.00-3-T8-1">
    <extent>
      <charseq START="788" END="795">tomorrow</charseq>
    </extent>
  </timex2_mention>
</timex2>
<timex2 ID="CNN_IP_20030329.1600.00-3-T9">
  <timex2_mention ID="CNN_IP_20030329.1600.00-3-T9-1">
    <extent>
      <charseq START="1123" END="1146">tomorrow at noon Eastern</charseq>
    </extent>
  </timex2_mention>
</timex2>
<timex2 ID="CNN_IP_20030329.1600.00-3-T10">
  <timex2_mention ID="CNN_IP_20030329.1600.00-3-T10-1">
    <extent>
      <charseq START="1123" END="1130">tomorrow</charseq>
    </extent>
  </timex2_mention>
</timex2>
<timex2 ID="CNN_IP_20030329.1600.00-3-T11">
  <timex2_mention ID="CNN_IP_20030329.1600.00-3-T11-1">
    <extent>
      <charseq START="1346" END="1385">noon Eastern, nine A.M. Pacific tomorrow</charseq>
    </extent>
  </timex2_mention>
</timex2>
<timex2 ID="CNN_IP_20030329.1600.00-3-T12">
  <timex2_mention ID="CNN_IP_20030329.1600.00-3-T12-1">
    <extent>
      <charseq START="1378" END="1385">tomorrow</charseq>
    </extent>
  </timex2_mention>
</timex2>
<timex2 ID="CNN_IP_20030329.1600.00-3-T13">
  <timex2_mention ID="CNN_IP_20030329.1600.00-3-T13-1">
    <extent>
      <charseq START="1395" END="1400">Sunday</charseq>
    </extent>
  </timex2_mention>
</timex2>
<timex2 ID="CNN_IP_20030329.1600.00-3-T14">
  <timex2_mention ID="CNN_IP_20030329.1600.00-3-T14-1">
    <extent>
      <charseq START="1431" END="1449">the top of the hour</charseq>
    </extent>
  </timex2_mention>
</timex2>
<timex2 ID="CNN_IP_20030329.1600.00-3-T15">
  <timex2_mention ID="CNN_IP_20030329.1600.00-3-T15-1">
    <extent>
      <charseq START="1511" END="1517">the day</charseq>
    </extent>
  </timex2_mention>
</timex2>
<timex2 ID="CNN_IP_20030329.1600.00-3-T16">
  <timex2_mention ID="CNN_IP_20030329.1600.00-3-T16-1">
    <extent>
      <charseq START="1652" END="1670">the top of the hour</charseq>
    </extent>
  </timex2_mention>
</timex2>
<timex2 ID="CNN_IP_20030329.1600.00-3-T17">
  <timex2_mention ID="CNN_IP_20030329.1600.00-3-T17-1">
    <extent>
      <charseq START="1442" END="1449">the hour</charseq>
    </extent>
  </timex2_mention>
</timex2>
<timex2 ID="CNN_IP_20030329.1600.00-3-T18">
  <timex2_mention ID="CNN_IP_20030329.1600.00-3-T18-1">
    <extent>
      <charseq START="1663" END="1670">the hour</charseq>
    </extent>
  </timex2_mention>
</timex2>
<timex2 ID="CNN_IP_20030329.1600.00-3-T19">
  <timex2_mention ID="CNN_IP_20030329.1600.00-3-T19-1">
    <extent>
      <charseq START="1706" END="1711">Sunday</charseq>
    </extent>
  </timex2_mention>
</timex2>
<timex2 ID="CNN_IP_20030329.1600.00-3-T20">
  <timex2_mention ID="CNN_IP_20030329.1600.00-3-T20-1">
    <extent>
      <charseq START="2603" END="2613">a long
time</charseq>
    </extent>
  </timex2_mention>
</timex2>
<timex2 ID="CNN_IP_20030329.1600.00-3-T21">
  <timex2_mention ID="CNN_IP_20030329.1600.00-3-T21-1">
    <extent>
      <charseq START="2641" END="2648">recently</charseq>
    </extent>
  </timex2_mention>
</timex2>
<timex2 ID="CNN_IP_20030329.1600.00-3-T22">
  <timex2_mention ID="CNN_IP_20030329.1600.00-3-T22-1">
    <extent>
      <charseq START="3103" END="3107">today</charseq>
    </extent>
  </timex2_mention>
</timex2>
<timex2 ID="CNN_IP_20030329.1600.00-3-T23">
  <timex2_mention ID="CNN_IP_20030329.1600.00-3-T23-1">
    <extent>
      <charseq START="238" END="251">a Sunday night</charseq>
    </extent>
  </timex2_mention>
</timex2>
<relation ID="CNN_IP_20030329.1600.00-3-R1" TYPE="PHYS" SUBTYPE="Near" TENSE="Unspecified" MODALITY="Asserted">
  <relation_argument REFID="CNN_IP_20030329.1600.00-3-E23" ROLE="Arg-1"/>
  <relation_argument REFID="CNN_IP_20030329.1600.00-3-E82" ROLE="Arg-2"/>
  <relation_mention ID="CNN_IP_20030329.1600.00-3-R1-1" LEXICALCONDITION="Preposition">
    <extent>
      <charseq START="471" END="512">this particular base near the Iraqi border</charseq>
    </extent>
    <relation_mention_argument REFID="CNN_IP_20030329.1600.00-3-E23-123" ROLE="Arg-1">
      <extent>
        <charseq START="471" END="512">this particular base near the Iraqi border</charseq>
      </extent>
    </relation_mention_argument>
    <relation_mention_argument REFID="CNN_IP_20030329.1600.00-3-E82-124" ROLE="Arg-2">
      <extent>
        <charseq START="501" END="512">Iraqi border</charseq>
      </extent>
    </relation_mention_argument>
  </relation_mention>
  <relation_mention ID="CNN_IP_20030329.1600.00-3-R1-2" LEXICALCONDITION="Preposition">
    <extent>
      <charseq START="1034" END="1065">an air base near the
Iraq border</charseq>
    </extent>
    <relation_mention_argument REFID="CNN_IP_20030329.1600.00-3-E23-16" ROLE="Arg-1">
      <extent>
        <charseq START="1034" END="1065">an air base near the
Iraq border</charseq>
      </extent>
    </relation_mention_argument>
    <relation_mention_argument REFID="CNN_IP_20030329.1600.00-3-E82-17" ROLE="Arg-2">
      <extent>
        <charseq START="1051" END="1065">the
Iraq border</charseq>
      </extent>
    </relation_mention_argument>
  </relation_mention>
</relation>
<relation ID="CNN_IP_20030329.1600.00-3-R2" TYPE="PART-WHOLE" SUBTYPE="Geographical" TENSE="Unspecified" MODALITY="Asserted">
  <relation_argument REFID="CNN_IP_20030329.1600.00-3-E82" ROLE="Arg-1"/>
  <relation_argument REFID="CNN_IP_20030329.1600.00-3-E12" ROLE="Arg-2"/>
  <relation_mention ID="CNN_IP_20030329.1600.00-3-R2-1" LEXICALCONDITION="PreMod">
    <extent>
      <charseq START="501" END="512">Iraqi border</charseq>
    </extent>
    <relation_mention_argument REFID="CNN_IP_20030329.1600.00-3-E82-124" ROLE="Arg-1">
      <extent>
        <charseq START="501" END="512">Iraqi border</charseq>
      </extent>
    </relation_mention_argument>
    <relation_mention_argument REFID="CNN_IP_20030329.1600.00-3-E12-125" ROLE="Arg-2">
      <extent>
        <charseq START="501" END="505">Iraqi</charseq>
      </extent>
    </relation_mention_argument>
  </relation_mention>
  <relation_mention ID="CNN_IP_20030329.1600.00-3-R2-2" LEXICALCONDITION="PreMod">
    <extent>
      <charseq START="1051" END="1065">the
Iraq border</charseq>
    </extent>
    <relation_mention_argument REFID="CNN_IP_20030329.1600.00-3-E82-17" ROLE="Arg-1">
      <extent>
        <charseq START="1051" END="1065">the
Iraq border</charseq>
      </extent>
    </relation_mention_argument>
    <relation_mention_argument REFID="CNN_IP_20030329.1600.00-3-E12-18" ROLE="Arg-2">
      <extent>
        <charseq START="1055" END="1058">Iraq</charseq>
      </extent>
    </relation_mention_argument>
  </relation_mention>
</relation>
<relation ID="CNN_IP_20030329.1600.00-3-R3" TYPE="ART" SUBTYPE="User-Owner-Inventor-Manufacturer" TENSE="Unspecified" MODALITY="Asserted">
  <relation_argument REFID="CNN_IP_20030329.1600.00-3-E85" ROLE="Arg-1"/>
  <relation_argument REFID="CNN_IP_20030329.1600.00-3-E1" ROLE="Arg-2"/>
  <relation_mention ID="CNN_IP_20030329.1600.00-3-R3-1" LEXICALCONDITION="Other">
    <extent>
      <charseq START="442" END="716">They're expecting a total at
this particular base near the Iraqi border of 300 sorties in a 24-hour
period ending today according to the Air Force total from all the bases
and there are more than 30 bases in 12 different countries in the Middle
East according to the Pentagon</charseq>
    </extent>
    <relation_mention_argument REFID="CNN_IP_20030329.1600.00-3-E85-126" ROLE="Arg-1">
      <extent>
        <charseq START="579" END="587">Air Force</charseq>
      </extent>
    </relation_mention_argument>
    <relation_mention_argument REFID="CNN_IP_20030329.1600.00-3-E1-127" ROLE="Arg-2">
      <extent>
        <charseq START="600" END="612">all the bases</charseq>
      </extent>
    </relation_mention_argument>
  </relation_mention>
</relation>
<relation ID="CNN_IP_20030329.1600.00-3-R4" TYPE="ART" SUBTYPE="User-Owner-Inventor-Manufacturer" TENSE="Unspecified" MODALITY="Other">
  <relation_argument REFID="CNN_IP_20030329.1600.00-3-E4" ROLE="Arg-1"/>
  <relation_argument REFID="CNN_IP_20030329.1600.00-3-E1" ROLE="Arg-2"/>
  <relation_mention ID="CNN_IP_20030329.1600.00-3-R4-1" LEXICALCONDITION="Other">
    <extent>
      <charseq START="442" END="716">They're expecting a total at
this particular base near the Iraqi border of 300 sorties in a 24-hour
period ending today according to the Air Force total from all the bases
and there are more than 30 bases in 12 different countries in the Middle
East according to the Pentagon</charseq>
    </extent>
    <relation_mention_argument REFID="CNN_IP_20030329.1600.00-3-E4-5" ROLE="Arg-1">
      <extent>
        <charseq START="705" END="716">the Pentagon</charseq>
      </extent>
    </relation_mention_argument>
    <relation_mention_argument REFID="CNN_IP_20030329.1600.00-3-E1-2" ROLE="Arg-2">
      <extent>
        <charseq START="628" END="690">more than 30 bases in 12 different countries in the Middle
East</charseq>
      </extent>
    </relation_mention_argument>
  </relation_mention>
</relation>
<relation ID="CNN_IP_20030329.1600.00-3-R5" TYPE="PART-WHOLE" SUBTYPE="Geographical" TENSE="Unspecified" MODALITY="Asserted">
  <relation_argument REFID="CNN_IP_20030329.1600.00-3-E1" ROLE="Arg-1"/>
  <relation_argument REFID="CNN_IP_20030329.1600.00-3-E2" ROLE="Arg-2"/>
  <relation_mention ID="CNN_IP_20030329.1600.00-3-R5-1" LEXICALCONDITION="Preposition">
    <extent>
      <charseq START="628" END="690">more than 30 bases in 12 different countries in the Middle
East</charseq>
    </extent>
    <relation_mention_argument REFID="CNN_IP_20030329.1600.00-3-E1-2" ROLE="Arg-1">
      <extent>
        <charseq START="628" END="690">more than 30 bases in 12 different countries in the Middle
East</charseq>
      </extent>
    </relation_mention_argument>
    <relation_mention_argument REFID="CNN_IP_20030329.1600.00-3-E2-3" ROLE="Arg-2">
      <extent>
        <charseq START="650" END="690">12 different countries in the Middle
East</charseq>
      </extent>
    </relation_mention_argument>
  </relation_mention>
</relation>
<relation ID="CNN_IP_20030329.1600.00-3-R6" TYPE="PART-WHOLE" SUBTYPE="Geographical" TENSE="Unspecified" MODALITY="Asserted">
  <relation_argument REFID="CNN_IP_20030329.1600.00-3-E2" ROLE="Arg-1"/>
  <relation_argument REFID="CNN_IP_20030329.1600.00-3-E3" ROLE="Arg-2"/>
  <relation_mention ID="CNN_IP_20030329.1600.00-3-R6-1" LEXICALCONDITION="Preposition">
    <extent>
      <charseq START="650" END="690">12 different countries in the Middle
East</charseq>
    </extent>
    <relation_mention_argument REFID="CNN_IP_20030329.1600.00-3-E2-3" ROLE="Arg-1">
      <extent>
        <charseq START="650" END="690">12 different countries in the Middle
East</charseq>
      </extent>
    </relation_mention_argument>
    <relation_mention_argument REFID="CNN_IP_20030329.1600.00-3-E3-4" ROLE="Arg-2">
      <extent>
        <charseq START="676" END="690">the Middle
East</charseq>
      </extent>
    </relation_mention_argument>
  </relation_mention>
</relation>
<relation ID="CNN_IP_20030329.1600.00-3-R7" TYPE="PHYS" SUBTYPE="Located" TENSE="Present" MODALITY="Asserted">
  <relation_argument REFID="CNN_IP_20030329.1600.00-3-E11" ROLE="Arg-1"/>
  <relation_argument REFID="CNN_IP_20030329.1600.00-3-E23" ROLE="Arg-2"/>
  <relation_mention ID="CNN_IP_20030329.1600.00-3-R7-1" LEXICALCONDITION="Preposition">
    <extent>
      <charseq START="1018" END="1065">Gary Tuchman in an air base near the
Iraq border</charseq>
    </extent>
    <relation_mention_argument REFID="CNN_IP_20030329.1600.00-3-E11-15" ROLE="Arg-1">
      <extent>
        <charseq START="1018" END="1029">Gary Tuchman</charseq>
      </extent>
    </relation_mention_argument>
    <relation_mention_argument REFID="CNN_IP_20030329.1600.00-3-E23-16" ROLE="Arg-2">
      <extent>
        <charseq START="1034" END="1065">an air base near the
Iraq border</charseq>
      </extent>
    </relation_mention_argument>
  </relation_mention>
</relation>
<relation ID="CNN_IP_20030329.1600.00-3-R10" TYPE="ORG-AFF" SUBTYPE="Employment" TENSE="Unspecified" MODALITY="Asserted">
  <relation_argument REFID="CNN_IP_20030329.1600.00-3-E13" ROLE="Arg-1"/>
  <relation_argument REFID="CNN_IP_20030329.1600.00-3-E15" ROLE="Arg-2"/>
  <relation_mention ID="CNN_IP_20030329.1600.00-3-R10-1" LEXICALCONDITION="PreMod">
    <extent>
      <charseq START="1183" END="1215">the nation's
top military officer</charseq>
    </extent>
    <relation_mention_argument REFID="CNN_IP_20030329.1600.00-3-E13-22" ROLE="Arg-1">
      <extent>
        <charseq START="1183" END="1215">the nation's
top military officer</charseq>
      </extent>
    </relation_mention_argument>
    <relation_mention_argument REFID="CNN_IP_20030329.1600.00-3-E15-24" ROLE="Arg-2">
      <extent>
        <charseq START="1200" END="1207">military</charseq>
      </extent>
    </relation_mention_argument>
  </relation_mention>
</relation>
<relation ID="CNN_IP_20030329.1600.00-3-R11" TYPE="GEN-AFF" SUBTYPE="Citizen-Resident-Religion-Ethnicity" TENSE="Unspecified" MODALITY="Asserted">
  <relation_argument REFID="CNN_IP_20030329.1600.00-3-E13" ROLE="Arg-1"/>
  <relation_argument REFID="CNN_IP_20030329.1600.00-3-E14" ROLE="Arg-2"/>
  <relation_mention ID="CNN_IP_20030329.1600.00-3-R11-1" LEXICALCONDITION="Possessive">
    <extent>
      <charseq START="1183" END="1215">the nation's
top military officer</charseq>
    </extent>
    <relation_mention_argument REFID="CNN_IP_20030329.1600.00-3-E13-22" ROLE="Arg-1">
      <extent>
        <charseq START="1183" END="1215">the nation's
top military officer</charseq>
      </extent>
    </relation_mention_argument>
    <relation_mention_argument REFID="CNN_IP_20030329.1600.00-3-E14-23" ROLE="Arg-2">
      <extent>
        <charseq START="1183" END="1192">the nation</charseq>
      </extent>
    </relation_mention_argument>
  </relation_mention>
</relation>
<relation ID="CNN_IP_20030329.1600.00-3-R12" TYPE="ORG-AFF" SUBTYPE="Membership" TENSE="Unspecified" MODALITY="Asserted">
  <relation_argument REFID="CNN_IP_20030329.1600.00-3-E13" ROLE="Arg-1"/>
  <relation_argument REFID="CNN_IP_20030329.1600.00-3-E17" ROLE="Arg-2"/>
  <relation_mention ID="CNN_IP_20030329.1600.00-3-R12-1" LEXICALCONDITION="Preposition">
    <extent>
      <charseq START="1218" END="1258">the Chairman of the Joint Chiefs of Staff</charseq>
    </extent>
    <relation_mention_argument REFID="CNN_IP_20030329.1600.00-3-E13-25" ROLE="Arg-1">
      <extent>
        <charseq START="1218" END="1258">the Chairman of the Joint Chiefs of Staff</charseq>
      </extent>
    </relation_mention_argument>
    <relation_mention_argument REFID="CNN_IP_20030329.1600.00-3-E17-26" ROLE="Arg-2">
      <extent>
        <charseq START="1234" END="1258">the Joint Chiefs of Staff</charseq>
      </extent>
    </relation_mention_argument>
  </relation_mention>
</relation>
<relation ID="CNN_IP_20030329.1600.00-3-R13" TYPE="PHYS" SUBTYPE="Located" TENSE="Present" MODALITY="Asserted">
  <relation_argument REFID="CNN_IP_20030329.1600.00-3-E20" ROLE="Arg-1"/>
  <relation_argument REFID="CNN_IP_20030329.1600.00-3-E22" ROLE="Arg-2"/>
  <relation_mention ID="CNN_IP_20030329.1600.00-3-R13-1" LEXICALCONDITION="Preposition">
    <extent>
      <charseq START="1574" END="1600">Judy Woodruff in Washington</charseq>
    </extent>
    <relation_mention_argument REFID="CNN_IP_20030329.1600.00-3-E20-34" ROLE="Arg-1">
      <extent>
        <charseq START="1574" END="1586">Judy Woodruff</charseq>
      </extent>
    </relation_mention_argument>
    <relation_mention_argument REFID="CNN_IP_20030329.1600.00-3-E22-35" ROLE="Arg-2">
      <extent>
        <charseq START="1591" END="1600">Washington</charseq>
      </extent>
    </relation_mention_argument>
  </relation_mention>
</relation>
<relation ID="CNN_IP_20030329.1600.00-3-R14" TYPE="ORG-AFF" SUBTYPE="Employment" TENSE="Unspecified" MODALITY="Asserted">
  <relation_argument REFID="CNN_IP_20030329.1600.00-3-E25" ROLE="Arg-1"/>
  <relation_argument REFID="CNN_IP_20030329.1600.00-3-E26" ROLE="Arg-2"/>
  <relation_mention ID="CNN_IP_20030329.1600.00-3-R14-1" LEXICALCONDITION="PreMod">
    <extent>
      <charseq START="1736" END="1751">coalition forces</charseq>
    </extent>
    <relation_mention_argument REFID="CNN_IP_20030329.1600.00-3-E25-39" ROLE="Arg-1">
      <extent>
        <charseq START="1736" END="1751">coalition forces</charseq>
      </extent>
    </relation_mention_argument>
    <relation_mention_argument REFID="CNN_IP_20030329.1600.00-3-E26-40" ROLE="Arg-2">
      <extent>
        <charseq START="1736" END="1744">coalition</charseq>
      </extent>
    </relation_mention_argument>
  </relation_mention>
</relation>
<relation ID="CNN_IP_20030329.1600.00-3-R15" TYPE="ART" SUBTYPE="User-Owner-Inventor-Manufacturer" TENSE="Unspecified" MODALITY="Other">
  <relation_argument REFID="CNN_IP_20030329.1600.00-3-E28" ROLE="Arg-1"/>
  <relation_argument REFID="CNN_IP_20030329.1600.00-3-E27" ROLE="Arg-2"/>
  <relation_mention ID="CNN_IP_20030329.1600.00-3-R15-1" LEXICALCONDITION="Participial">
    <extent>
      <charseq START="1830" END="1864">the weapons captured from the enemy</charseq>
    </extent>
    <relation_mention_argument REFID="CNN_IP_20030329.1600.00-3-E28-43" ROLE="Arg-1">
      <extent>
        <charseq START="1856" END="1864">the enemy</charseq>
      </extent>
    </relation_mention_argument>
    <relation_mention_argument REFID="CNN_IP_20030329.1600.00-3-E27-42" ROLE="Arg-2">
      <extent>
        <charseq START="1830" END="1864">the weapons captured from the enemy</charseq>
      </extent>
    </relation_mention_argument>
  </relation_mention>
</relation>
<relation ID="CNN_IP_20030329.1600.00-3-R16" TYPE="ORG-AFF" SUBTYPE="Employment" TENSE="Unspecified" MODALITY="Asserted">
  <relation_argument REFID="CNN_IP_20030329.1600.00-3-E29" ROLE="Arg-1"/>
  <relation_argument REFID="CNN_IP_20030329.1600.00-3-E35" ROLE="Arg-2"/>
  <relation_mention ID="CNN_IP_20030329.1600.00-3-R16-1" LEXICALCONDITION="Preposition">
    <extent>
      <charseq START="1867" END="1899">Some of the 40,000 British troops</charseq>
    </extent>
    <relation_mention_argument REFID="CNN_IP_20030329.1600.00-3-E29-44" ROLE="Arg-1">
      <extent>
        <charseq START="1867" END="1899">Some of the 40,000 British troops</charseq>
      </extent>
    </relation_mention_argument>
    <relation_mention_argument REFID="CNN_IP_20030329.1600.00-3-E35-52" ROLE="Arg-2">
      <extent>
        <charseq START="1886" END="1892">British</charseq>
      </extent>
    </relation_mention_argument>
  </relation_mention>
</relation>
<relation ID="CNN_IP_20030329.1600.00-3-R17" TYPE="ORG-AFF" SUBTYPE="Employment" TENSE="Unspecified" MODALITY="Asserted">
  <relation_argument REFID="CNN_IP_20030329.1600.00-3-E30" ROLE="Arg-1"/>
  <relation_argument REFID="CNN_IP_20030329.1600.00-3-E35" ROLE="Arg-2"/>
  <relation_mention ID="CNN_IP_20030329.1600.00-3-R17-1" LEXICALCONDITION="PreMod">
    <extent>
      <charseq START="1875" END="1899">the 40,000 British troops</charseq>
    </extent>
    <relation_mention_argument REFID="CNN_IP_20030329.1600.00-3-E30-45" ROLE="Arg-1">
      <extent>
        <charseq START="1875" END="1899">the 40,000 British troops</charseq>
      </extent>
    </relation_mention_argument>
    <relation_mention_argument REFID="CNN_IP_20030329.1600.00-3-E35-52" ROLE="Arg-2">
      <extent>
        <charseq START="1886" END="1892">British</charseq>
      </extent>
    </relation_mention_argument>
  </relation_mention>
</relation>
<relation ID="CNN_IP_20030329.1600.00-3-R18" TYPE="PART-WHOLE" SUBTYPE="Geographical" TENSE="Unspecified" MODALITY="Asserted">
  <relation_argument REFID="CNN_IP_20030329.1600.00-3-E31" ROLE="Arg-1"/>
  <relation_argument REFID="CNN_IP_20030329.1600.00-3-E12" ROLE="Arg-2"/>
  <relation_mention ID="CNN_IP_20030329.1600.00-3-R18-1" LEXICALCONDITION="PreMod">
    <extent>
      <charseq START="1933" END="1948">the Iraqi desert</charseq>
    </extent>
    <relation_mention_argument REFID="CNN_IP_20030329.1600.00-3-E31-46" ROLE="Arg-1">
      <extent>
        <charseq START="1933" END="1948">the Iraqi desert</charseq>
      </extent>
    </relation_mention_argument>
    <relation_mention_argument REFID="CNN_IP_20030329.1600.00-3-E12-47" ROLE="Arg-2">
      <extent>
        <charseq START="1937" END="1941">Iraqi</charseq>
      </extent>
    </relation_mention_argument>
  </relation_mention>
</relation>
<relation ID="CNN_IP_20030329.1600.00-3-R19" TYPE="PHYS" SUBTYPE="Located" TENSE="Present" MODALITY="Asserted">
  <relation_argument REFID="CNN_IP_20030329.1600.00-3-E29" ROLE="Arg-1"/>
  <relation_argument REFID="CNN_IP_20030329.1600.00-3-E31" ROLE="Arg-2"/>
  <relation_mention ID="CNN_IP_20030329.1600.00-3-R19-1" LEXICALCONDITION="Verbal">
    <extent>
      <charseq START="1867" END="2014">Some of the 40,000 British troops
are kicking up a lot of dust in the Iraqi desert making sure that nothing
is left behind them that could hurt them</charseq>
    </extent>
    <relation_mention_argument REFID="CNN_IP_20030329.1600.00-3-E29-44" ROLE="Arg-1">
      <extent>
        <charseq START="1867" END="1899">Some of the 40,000 British troops</charseq>
      </extent>
    </relation_mention_argument>
    <relation_mention_argument REFID="CNN_IP_20030329.1600.00-3-E31-46" ROLE="Arg-2">
      <extent>
        <charseq START="1933" END="1948">the Iraqi desert</charseq>
      </extent>
    </relation_mention_argument>
  </relation_mention>
</relation>
<relation ID="CNN_IP_20030329.1600.00-3-R20" TYPE="PHYS" SUBTYPE="Located" TENSE="Present" MODALITY="Asserted">
  <relation_argument REFID="CNN_IP_20030329.1600.00-3-E36" ROLE="Arg-1"/>
  <relation_argument REFID="CNN_IP_20030329.1600.00-3-E38" ROLE="Arg-2"/>
  <relation_mention ID="CNN_IP_20030329.1600.00-3-R20-1" LEXICALCONDITION="Preposition">
    <extent>
      <charseq START="2036" END="2067">the U.K.
forces in southern Iraq</charseq>
    </extent>
    <relation_mention_argument REFID="CNN_IP_20030329.1600.00-3-E36-53" ROLE="Arg-1">
      <extent>
        <charseq START="2036" END="2067">the U.K.
forces in southern Iraq</charseq>
      </extent>
    </relation_mention_argument>
    <relation_mention_argument REFID="CNN_IP_20030329.1600.00-3-E38-55" ROLE="Arg-2">
      <extent>
        <charseq START="2055" END="2067">southern Iraq</charseq>
      </extent>
    </relation_mention_argument>
  </relation_mention>
</relation>
<relation ID="CNN_IP_20030329.1600.00-3-R21" TYPE="ORG-AFF" SUBTYPE="Employment" TENSE="Unspecified" MODALITY="Asserted">
  <relation_argument REFID="CNN_IP_20030329.1600.00-3-E36" ROLE="Arg-1"/>
  <relation_argument REFID="CNN_IP_20030329.1600.00-3-E35" ROLE="Arg-2"/>
  <relation_mention ID="CNN_IP_20030329.1600.00-3-R21-1" LEXICALCONDITION="PreMod">
    <extent>
      <charseq START="2036" END="2067">the U.K.
forces in southern Iraq</charseq>
    </extent>
    <relation_mention_argument REFID="CNN_IP_20030329.1600.00-3-E36-53" ROLE="Arg-1">
      <extent>
        <charseq START="2036" END="2067">the U.K.
forces in southern Iraq</charseq>
      </extent>
    </relation_mention_argument>
    <relation_mention_argument REFID="CNN_IP_20030329.1600.00-3-E35-54" ROLE="Arg-2">
      <extent>
        <charseq START="2040" END="2042">U.K</charseq>
      </extent>
    </relation_mention_argument>
  </relation_mention>
</relation>
<relation ID="CNN_IP_20030329.1600.00-3-R22" TYPE="ORG-AFF" SUBTYPE="Employment" TENSE="Unspecified" MODALITY="Asserted">
  <relation_argument REFID="CNN_IP_20030329.1600.00-3-E40" ROLE="Arg-1"/>
  <relation_argument REFID="CNN_IP_20030329.1600.00-3-E35" ROLE="Arg-2"/>
  <relation_mention ID="CNN_IP_20030329.1600.00-3-R22-1" LEXICALCONDITION="PreMod">
    <extent>
      <charseq START="2191" END="2212">British forces in Iraq</charseq>
    </extent>
    <relation_mention_argument REFID="CNN_IP_20030329.1600.00-3-E40-57" ROLE="Arg-1">
      <extent>
        <charseq START="2191" END="2212">British forces in Iraq</charseq>
      </extent>
    </relation_mention_argument>
    <relation_mention_argument REFID="CNN_IP_20030329.1600.00-3-E35-58" ROLE="Arg-2">
      <extent>
        <charseq START="2191" END="2197">British</charseq>
      </extent>
    </relation_mention_argument>
  </relation_mention>
</relation>
<relation ID="CNN_IP_20030329.1600.00-3-R23" TYPE="PHYS" SUBTYPE="Located" TENSE="Present" MODALITY="Asserted">
  <relation_argument REFID="CNN_IP_20030329.1600.00-3-E40" ROLE="Arg-1"/>
  <relation_argument REFID="CNN_IP_20030329.1600.00-3-E12" ROLE="Arg-2"/>
  <relation_mention ID="CNN_IP_20030329.1600.00-3-R23-1" LEXICALCONDITION="Preposition">
    <extent>
      <charseq START="2191" END="2212">British forces in Iraq</charseq>
    </extent>
    <relation_mention_argument REFID="CNN_IP_20030329.1600.00-3-E40-57" ROLE="Arg-1">
      <extent>
        <charseq START="2191" END="2212">British forces in Iraq</charseq>
      </extent>
    </relation_mention_argument>
    <relation_mention_argument REFID="CNN_IP_20030329.1600.00-3-E12-59" ROLE="Arg-2">
      <extent>
        <charseq START="2209" END="2212">Iraq</charseq>
      </extent>
    </relation_mention_argument>
  </relation_mention>
</relation>
<relation ID="CNN_IP_20030329.1600.00-3-R24" TYPE="ART" SUBTYPE="User-Owner-Inventor-Manufacturer" TENSE="Unspecified" MODALITY="Other">
  <relation_argument REFID="CNN_IP_20030329.1600.00-3-E43" ROLE="Arg-1"/>
  <relation_argument REFID="CNN_IP_20030329.1600.00-3-E42" ROLE="Arg-2"/>
  <relation_mention ID="CNN_IP_20030329.1600.00-3-R24-1" LEXICALCONDITION="Verbal">
    <extent>
      <charseq START="2258" END="2342">This is what we're coming across a lot of these, 30 mil, 60 mil, 80 mil,
even 120 mil</charseq>
    </extent>
    <relation_mention_argument REFID="CNN_IP_20030329.1600.00-3-E43-61" ROLE="Arg-1">
      <extent>
        <charseq START="2271" END="2272">we</charseq>
      </extent>
    </relation_mention_argument>
    <relation_mention_argument REFID="CNN_IP_20030329.1600.00-3-E42-62" ROLE="Arg-2">
      <extent>
        <charseq START="2291" END="2342">a lot of these, 30 mil, 60 mil, 80 mil,
even 120 mil</charseq>
      </extent>
    </relation_mention_argument>
  </relation_mention>
  <relation_mention ID="CNN_IP_20030329.1600.00-3-R24-2" LEXICALCONDITION="Verbal">
    <extent>
      <charseq START="2877" END="2980">The job of these Royal Engineers is to clear
this and many other mountains of armaments and destroy them</charseq>
    </extent>
    <relation_mention_argument REFID="CNN_IP_20030329.1600.00-3-E43-84" ROLE="Arg-1">
      <extent>
        <charseq START="2888" END="2908">these Royal Engineers</charseq>
      </extent>
    </relation_mention_argument>
    <relation_mention_argument REFID="CNN_IP_20030329.1600.00-3-E42-85" ROLE="Arg-2">
      <extent>
        <charseq START="2922" END="2925">this</charseq>
      </extent>
    </relation_mention_argument>
  </relation_mention>
</relation>
<relation ID="CNN_IP_20030329.1600.00-3-R25" TYPE="ART" SUBTYPE="User-Owner-Inventor-Manufacturer" TENSE="Unspecified" MODALITY="Other">
  <relation_argument REFID="CNN_IP_20030329.1600.00-3-E52" ROLE="Arg-1"/>
  <relation_argument REFID="CNN_IP_20030329.1600.00-3-E51" ROLE="Arg-2"/>
  <relation_argument REFID="CNN_IP_20030329.1600.00-3-T21" ROLE="Time-Within"/>
  <relation_mention ID="CNN_IP_20030329.1600.00-3-R25-1" LEXICALCONDITION="Verbal">
    <extent>
      <charseq START="2536" END="2767">I'm not too sure but judging by some of this, it's been here quite a long
time so whether it's been used recently by them - there was an Intel
upbeat saying that they were possibly coming back to try and get this to
use against them</charseq>
    </extent>
    <relation_mention_argument REFID="CNN_IP_20030329.1600.00-3-E52-77" ROLE="Arg-1">
      <extent>
        <charseq START="2653" END="2656">them</charseq>
      </extent>
    </relation_mention_argument>
    <relation_mention_argument REFID="CNN_IP_20030329.1600.00-3-E51-76" ROLE="Arg-2">
      <extent>
        <charseq START="2626" END="2627">it</charseq>
      </extent>
    </relation_mention_argument>
    <relation_mention_argument REFID="CNN_IP_20030329.1600.00-3-T21-1" ROLE="Time-Within">
      <extent>
        <charseq START="2641" END="2648">recently</charseq>
      </extent>
    </relation_mention_argument>
  </relation_mention>
</relation>
<relation ID="CNN_IP_20030329.1600.00-3-R26" TYPE="ART" SUBTYPE="User-Owner-Inventor-Manufacturer" TENSE="Past" MODALITY="Asserted">
  <relation_argument REFID="CNN_IP_20030329.1600.00-3-E56" ROLE="Arg-1"/>
  <relation_argument REFID="CNN_IP_20030329.1600.00-3-E53" ROLE="Arg-2"/>
  <relation_mention ID="CNN_IP_20030329.1600.00-3-R26-1" LEXICALCONDITION="Participial">
    <extent>
      <charseq START="2780" END="2849">Grenades, mortars, all sorts of ammunition abandoned by Iraqi soldiers</charseq>
    </extent>
    <relation_mention_argument REFID="CNN_IP_20030329.1600.00-3-E56-82" ROLE="Arg-1">
      <extent>
        <charseq START="2836" END="2849">Iraqi soldiers</charseq>
      </extent>
    </relation_mention_argument>
    <relation_mention_argument REFID="CNN_IP_20030329.1600.00-3-E53-79" ROLE="Arg-2">
      <extent>
        <charseq START="2780" END="2787">Grenades</charseq>
      </extent>
    </relation_mention_argument>
  </relation_mention>
</relation>
<relation ID="CNN_IP_20030329.1600.00-3-R27" TYPE="ART" SUBTYPE="User-Owner-Inventor-Manufacturer" TENSE="Past" MODALITY="Asserted">
  <relation_argument REFID="CNN_IP_20030329.1600.00-3-E56" ROLE="Arg-1"/>
  <relation_argument REFID="CNN_IP_20030329.1600.00-3-E54" ROLE="Arg-2"/>
  <relation_mention ID="CNN_IP_20030329.1600.00-3-R27-1" LEXICALCONDITION="Participial">
    <extent>
      <charseq START="2780" END="2849">Grenades, mortars, all sorts of ammunition abandoned by Iraqi soldiers</charseq>
    </extent>
    <relation_mention_argument REFID="CNN_IP_20030329.1600.00-3-E56-82" ROLE="Arg-1">
      <extent>
        <charseq START="2836" END="2849">Iraqi soldiers</charseq>
      </extent>
    </relation_mention_argument>
    <relation_mention_argument REFID="CNN_IP_20030329.1600.00-3-E54-80" ROLE="Arg-2">
      <extent>
        <charseq START="2790" END="2796">mortars</charseq>
      </extent>
    </relation_mention_argument>
  </relation_mention>
</relation>
<relation ID="CNN_IP_20030329.1600.00-3-R28" TYPE="ART" SUBTYPE="User-Owner-Inventor-Manufacturer" TENSE="Past" MODALITY="Asserted">
  <relation_argument REFID="CNN_IP_20030329.1600.00-3-E56" ROLE="Arg-1"/>
  <relation_argument REFID="CNN_IP_20030329.1600.00-3-E55" ROLE="Arg-2"/>
  <relation_mention ID="CNN_IP_20030329.1600.00-3-R28-1" LEXICALCONDITION="Participial">
    <extent>
      <charseq START="2780" END="2849">Grenades, mortars, all sorts of ammunition abandoned by Iraqi soldiers</charseq>
    </extent>
    <relation_mention_argument REFID="CNN_IP_20030329.1600.00-3-E56-82" ROLE="Arg-1">
      <extent>
        <charseq START="2836" END="2849">Iraqi soldiers</charseq>
      </extent>
    </relation_mention_argument>
    <relation_mention_argument REFID="CNN_IP_20030329.1600.00-3-E55-81" ROLE="Arg-2">
      <extent>
        <charseq START="2799" END="2849">all sorts of ammunition abandoned by Iraqi soldiers</charseq>
      </extent>
    </relation_mention_argument>
  </relation_mention>
</relation>
<relation ID="CNN_IP_20030329.1600.00-3-R30" TYPE="ART" SUBTYPE="User-Owner-Inventor-Manufacturer" TENSE="Unspecified" MODALITY="Other">
  <relation_argument REFID="CNN_IP_20030329.1600.00-3-E43" ROLE="Arg-1"/>
  <relation_argument REFID="CNN_IP_20030329.1600.00-3-E58" ROLE="Arg-2"/>
  <relation_mention ID="CNN_IP_20030329.1600.00-3-R30-1" LEXICALCONDITION="Verbal">
    <extent>
      <charseq START="2877" END="2980">The job of these Royal Engineers is to clear
this and many other mountains of armaments and destroy them</charseq>
    </extent>
    <relation_mention_argument REFID="CNN_IP_20030329.1600.00-3-E43-84" ROLE="Arg-1">
      <extent>
        <charseq START="2888" END="2908">these Royal Engineers</charseq>
      </extent>
    </relation_mention_argument>
    <relation_mention_argument REFID="CNN_IP_20030329.1600.00-3-E58-86" ROLE="Arg-2">
      <extent>
        <charseq START="2931" END="2963">many other mountains of armaments</charseq>
      </extent>
    </relation_mention_argument>
  </relation_mention>
</relation>
<relation ID="CNN_IP_20030329.1600.00-3-R31" TYPE="ART" SUBTYPE="User-Owner-Inventor-Manufacturer" TENSE="Unspecified" MODALITY="Other">
  <relation_argument REFID="CNN_IP_20030329.1600.00-3-E43" ROLE="Arg-1"/>
  <relation_argument REFID="CNN_IP_20030329.1600.00-3-E59" ROLE="Arg-2"/>
  <relation_mention ID="CNN_IP_20030329.1600.00-3-R31-1" LEXICALCONDITION="Verbal">
    <extent>
      <charseq START="2877" END="2980">The job of these Royal Engineers is to clear
this and many other mountains of armaments and destroy them</charseq>
    </extent>
    <relation_mention_argument REFID="CNN_IP_20030329.1600.00-3-E43-84" ROLE="Arg-1">
      <extent>
        <charseq START="2888" END="2908">these Royal Engineers</charseq>
      </extent>
    </relation_mention_argument>
    <relation_mention_argument REFID="CNN_IP_20030329.1600.00-3-E59-87" ROLE="Arg-2">
      <extent>
        <charseq START="2977" END="2980">them</charseq>
      </extent>
    </relation_mention_argument>
  </relation_mention>
</relation>
<relation ID="CNN_IP_20030329.1600.00-3-R32" TYPE="ORG-AFF" SUBTYPE="Employment" TENSE="Unspecified" MODALITY="Asserted">
  <relation_argument REFID="CNN_IP_20030329.1600.00-3-E56" ROLE="Arg-1"/>
  <relation_argument REFID="CNN_IP_20030329.1600.00-3-E12" ROLE="Arg-2"/>
  <relation_mention ID="CNN_IP_20030329.1600.00-3-R32-1" LEXICALCONDITION="PreMod">
    <extent>
      <charseq START="2836" END="2849">Iraqi soldiers</charseq>
    </extent>
    <relation_mention_argument REFID="CNN_IP_20030329.1600.00-3-E56-82" ROLE="Arg-1">
      <extent>
        <charseq START="2836" END="2849">Iraqi soldiers</charseq>
      </extent>
    </relation_mention_argument>
    <relation_mention_argument REFID="CNN_IP_20030329.1600.00-3-E12-83" ROLE="Arg-2">
      <extent>
        <charseq START="2836" END="2840">Iraqi</charseq>
      </extent>
    </relation_mention_argument>
  </relation_mention>
</relation>
<relation ID="CNN_IP_20030329.1600.00-3-R33" TYPE="ORG-AFF" SUBTYPE="Employment" TENSE="Unspecified" MODALITY="Asserted">
  <relation_argument REFID="CNN_IP_20030329.1600.00-3-E63" ROLE="Arg-1"/>
  <relation_argument REFID="CNN_IP_20030329.1600.00-3-E26" ROLE="Arg-2"/>
  <relation_mention ID="CNN_IP_20030329.1600.00-3-R33-1" LEXICALCONDITION="PreMod">
    <extent>
      <charseq START="3191" END="3210">the coalition forces</charseq>
    </extent>
    <relation_mention_argument REFID="CNN_IP_20030329.1600.00-3-E63-91" ROLE="Arg-1">
      <extent>
        <charseq START="3191" END="3210">the coalition forces</charseq>
      </extent>
    </relation_mention_argument>
    <relation_mention_argument REFID="CNN_IP_20030329.1600.00-3-E26-92" ROLE="Arg-2">
      <extent>
        <charseq START="3195" END="3203">coalition</charseq>
      </extent>
    </relation_mention_argument>
  </relation_mention>
</relation>
<relation ID="CNN_IP_20030329.1600.00-3-R34" TYPE="ART" SUBTYPE="User-Owner-Inventor-Manufacturer" TENSE="Unspecified" MODALITY="Other">
  <relation_argument REFID="CNN_IP_20030329.1600.00-3-E52" ROLE="Arg-1"/>
  <relation_argument REFID="CNN_IP_20030329.1600.00-3-E68" ROLE="Arg-2"/>
  <relation_mention ID="CNN_IP_20030329.1600.00-3-R34-1" LEXICALCONDITION="Verbal">
    <extent>
      <charseq START="3335" END="3525">With the amounts of ammunition and weapons left about, if they'd used
those systems, that amount of weapon it would have given us a
considerable amount of trouble trying to take the positions</charseq>
    </extent>
    <relation_mention_argument REFID="CNN_IP_20030329.1600.00-3-E52-99" ROLE="Arg-1">
      <extent>
        <charseq START="3393" END="3396">they</charseq>
      </extent>
    </relation_mention_argument>
    <relation_mention_argument REFID="CNN_IP_20030329.1600.00-3-E68-100" ROLE="Arg-2">
      <extent>
        <charseq START="3405" END="3417">those systems</charseq>
      </extent>
    </relation_mention_argument>
  </relation_mention>
</relation>
<relation ID="CNN_IP_20030329.1600.00-3-R35" TYPE="ORG-AFF" SUBTYPE="Employment" TENSE="Unspecified" MODALITY="Asserted">
  <relation_argument REFID="CNN_IP_20030329.1600.00-3-E43" ROLE="Arg-1"/>
  <relation_argument REFID="CNN_IP_20030329.1600.00-3-E35" ROLE="Arg-2"/>
  <relation_mention ID="CNN_IP_20030329.1600.00-3-R35-1" LEXICALCONDITION="PreMod">
    <extent>
      <charseq START="3611" END="3633">the British forces here</charseq>
    </extent>
    <relation_mention_argument REFID="CNN_IP_20030329.1600.00-3-E43-106" ROLE="Arg-1">
      <extent>
        <charseq START="3611" END="3633">the British forces here</charseq>
      </extent>
    </relation_mention_argument>
    <relation_mention_argument REFID="CNN_IP_20030329.1600.00-3-E35-107" ROLE="Arg-2">
      <extent>
        <charseq START="3615" END="3621">British</charseq>
      </extent>
    </relation_mention_argument>
  </relation_mention>
</relation>
<relation ID="CNN_IP_20030329.1600.00-3-R36" TYPE="PHYS" SUBTYPE="Located" TENSE="Present" MODALITY="Asserted">
  <relation_argument REFID="CNN_IP_20030329.1600.00-3-E43" ROLE="Arg-1"/>
  <relation_argument REFID="CNN_IP_20030329.1600.00-3-E38" ROLE="Arg-2"/>
  <relation_mention ID="CNN_IP_20030329.1600.00-3-R36-1" LEXICALCONDITION="Preposition">
    <extent>
      <charseq START="3611" END="3633">the British forces here</charseq>
    </extent>
    <relation_mention_argument REFID="CNN_IP_20030329.1600.00-3-E43-106" ROLE="Arg-1">
      <extent>
        <charseq START="3611" END="3633">the British forces here</charseq>
      </extent>
    </relation_mention_argument>
    <relation_mention_argument REFID="CNN_IP_20030329.1600.00-3-E38-108" ROLE="Arg-2">
      <extent>
        <charseq START="3630" END="3633">here</charseq>
      </extent>
    </relation_mention_argument>
  </relation_mention>
</relation>
<relation ID="CNN_IP_20030329.1600.00-3-R37" TYPE="PHYS" SUBTYPE="Located" TENSE="Present" MODALITY="Asserted">
  <relation_argument REFID="CNN_IP_20030329.1600.00-3-E34" ROLE="Arg-1"/>
  <relation_argument REFID="CNN_IP_20030329.1600.00-3-E38" ROLE="Arg-2"/>
  <relation_mention ID="CNN_IP_20030329.1600.00-3-R37-1" LEXICALCONDITION="Formulaic">
    <extent>
      <charseq START="3665" END="3699">Greg Milam, Sky
News, Southern Iraq</charseq>
    </extent>
    <relation_mention_argument REFID="CNN_IP_20030329.1600.00-3-E34-109" ROLE="Arg-1">
      <extent>
        <charseq START="3665" END="3674">Greg Milam</charseq>
      </extent>
    </relation_mention_argument>
    <relation_mention_argument REFID="CNN_IP_20030329.1600.00-3-E38-111" ROLE="Arg-2">
      <extent>
        <charseq START="3687" END="3699">Southern Iraq</charseq>
      </extent>
    </relation_mention_argument>
  </relation_mention>
</relation>
<relation ID="CNN_IP_20030329.1600.00-3-R38" TYPE="ORG-AFF" SUBTYPE="Employment" TENSE="Present" MODALITY="Asserted">
  <relation_argument REFID="CNN_IP_20030329.1600.00-3-E34" ROLE="Arg-1"/>
  <relation_argument REFID="CNN_IP_20030329.1600.00-3-E73" ROLE="Arg-2"/>
  <relation_mention ID="CNN_IP_20030329.1600.00-3-R38-1" LEXICALCONDITION="Formulaic">
    <extent>
      <charseq START="3665" END="3684">Greg Milam, Sky
News</charseq>
    </extent>
    <relation_mention_argument REFID="CNN_IP_20030329.1600.00-3-E34-109" ROLE="Arg-1">
      <extent>
        <charseq START="3665" END="3674">Greg Milam</charseq>
      </extent>
    </relation_mention_argument>
    <relation_mention_argument REFID="CNN_IP_20030329.1600.00-3-E73-110" ROLE="Arg-2">
      <extent>
        <charseq START="3677" END="3684">Sky
News</charseq>
      </extent>
    </relation_mention_argument>
  </relation_mention>
</relation>
<event ID="CNN_IP_20030329.1600.00-3-EV1" TYPE="Conflict" SUBTYPE="Attack" MODALITY="Other" POLARITY="Positive" GENERICITY="Specific" TENSE="Future">
  <event_argument REFID="CNN_IP_20030329.1600.00-3-E12" ROLE="Place"/>
  <event_argument REFID="CNN_IP_20030329.1600.00-3-E5" ROLE="Instrument"/>
  <event_argument REFID="CNN_IP_20030329.1600.00-3-E6" ROLE="Instrument"/>
  <event_mention ID="CNN_IP_20030329.1600.00-3-EV1-1">
    <extent>
      <charseq START="837" END="948">strike sorties using bombs and missiles so there is no slow down in
the amount of air power being used over Iraq</charseq>
    </extent>
    <ldc_scope>
      <charseq START="798" END="948">Eight hundred of those sorties will
be strike sorties using bombs and missiles so there is no slow down in
the amount of air power being used over Iraq</charseq>
    </ldc_scope>
    <anchor>
      <charseq START="837" END="842">strike</charseq>
    </anchor>
    <event_mention_argument REFID="CNN_IP_20030329.1600.00-3-E12-9" ROLE="Place">
      <extent>
        <charseq START="945" END="948">Iraq</charseq>
      </extent>
    </event_mention_argument>
    <event_mention_argument REFID="CNN_IP_20030329.1600.00-3-E5-7" ROLE="Instrument">
      <extent>
        <charseq START="858" END="862">bombs</charseq>
      </extent>
    </event_mention_argument>
    <event_mention_argument REFID="CNN_IP_20030329.1600.00-3-E6-8" ROLE="Instrument">
      <extent>
        <charseq START="868" END="875">missiles</charseq>
      </extent>
    </event_mention_argument>
  </event_mention>
</event>
<event ID="CNN_IP_20030329.1600.00-3-EV2" TYPE="Transaction" SUBTYPE="Transfer-Ownership" MODALITY="Asserted" POLARITY="Positive" GENERICITY="Generic" TENSE="Past">
  <event_argument REFID="CNN_IP_20030329.1600.00-3-E27" ROLE="Artifact"/>
  <event_argument REFID="CNN_IP_20030329.1600.00-3-E28" ROLE="Seller"/>
  <event_argument REFID="CNN_IP_20030329.1600.00-3-E25" ROLE="Buyer"/>
  <event_mention ID="CNN_IP_20030329.1600.00-3-EV2-1">
    <extent>
      <charseq START="1736" END="1864">coalition forces push
north, they are encountering a unique problem of combat, getting rid of
the weapons captured from the enemy</charseq>
    </extent>
    <ldc_scope>
      <charseq START="1727" END="1864">Well, as coalition forces push
north, they are encountering a unique problem of combat, getting rid of
the weapons captured from the enemy</charseq>
    </ldc_scope>
    <anchor>
      <charseq START="1842" END="1849">captured</charseq>
    </anchor>
    <event_mention_argument REFID="CNN_IP_20030329.1600.00-3-E27-42" ROLE="Artifact">
      <extent>
        <charseq START="1830" END="1864">the weapons captured from the enemy</charseq>
      </extent>
    </event_mention_argument>
    <event_mention_argument REFID="CNN_IP_20030329.1600.00-3-E28-43" ROLE="Seller">
      <extent>
        <charseq START="1856" END="1864">the enemy</charseq>
      </extent>
    </event_mention_argument>
    <event_mention_argument REFID="CNN_IP_20030329.1600.00-3-E25-39" ROLE="Buyer">
      <extent>
        <charseq START="1736" END="1751">coalition forces</charseq>
      </extent>
    </event_mention_argument>
  </event_mention>
</event>
</document>
</source_file>
