<?xml version="1.0"?>
<!DOCTYPE source_file SYSTEM "apf.v5.1.1.dtd">
<source_file URI="CNN_IP_20030422.1600.05.sgm" SOURCE="broadcast conversation" TYPE="text" AUTHOR="LDC" ENCODING="UTF-8">
<document DOCID="CNN_IP_20030422.1600.05">
<entity ID="CNN_IP_20030422.1600.05-E1" TYPE="PER" SUBTYPE="Group" CLASS="GEN">
  <entity_mention ID="CNN_IP_20030422.1600.05-E1-2" TYPE="NOM" LDCTYPE="NOM">
    <extent>
      <charseq START="574" END="601">its scantily clad waitresses</charseq>
    </extent>
    <head>
      <charseq START="592" END="601">waitresses</charseq>
    </head>
  </entity_mention>
</entity>
<entity ID="CNN_IP_20030422.1600.05-E2" TYPE="ORG" SUBTYPE="Commercial" CLASS="GEN">
  <entity_mention ID="CNN_IP_20030422.1600.05-E2-3" TYPE="NOM" LDCTYPE="NOMPRE">
    <extent>
      <charseq START="547" END="556">restaurant</charseq>
    </extent>
    <head>
      <charseq START="547" END="556">restaurant</charseq>
    </head>
  </entity_mention>
</entity>
<entity ID="CNN_IP_20030422.1600.05-E3" TYPE="PER" SUBTYPE="Individual" CLASS="SPC">
  <entity_mention ID="CNN_IP_20030422.1600.05-E3-4" TYPE="NOM" LDCTYPE="NOM">
    <extent>
      <charseq START="608" END="634">a local Republican official</charseq>
    </extent>
    <head>
      <charseq START="627" END="634">official</charseq>
    </head>
  </entity_mention>
</entity>
<entity ID="CNN_IP_20030422.1600.05-E4" TYPE="ORG" SUBTYPE="Non-Governmental" CLASS="SPC">
  <entity_mention ID="CNN_IP_20030422.1600.05-E4-5" TYPE="NAM" LDCTYPE="NAMPRE">
    <extent>
      <charseq START="616" END="625">Republican</charseq>
    </extent>
    <head>
      <charseq START="616" END="625">Republican</charseq>
    </head>
  </entity_mention>
  <entity_attributes>
    <name NAME="Republican">
      <charseq START="616" END="625">Republican</charseq>
    </name>
  </entity_attributes>
</entity>
<entity ID="CNN_IP_20030422.1600.05-E5" TYPE="PER" SUBTYPE="Group" CLASS="NEG">
  <entity_mention ID="CNN_IP_20030422.1600.05-E5-6" TYPE="NOM" LDCTYPE="NOM">
    <extent>
      <charseq START="662" END="717">any Hooters
girls onboard with the 100-year-old Thurmond</charseq>
    </extent>
    <head>
      <charseq START="674" END="678">girls</charseq>
    </head>
  </entity_mention>
</entity>
<entity ID="CNN_IP_20030422.1600.05-E6" TYPE="PER" SUBTYPE="Individual" CLASS="SPC">
  <entity_mention ID="CNN_IP_20030422.1600.05-E6-7" TYPE="PRO" LDCTYPE="PRO">
    <extent>
      <charseq START="759" END="759">I</charseq>
    </extent>
    <head>
      <charseq START="759" END="759">I</charseq>
    </head>
  </entity_mention>
  <entity_mention ID="CNN_IP_20030422.1600.05-E6-8" TYPE="NAM" LDCTYPE="NAM">
    <extent>
      <charseq START="763" END="775">Judy Woodruff</charseq>
    </extent>
    <head>
      <charseq START="763" END="775">Judy Woodruff</charseq>
    </head>
  </entity_mention>
  <entity_attributes>
    <name NAME="Judy Woodruff">
      <charseq START="763" END="775">Judy Woodruff</charseq>
    </name>
  </entity_attributes>
</entity>
<entity ID="CNN_IP_20030422.1600.05-E7" TYPE="ORG" SUBTYPE="Media" CLASS="SPC">
  <entity_mention ID="CNN_IP_20030422.1600.05-E7-9" TYPE="PRO" LDCTYPE="PRO">
    <extent>
      <charseq START="797" END="798">us</charseq>
    </extent>
    <head>
      <charseq START="797" END="798">us</charseq>
    </head>
  </entity_mention>
</entity>
<entity ID="CNN_IP_20030422.1600.05-E8" TYPE="ORG" SUBTYPE="Commercial" CLASS="SPC">
  <entity_mention ID="CNN_IP_20030422.1600.05-E8-1" TYPE="PRO" LDCTYPE="PRO" LDCATR="FALSE">
    <extent>
      <charseq START="574" END="576">its</charseq>
    </extent>
    <head>
      <charseq START="574" END="576">its</charseq>
    </head>
  </entity_mention>
  <entity_mention ID="CNN_IP_20030422.1600.05-E8-10" TYPE="NAM" LDCTYPE="NAMPRE" LDCATR="TRUE">
    <extent>
      <charseq START="666" END="672">Hooters</charseq>
    </extent>
    <head>
      <charseq START="666" END="672">Hooters</charseq>
    </head>
  </entity_mention>
  <entity_mention ID="CNN_IP_20030422.1600.05-E8-28" TYPE="NOM" LDCTYPE="NOM" LDCATR="FALSE">
    <extent>
      <charseq START="545" END="601">a restaurant chain known for its scantily clad waitresses</charseq>
    </extent>
    <head>
      <charseq START="558" END="562">chain</charseq>
    </head>
  </entity_mention>
  <entity_attributes>
    <name NAME="Hooters">
      <charseq START="666" END="672">Hooters</charseq>
    </name>
  </entity_attributes>
</entity>
<entity ID="CNN_IP_20030422.1600.05-E9" TYPE="PER" SUBTYPE="Individual" CLASS="SPC">
  <entity_mention ID="CNN_IP_20030422.1600.05-E9-11" TYPE="PRO" LDCTYPE="PRO" LDCATR="FALSE">
    <extent>
      <charseq START="265" END="267">his</charseq>
    </extent>
    <head>
      <charseq START="265" END="267">his</charseq>
    </head>
  </entity_mention>
  <entity_mention ID="CNN_IP_20030422.1600.05-E9-13" TYPE="NAM" LDCTYPE="NAM" LDCATR="FALSE">
    <extent>
      <charseq START="693" END="717">the 100-year-old Thurmond</charseq>
    </extent>
    <head>
      <charseq START="710" END="717">Thurmond</charseq>
    </head>
  </entity_mention>
  <entity_mention ID="CNN_IP_20030422.1600.05-E9-14" TYPE="NAM" LDCTYPE="NAM" LDCATR="FALSE">
    <extent>
      <charseq START="317" END="324">Thurmond</charseq>
    </extent>
    <head>
      <charseq START="317" END="324">Thurmond</charseq>
    </head>
  </entity_mention>
  <entity_mention ID="CNN_IP_20030422.1600.05-E9-15" TYPE="NAM" LDCTYPE="NAM" LDCATR="FALSE">
    <extent>
      <charseq START="204" END="233">retired Senator Strom Thurmond</charseq>
    </extent>
    <head>
      <charseq START="220" END="233">Strom Thurmond</charseq>
    </head>
  </entity_mention>
  <entity_mention ID="CNN_IP_20030422.1600.05-E9-16" TYPE="NOM" LDCTYPE="NOMPRE" LDCATR="TRUE">
    <extent>
      <charseq START="204" END="218">retired Senator</charseq>
    </extent>
    <head>
      <charseq START="212" END="218">Senator</charseq>
    </head>
  </entity_mention>
  <entity_mention ID="CNN_IP_20030422.1600.05-E9-18" TYPE="PRO" LDCTYPE="PRO" LDCATR="FALSE">
    <extent>
      <charseq START="390" END="391">He</charseq>
    </extent>
    <head>
      <charseq START="390" END="391">He</charseq>
    </head>
  </entity_mention>
  <entity_mention ID="CNN_IP_20030422.1600.05-E9-19" TYPE="PRO" LDCTYPE="PRO" LDCATR="FALSE">
    <extent>
      <charseq START="403" END="405">his</charseq>
    </extent>
    <head>
      <charseq START="403" END="405">his</charseq>
    </head>
  </entity_mention>
  <entity_mention ID="CNN_IP_20030422.1600.05-E9-20" TYPE="PRO" LDCTYPE="PRO" LDCATR="FALSE">
    <extent>
      <charseq START="450" END="452">his</charseq>
    </extent>
    <head>
      <charseq START="450" END="452">his</charseq>
    </head>
  </entity_mention>
  <entity_attributes>
    <name NAME="Thurmond">
      <charseq START="317" END="324">Thurmond</charseq>
    </name>
    <name NAME="Strom Thurmond">
      <charseq START="220" END="233">Strom Thurmond</charseq>
    </name>
    <name NAME="Thurmond">
      <charseq START="710" END="717">Thurmond</charseq>
    </name>
  </entity_attributes>
</entity>
<entity ID="CNN_IP_20030422.1600.05-E10" TYPE="PER" SUBTYPE="Group" CLASS="GEN">
  <entity_mention ID="CNN_IP_20030422.1600.05-E10-12" TYPE="NOM" LDCTYPE="BAR">
    <extent>
      <charseq START="282" END="300">young, pretty women</charseq>
    </extent>
    <head>
      <charseq START="296" END="300">women</charseq>
    </head>
  </entity_mention>
</entity>
<entity ID="CNN_IP_20030422.1600.05-E12" TYPE="GPE" SUBTYPE="State-or-Province" CLASS="SPC">
  <entity_mention ID="CNN_IP_20030422.1600.05-E12-17" TYPE="NAM" LDCTYPE="NAM" ROLE="LOC" LDCATR="FALSE">
    <extent>
      <charseq START="344" END="357">South Carolina</charseq>
    </extent>
    <head>
      <charseq START="344" END="357">South Carolina</charseq>
    </head>
  </entity_mention>
  <entity_mention ID="CNN_IP_20030422.1600.05-E12-21" TYPE="NOM" LDCTYPE="NOM" ROLE="LOC" LDCATR="FALSE">
    <extent>
      <charseq START="450" END="463">his home
state</charseq>
    </extent>
    <head>
      <charseq START="459" END="463">state</charseq>
    </head>
  </entity_mention>
  <entity_mention ID="CNN_IP_20030422.1600.05-E12-22" TYPE="NOM" LDCTYPE="NOMPRE" ROLE="GPE" LDCATR="TRUE">
    <extent>
      <charseq START="454" END="457">home</charseq>
    </extent>
    <head>
      <charseq START="454" END="457">home</charseq>
    </head>
  </entity_mention>
  <entity_attributes>
    <name NAME="South Carolina">
      <charseq START="344" END="357">South Carolina</charseq>
    </name>
  </entity_attributes>
</entity>
<entity ID="CNN_IP_20030422.1600.05-E14" TYPE="VEH" SUBTYPE="Air" CLASS="SPC">
  <entity_mention ID="CNN_IP_20030422.1600.05-E14-23" TYPE="NOM" LDCTYPE="NOM">
    <extent>
      <charseq START="472" END="513">the private jet of a Hooters Air executive</charseq>
    </extent>
    <head>
      <charseq START="484" END="486">jet</charseq>
    </head>
  </entity_mention>
</entity>
<entity ID="CNN_IP_20030422.1600.05-E15" TYPE="PER" SUBTYPE="Individual" CLASS="SPC">
  <entity_mention ID="CNN_IP_20030422.1600.05-E15-24" TYPE="NOM" LDCTYPE="NOM">
    <extent>
      <charseq START="491" END="513">a Hooters Air executive</charseq>
    </extent>
    <head>
      <charseq START="505" END="513">executive</charseq>
    </head>
  </entity_mention>
</entity>
<entity ID="CNN_IP_20030422.1600.05-E16" TYPE="ORG" SUBTYPE="Commercial" CLASS="SPC">
  <entity_mention ID="CNN_IP_20030422.1600.05-E16-25" TYPE="NAM" LDCTYPE="NAMPRE" LDCATR="FALSE">
    <extent>
      <charseq START="493" END="503">Hooters Air</charseq>
    </extent>
    <head>
      <charseq START="493" END="503">Hooters Air</charseq>
    </head>
  </entity_mention>
  <entity_mention ID="CNN_IP_20030422.1600.05-E16-26" TYPE="NAM" LDCTYPE="NAM" LDCATR="FALSE">
    <extent>
      <charseq START="516" END="526">Hooters Air</charseq>
    </extent>
    <head>
      <charseq START="516" END="526">Hooters Air</charseq>
    </head>
  </entity_mention>
  <entity_mention ID="CNN_IP_20030422.1600.05-E16-27" TYPE="NOM" LDCTYPE="NOM" LDCATR="TRUE">
    <extent>
      <charseq START="531" END="601">a
spin-off of a restaurant chain known for its scantily clad waitresses</charseq>
    </extent>
    <head>
      <charseq START="533" END="540">spin-off</charseq>
    </head>
  </entity_mention>
  <entity_attributes>
    <name NAME="Hooters Air">
      <charseq START="493" END="503">Hooters Air</charseq>
    </name>
    <name NAME="Hooters Air">
      <charseq START="516" END="526">Hooters Air</charseq>
    </name>
  </entity_attributes>
</entity>
<value ID="CNN_IP_20030422.1600.05-V1" TYPE="Job-Title">
  <value_mention ID="CNN_IP_20030422.1600.05-V1-1">
    <extent>
      <charseq START="212" END="218">Senator</charseq>
    </extent>
  </value_mention>
</value>
<timex2 ID="CNN_IP_20030422.1600.05-T1">
  <timex2_mention ID="CNN_IP_20030422.1600.05-T1-1">
    <extent>
      <charseq START="36" END="60">2003-04-22T16:00:00-05:00</charseq>
    </extent>
  </timex2_mention>
</timex2>
<relation ID="CNN_IP_20030422.1600.05-R1" TYPE="GEN-AFF" SUBTYPE="Citizen-Resident-Religion-Ethnicity" TENSE="Unspecified" MODALITY="Asserted">
  <relation_argument REFID="CNN_IP_20030422.1600.05-E9" ROLE="Arg-1"/>
  <relation_argument REFID="CNN_IP_20030422.1600.05-E12" ROLE="Arg-2"/>
  <relation_mention ID="CNN_IP_20030422.1600.05-R1-1" LEXICALCONDITION="Possessive">
    <extent>
      <charseq START="450" END="463">his home
state</charseq>
    </extent>
    <relation_mention_argument REFID="CNN_IP_20030422.1600.05-E9-20" ROLE="Arg-1">
      <extent>
        <charseq START="450" END="452">his</charseq>
      </extent>
    </relation_mention_argument>
    <relation_mention_argument REFID="CNN_IP_20030422.1600.05-E12-21" ROLE="Arg-2">
      <extent>
        <charseq START="450" END="463">his home
state</charseq>
      </extent>
    </relation_mention_argument>
  </relation_mention>
</relation>
<relation ID="CNN_IP_20030422.1600.05-R2" TYPE="ART" SUBTYPE="User-Owner-Inventor-Manufacturer" TENSE="Unspecified" MODALITY="Asserted">
  <relation_argument REFID="CNN_IP_20030422.1600.05-E15" ROLE="Arg-1"/>
  <relation_argument REFID="CNN_IP_20030422.1600.05-E14" ROLE="Arg-2"/>
  <relation_mention ID="CNN_IP_20030422.1600.05-R2-1" LEXICALCONDITION="Preposition">
    <extent>
      <charseq START="472" END="513">the private jet of a Hooters Air executive</charseq>
    </extent>
    <relation_mention_argument REFID="CNN_IP_20030422.1600.05-E15-24" ROLE="Arg-1">
      <extent>
        <charseq START="491" END="513">a Hooters Air executive</charseq>
      </extent>
    </relation_mention_argument>
    <relation_mention_argument REFID="CNN_IP_20030422.1600.05-E14-23" ROLE="Arg-2">
      <extent>
        <charseq START="472" END="513">the private jet of a Hooters Air executive</charseq>
      </extent>
    </relation_mention_argument>
  </relation_mention>
</relation>
<relation ID="CNN_IP_20030422.1600.05-R3" TYPE="ORG-AFF" SUBTYPE="Employment" TENSE="Unspecified" MODALITY="Asserted">
  <relation_argument REFID="CNN_IP_20030422.1600.05-E15" ROLE="Arg-1"/>
  <relation_argument REFID="CNN_IP_20030422.1600.05-E16" ROLE="Arg-2"/>
  <relation_mention ID="CNN_IP_20030422.1600.05-R3-1" LEXICALCONDITION="PreMod">
    <extent>
      <charseq START="491" END="513">a Hooters Air executive</charseq>
    </extent>
    <relation_mention_argument REFID="CNN_IP_20030422.1600.05-E15-24" ROLE="Arg-1">
      <extent>
        <charseq START="491" END="513">a Hooters Air executive</charseq>
      </extent>
    </relation_mention_argument>
    <relation_mention_argument REFID="CNN_IP_20030422.1600.05-E16-25" ROLE="Arg-2">
      <extent>
        <charseq START="493" END="503">Hooters Air</charseq>
      </extent>
    </relation_mention_argument>
  </relation_mention>
</relation>
<relation ID="CNN_IP_20030422.1600.05-R4" TYPE="ORG-AFF" SUBTYPE="Employment" TENSE="Unspecified" MODALITY="Asserted">
  <relation_argument REFID="CNN_IP_20030422.1600.05-E1" ROLE="Arg-1"/>
  <relation_argument REFID="CNN_IP_20030422.1600.05-E8" ROLE="Arg-2"/>
  <relation_mention ID="CNN_IP_20030422.1600.05-R4-1" LEXICALCONDITION="Possessive">
    <extent>
      <charseq START="574" END="601">its scantily clad waitresses</charseq>
    </extent>
    <relation_mention_argument REFID="CNN_IP_20030422.1600.05-E1-2" ROLE="Arg-1">
      <extent>
        <charseq START="574" END="601">its scantily clad waitresses</charseq>
      </extent>
    </relation_mention_argument>
    <relation_mention_argument REFID="CNN_IP_20030422.1600.05-E8-1" ROLE="Arg-2">
      <extent>
        <charseq START="574" END="576">its</charseq>
      </extent>
    </relation_mention_argument>
  </relation_mention>
</relation>
<relation ID="CNN_IP_20030422.1600.05-R5" TYPE="ORG-AFF" SUBTYPE="Membership" TENSE="Unspecified" MODALITY="Asserted">
  <relation_argument REFID="CNN_IP_20030422.1600.05-E3" ROLE="Arg-1"/>
  <relation_argument REFID="CNN_IP_20030422.1600.05-E4" ROLE="Arg-2"/>
  <relation_mention ID="CNN_IP_20030422.1600.05-R5-1" LEXICALCONDITION="PreMod">
    <extent>
      <charseq START="608" END="634">a local Republican official</charseq>
    </extent>
    <relation_mention_argument REFID="CNN_IP_20030422.1600.05-E3-4" ROLE="Arg-1">
      <extent>
        <charseq START="608" END="634">a local Republican official</charseq>
      </extent>
    </relation_mention_argument>
    <relation_mention_argument REFID="CNN_IP_20030422.1600.05-E4-5" ROLE="Arg-2">
      <extent>
        <charseq START="616" END="625">Republican</charseq>
      </extent>
    </relation_mention_argument>
  </relation_mention>
</relation>
<relation ID="CNN_IP_20030422.1600.05-R6" TYPE="ORG-AFF" SUBTYPE="Employment" TENSE="Unspecified" MODALITY="Asserted">
  <relation_argument REFID="CNN_IP_20030422.1600.05-E5" ROLE="Arg-1"/>
  <relation_argument REFID="CNN_IP_20030422.1600.05-E8" ROLE="Arg-2"/>
  <relation_mention ID="CNN_IP_20030422.1600.05-R6-1" LEXICALCONDITION="PreMod">
    <extent>
      <charseq START="662" END="717">any Hooters
girls onboard with the 100-year-old Thurmond</charseq>
    </extent>
    <relation_mention_argument REFID="CNN_IP_20030422.1600.05-E5-6" ROLE="Arg-1">
      <extent>
        <charseq START="662" END="717">any Hooters
girls onboard with the 100-year-old Thurmond</charseq>
      </extent>
    </relation_mention_argument>
    <relation_mention_argument REFID="CNN_IP_20030422.1600.05-E8-10" ROLE="Arg-2">
      <extent>
        <charseq START="666" END="672">Hooters</charseq>
      </extent>
    </relation_mention_argument>
  </relation_mention>
</relation>
<event ID="CNN_IP_20030422.1600.05-EV1" TYPE="Personnel" SUBTYPE="End-Position" MODALITY="Asserted" POLARITY="Positive" GENERICITY="Specific" TENSE="Past">
  <event_argument REFID="CNN_IP_20030422.1600.05-E9" ROLE="Person"/>
  <event_argument REFID="CNN_IP_20030422.1600.05-V1" ROLE="Position"/>
  <event_mention ID="CNN_IP_20030422.1600.05-EV1-1">
    <extent>
      <charseq START="204" END="233">retired Senator Strom Thurmond</charseq>
    </extent>
    <ldc_scope>
      <charseq START="182" END="300">And this final story: retired Senator Strom Thurmond has never made a
secret about his fondness for young, pretty women</charseq>
    </ldc_scope>
    <anchor>
      <charseq START="204" END="210">retired</charseq>
    </anchor>
    <event_mention_argument REFID="CNN_IP_20030422.1600.05-E9-15" ROLE="Person">
      <extent>
        <charseq START="204" END="233">retired Senator Strom Thurmond</charseq>
      </extent>
    </event_mention_argument>
    <event_mention_argument REFID="CNN_IP_20030422.1600.05-V1-1" ROLE="Position">
      <extent>
        <charseq START="212" END="218">Senator</charseq>
      </extent>
    </event_mention_argument>
  </event_mention>
</event>
<event ID="CNN_IP_20030422.1600.05-EV2" TYPE="Movement" SUBTYPE="Transport" MODALITY="Asserted" POLARITY="Positive" GENERICITY="Specific" TENSE="Past">
  <event_argument REFID="CNN_IP_20030422.1600.05-E9" ROLE="Artifact"/>
  <event_argument REFID="CNN_IP_20030422.1600.05-E12" ROLE="Destination"/>
  <event_mention ID="CNN_IP_20030422.1600.05-EV2-1">
    <extent>
      <charseq START="390" END="463">He'll fly to his first public appearance since returning to his home
state</charseq>
    </extent>
    <ldc_scope>
      <charseq START="390" END="513">He'll fly to his first public appearance since returning to his home
state aboard the private jet of a Hooters Air executive</charseq>
    </ldc_scope>
    <anchor>
      <charseq START="437" END="445">returning</charseq>
    </anchor>
    <event_mention_argument REFID="CNN_IP_20030422.1600.05-E9-18" ROLE="Artifact">
      <extent>
        <charseq START="390" END="391">He</charseq>
      </extent>
    </event_mention_argument>
    <event_mention_argument REFID="CNN_IP_20030422.1600.05-E12-21" ROLE="Destination">
      <extent>
        <charseq START="450" END="463">his home
state</charseq>
      </extent>
    </event_mention_argument>
  </event_mention>
</event>
</document>
</source_file>
