<?xml version="1.0"?>
<!DOCTYPE source_file SYSTEM "apf.v5.1.1.dtd">
<source_file URI="CNN_IP_20030403.1600.00-4.sgm" SOURCE="broadcast conversation" TYPE="text" AUTHOR="LDC" ENCODING="UTF-8">
<document DOCID="CNN_IP_20030403.1600.00-4">
<entity ID="CNN_IP_20030403.1600.00-4-E1" TYPE="WEA" SUBTYPE="Shooting" CLASS="USP">
  <entity_mention ID="CNN_IP_20030403.1600.00-4-E1-2" TYPE="NOM" LDCTYPE="BAR">
    <extent>
      <charseq START="760" END="783">25-millimetre chain guns</charseq>
    </extent>
    <head>
      <charseq START="780" END="783">guns</charseq>
    </head>
  </entity_mention>
</entity>
<entity ID="CNN_IP_20030403.1600.00-4-E2" TYPE="WEA" SUBTYPE="Shooting" CLASS="USP">
  <entity_mention ID="CNN_IP_20030403.1600.00-4-E2-3" TYPE="NOM" LDCTYPE="BAR">
    <extent>
      <charseq START="789" END="808">coaxial machine guns</charseq>
    </extent>
    <head>
      <charseq START="805" END="808">guns</charseq>
    </head>
  </entity_mention>
</entity>
<entity ID="CNN_IP_20030403.1600.00-4-E3" TYPE="GPE" SUBTYPE="Population-Center" CLASS="SPC">
  <entity_mention ID="CNN_IP_20030403.1600.00-4-E3-4" TYPE="NAM" LDCTYPE="NAMPRE" ROLE="GPE">
    <extent>
      <charseq START="884" END="892">Mogadishu</charseq>
    </extent>
    <head>
      <charseq START="884" END="892">Mogadishu</charseq>
    </head>
  </entity_mention>
  <entity_attributes>
    <name NAME="Mogadishu">
      <charseq START="884" END="892">Mogadishu</charseq>
    </name>
  </entity_attributes>
</entity>
<entity ID="CNN_IP_20030403.1600.00-4-E4" TYPE="GPE" SUBTYPE="Population-Center" CLASS="SPC">
  <entity_mention ID="CNN_IP_20030403.1600.00-4-E4-8" TYPE="PRO" LDCTYPE="PRO" ROLE="LOC">
    <extent>
      <charseq START="993" END="997">there</charseq>
    </extent>
    <head>
      <charseq START="993" END="997">there</charseq>
    </head>
  </entity_mention>
  <entity_mention ID="CNN_IP_20030403.1600.00-4-E4-9" TYPE="PRO" LDCTYPE="PRO" ROLE="LOC">
    <extent>
      <charseq START="646" END="650">there</charseq>
    </extent>
    <head>
      <charseq START="646" END="650">there</charseq>
    </head>
  </entity_mention>
  <entity_mention ID="CNN_IP_20030403.1600.00-4-E4-10" TYPE="NAM" LDCTYPE="NAM" ROLE="LOC">
    <extent>
      <charseq START="655" END="661">Baghdad</charseq>
    </extent>
    <head>
      <charseq START="655" END="661">Baghdad</charseq>
    </head>
  </entity_mention>
  <entity_mention ID="CNN_IP_20030403.1600.00-4-E4-18" TYPE="NAM" LDCTYPE="NAM" ROLE="LOC">
    <extent>
      <charseq START="1232" END="1238">Baghdad</charseq>
    </extent>
    <head>
      <charseq START="1232" END="1238">Baghdad</charseq>
    </head>
  </entity_mention>
  <entity_attributes>
    <name NAME="Baghdad">
      <charseq START="655" END="661">Baghdad</charseq>
    </name>
    <name NAME="Baghdad">
      <charseq START="1232" END="1238">Baghdad</charseq>
    </name>
  </entity_attributes>
</entity>
<entity ID="CNN_IP_20030403.1600.00-4-E5" TYPE="ORG" SUBTYPE="Media" CLASS="SPC">
  <entity_mention ID="CNN_IP_20030403.1600.00-4-E5-13" TYPE="PRO" LDCTYPE="PRO">
    <extent>
      <charseq START="1104" END="1105">We</charseq>
    </extent>
    <head>
      <charseq START="1104" END="1105">We</charseq>
    </head>
  </entity_mention>
  <entity_mention ID="CNN_IP_20030403.1600.00-4-E5-14" TYPE="PRO" LDCTYPE="PRO">
    <extent>
      <charseq START="1153" END="1155">our</charseq>
    </extent>
    <head>
      <charseq START="1153" END="1155">our</charseq>
    </head>
  </entity_mention>
  <entity_mention ID="CNN_IP_20030403.1600.00-4-E5-20" TYPE="PRO" LDCTYPE="PRO">
    <extent>
      <charseq START="1334" END="1335">we</charseq>
    </extent>
    <head>
      <charseq START="1334" END="1335">we</charseq>
    </head>
  </entity_mention>
  <entity_mention ID="CNN_IP_20030403.1600.00-4-E5-22" TYPE="PRO" LDCTYPE="PRO">
    <extent>
      <charseq START="1452" END="1453">We</charseq>
    </extent>
    <head>
      <charseq START="1452" END="1453">We</charseq>
    </head>
  </entity_mention>
  <entity_mention ID="CNN_IP_20030403.1600.00-4-E5-27" TYPE="PRO" LDCTYPE="PRO">
    <extent>
      <charseq START="1584" END="1585">we</charseq>
    </extent>
    <head>
      <charseq START="1584" END="1585">we</charseq>
    </head>
  </entity_mention>
  <entity_mention ID="CNN_IP_20030403.1600.00-4-E5-36" TYPE="PRO" LDCTYPE="PRO">
    <extent>
      <charseq START="1838" END="1839">we</charseq>
    </extent>
    <head>
      <charseq START="1838" END="1839">we</charseq>
    </head>
  </entity_mention>
  <entity_mention ID="CNN_IP_20030403.1600.00-4-E5-62" TYPE="PRO" LDCTYPE="PRO">
    <extent>
      <charseq START="2791" END="2792">We</charseq>
    </extent>
    <head>
      <charseq START="2791" END="2792">We</charseq>
    </head>
  </entity_mention>
  <entity_mention ID="CNN_IP_20030403.1600.00-4-E5-63" TYPE="PRO" LDCTYPE="PRO">
    <extent>
      <charseq START="2834" END="2835">we</charseq>
    </extent>
    <head>
      <charseq START="2834" END="2835">we</charseq>
    </head>
  </entity_mention>
  <entity_mention ID="CNN_IP_20030403.1600.00-4-E5-94" TYPE="PRO" LDCTYPE="PRO">
    <extent>
      <charseq START="3942" END="3943">We</charseq>
    </extent>
    <head>
      <charseq START="3942" END="3943">We</charseq>
    </head>
  </entity_mention>
  <entity_mention ID="CNN_IP_20030403.1600.00-4-E5-95" TYPE="PRO" LDCTYPE="PRO">
    <extent>
      <charseq START="3748" END="3749">we</charseq>
    </extent>
    <head>
      <charseq START="3748" END="3749">we</charseq>
    </head>
  </entity_mention>
</entity>
<entity ID="CNN_IP_20030403.1600.00-4-E6" TYPE="GPE" SUBTYPE="Nation" CLASS="SPC">
  <entity_mention ID="CNN_IP_20030403.1600.00-4-E6-17" TYPE="PRO" LDCTYPE="PRO" ROLE="ORG" LDCATR="FALSE">
    <extent>
      <charseq START="1218" END="1219">we</charseq>
    </extent>
    <head>
      <charseq START="1218" END="1219">we</charseq>
    </head>
  </entity_mention>
  <entity_mention ID="CNN_IP_20030403.1600.00-4-E6-90" TYPE="NAM" LDCTYPE="NAMPRE" ROLE="GPE" LDCATR="TRUE">
    <extent>
      <charseq START="3834" END="3836">U.S</charseq>
    </extent>
    <head>
      <charseq START="3834" END="3836">U.S</charseq>
    </head>
  </entity_mention>
  <entity_attributes>
    <name NAME="U.S">
      <charseq START="3834" END="3836">U.S</charseq>
    </name>
  </entity_attributes>
</entity>
<entity ID="CNN_IP_20030403.1600.00-4-E7" TYPE="FAC" SUBTYPE="Building-Grounds" CLASS="SPC">
  <entity_mention ID="CNN_IP_20030403.1600.00-4-E7-21" TYPE="NOM" LDCTYPE="NOM">
    <extent>
      <charseq START="1442" END="1449">a
mosque</charseq>
    </extent>
    <head>
      <charseq START="1444" END="1449">mosque</charseq>
    </head>
  </entity_mention>
</entity>
<entity ID="CNN_IP_20030403.1600.00-4-E8" TYPE="PER" SUBTYPE="Group" CLASS="GEN">
  <entity_mention ID="CNN_IP_20030403.1600.00-4-E8-24" TYPE="PRO" LDCTYPE="PRO">
    <extent>
      <charseq START="1528" END="1529">we</charseq>
    </extent>
    <head>
      <charseq START="1528" END="1529">we</charseq>
    </head>
  </entity_mention>
</entity>
<entity ID="CNN_IP_20030403.1600.00-4-E9" TYPE="PER" SUBTYPE="Individual" CLASS="SPC">
  <entity_mention ID="CNN_IP_20030403.1600.00-4-E9-25" TYPE="NAM" LDCTYPE="NAMPRE">
    <extent>
      <charseq START="1549" END="1561">Ryan Chilcote</charseq>
    </extent>
    <head>
      <charseq START="1549" END="1561">Ryan Chilcote</charseq>
    </head>
  </entity_mention>
  <entity_attributes>
    <name NAME="Ryan Chilcote">
      <charseq START="1549" END="1561">Ryan Chilcote</charseq>
    </name>
  </entity_attributes>
</entity>
<entity ID="CNN_IP_20030403.1600.00-4-E10" TYPE="GPE" SUBTYPE="Population-Center" CLASS="SPC">
  <entity_mention ID="CNN_IP_20030403.1600.00-4-E10-26" TYPE="NAM" LDCTYPE="NAM" ROLE="LOC">
    <extent>
      <charseq START="1574" END="1578">Najaf</charseq>
    </extent>
    <head>
      <charseq START="1574" END="1578">Najaf</charseq>
    </head>
  </entity_mention>
  <entity_attributes>
    <name NAME="Najaf">
      <charseq START="1574" END="1578">Najaf</charseq>
    </name>
  </entity_attributes>
</entity>
<entity ID="CNN_IP_20030403.1600.00-4-E11" TYPE="PER" SUBTYPE="Indeterminate" CLASS="USP">
  <entity_mention ID="CNN_IP_20030403.1600.00-4-E11-28" TYPE="PRO" LDCTYPE="PRO">
    <extent>
      <charseq START="1650" END="1652">you</charseq>
    </extent>
    <head>
      <charseq START="1650" END="1652">you</charseq>
    </head>
  </entity_mention>
</entity>
<entity ID="CNN_IP_20030403.1600.00-4-E12" TYPE="ORG" SUBTYPE="Government" CLASS="SPC">
  <entity_mention ID="CNN_IP_20030403.1600.00-4-E12-29" TYPE="NAM" LDCTYPE="NAMPRE">
    <extent>
      <charseq START="1675" END="1690">Republican Guard</charseq>
    </extent>
    <head>
      <charseq START="1675" END="1690">Republican Guard</charseq>
    </head>
  </entity_mention>
  <entity_attributes>
    <name NAME="Republican Guard">
      <charseq START="1675" END="1690">Republican Guard</charseq>
    </name>
  </entity_attributes>
</entity>
<entity ID="CNN_IP_20030403.1600.00-4-E13" TYPE="PER" SUBTYPE="Group" CLASS="USP">
  <entity_mention ID="CNN_IP_20030403.1600.00-4-E13-30" TYPE="NOM" LDCTYPE="BAR">
    <extent>
      <charseq START="1675" END="1698">Republican Guard snipers</charseq>
    </extent>
    <head>
      <charseq START="1692" END="1698">snipers</charseq>
    </head>
  </entity_mention>
</entity>
<entity ID="CNN_IP_20030403.1600.00-4-E14" TYPE="FAC" SUBTYPE="Subarea-Facility" CLASS="USP">
  <entity_mention ID="CNN_IP_20030403.1600.00-4-E14-31" TYPE="NOM" LDCTYPE="BAR">
    <extent>
      <charseq START="1706" END="1714">balconies</charseq>
    </extent>
    <head>
      <charseq START="1706" END="1714">balconies</charseq>
    </head>
  </entity_mention>
</entity>
<entity ID="CNN_IP_20030403.1600.00-4-E15" TYPE="FAC" SUBTYPE="Subarea-Facility" CLASS="USP">
  <entity_mention ID="CNN_IP_20030403.1600.00-4-E15-32" TYPE="NOM" LDCTYPE="NOM">
    <extent>
      <charseq START="1746" END="1767">the roofs of buildings</charseq>
    </extent>
    <head>
      <charseq START="1750" END="1754">roofs</charseq>
    </head>
  </entity_mention>
</entity>
<entity ID="CNN_IP_20030403.1600.00-4-E16" TYPE="FAC" SUBTYPE="Building-Grounds" CLASS="USP">
  <entity_mention ID="CNN_IP_20030403.1600.00-4-E16-33" TYPE="NOM" LDCTYPE="BAR">
    <extent>
      <charseq START="1759" END="1767">buildings</charseq>
    </extent>
    <head>
      <charseq START="1759" END="1767">buildings</charseq>
    </head>
  </entity_mention>
</entity>
<entity ID="CNN_IP_20030403.1600.00-4-E17" TYPE="WEA" SUBTYPE="Shooting" CLASS="USP">
  <entity_mention ID="CNN_IP_20030403.1600.00-4-E17-34" TYPE="NOM" LDCTYPE="BAR">
    <extent>
      <charseq START="1773" END="1795">anti-aircraft artillery</charseq>
    </extent>
    <head>
      <charseq START="1787" END="1795">artillery</charseq>
    </head>
  </entity_mention>
</entity>
<entity ID="CNN_IP_20030403.1600.00-4-E18" TYPE="WEA" SUBTYPE="Shooting" CLASS="GEN">
  <entity_mention ID="CNN_IP_20030403.1600.00-4-E18-35" TYPE="NOM" LDCTYPE="NOMPRE">
    <extent>
      <charseq START="1800" END="1808">artillery</charseq>
    </extent>
    <head>
      <charseq START="1800" END="1808">artillery</charseq>
    </head>
  </entity_mention>
</entity>
<entity ID="CNN_IP_20030403.1600.00-4-E19" TYPE="VEH" SUBTYPE="Air" CLASS="USP">
  <entity_mention ID="CNN_IP_20030403.1600.00-4-E19-37" TYPE="NOM" LDCTYPE="BAR">
    <extent>
      <charseq START="1886" END="1896">air support</charseq>
    </extent>
    <head>
      <charseq START="1890" END="1896">support</charseq>
    </head>
  </entity_mention>
</entity>
<entity ID="CNN_IP_20030403.1600.00-4-E20" TYPE="GPE" SUBTYPE="Population-Center" CLASS="USP">
  <entity_mention ID="CNN_IP_20030403.1600.00-4-E20-38" TYPE="NOM" LDCTYPE="NOM" ROLE="LOC" LDCATR="FALSE">
    <extent>
      <charseq START="1997" END="2002">a city</charseq>
    </extent>
    <head>
      <charseq START="1999" END="2002">city</charseq>
    </head>
  </entity_mention>
  <entity_mention ID="CNN_IP_20030403.1600.00-4-E20-41" TYPE="NOM" LDCTYPE="NOMPRE" ROLE="GPE" LDCATR="TRUE">
    <extent>
      <charseq START="2134" END="2137">city</charseq>
    </extent>
    <head>
      <charseq START="2134" END="2137">city</charseq>
    </head>
  </entity_mention>
</entity>
<entity ID="CNN_IP_20030403.1600.00-4-E21" TYPE="PER" SUBTYPE="Individual" CLASS="SPC">
  <entity_mention ID="CNN_IP_20030403.1600.00-4-E21-1" TYPE="NAM" LDCTYPE="NAM">
    <extent>
      <charseq START="190" END="193">Judy</charseq>
    </extent>
    <head>
      <charseq START="190" END="193">Judy</charseq>
    </head>
  </entity_mention>
  <entity_mention ID="CNN_IP_20030403.1600.00-4-E21-93" TYPE="NAM" LDCTYPE="NAM">
    <extent>
      <charseq START="3962" END="3965">Judy</charseq>
    </extent>
    <head>
      <charseq START="3962" END="3965">Judy</charseq>
    </head>
  </entity_mention>
  <entity_attributes>
    <name NAME="Judy">
      <charseq START="190" END="193">Judy</charseq>
    </name>
    <name NAME="Judy">
      <charseq START="3962" END="3965">Judy</charseq>
    </name>
  </entity_attributes>
</entity>
<entity ID="CNN_IP_20030403.1600.00-4-E22" TYPE="PER" SUBTYPE="Indeterminate" CLASS="GEN">
  <entity_mention ID="CNN_IP_20030403.1600.00-4-E22-40" TYPE="PRO" LDCTYPE="PRO">
    <extent>
      <charseq START="2097" END="2099">you</charseq>
    </extent>
    <head>
      <charseq START="2097" END="2099">you</charseq>
    </head>
  </entity_mention>
</entity>
<entity ID="CNN_IP_20030403.1600.00-4-E24" TYPE="LOC" SUBTYPE="Region-General" CLASS="USP">
  <entity_mention ID="CNN_IP_20030403.1600.00-4-E24-42" TYPE="NOM" LDCTYPE="NOM">
    <extent>
      <charseq START="2185" END="2197">an urban area</charseq>
    </extent>
    <head>
      <charseq START="2194" END="2197">area</charseq>
    </head>
  </entity_mention>
</entity>
<entity ID="CNN_IP_20030403.1600.00-4-E25" TYPE="VEH" SUBTYPE="Land" CLASS="SPC">
  <entity_mention ID="CNN_IP_20030403.1600.00-4-E25-43" TYPE="NOM" LDCTYPE="NOM">
    <extent>
      <charseq START="2300" END="2328">the armored
fighting vehicles</charseq>
    </extent>
    <head>
      <charseq START="2321" END="2328">vehicles</charseq>
    </head>
  </entity_mention>
  <entity_mention ID="CNN_IP_20030403.1600.00-4-E25-45" TYPE="PRO" LDCTYPE="PRO">
    <extent>
      <charseq START="2349" END="2352">they</charseq>
    </extent>
    <head>
      <charseq START="2349" END="2352">they</charseq>
    </head>
  </entity_mention>
  <entity_mention ID="CNN_IP_20030403.1600.00-4-E25-47" TYPE="PRO" LDCTYPE="PRO">
    <extent>
      <charseq START="2371" END="2374">they</charseq>
    </extent>
    <head>
      <charseq START="2371" END="2374">they</charseq>
    </head>
  </entity_mention>
</entity>
<entity ID="CNN_IP_20030403.1600.00-4-E26" TYPE="PER" SUBTYPE="Indeterminate" CLASS="GEN">
  <entity_mention ID="CNN_IP_20030403.1600.00-4-E26-44" TYPE="PRO" LDCTYPE="PRO">
    <extent>
      <charseq START="2335" END="2337">you</charseq>
    </extent>
    <head>
      <charseq START="2335" END="2337">you</charseq>
    </head>
  </entity_mention>
</entity>
<entity ID="CNN_IP_20030403.1600.00-4-E27" TYPE="PER" SUBTYPE="Indeterminate" CLASS="USP">
  <entity_mention ID="CNN_IP_20030403.1600.00-4-E27-54" TYPE="NOM" LDCTYPE="NOM">
    <extent>
      <charseq START="2496" END="2504">the enemy</charseq>
    </extent>
    <head>
      <charseq START="2500" END="2504">enemy</charseq>
    </head>
  </entity_mention>
  <entity_mention ID="CNN_IP_20030403.1600.00-4-E27-55" TYPE="PRO" LDCTYPE="PRO">
    <extent>
      <charseq START="2550" END="2551">he</charseq>
    </extent>
    <head>
      <charseq START="2550" END="2551">he</charseq>
    </head>
  </entity_mention>
  <entity_mention ID="CNN_IP_20030403.1600.00-4-E27-58" TYPE="PRO" LDCTYPE="PRO">
    <extent>
      <charseq START="2641" END="2643">his</charseq>
    </extent>
    <head>
      <charseq START="2641" END="2643">his</charseq>
    </head>
  </entity_mention>
  <entity_mention ID="CNN_IP_20030403.1600.00-4-E27-59" TYPE="PRO" LDCTYPE="PRO">
    <extent>
      <charseq START="2673" END="2675">him</charseq>
    </extent>
    <head>
      <charseq START="2673" END="2675">him</charseq>
    </head>
  </entity_mention>
  <entity_mention ID="CNN_IP_20030403.1600.00-4-E27-60" TYPE="PRO" LDCTYPE="PRO">
    <extent>
      <charseq START="2758" END="2761">them</charseq>
    </extent>
    <head>
      <charseq START="2758" END="2761">them</charseq>
    </head>
  </entity_mention>
  <entity_mention ID="CNN_IP_20030403.1600.00-4-E27-61" TYPE="PRO" LDCTYPE="PRO">
    <extent>
      <charseq START="2773" END="2776">them</charseq>
    </extent>
    <head>
      <charseq START="2773" END="2776">them</charseq>
    </head>
  </entity_mention>
</entity>
<entity ID="CNN_IP_20030403.1600.00-4-E28" TYPE="LOC" SUBTYPE="Region-General" CLASS="USP">
  <entity_mention ID="CNN_IP_20030403.1600.00-4-E28-56" TYPE="NOM" LDCTYPE="NOM">
    <extent>
      <charseq START="2516" END="2557">the blocks
and the buildings that he is in</charseq>
    </extent>
    <head>
      <charseq START="2520" END="2525">blocks</charseq>
    </head>
  </entity_mention>
</entity>
<entity ID="CNN_IP_20030403.1600.00-4-E29" TYPE="FAC" SUBTYPE="Building-Grounds" CLASS="USP">
  <entity_mention ID="CNN_IP_20030403.1600.00-4-E29-57" TYPE="NOM" LDCTYPE="NOM">
    <extent>
      <charseq START="2516" END="2557">the blocks
and the buildings that he is in</charseq>
    </extent>
    <head>
      <charseq START="2535" END="2543">buildings</charseq>
    </head>
  </entity_mention>
</entity>
<entity ID="CNN_IP_20030403.1600.00-4-E30" TYPE="FAC" SUBTYPE="Airport" CLASS="SPC">
  <entity_mention ID="CNN_IP_20030403.1600.00-4-E30-64" TYPE="NAM" LDCTYPE="NAM">
    <extent>
      <charseq START="2851" END="2878">Saddam
International Airport</charseq>
    </extent>
    <head>
      <charseq START="2851" END="2878">Saddam
International Airport</charseq>
    </head>
  </entity_mention>
  <entity_attributes>
    <name NAME="Saddam International Airport">
      <charseq START="2851" END="2878">Saddam
International Airport</charseq>
    </name>
  </entity_attributes>
</entity>
<entity ID="CNN_IP_20030403.1600.00-4-E31" TYPE="PER" SUBTYPE="Group" CLASS="GEN">
  <entity_mention ID="CNN_IP_20030403.1600.00-4-E31-65" TYPE="PRO" LDCTYPE="PRO">
    <extent>
      <charseq START="2909" END="2910">we</charseq>
    </extent>
    <head>
      <charseq START="2909" END="2910">we</charseq>
    </head>
  </entity_mention>
  <entity_mention ID="CNN_IP_20030403.1600.00-4-E31-66" TYPE="PRO" LDCTYPE="PRO">
    <extent>
      <charseq START="2982" END="2983">we</charseq>
    </extent>
    <head>
      <charseq START="2982" END="2983">we</charseq>
    </head>
  </entity_mention>
</entity>
<entity ID="CNN_IP_20030403.1600.00-4-E32" TYPE="PER" SUBTYPE="Group" CLASS="GEN">
  <entity_mention ID="CNN_IP_20030403.1600.00-4-E32-69" TYPE="PRO" LDCTYPE="PRO">
    <extent>
      <charseq START="3010" END="3012">you</charseq>
    </extent>
    <head>
      <charseq START="3010" END="3012">you</charseq>
    </head>
  </entity_mention>
  <entity_mention ID="CNN_IP_20030403.1600.00-4-E32-72" TYPE="PRO" LDCTYPE="PRO">
    <extent>
      <charseq START="3113" END="3115">you</charseq>
    </extent>
    <head>
      <charseq START="3113" END="3115">you</charseq>
    </head>
  </entity_mention>
</entity>
<entity ID="CNN_IP_20030403.1600.00-4-E33" TYPE="PER" SUBTYPE="Group" CLASS="USP">
  <entity_mention ID="CNN_IP_20030403.1600.00-4-E33-70" TYPE="NOM" LDCTYPE="NOM">
    <extent>
      <charseq START="3032" END="3041">the troops</charseq>
    </extent>
    <head>
      <charseq START="3036" END="3041">troops</charseq>
    </head>
  </entity_mention>
  <entity_mention ID="CNN_IP_20030403.1600.00-4-E33-71" TYPE="PRO" LDCTYPE="PRO">
    <extent>
      <charseq START="3121" END="3124">them</charseq>
    </extent>
    <head>
      <charseq START="3121" END="3124">them</charseq>
    </head>
  </entity_mention>
  <entity_mention ID="CNN_IP_20030403.1600.00-4-E33-73" TYPE="PRO" LDCTYPE="PRO">
    <extent>
      <charseq START="3171" END="3174">they</charseq>
    </extent>
    <head>
      <charseq START="3171" END="3174">they</charseq>
    </head>
  </entity_mention>
  <entity_mention ID="CNN_IP_20030403.1600.00-4-E33-74" TYPE="PRO" LDCTYPE="PRO">
    <extent>
      <charseq START="3206" END="3209">they</charseq>
    </extent>
    <head>
      <charseq START="3206" END="3209">they</charseq>
    </head>
  </entity_mention>
  <entity_mention ID="CNN_IP_20030403.1600.00-4-E33-75" TYPE="PRO" LDCTYPE="PRO">
    <extent>
      <charseq START="3255" END="3258">they</charseq>
    </extent>
    <head>
      <charseq START="3255" END="3258">they</charseq>
    </head>
  </entity_mention>
</entity>
<entity ID="CNN_IP_20030403.1600.00-4-E34" TYPE="WEA" SUBTYPE="Exploding" CLASS="USP">
  <entity_mention ID="CNN_IP_20030403.1600.00-4-E34-79" TYPE="NOM" LDCTYPE="BAR">
    <extent>
      <charseq START="3441" END="3448">grenades</charseq>
    </extent>
    <head>
      <charseq START="3441" END="3448">grenades</charseq>
    </head>
  </entity_mention>
</entity>
<entity ID="CNN_IP_20030403.1600.00-4-E35" TYPE="WEA" SUBTYPE="Exploding" CLASS="GEN">
  <entity_mention ID="CNN_IP_20030403.1600.00-4-E35-80" TYPE="NOM" LDCTYPE="BAR">
    <extent>
      <charseq START="3483" END="3490">grenades</charseq>
    </extent>
    <head>
      <charseq START="3483" END="3490">grenades</charseq>
    </head>
  </entity_mention>
  <entity_mention ID="CNN_IP_20030403.1600.00-4-E35-122" TYPE="PRO" LDCTYPE="PRO">
    <extent>
      <charseq START="3555" END="3558">them</charseq>
    </extent>
    <head>
      <charseq START="3555" END="3558">them</charseq>
    </head>
  </entity_mention>
  <entity_mention ID="CNN_IP_20030403.1600.00-4-E35-123" TYPE="PRO" LDCTYPE="PRO">
    <extent>
      <charseq START="3617" END="3620">them</charseq>
    </extent>
    <head>
      <charseq START="3617" END="3620">them</charseq>
    </head>
  </entity_mention>
</entity>
<entity ID="CNN_IP_20030403.1600.00-4-E36" TYPE="FAC" SUBTYPE="Building-Grounds" CLASS="USP">
  <entity_mention ID="CNN_IP_20030403.1600.00-4-E36-81" TYPE="NOM" LDCTYPE="BAR">
    <extent>
      <charseq START="3468" END="3476">buildings</charseq>
    </extent>
    <head>
      <charseq START="3468" END="3476">buildings</charseq>
    </head>
  </entity_mention>
</entity>
<entity ID="CNN_IP_20030403.1600.00-4-E37" TYPE="PER" SUBTYPE="Indeterminate" CLASS="USP">
  <entity_mention ID="CNN_IP_20030403.1600.00-4-E37-82" TYPE="PRO" LDCTYPE="PRO">
    <extent>
      <charseq START="3539" END="3541">you</charseq>
    </extent>
    <head>
      <charseq START="3539" END="3541">you</charseq>
    </head>
  </entity_mention>
</entity>
<entity ID="CNN_IP_20030403.1600.00-4-E38" TYPE="FAC" SUBTYPE="Subarea-Facility" CLASS="GEN">
  <entity_mention ID="CNN_IP_20030403.1600.00-4-E38-83" TYPE="NOM" LDCTYPE="BAR">
    <extent>
      <charseq START="3571" END="3580">staircases</charseq>
    </extent>
    <head>
      <charseq START="3571" END="3580">staircases</charseq>
    </head>
  </entity_mention>
</entity>
<entity ID="CNN_IP_20030403.1600.00-4-E39" TYPE="FAC" SUBTYPE="Path" CLASS="USP">
  <entity_mention ID="CNN_IP_20030403.1600.00-4-E39-85" TYPE="NOM" LDCTYPE="NOM">
    <extent>
      <charseq START="3625" END="3637">the staircase</charseq>
    </extent>
    <head>
      <charseq START="3629" END="3637">staircase</charseq>
    </head>
  </entity_mention>
</entity>
<entity ID="CNN_IP_20030403.1600.00-4-E40" TYPE="PER" SUBTYPE="Individual" CLASS="SPC">
  <entity_mention ID="CNN_IP_20030403.1600.00-4-E40-15" TYPE="PRO" LDCTYPE="PRO" LDCATR="TRUE">
    <extent>
      <charseq START="1120" END="1122">you</charseq>
    </extent>
    <head>
      <charseq START="1120" END="1122">you</charseq>
    </head>
  </entity_mention>
  <entity_mention ID="CNN_IP_20030403.1600.00-4-E40-16" TYPE="PRO" LDCTYPE="PRO" LDCATR="TRUE">
    <extent>
      <charseq START="1172" END="1174">you</charseq>
    </extent>
    <head>
      <charseq START="1172" END="1174">you</charseq>
    </head>
  </entity_mention>
  <entity_mention ID="CNN_IP_20030403.1600.00-4-E40-19" TYPE="PRO" LDCTYPE="PRO" LDCATR="TRUE">
    <extent>
      <charseq START="1250" END="1252">you</charseq>
    </extent>
    <head>
      <charseq START="1250" END="1252">you</charseq>
    </head>
  </entity_mention>
  <entity_mention ID="CNN_IP_20030403.1600.00-4-E40-39" TYPE="PRO" LDCTYPE="PRO" LDCATR="TRUE">
    <extent>
      <charseq START="2041" END="2041">I</charseq>
    </extent>
    <head>
      <charseq START="2041" END="2041">I</charseq>
    </head>
  </entity_mention>
  <entity_mention ID="CNN_IP_20030403.1600.00-4-E40-46" TYPE="PRO" LDCTYPE="PRO" LDCATR="TRUE">
    <extent>
      <charseq START="2362" END="2363">me</charseq>
    </extent>
    <head>
      <charseq START="2362" END="2363">me</charseq>
    </head>
  </entity_mention>
  <entity_mention ID="CNN_IP_20030403.1600.00-4-E40-84" TYPE="NAM" LDCTYPE="NAM" LDCATR="TRUE">
    <extent>
      <charseq START="200" END="215">Colonel Leonhard</charseq>
    </extent>
    <head>
      <charseq START="208" END="215">Leonhard</charseq>
    </head>
  </entity_mention>
  <entity_mention ID="CNN_IP_20030403.1600.00-4-E40-86" TYPE="NAM" LDCTYPE="NAM" LDCATR="TRUE">
    <extent>
      <charseq START="3713" END="3745">Lieutenant
Colonel Robert Leonard</charseq>
    </extent>
    <head>
      <charseq START="3732" END="3745">Robert Leonard</charseq>
    </head>
  </entity_mention>
  <entity_mention ID="CNN_IP_20030403.1600.00-4-E40-87" TYPE="NOM" LDCTYPE="NOMPRE" LDCATR="TRUE">
    <extent>
      <charseq START="3713" END="3730">Lieutenant
Colonel</charseq>
    </extent>
    <head>
      <charseq START="3724" END="3730">Colonel</charseq>
    </head>
  </entity_mention>
  <entity_mention ID="CNN_IP_20030403.1600.00-4-E40-88" TYPE="PRO" LDCTYPE="PRO" LDCATR="TRUE">
    <extent>
      <charseq START="3762" END="3765">your</charseq>
    </extent>
    <head>
      <charseq START="3762" END="3765">your</charseq>
    </head>
  </entity_mention>
  <entity_mention ID="CNN_IP_20030403.1600.00-4-E40-91" TYPE="PRO" LDCTYPE="PRO" LDCATR="TRUE">
    <extent>
      <charseq START="3913" END="3915">you</charseq>
    </extent>
    <head>
      <charseq START="3913" END="3915">you</charseq>
    </head>
  </entity_mention>
  <entity_mention ID="CNN_IP_20030403.1600.00-4-E40-92" TYPE="PRO" LDCTYPE="PRO" LDCATR="TRUE">
    <extent>
      <charseq START="3931" END="3934">your</charseq>
    </extent>
    <head>
      <charseq START="3931" END="3934">your</charseq>
    </head>
  </entity_mention>
  <entity_mention ID="CNN_IP_20030403.1600.00-4-E40-98" TYPE="PRO" LDCTYPE="PRO" LDCATR="TRUE">
    <extent>
      <charseq START="4008" END="4010">you</charseq>
    </extent>
    <head>
      <charseq START="4008" END="4010">you</charseq>
    </head>
  </entity_mention>
  <entity_mention ID="CNN_IP_20030403.1600.00-4-E40-99" TYPE="NAM" LDCTYPE="NAM" LDCATR="TRUE">
    <extent>
      <charseq START="4012" END="4027">Colonel Leonhard</charseq>
    </extent>
    <head>
      <charseq START="4020" END="4027">Leonhard</charseq>
    </head>
  </entity_mention>
  <entity_mention ID="CNN_IP_20030403.1600.00-4-E40-100" TYPE="NOM" LDCTYPE="NOMPRE" LDCATR="TRUE">
    <extent>
      <charseq START="4012" END="4018">Colonel</charseq>
    </extent>
    <head>
      <charseq START="4012" END="4018">Colonel</charseq>
    </head>
  </entity_mention>
  <entity_mention ID="CNN_IP_20030403.1600.00-4-E40-124" TYPE="NOM" LDCTYPE="NOMPRE" LDCATR="TRUE">
    <extent>
      <charseq START="200" END="206">Colonel</charseq>
    </extent>
    <head>
      <charseq START="200" END="206">Colonel</charseq>
    </head>
  </entity_mention>
  <entity_attributes>
    <name NAME="Leonhard">
      <charseq START="208" END="215">Leonhard</charseq>
    </name>
    <name NAME="Robert Leonard">
      <charseq START="3732" END="3745">Robert Leonard</charseq>
    </name>
    <name NAME="Leonhard">
      <charseq START="4020" END="4027">Leonhard</charseq>
    </name>
  </entity_attributes>
</entity>
<entity ID="CNN_IP_20030403.1600.00-4-E43" TYPE="PER" SUBTYPE="Group" CLASS="GEN">
  <entity_mention ID="CNN_IP_20030403.1600.00-4-E43-101" TYPE="PRO" LDCTYPE="PRO">
    <extent>
      <charseq START="4058" END="4059">us</charseq>
    </extent>
    <head>
      <charseq START="4058" END="4059">us</charseq>
    </head>
  </entity_mention>
</entity>
<entity ID="CNN_IP_20030403.1600.00-4-E44" TYPE="PER" SUBTYPE="Individual" CLASS="SPC">
  <entity_mention ID="CNN_IP_20030403.1600.00-4-E44-102" TYPE="NAM" LDCTYPE="NAM" LDCATR="FALSE">
    <extent>
      <charseq START="4090" END="4103">President Bush</charseq>
    </extent>
    <head>
      <charseq START="4100" END="4103">Bush</charseq>
    </head>
  </entity_mention>
  <entity_mention ID="CNN_IP_20030403.1600.00-4-E44-103" TYPE="NOM" LDCTYPE="NOMPRE" LDCATR="TRUE">
    <extent>
      <charseq START="4090" END="4098">President</charseq>
    </extent>
    <head>
      <charseq START="4090" END="4098">President</charseq>
    </head>
  </entity_mention>
  <entity_mention ID="CNN_IP_20030403.1600.00-4-E44-104" TYPE="PRO" LDCTYPE="PRO" LDCATR="FALSE">
    <extent>
      <charseq START="4138" END="4139">he</charseq>
    </extent>
    <head>
      <charseq START="4138" END="4139">he</charseq>
    </head>
  </entity_mention>
  <entity_mention ID="CNN_IP_20030403.1600.00-4-E44-106" TYPE="NOM" LDCTYPE="NOM" LDCATR="FALSE">
    <extent>
      <charseq START="4197" END="4209">the president</charseq>
    </extent>
    <head>
      <charseq START="4201" END="4209">president</charseq>
    </head>
  </entity_mention>
  <entity_attributes>
    <name NAME="Bush">
      <charseq START="4100" END="4103">Bush</charseq>
    </name>
  </entity_attributes>
</entity>
<entity ID="CNN_IP_20030403.1600.00-4-E46" TYPE="PER" SUBTYPE="Group" CLASS="USP">
  <entity_mention ID="CNN_IP_20030403.1600.00-4-E46-105" TYPE="NOM" LDCTYPE="BAR">
    <extent>
      <charseq START="4160" END="4173">fallen Marines</charseq>
    </extent>
    <head>
      <charseq START="4167" END="4173">Marines</charseq>
    </head>
  </entity_mention>
</entity>
<entity ID="CNN_IP_20030403.1600.00-4-E47" TYPE="FAC" SUBTYPE="Building-Grounds" CLASS="SPC">
  <entity_mention ID="CNN_IP_20030403.1600.00-4-E47-107" TYPE="NAM" LDCTYPE="NAM" LDCATR="FALSE">
    <extent>
      <charseq START="4221" END="4232">Camp Lejeune</charseq>
    </extent>
    <head>
      <charseq START="4221" END="4232">Camp Lejeune</charseq>
    </head>
  </entity_mention>
  <entity_mention ID="CNN_IP_20030403.1600.00-4-E47-108" TYPE="NAM" LDCTYPE="NAMPRE" LDCATR="TRUE">
    <extent>
      <charseq START="4257" END="4268">Camp Lejeune</charseq>
    </extent>
    <head>
      <charseq START="4257" END="4268">Camp Lejeune</charseq>
    </head>
  </entity_mention>
  <entity_attributes>
    <name NAME="Camp Lejeune">
      <charseq START="4221" END="4232">Camp Lejeune</charseq>
    </name>
    <name NAME="Camp Lejeune">
      <charseq START="4257" END="4268">Camp Lejeune</charseq>
    </name>
  </entity_attributes>
</entity>
<entity ID="CNN_IP_20030403.1600.00-4-E49" TYPE="PER" SUBTYPE="Group" CLASS="SPC">
  <entity_mention ID="CNN_IP_20030403.1600.00-4-E49-109" TYPE="NOM" LDCTYPE="NOM">
    <extent>
      <charseq START="4253" END="4278">the Camp Lejeune
community</charseq>
    </extent>
    <head>
      <charseq START="4270" END="4278">community</charseq>
    </head>
  </entity_mention>
</entity>
<entity ID="CNN_IP_20030403.1600.00-4-E50" TYPE="FAC" SUBTYPE="Subarea-Facility" CLASS="SPC">
  <entity_mention ID="CNN_IP_20030403.1600.00-4-E50-111" TYPE="NOM" LDCTYPE="NOM">
    <extent>
      <charseq START="3374" END="3396">the top
of the building</charseq>
    </extent>
    <head>
      <charseq START="3378" END="3380">top</charseq>
    </head>
  </entity_mention>
</entity>
<entity ID="CNN_IP_20030403.1600.00-4-E51" TYPE="FAC" SUBTYPE="Building-Grounds" CLASS="USP">
  <entity_mention ID="CNN_IP_20030403.1600.00-4-E51-112" TYPE="NOM" LDCTYPE="NOM">
    <extent>
      <charseq START="3374" END="3396">the top
of the building</charseq>
    </extent>
    <head>
      <charseq START="3389" END="3396">building</charseq>
    </head>
  </entity_mention>
  <entity_mention ID="CNN_IP_20030403.1600.00-4-E51-120" TYPE="NOM" LDCTYPE="NOM">
    <extent>
      <charseq START="3186" END="3203">a target like this</charseq>
    </extent>
    <head>
      <charseq START="3188" END="3193">target</charseq>
    </head>
  </entity_mention>
</entity>
<entity ID="CNN_IP_20030403.1600.00-4-E52" TYPE="PER" SUBTYPE="Group" CLASS="GEN">
  <entity_mention ID="CNN_IP_20030403.1600.00-4-E52-113" TYPE="NOM" LDCTYPE="NOM">
    <extent>
      <charseq START="1153" END="1163">our viewers</charseq>
    </extent>
    <head>
      <charseq START="1157" END="1163">viewers</charseq>
    </head>
  </entity_mention>
</entity>
<entity ID="CNN_IP_20030403.1600.00-4-E54" TYPE="VEH" SUBTYPE="Land" CLASS="SPC">
  <entity_mention ID="CNN_IP_20030403.1600.00-4-E54-114" TYPE="NOM" LDCTYPE="NOM">
    <extent>
      <charseq START="1863" END="1879">an armored
column</charseq>
    </extent>
    <head>
      <charseq START="1874" END="1879">column</charseq>
    </head>
  </entity_mention>
  <entity_mention ID="CNN_IP_20030403.1600.00-4-E54-116" TYPE="PRO" LDCTYPE="HLS">
    <extent>
      <charseq START="1944" END="1947">this</charseq>
    </extent>
    <head>
      <charseq START="1944" END="1947">this</charseq>
    </head>
  </entity_mention>
</entity>
<entity ID="CNN_IP_20030403.1600.00-4-E55" TYPE="VEH" SUBTYPE="Land" CLASS="USP">
  <entity_mention ID="CNN_IP_20030403.1600.00-4-E55-115" TYPE="NOM" LDCTYPE="NOM">
    <extent>
      <charseq START="1930" END="1947">a column like
this</charseq>
    </extent>
    <head>
      <charseq START="1932" END="1937">column</charseq>
    </head>
  </entity_mention>
  <entity_mention ID="CNN_IP_20030403.1600.00-4-E55-117" TYPE="PRO" LDCTYPE="PRO">
    <extent>
      <charseq START="1955" END="1956">it</charseq>
    </extent>
    <head>
      <charseq START="1955" END="1956">it</charseq>
    </head>
  </entity_mention>
</entity>
<entity ID="CNN_IP_20030403.1600.00-4-E56" TYPE="LOC" SUBTYPE="Region-General" CLASS="SPC">
  <entity_mention ID="CNN_IP_20030403.1600.00-4-E56-118" TYPE="NOM" LDCTYPE="NOM">
    <extent>
      <charseq START="1971" END="1992">these concrete canyons</charseq>
    </extent>
    <head>
      <charseq START="1986" END="1992">canyons</charseq>
    </head>
  </entity_mention>
</entity>
<entity ID="CNN_IP_20030403.1600.00-4-E57" TYPE="FAC" SUBTYPE="Subarea-Facility" CLASS="SPC">
  <entity_mention ID="CNN_IP_20030403.1600.00-4-E57-119" TYPE="NOM" LDCTYPE="NOM">
    <extent>
      <charseq START="3139" END="3152">the
front door</charseq>
    </extent>
    <head>
      <charseq START="3149" END="3152">door</charseq>
    </head>
  </entity_mention>
</entity>
<entity ID="CNN_IP_20030403.1600.00-4-E58" TYPE="FAC" SUBTYPE="Building-Grounds" CLASS="SPC">
  <entity_mention ID="CNN_IP_20030403.1600.00-4-E58-121" TYPE="PRO" LDCTYPE="HLS">
    <extent>
      <charseq START="3200" END="3203">this</charseq>
    </extent>
    <head>
      <charseq START="3200" END="3203">this</charseq>
    </head>
  </entity_mention>
</entity>
<entity ID="CNN_IP_20030403.1600.00-4-E60" TYPE="PER" SUBTYPE="Group" CLASS="SPC">
  <entity_mention ID="CNN_IP_20030403.1600.00-4-E60-125" TYPE="PRO" LDCTYPE="PRO">
    <extent>
      <charseq START="218" END="219">we</charseq>
    </extent>
    <head>
      <charseq START="218" END="219">we</charseq>
    </head>
  </entity_mention>
</entity>
<entity ID="CNN_IP_20030403.1600.00-4-E61" TYPE="PER" SUBTYPE="Individual" CLASS="SPC">
  <entity_mention ID="CNN_IP_20030403.1600.00-4-E61-67" TYPE="PRO" LDCTYPE="PRO">
    <extent>
      <charseq START="2943" END="2943">I</charseq>
    </extent>
    <head>
      <charseq START="2943" END="2943">I</charseq>
    </head>
  </entity_mention>
  <entity_mention ID="CNN_IP_20030403.1600.00-4-E61-96" TYPE="PRO" LDCTYPE="PRO">
    <extent>
      <charseq START="3987" END="3989">you</charseq>
    </extent>
    <head>
      <charseq START="3987" END="3989">you</charseq>
    </head>
  </entity_mention>
  <entity_mention ID="CNN_IP_20030403.1600.00-4-E61-97" TYPE="NAM" LDCTYPE="NAM">
    <extent>
      <charseq START="3992" END="3996">Miles</charseq>
    </extent>
    <head>
      <charseq START="3992" END="3996">Miles</charseq>
    </head>
  </entity_mention>
  <entity_mention ID="CNN_IP_20030403.1600.00-4-E61-126" TYPE="PRO" LDCTYPE="PRO">
    <extent>
      <charseq START="275" END="275">I</charseq>
    </extent>
    <head>
      <charseq START="275" END="275">I</charseq>
    </head>
  </entity_mention>
  <entity_attributes>
    <name NAME="Miles">
      <charseq START="3992" END="3996">Miles</charseq>
    </name>
  </entity_attributes>
</entity>
<entity ID="CNN_IP_20030403.1600.00-4-E62" TYPE="PER" SUBTYPE="Group" CLASS="USP">
  <entity_mention ID="CNN_IP_20030403.1600.00-4-E62-127" TYPE="NOM" LDCTYPE="NOM">
    <extent>
      <charseq START="317" END="331">a lot of people</charseq>
    </extent>
    <head>
      <charseq START="326" END="331">people</charseq>
    </head>
  </entity_mention>
  <entity_mention ID="CNN_IP_20030403.1600.00-4-E62-128" TYPE="PRO" LDCTYPE="PRO">
    <extent>
      <charseq START="338" END="341">they</charseq>
    </extent>
    <head>
      <charseq START="338" END="341">they</charseq>
    </head>
  </entity_mention>
  <entity_mention ID="CNN_IP_20030403.1600.00-4-E62-129" TYPE="PRO" LDCTYPE="PRO">
    <extent>
      <charseq START="368" END="371">they</charseq>
    </extent>
    <head>
      <charseq START="368" END="371">they</charseq>
    </head>
  </entity_mention>
</entity>
<entity ID="CNN_IP_20030403.1600.00-4-E63" TYPE="ORG" SUBTYPE="Government" CLASS="SPC">
  <entity_mention ID="CNN_IP_20030403.1600.00-4-E63-5" TYPE="PRO" LDCTYPE="PRO">
    <extent>
      <charseq START="913" END="914">we</charseq>
    </extent>
    <head>
      <charseq START="913" END="914">we</charseq>
    </head>
  </entity_mention>
  <entity_mention ID="CNN_IP_20030403.1600.00-4-E63-7" TYPE="PRO" LDCTYPE="PRO">
    <extent>
      <charseq START="948" END="949">we</charseq>
    </extent>
    <head>
      <charseq START="948" END="949">we</charseq>
    </head>
  </entity_mention>
  <entity_mention ID="CNN_IP_20030403.1600.00-4-E63-11" TYPE="PRO" LDCTYPE="PRO">
    <extent>
      <charseq START="668" END="669">we</charseq>
    </extent>
    <head>
      <charseq START="668" END="669">we</charseq>
    </head>
  </entity_mention>
  <entity_mention ID="CNN_IP_20030403.1600.00-4-E63-12" TYPE="PRO" LDCTYPE="PRO">
    <extent>
      <charseq START="1000" END="1001">We</charseq>
    </extent>
    <head>
      <charseq START="1000" END="1001">We</charseq>
    </head>
  </entity_mention>
  <entity_mention ID="CNN_IP_20030403.1600.00-4-E63-23" TYPE="PRO" LDCTYPE="PRO">
    <extent>
      <charseq START="1492" END="1494">you</charseq>
    </extent>
    <head>
      <charseq START="1492" END="1494">you</charseq>
    </head>
  </entity_mention>
  <entity_mention ID="CNN_IP_20030403.1600.00-4-E63-48" TYPE="PRO" LDCTYPE="PRO">
    <extent>
      <charseq START="2414" END="2415">we</charseq>
    </extent>
    <head>
      <charseq START="2414" END="2415">we</charseq>
    </head>
  </entity_mention>
  <entity_mention ID="CNN_IP_20030403.1600.00-4-E63-49" TYPE="PRO" LDCTYPE="PRO">
    <extent>
      <charseq START="2432" END="2433">We</charseq>
    </extent>
    <head>
      <charseq START="2432" END="2433">We</charseq>
    </head>
  </entity_mention>
  <entity_mention ID="CNN_IP_20030403.1600.00-4-E63-50" TYPE="PRO" LDCTYPE="PRO">
    <extent>
      <charseq START="2464" END="2465">We</charseq>
    </extent>
    <head>
      <charseq START="2464" END="2465">We</charseq>
    </head>
  </entity_mention>
  <entity_mention ID="CNN_IP_20030403.1600.00-4-E63-51" TYPE="PRO" LDCTYPE="PRO">
    <extent>
      <charseq START="2569" END="2570">we</charseq>
    </extent>
    <head>
      <charseq START="2569" END="2570">we</charseq>
    </head>
  </entity_mention>
  <entity_mention ID="CNN_IP_20030403.1600.00-4-E63-52" TYPE="PRO" LDCTYPE="PRO">
    <extent>
      <charseq START="2694" END="2695">us</charseq>
    </extent>
    <head>
      <charseq START="2694" END="2695">us</charseq>
    </head>
  </entity_mention>
  <entity_mention ID="CNN_IP_20030403.1600.00-4-E63-53" TYPE="PRO" LDCTYPE="PRO">
    <extent>
      <charseq START="2744" END="2745">we</charseq>
    </extent>
    <head>
      <charseq START="2744" END="2745">we</charseq>
    </head>
  </entity_mention>
  <entity_mention ID="CNN_IP_20030403.1600.00-4-E63-68" TYPE="PRO" LDCTYPE="PRO">
    <extent>
      <charseq START="2992" END="2993">we</charseq>
    </extent>
    <head>
      <charseq START="2992" END="2993">we</charseq>
    </head>
  </entity_mention>
  <entity_mention ID="CNN_IP_20030403.1600.00-4-E63-76" TYPE="PRO" LDCTYPE="PRO">
    <extent>
      <charseq START="3323" END="3324">we</charseq>
    </extent>
    <head>
      <charseq START="3323" END="3324">we</charseq>
    </head>
  </entity_mention>
  <entity_mention ID="CNN_IP_20030403.1600.00-4-E63-77" TYPE="PRO" LDCTYPE="PRO">
    <extent>
      <charseq START="3350" END="3351">we</charseq>
    </extent>
    <head>
      <charseq START="3350" END="3351">we</charseq>
    </head>
  </entity_mention>
  <entity_mention ID="CNN_IP_20030403.1600.00-4-E63-78" TYPE="PRO" LDCTYPE="PRO">
    <extent>
      <charseq START="3434" END="3435">we</charseq>
    </extent>
    <head>
      <charseq START="3434" END="3435">we</charseq>
    </head>
  </entity_mention>
  <entity_mention ID="CNN_IP_20030403.1600.00-4-E63-89" TYPE="NOM" LDCTYPE="NOM">
    <extent>
      <charseq START="3830" END="3846">the U.S. military</charseq>
    </extent>
    <head>
      <charseq START="3839" END="3846">military</charseq>
    </head>
  </entity_mention>
  <entity_mention ID="CNN_IP_20030403.1600.00-4-E63-130" TYPE="PRO" LDCTYPE="PRO">
    <extent>
      <charseq START="612" END="613">we</charseq>
    </extent>
    <head>
      <charseq START="612" END="613">we</charseq>
    </head>
  </entity_mention>
</entity>
<entity ID="CNN_IP_20030403.1600.00-4-E64" TYPE="VEH" SUBTYPE="Land" CLASS="USP">
  <entity_mention ID="CNN_IP_20030403.1600.00-4-E64-6" TYPE="NOM" LDCTYPE="NOM">
    <extent>
      <charseq START="929" END="941">such vehicles</charseq>
    </extent>
    <head>
      <charseq START="934" END="941">vehicles</charseq>
    </head>
  </entity_mention>
  <entity_mention ID="CNN_IP_20030403.1600.00-4-E64-131" TYPE="NOM" LDCTYPE="BAR">
    <extent>
      <charseq START="620" END="644">armored
fighting vehicles</charseq>
    </extent>
    <head>
      <charseq START="637" END="644">vehicles</charseq>
    </head>
  </entity_mention>
  <entity_mention ID="CNN_IP_20030403.1600.00-4-E64-132" TYPE="PRO" LDCTYPE="PRO">
    <extent>
      <charseq START="680" END="683">them</charseq>
    </extent>
    <head>
      <charseq START="680" END="683">them</charseq>
    </head>
  </entity_mention>
</entity>
<entity ID="CNN_IP_20030403.1600.00-4-E65" TYPE="WEA" SUBTYPE="Shooting" CLASS="USP">
  <entity_mention ID="CNN_IP_20030403.1600.00-4-E65-133" TYPE="NOM" LDCTYPE="BAR">
    <extent>
      <charseq START="703" END="731">120-millimeter smoothbore gun</charseq>
    </extent>
    <head>
      <charseq START="729" END="731">gun</charseq>
    </head>
  </entity_mention>
</entity>
<entity ID="CNN_IP_20030403.1600.00-4-E66" TYPE="VEH" SUBTYPE="Land" CLASS="SPC">
  <entity_mention ID="CNN_IP_20030403.1600.00-4-E66-134" TYPE="NAM" LDCTYPE="NAM">
    <extent>
      <charseq START="742" END="753">The Bradleys</charseq>
    </extent>
    <head>
      <charseq START="746" END="753">Bradleys</charseq>
    </head>
  </entity_mention>
  <entity_attributes>
    <name NAME="Bradleys">
      <charseq START="746" END="753">Bradleys</charseq>
    </name>
  </entity_attributes>
</entity>
<entity ID="CNN_IP_20030403.1600.00-4-E67" TYPE="VEH" SUBTYPE="Land" CLASS="SPC">
  <entity_mention ID="CNN_IP_20030403.1600.00-4-E67-110" TYPE="PRO" LDCTYPE="PRO">
    <extent>
      <charseq START="736" END="739">them</charseq>
    </extent>
    <head>
      <charseq START="736" END="739">them</charseq>
    </head>
  </entity_mention>
  <entity_mention ID="CNN_IP_20030403.1600.00-4-E67-135" TYPE="NOM" LDCTYPE="NOM">
    <extent>
      <charseq START="686" END="696">Those tanks</charseq>
    </extent>
    <head>
      <charseq START="692" END="696">tanks</charseq>
    </head>
  </entity_mention>
</entity>
<timex2 ID="CNN_IP_20030403.1600.00-4-T1">
  <timex2_mention ID="CNN_IP_20030403.1600.00-4-T1-1">
    <extent>
      <charseq START="38" END="62">2003-04-03T16:00:00-05:00</charseq>
    </extent>
  </timex2_mention>
</timex2>
<relation ID="CNN_IP_20030403.1600.00-4-R1" TYPE="ART" SUBTYPE="User-Owner-Inventor-Manufacturer" TENSE="Unspecified" MODALITY="Asserted">
  <relation_argument REFID="CNN_IP_20030403.1600.00-4-E63" ROLE="Arg-1"/>
  <relation_argument REFID="CNN_IP_20030403.1600.00-4-E64" ROLE="Arg-2"/>
  <relation_mention ID="CNN_IP_20030403.1600.00-4-R1-1" LEXICALCONDITION="Verbal">
    <extent>
      <charseq START="578" END="683">And one of the reasons is because we have armored
fighting vehicles there in Baghdad, and we will use them</charseq>
    </extent>
    <relation_mention_argument REFID="CNN_IP_20030403.1600.00-4-E63-130" ROLE="Arg-1">
      <extent>
        <charseq START="612" END="613">we</charseq>
      </extent>
    </relation_mention_argument>
    <relation_mention_argument REFID="CNN_IP_20030403.1600.00-4-E64-131" ROLE="Arg-2">
      <extent>
        <charseq START="620" END="644">armored
fighting vehicles</charseq>
      </extent>
    </relation_mention_argument>
  </relation_mention>
  <relation_mention ID="CNN_IP_20030403.1600.00-4-R1-2" LEXICALCONDITION="Verbal">
    <extent>
      <charseq START="578" END="683">And one of the reasons is because we have armored
fighting vehicles there in Baghdad, and we will use them</charseq>
    </extent>
    <relation_mention_argument REFID="CNN_IP_20030403.1600.00-4-E63-11" ROLE="Arg-1">
      <extent>
        <charseq START="668" END="669">we</charseq>
      </extent>
    </relation_mention_argument>
    <relation_mention_argument REFID="CNN_IP_20030403.1600.00-4-E64-132" ROLE="Arg-2">
      <extent>
        <charseq START="680" END="683">them</charseq>
      </extent>
    </relation_mention_argument>
  </relation_mention>
  <relation_mention ID="CNN_IP_20030403.1600.00-4-R1-3" LEXICALCONDITION="Verbal">
    <extent>
      <charseq START="854" END="941">Completely different from the Mogadishu situation in
which we did not have such vehicles</charseq>
    </extent>
    <relation_mention_argument REFID="CNN_IP_20030403.1600.00-4-E63-5" ROLE="Arg-1">
      <extent>
        <charseq START="913" END="914">we</charseq>
      </extent>
    </relation_mention_argument>
    <relation_mention_argument REFID="CNN_IP_20030403.1600.00-4-E64-6" ROLE="Arg-2">
      <extent>
        <charseq START="929" END="941">such vehicles</charseq>
      </extent>
    </relation_mention_argument>
  </relation_mention>
</relation>
<relation ID="CNN_IP_20030403.1600.00-4-R4" TYPE="ORG-AFF" SUBTYPE="Membership" TENSE="Unspecified" MODALITY="Asserted">
  <relation_argument REFID="CNN_IP_20030403.1600.00-4-E13" ROLE="Arg-1"/>
  <relation_argument REFID="CNN_IP_20030403.1600.00-4-E12" ROLE="Arg-2"/>
  <relation_mention ID="CNN_IP_20030403.1600.00-4-R4-1" LEXICALCONDITION="PreMod">
    <extent>
      <charseq START="1675" END="1698">Republican Guard snipers</charseq>
    </extent>
    <relation_mention_argument REFID="CNN_IP_20030403.1600.00-4-E13-30" ROLE="Arg-1">
      <extent>
        <charseq START="1675" END="1698">Republican Guard snipers</charseq>
      </extent>
    </relation_mention_argument>
    <relation_mention_argument REFID="CNN_IP_20030403.1600.00-4-E12-29" ROLE="Arg-2">
      <extent>
        <charseq START="1675" END="1690">Republican Guard</charseq>
      </extent>
    </relation_mention_argument>
  </relation_mention>
</relation>
<relation ID="CNN_IP_20030403.1600.00-4-R5" TYPE="PHYS" SUBTYPE="Located" TENSE="Unspecified" MODALITY="Other">
  <relation_argument REFID="CNN_IP_20030403.1600.00-4-E13" ROLE="Arg-1"/>
  <relation_argument REFID="CNN_IP_20030403.1600.00-4-E14" ROLE="Arg-2"/>
  <relation_mention ID="CNN_IP_20030403.1600.00-4-R5-1" LEXICALCONDITION="Preposition">
    <extent>
      <charseq START="1675" END="1714">Republican Guard snipers up on balconies</charseq>
    </extent>
    <relation_mention_argument REFID="CNN_IP_20030403.1600.00-4-E13-30" ROLE="Arg-1">
      <extent>
        <charseq START="1675" END="1698">Republican Guard snipers</charseq>
      </extent>
    </relation_mention_argument>
    <relation_mention_argument REFID="CNN_IP_20030403.1600.00-4-E14-31" ROLE="Arg-2">
      <extent>
        <charseq START="1706" END="1714">balconies</charseq>
      </extent>
    </relation_mention_argument>
  </relation_mention>
</relation>
<relation ID="CNN_IP_20030403.1600.00-4-R6" TYPE="PHYS" SUBTYPE="Located" TENSE="Unspecified" MODALITY="Other">
  <relation_argument REFID="CNN_IP_20030403.1600.00-4-E13" ROLE="Arg-1"/>
  <relation_argument REFID="CNN_IP_20030403.1600.00-4-E15" ROLE="Arg-2"/>
  <relation_mention ID="CNN_IP_20030403.1600.00-4-R6-1" LEXICALCONDITION="Preposition">
    <extent>
      <charseq START="1675" END="1767">Republican Guard snipers up on balconies like this, and
possibly up on the roofs of buildings</charseq>
    </extent>
    <relation_mention_argument REFID="CNN_IP_20030403.1600.00-4-E13-30" ROLE="Arg-1">
      <extent>
        <charseq START="1675" END="1698">Republican Guard snipers</charseq>
      </extent>
    </relation_mention_argument>
    <relation_mention_argument REFID="CNN_IP_20030403.1600.00-4-E15-32" ROLE="Arg-2">
      <extent>
        <charseq START="1746" END="1767">the roofs of buildings</charseq>
      </extent>
    </relation_mention_argument>
  </relation_mention>
</relation>
<relation ID="CNN_IP_20030403.1600.00-4-R7" TYPE="PART-WHOLE" SUBTYPE="Geographical" TENSE="Unspecified" MODALITY="Asserted">
  <relation_argument REFID="CNN_IP_20030403.1600.00-4-E15" ROLE="Arg-1"/>
  <relation_argument REFID="CNN_IP_20030403.1600.00-4-E16" ROLE="Arg-2"/>
  <relation_mention ID="CNN_IP_20030403.1600.00-4-R7-1" LEXICALCONDITION="Preposition">
    <extent>
      <charseq START="1746" END="1767">the roofs of buildings</charseq>
    </extent>
    <relation_mention_argument REFID="CNN_IP_20030403.1600.00-4-E15-32" ROLE="Arg-1">
      <extent>
        <charseq START="1746" END="1767">the roofs of buildings</charseq>
      </extent>
    </relation_mention_argument>
    <relation_mention_argument REFID="CNN_IP_20030403.1600.00-4-E16-33" ROLE="Arg-2">
      <extent>
        <charseq START="1759" END="1767">buildings</charseq>
      </extent>
    </relation_mention_argument>
  </relation_mention>
</relation>
<relation ID="CNN_IP_20030403.1600.00-4-R8" TYPE="PART-WHOLE" SUBTYPE="Geographical" TENSE="Unspecified" MODALITY="Asserted">
  <relation_argument REFID="CNN_IP_20030403.1600.00-4-E56" ROLE="Arg-1"/>
  <relation_argument REFID="CNN_IP_20030403.1600.00-4-E20" ROLE="Arg-2"/>
  <relation_mention ID="CNN_IP_20030403.1600.00-4-R8-1" LEXICALCONDITION="Preposition">
    <extent>
      <charseq START="1971" END="2002">these concrete canyons in a city</charseq>
    </extent>
    <relation_mention_argument REFID="CNN_IP_20030403.1600.00-4-E56-118" ROLE="Arg-1">
      <extent>
        <charseq START="1971" END="1992">these concrete canyons</charseq>
      </extent>
    </relation_mention_argument>
    <relation_mention_argument REFID="CNN_IP_20030403.1600.00-4-E20-38" ROLE="Arg-2">
      <extent>
        <charseq START="1997" END="2002">a city</charseq>
      </extent>
    </relation_mention_argument>
  </relation_mention>
</relation>
<relation ID="CNN_IP_20030403.1600.00-4-R9" TYPE="PART-WHOLE" SUBTYPE="Geographical" TENSE="Unspecified" MODALITY="Asserted">
  <relation_argument REFID="CNN_IP_20030403.1600.00-4-E50" ROLE="Arg-1"/>
  <relation_argument REFID="CNN_IP_20030403.1600.00-4-E51" ROLE="Arg-2"/>
  <relation_mention ID="CNN_IP_20030403.1600.00-4-R9-1" LEXICALCONDITION="Preposition">
    <extent>
      <charseq START="3374" END="3396">the top
of the building</charseq>
    </extent>
    <relation_mention_argument REFID="CNN_IP_20030403.1600.00-4-E50-111" ROLE="Arg-1">
      <extent>
        <charseq START="3374" END="3396">the top
of the building</charseq>
      </extent>
    </relation_mention_argument>
    <relation_mention_argument REFID="CNN_IP_20030403.1600.00-4-E51-112" ROLE="Arg-2">
      <extent>
        <charseq START="3374" END="3396">the top
of the building</charseq>
      </extent>
    </relation_mention_argument>
  </relation_mention>
</relation>
<relation ID="CNN_IP_20030403.1600.00-4-R10" TYPE="ART" SUBTYPE="User-Owner-Inventor-Manufacturer" TENSE="Unspecified" MODALITY="Asserted">
  <relation_argument REFID="CNN_IP_20030403.1600.00-4-E63" ROLE="Arg-1"/>
  <relation_argument REFID="CNN_IP_20030403.1600.00-4-E34" ROLE="Arg-2"/>
  <relation_mention ID="CNN_IP_20030403.1600.00-4-R10-1" LEXICALCONDITION="Verbal">
    <extent>
      <charseq START="3404" END="3532">One of the reasons is because we use grenades a lot
in clearing buildings, and grenades ten to offend downhill rather than
uphill</charseq>
    </extent>
    <relation_mention_argument REFID="CNN_IP_20030403.1600.00-4-E63-78" ROLE="Arg-1">
      <extent>
        <charseq START="3434" END="3435">we</charseq>
      </extent>
    </relation_mention_argument>
    <relation_mention_argument REFID="CNN_IP_20030403.1600.00-4-E34-79" ROLE="Arg-2">
      <extent>
        <charseq START="3441" END="3448">grenades</charseq>
      </extent>
    </relation_mention_argument>
  </relation_mention>
</relation>
<relation ID="CNN_IP_20030403.1600.00-4-R11" TYPE="PART-WHOLE" SUBTYPE="Subsidiary" TENSE="Unspecified" MODALITY="Asserted">
  <relation_argument REFID="CNN_IP_20030403.1600.00-4-E63" ROLE="Arg-1"/>
  <relation_argument REFID="CNN_IP_20030403.1600.00-4-E6" ROLE="Arg-2"/>
  <relation_mention ID="CNN_IP_20030403.1600.00-4-R11-1" LEXICALCONDITION="PreMod">
    <extent>
      <charseq START="3830" END="3846">the U.S. military</charseq>
    </extent>
    <relation_mention_argument REFID="CNN_IP_20030403.1600.00-4-E63-89" ROLE="Arg-1">
      <extent>
        <charseq START="3830" END="3846">the U.S. military</charseq>
      </extent>
    </relation_mention_argument>
    <relation_mention_argument REFID="CNN_IP_20030403.1600.00-4-E6-90" ROLE="Arg-2">
      <extent>
        <charseq START="3834" END="3836">U.S</charseq>
      </extent>
    </relation_mention_argument>
  </relation_mention>
</relation>
<relation ID="CNN_IP_20030403.1600.00-4-R12" TYPE="PHYS" SUBTYPE="Located" TENSE="Unspecified" MODALITY="Asserted">
  <relation_argument REFID="CNN_IP_20030403.1600.00-4-E44" ROLE="Arg-1"/>
  <relation_argument REFID="CNN_IP_20030403.1600.00-4-E47" ROLE="Arg-2"/>
  <relation_mention ID="CNN_IP_20030403.1600.00-4-R12-1" LEXICALCONDITION="Preposition">
    <extent>
      <charseq START="4197" END="4232">the president's trip to Camp Lejeune</charseq>
    </extent>
    <relation_mention_argument REFID="CNN_IP_20030403.1600.00-4-E44-106" ROLE="Arg-1">
      <extent>
        <charseq START="4197" END="4209">the president</charseq>
      </extent>
    </relation_mention_argument>
    <relation_mention_argument REFID="CNN_IP_20030403.1600.00-4-E47-107" ROLE="Arg-2">
      <extent>
        <charseq START="4221" END="4232">Camp Lejeune</charseq>
      </extent>
    </relation_mention_argument>
  </relation_mention>
</relation>
<relation ID="CNN_IP_20030403.1600.00-4-R13" TYPE="PHYS" SUBTYPE="Located" TENSE="Unspecified" MODALITY="Asserted">
  <relation_argument REFID="CNN_IP_20030403.1600.00-4-E49" ROLE="Arg-1"/>
  <relation_argument REFID="CNN_IP_20030403.1600.00-4-E47" ROLE="Arg-2"/>
  <relation_mention ID="CNN_IP_20030403.1600.00-4-R13-1" LEXICALCONDITION="PreMod">
    <extent>
      <charseq START="4253" END="4278">the Camp Lejeune
community</charseq>
    </extent>
    <relation_mention_argument REFID="CNN_IP_20030403.1600.00-4-E49-109" ROLE="Arg-1">
      <extent>
        <charseq START="4253" END="4278">the Camp Lejeune
community</charseq>
      </extent>
    </relation_mention_argument>
    <relation_mention_argument REFID="CNN_IP_20030403.1600.00-4-E47-108" ROLE="Arg-2">
      <extent>
        <charseq START="4257" END="4268">Camp Lejeune</charseq>
      </extent>
    </relation_mention_argument>
  </relation_mention>
</relation>
<event ID="CNN_IP_20030403.1600.00-4-EV1" TYPE="Contact" SUBTYPE="Meet" MODALITY="Asserted" POLARITY="Positive" GENERICITY="Specific" TENSE="Future">
  <event_argument REFID="CNN_IP_20030403.1600.00-4-E60" ROLE="Entity"/>
  <event_mention ID="CNN_IP_20030403.1600.00-4-EV1-1">
    <extent>
      <charseq START="218" END="236">we're going to talk</charseq>
    </extent>
    <ldc_scope>
      <charseq START="196" END="268">And Colonel Leonhard, we're going to talk a
little bit about urban combat</charseq>
    </ldc_scope>
    <anchor>
      <charseq START="233" END="236">talk</charseq>
    </anchor>
    <event_mention_argument REFID="CNN_IP_20030403.1600.00-4-E60-125" ROLE="Entity">
      <extent>
        <charseq START="218" END="219">we</charseq>
      </extent>
    </event_mention_argument>
  </event_mention>
</event>
<event ID="CNN_IP_20030403.1600.00-4-EV2" TYPE="Conflict" SUBTYPE="Attack" MODALITY="Other" POLARITY="Positive" GENERICITY="Generic" TENSE="Unspecified">
  <event_mention ID="CNN_IP_20030403.1600.00-4-EV2-1">
    <extent>
      <charseq START="263" END="268">combat</charseq>
    </extent>
    <ldc_scope>
      <charseq START="196" END="268">And Colonel Leonhard, we're going to talk a
little bit about urban combat</charseq>
    </ldc_scope>
    <anchor>
      <charseq START="263" END="268">combat</charseq>
    </anchor>
  </event_mention>
  <event_mention ID="CNN_IP_20030403.1600.00-4-EV2-2">
    <extent>
      <charseq START="360" END="365">combat</charseq>
    </extent>
    <ldc_scope>
      <charseq START="271" END="460">And I wanted to just start this off by
saying a lot of people when they hear about urban combat, they think of
that Blackhawk down scenario, Mogadishu and the problems that can go
wrong here</charseq>
    </ldc_scope>
    <anchor>
      <charseq START="360" END="365">combat</charseq>
    </anchor>
  </event_mention>
  <event_mention ID="CNN_IP_20030403.1600.00-4-EV2-3">
    <extent>
      <charseq START="1321" END="1326">combat</charseq>
    </extent>
    <ldc_scope>
      <charseq START="1215" END="1326">If we move in on
Baghdad, and give you a sense of the kinds of targets that might be
encountered in urban combat</charseq>
    </ldc_scope>
    <anchor>
      <charseq START="1321" END="1326">combat</charseq>
    </anchor>
  </event_mention>
  <event_mention ID="CNN_IP_20030403.1600.00-4-EV2-4">
    <extent>
      <charseq START="3705" END="3710">combat</charseq>
    </extent>
    <ldc_scope>
      <charseq START="3676" END="3710">Gravity rules, even in urban combat</charseq>
    </ldc_scope>
    <anchor>
      <charseq START="3705" END="3710">combat</charseq>
    </anchor>
  </event_mention>
  <event_mention ID="CNN_IP_20030403.1600.00-4-EV2-5">
    <extent>
      <charseq START="3785" END="3790">combat</charseq>
    </extent>
    <ldc_scope>
      <charseq START="3713" END="3904">Lieutenant
Colonel Robert Leonard, we appreciate your insights in urban combat,
something that is not something that the U.S. military would prefer to
engage in, but it might become inevitable</charseq>
    </ldc_scope>
    <anchor>
      <charseq START="3785" END="3790">combat</charseq>
    </anchor>
  </event_mention>
  <event_mention ID="CNN_IP_20030403.1600.00-4-EV2-6">
    <extent>
      <charseq START="3793" END="3801">something</charseq>
    </extent>
    <ldc_scope>
      <charseq START="3713" END="3904">Lieutenant
Colonel Robert Leonard, we appreciate your insights in urban combat,
something that is not something that the U.S. military would prefer to
engage in, but it might become inevitable</charseq>
    </ldc_scope>
    <anchor>
      <charseq START="3793" END="3801">something</charseq>
    </anchor>
  </event_mention>
</event>
<event ID="CNN_IP_20030403.1600.00-4-EV3" TYPE="Conflict" SUBTYPE="Attack" MODALITY="Other" POLARITY="Positive" GENERICITY="Generic" TENSE="Unspecified">
  <event_mention ID="CNN_IP_20030403.1600.00-4-EV3-1">
    <extent>
      <charseq START="628" END="635">fighting</charseq>
    </extent>
    <ldc_scope>
      <charseq START="578" END="683">And one of the reasons is because we have armored
fighting vehicles there in Baghdad, and we will use them</charseq>
    </ldc_scope>
    <anchor>
      <charseq START="628" END="635">fighting</charseq>
    </anchor>
  </event_mention>
  <event_mention ID="CNN_IP_20030403.1600.00-4-EV3-2">
    <extent>
      <charseq START="2312" END="2319">fighting</charseq>
    </extent>
    <ldc_scope>
      <charseq START="2289" END="2429">That said, the armored
fighting vehicles that you see there they look to me as if they're moving
a little bit faster as than we probably will</charseq>
    </ldc_scope>
    <anchor>
      <charseq START="2312" END="2319">fighting</charseq>
    </anchor>
  </event_mention>
</event>
<event ID="CNN_IP_20030403.1600.00-4-EV4" TYPE="Conflict" SUBTYPE="Attack" MODALITY="Other" POLARITY="Positive" GENERICITY="Generic" TENSE="Unspecified">
  <event_mention ID="CNN_IP_20030403.1600.00-4-EV4-1">
    <extent>
      <charseq START="845" END="851">gunfire</charseq>
    </extent>
    <ldc_scope>
      <charseq START="811" END="851">That's a lot of mobile
protective gunfire</charseq>
    </ldc_scope>
    <anchor>
      <charseq START="845" END="851">gunfire</charseq>
    </anchor>
  </event_mention>
</event>
<event ID="CNN_IP_20030403.1600.00-4-EV5" TYPE="Conflict" SUBTYPE="Attack" MODALITY="Other" POLARITY="Positive" GENERICITY="Generic" TENSE="Unspecified">
  <event_mention ID="CNN_IP_20030403.1600.00-4-EV5-1">
    <extent>
      <charseq START="1064" END="1070">assault</charseq>
    </extent>
    <ldc_scope>
      <charseq START="1000" END="1078">We are much more likely to use patience and
finesse rather than assault tactics</charseq>
    </ldc_scope>
    <anchor>
      <charseq START="1064" END="1070">assault</charseq>
    </anchor>
  </event_mention>
</event>
<event ID="CNN_IP_20030403.1600.00-4-EV6" TYPE="Life" SUBTYPE="Injure" MODALITY="Other" POLARITY="Positive" GENERICITY="Generic" TENSE="Unspecified">
  <event_mention ID="CNN_IP_20030403.1600.00-4-EV6-1">
    <extent>
      <charseq START="2277" END="2286">casualties</charseq>
    </extent>
    <ldc_scope>
      <charseq START="2224" END="2286">It's the side
that's moving that's going to take the casualties</charseq>
    </ldc_scope>
    <anchor>
      <charseq START="2277" END="2286">casualties</charseq>
    </anchor>
  </event_mention>
</event>
<event ID="CNN_IP_20030403.1600.00-4-EV7" TYPE="Conflict" SUBTYPE="Attack" MODALITY="Other" POLARITY="Positive" GENERICITY="Generic" TENSE="Future">
  <event_argument REFID="CNN_IP_20030403.1600.00-4-E63" ROLE="Attacker"/>
  <event_mention ID="CNN_IP_20030403.1600.00-4-EV7-1">
    <extent>
      <charseq START="2569" END="2594">we'll probably surge fires</charseq>
    </extent>
    <ldc_scope>
      <charseq START="2560" END="2727">And then we'll probably surge fires into
their both lethal and nonlethal to make his position untenable, to make
him move rather than us moving through the assault zone</charseq>
    </ldc_scope>
    <anchor>
      <charseq START="2590" END="2594">fires</charseq>
    </anchor>
    <event_mention_argument REFID="CNN_IP_20030403.1600.00-4-E63-51" ROLE="Attacker">
      <extent>
        <charseq START="2569" END="2570">we</charseq>
      </extent>
    </event_mention_argument>
  </event_mention>
</event>
<event ID="CNN_IP_20030403.1600.00-4-EV8" TYPE="Conflict" SUBTYPE="Attack" MODALITY="Other" POLARITY="Positive" GENERICITY="Generic" TENSE="Unspecified">
  <event_mention ID="CNN_IP_20030403.1600.00-4-EV8-1">
    <extent>
      <charseq START="2716" END="2722">assault</charseq>
    </extent>
    <ldc_scope>
      <charseq START="2560" END="2727">And then we'll probably surge fires into
their both lethal and nonlethal to make his position untenable, to make
him move rather than us moving through the assault zone</charseq>
    </ldc_scope>
    <anchor>
      <charseq START="2716" END="2722">assault</charseq>
    </anchor>
  </event_mention>
</event>
<event ID="CNN_IP_20030403.1600.00-4-EV9" TYPE="Conflict" SUBTYPE="Attack" MODALITY="Other" POLARITY="Positive" GENERICITY="Specific" TENSE="Unspecified">
  <event_argument REFID="CNN_IP_20030403.1600.00-4-E63" ROLE="Attacker"/>
  <event_argument REFID="CNN_IP_20030403.1600.00-4-E27" ROLE="Target"/>
  <event_mention ID="CNN_IP_20030403.1600.00-4-EV9-1">
    <extent>
      <charseq START="2744" END="2761">we
can engage them</charseq>
    </extent>
    <ldc_scope>
      <charseq START="2730" END="2776">At which time we
can engage them or arrest them</charseq>
    </ldc_scope>
    <anchor>
      <charseq START="2751" END="2756">engage</charseq>
    </anchor>
    <event_mention_argument REFID="CNN_IP_20030403.1600.00-4-E63-53" ROLE="Attacker">
      <extent>
        <charseq START="2744" END="2745">we</charseq>
      </extent>
    </event_mention_argument>
    <event_mention_argument REFID="CNN_IP_20030403.1600.00-4-E27-60" ROLE="Target">
      <extent>
        <charseq START="2758" END="2761">them</charseq>
      </extent>
    </event_mention_argument>
  </event_mention>
</event>
<event ID="CNN_IP_20030403.1600.00-4-EV10" TYPE="Justice" SUBTYPE="Arrest-Jail" MODALITY="Other" POLARITY="Positive" GENERICITY="Specific" TENSE="Unspecified">
  <event_argument REFID="CNN_IP_20030403.1600.00-4-E27" ROLE="Person"/>
  <event_argument REFID="CNN_IP_20030403.1600.00-4-E63" ROLE="Agent"/>
  <event_mention ID="CNN_IP_20030403.1600.00-4-EV10-1">
    <extent>
      <charseq START="2744" END="2776">we
can engage them or arrest them</charseq>
    </extent>
    <ldc_scope>
      <charseq START="2730" END="2776">At which time we
can engage them or arrest them</charseq>
    </ldc_scope>
    <anchor>
      <charseq START="2766" END="2771">arrest</charseq>
    </anchor>
    <event_mention_argument REFID="CNN_IP_20030403.1600.00-4-E27-61" ROLE="Person">
      <extent>
        <charseq START="2773" END="2776">them</charseq>
      </extent>
    </event_mention_argument>
    <event_mention_argument REFID="CNN_IP_20030403.1600.00-4-E63-53" ROLE="Agent">
      <extent>
        <charseq START="2744" END="2745">we</charseq>
      </extent>
    </event_mention_argument>
  </event_mention>
</event>
<event ID="CNN_IP_20030403.1600.00-4-EV11" TYPE="Conflict" SUBTYPE="Attack" MODALITY="Other" POLARITY="Positive" GENERICITY="Specific" TENSE="Unspecified">
  <event_argument REFID="CNN_IP_20030403.1600.00-4-E33" ROLE="Attacker"/>
  <event_argument REFID="CNN_IP_20030403.1600.00-4-E51" ROLE="Target"/>
  <event_mention ID="CNN_IP_20030403.1600.00-4-EV11-1">
    <extent>
      <charseq START="3171" END="3203">they'd assault a target like this</charseq>
    </extent>
    <ldc_scope>
      <charseq START="3155" END="3219">Typically, when they'd assault a target like this, they'd do
what</charseq>
    </ldc_scope>
    <anchor>
      <charseq START="3178" END="3184">assault</charseq>
    </anchor>
    <event_mention_argument REFID="CNN_IP_20030403.1600.00-4-E33-73" ROLE="Attacker">
      <extent>
        <charseq START="3171" END="3174">they</charseq>
      </extent>
    </event_mention_argument>
    <event_mention_argument REFID="CNN_IP_20030403.1600.00-4-E51-120" ROLE="Target">
      <extent>
        <charseq START="3186" END="3203">a target like this</charseq>
      </extent>
    </event_mention_argument>
  </event_mention>
</event>
<event ID="CNN_IP_20030403.1600.00-4-EV12" TYPE="Life" SUBTYPE="Die" MODALITY="Asserted" POLARITY="Positive" GENERICITY="Specific" TENSE="Past">
  <event_argument REFID="CNN_IP_20030403.1600.00-4-E46" ROLE="Victim"/>
  <event_mention ID="CNN_IP_20030403.1600.00-4-EV12-1">
    <extent>
      <charseq START="4160" END="4173">fallen Marines</charseq>
    </extent>
    <ldc_scope>
      <charseq START="4090" END="4173">President Bush vows a final push to
victory and he mourns the loss of fallen Marines</charseq>
    </ldc_scope>
    <anchor>
      <charseq START="4160" END="4165">fallen</charseq>
    </anchor>
    <event_mention_argument REFID="CNN_IP_20030403.1600.00-4-E46-105" ROLE="Victim">
      <extent>
        <charseq START="4160" END="4173">fallen Marines</charseq>
      </extent>
    </event_mention_argument>
  </event_mention>
</event>
<event ID="CNN_IP_20030403.1600.00-4-EV13" TYPE="Movement" SUBTYPE="Transport" MODALITY="Asserted" POLARITY="Positive" GENERICITY="Specific" TENSE="Past">
  <event_argument REFID="CNN_IP_20030403.1600.00-4-E44" ROLE="Person"/>
  <event_argument REFID="CNN_IP_20030403.1600.00-4-E47" ROLE="Destination"/>
  <event_mention ID="CNN_IP_20030403.1600.00-4-EV13-1">
    <extent>
      <charseq START="4197" END="4232">the president's trip to Camp Lejeune</charseq>
    </extent>
    <ldc_scope>
      <charseq START="4176" END="4315">Up next, a report on
the president's trip to Camp Lejeune, and a look at how the Camp Lejeune
community is coping with the challenges of war</charseq>
    </ldc_scope>
    <anchor>
      <charseq START="4213" END="4216">trip</charseq>
    </anchor>
    <event_mention_argument REFID="CNN_IP_20030403.1600.00-4-E44-106" ROLE="Person">
      <extent>
        <charseq START="4197" END="4209">the president</charseq>
      </extent>
    </event_mention_argument>
    <event_mention_argument REFID="CNN_IP_20030403.1600.00-4-E47-107" ROLE="Destination">
      <extent>
        <charseq START="4221" END="4232">Camp Lejeune</charseq>
      </extent>
    </event_mention_argument>
  </event_mention>
</event>
<event ID="CNN_IP_20030403.1600.00-4-EV14" TYPE="Conflict" SUBTYPE="Attack" MODALITY="Asserted" POLARITY="Positive" GENERICITY="Generic" TENSE="Unspecified">
  <event_mention ID="CNN_IP_20030403.1600.00-4-EV14-1">
    <extent>
      <charseq START="4313" END="4315">war</charseq>
    </extent>
    <ldc_scope>
      <charseq START="4176" END="4315">Up next, a report on
the president's trip to Camp Lejeune, and a look at how the Camp Lejeune
community is coping with the challenges of war</charseq>
    </ldc_scope>
    <anchor>
      <charseq START="4313" END="4315">war</charseq>
    </anchor>
  </event_mention>
</event>
</document>
</source_file>
