<?xml version="1.0"?>
<!DOCTYPE source_file SYSTEM "apf.v5.1.1.dtd">
<source_file URI="CNN_CF_20030305.1900.00-2.sgm" SOURCE="broadcast conversation" TYPE="text" AUTHOR="LDC" ENCODING="UTF-8">
<document DOCID="CNN_CF_20030305.1900.00-2">
<entity ID="CNN_CF_20030305.1900.00-2-E1" TYPE="ORG" SUBTYPE="Media" CLASS="GEN">
  <entity_mention ID="CNN_CF_20030305.1900.00-2-E1-2" TYPE="NOM" LDCTYPE="NOM">
    <extent>
      <charseq START="651" END="665">our competitors</charseq>
    </extent>
    <head>
      <charseq START="655" END="665">competitors</charseq>
    </head>
  </entity_mention>
</entity>
<entity ID="CNN_CF_20030305.1900.00-2-E2" TYPE="PER" SUBTYPE="Group" CLASS="USP">
  <entity_mention ID="CNN_CF_20030305.1900.00-2-E2-5" TYPE="NOM" LDCTYPE="BAR">
    <extent>
      <charseq START="750" END="829">guests who are anti-war,
anti-Bush and skeptical of the administration's motives</charseq>
    </extent>
    <head>
      <charseq START="750" END="755">guests</charseq>
    </head>
  </entity_mention>
  <entity_mention ID="CNN_CF_20030305.1900.00-2-E2-6" TYPE="PRO" LDCTYPE="WHQ">
    <extent>
      <charseq START="757" END="759">who</charseq>
    </extent>
    <head>
      <charseq START="757" END="759">who</charseq>
    </head>
  </entity_mention>
</entity>
<entity ID="CNN_CF_20030305.1900.00-2-E3" TYPE="ORG" SUBTYPE="Government" CLASS="SPC">
  <entity_mention ID="CNN_CF_20030305.1900.00-2-E3-7" TYPE="NOM" LDCTYPE="NOM">
    <extent>
      <charseq START="802" END="819">the administration</charseq>
    </extent>
    <head>
      <charseq START="806" END="819">administration</charseq>
    </head>
  </entity_mention>
</entity>
<entity ID="CNN_CF_20030305.1900.00-2-E4" TYPE="PER" SUBTYPE="Individual" CLASS="SPC">
  <entity_mention ID="CNN_CF_20030305.1900.00-2-E4-4" TYPE="PRO" LDCTYPE="PRO" LDCATR="TRUE">
    <extent>
      <charseq START="716" END="717">he</charseq>
    </extent>
    <head>
      <charseq START="716" END="717">he</charseq>
    </head>
  </entity_mention>
  <entity_mention ID="CNN_CF_20030305.1900.00-2-E4-9" TYPE="NAM" LDCTYPE="NAM" LDCATR="TRUE">
    <extent>
      <charseq START="867" END="878">Phil Donahue</charseq>
    </extent>
    <head>
      <charseq START="867" END="878">Phil Donahue</charseq>
    </head>
  </entity_mention>
  <entity_mention ID="CNN_CF_20030305.1900.00-2-E4-10" TYPE="PRO" LDCTYPE="PRO" LDCATR="TRUE">
    <extent>
      <charseq START="898" END="899">he</charseq>
    </extent>
    <head>
      <charseq START="898" END="899">he</charseq>
    </head>
  </entity_mention>
  <entity_mention ID="CNN_CF_20030305.1900.00-2-E4-11" TYPE="NOM" LDCTYPE="NOM" LDCATR="TRUE">
    <extent>
      <charseq START="903" END="911">a liberal</charseq>
    </extent>
    <head>
      <charseq START="905" END="910">libera</charseq>
    </head>
  </entity_mention>
  <entity_mention ID="CNN_CF_20030305.1900.00-2-E4-12" TYPE="NOM" LDCTYPE="NOM" LDCATR="TRUE">
    <extent>
      <charseq START="923" END="968">the only liberal with the solo cable talk show</charseq>
    </extent>
    <head>
      <charseq START="932" END="938">liberal</charseq>
    </head>
  </entity_mention>
  <entity_mention ID="CNN_CF_20030305.1900.00-2-E4-18" TYPE="NAM" LDCTYPE="NAM" LDCATR="TRUE">
    <extent>
      <charseq START="1113" END="1124">Phil Donahue</charseq>
    </extent>
    <head>
      <charseq START="1113" END="1124">Phil Donahue</charseq>
    </head>
  </entity_mention>
  <entity_mention ID="CNN_CF_20030305.1900.00-2-E4-21" TYPE="PRO" LDCTYPE="PRO" LDCATR="TRUE">
    <extent>
      <charseq START="1167" END="1169">His</charseq>
    </extent>
    <head>
      <charseq START="1167" END="1169">His</charseq>
    </head>
  </entity_mention>
  <entity_mention ID="CNN_CF_20030305.1900.00-2-E4-22" TYPE="NAM" LDCTYPE="NAM" LDCATR="TRUE">
    <extent>
      <charseq START="1233" END="1244">Phil
Donahue</charseq>
    </extent>
    <head>
      <charseq START="1233" END="1244">Phil
Donahue</charseq>
    </head>
  </entity_mention>
  <entity_mention ID="CNN_CF_20030305.1900.00-2-E4-23" TYPE="NOM" LDCTYPE="BAR" LDCATR="TRUE">
    <extent>
      <charseq START="1247" END="1260">Delightful guy</charseq>
    </extent>
    <head>
      <charseq START="1258" END="1260">guy</charseq>
    </head>
  </entity_mention>
  <entity_mention ID="CNN_CF_20030305.1900.00-2-E4-24" TYPE="PRO" LDCTYPE="PRO" LDCATR="TRUE">
    <extent>
      <charseq START="1267" END="1269">his</charseq>
    </extent>
    <head>
      <charseq START="1267" END="1269">his</charseq>
    </head>
  </entity_mention>
  <entity_mention ID="CNN_CF_20030305.1900.00-2-E4-39" TYPE="PRO" LDCTYPE="PRO" LDCATR="TRUE">
    <extent>
      <charseq START="1675" END="1676">He</charseq>
    </extent>
    <head>
      <charseq START="1675" END="1676">He</charseq>
    </head>
  </entity_mention>
  <entity_mention ID="CNN_CF_20030305.1900.00-2-E4-55" TYPE="PRO" LDCTYPE="PRO" LDCATR="TRUE">
    <extent>
      <charseq START="1144" END="1146">him</charseq>
    </extent>
    <head>
      <charseq START="1144" END="1146">him</charseq>
    </head>
  </entity_mention>
  <entity_mention ID="CNN_CF_20030305.1900.00-2-E4-61" TYPE="NAM" LDCTYPE="NAM" LDCATR="TRUE">
    <extent>
      <charseq START="336" END="347">Phil Donahue</charseq>
    </extent>
    <head>
      <charseq START="336" END="347">Phil Donahue</charseq>
    </head>
  </entity_mention>
  <entity_mention ID="CNN_CF_20030305.1900.00-2-E4-63" TYPE="NOM" LDCTYPE="NOM" LDCATR="TRUE">
    <extent>
      <charseq START="350" END="383">the host of its highest-rated show</charseq>
    </extent>
    <head>
      <charseq START="354" END="357">host</charseq>
    </head>
  </entity_mention>
  <entity_mention ID="CNN_CF_20030305.1900.00-2-E4-70" TYPE="NAM" LDCTYPE="NAM" LDCATR="TRUE">
    <extent>
      <charseq START="517" END="539">the liberal Mr. Donahue</charseq>
    </extent>
    <head>
      <charseq START="533" END="539">Donahue</charseq>
    </head>
  </entity_mention>
  <entity_mention ID="CNN_CF_20030305.1900.00-2-E4-71" TYPE="NOM" LDCTYPE="NOMPRE" LDCATR="TRUE">
    <extent>
      <charseq START="529" END="530">Mr</charseq>
    </extent>
    <head>
      <charseq START="529" END="530">Mr</charseq>
    </head>
  </entity_mention>
  <entity_attributes>
    <name NAME="Phil Donahue">
      <charseq START="867" END="878">Phil Donahue</charseq>
    </name>
    <name NAME="Phil Donahue">
      <charseq START="1113" END="1124">Phil Donahue</charseq>
    </name>
    <name NAME="Phil Donahue">
      <charseq START="1233" END="1244">Phil
Donahue</charseq>
    </name>
    <name NAME="Phil Donahue">
      <charseq START="336" END="347">Phil Donahue</charseq>
    </name>
    <name NAME="Donahue">
      <charseq START="533" END="539">Donahue</charseq>
    </name>
  </entity_attributes>
</entity>
<entity ID="CNN_CF_20030305.1900.00-2-E6" TYPE="ORG" SUBTYPE="Commercial" CLASS="SPC">
  <entity_mention ID="CNN_CF_20030305.1900.00-2-E6-15" TYPE="NAM" LDCTYPE="NAM">
    <extent>
      <charseq START="1021" END="1022">GE</charseq>
    </extent>
    <head>
      <charseq START="1021" END="1022">GE</charseq>
    </head>
  </entity_mention>
  <entity_mention ID="CNN_CF_20030305.1900.00-2-E6-16" TYPE="PRO" LDCTYPE="WHQ">
    <extent>
      <charseq START="1025" END="1029">where</charseq>
    </extent>
    <head>
      <charseq START="1025" END="1029">where</charseq>
    </head>
  </entity_mention>
  <entity_mention ID="CNN_CF_20030305.1900.00-2-E6-17" TYPE="PRO" LDCTYPE="PRO">
    <extent>
      <charseq START="1031" END="1034">they</charseq>
    </extent>
    <head>
      <charseq START="1031" END="1034">they</charseq>
    </head>
  </entity_mention>
  <entity_mention ID="CNN_CF_20030305.1900.00-2-E6-38" TYPE="NAM" LDCTYPE="NAM">
    <extent>
      <charseq START="1641" END="1672">the General Electric corporation</charseq>
    </extent>
    <head>
      <charseq START="1645" END="1672">General Electric corporation</charseq>
    </head>
  </entity_mention>
  <entity_attributes>
    <name NAME="GE">
      <charseq START="1021" END="1022">GE</charseq>
    </name>
    <name NAME="General Electric corporation">
      <charseq START="1645" END="1672">General Electric corporation</charseq>
    </name>
  </entity_attributes>
</entity>
<entity ID="CNN_CF_20030305.1900.00-2-E7" TYPE="PER" SUBTYPE="Individual" CLASS="SPC">
  <entity_mention ID="CNN_CF_20030305.1900.00-2-E7-19" TYPE="PRO" LDCTYPE="PRO">
    <extent>
      <charseq START="1097" END="1097">I</charseq>
    </extent>
    <head>
      <charseq START="1097" END="1097">I</charseq>
    </head>
  </entity_mention>
  <entity_mention ID="CNN_CF_20030305.1900.00-2-E7-20" TYPE="PRO" LDCTYPE="PRO">
    <extent>
      <charseq START="1127" END="1127">I</charseq>
    </extent>
    <head>
      <charseq START="1127" END="1127">I</charseq>
    </head>
  </entity_mention>
  <entity_mention ID="CNN_CF_20030305.1900.00-2-E7-25" TYPE="PRO" LDCTYPE="PRO">
    <extent>
      <charseq START="1311" END="1311">I</charseq>
    </extent>
    <head>
      <charseq START="1311" END="1311">I</charseq>
    </head>
  </entity_mention>
  <entity_mention ID="CNN_CF_20030305.1900.00-2-E7-26" TYPE="PRO" LDCTYPE="PRO">
    <extent>
      <charseq START="1198" END="1198">I</charseq>
    </extent>
    <head>
      <charseq START="1198" END="1198">I</charseq>
    </head>
  </entity_mention>
  <entity_mention ID="CNN_CF_20030305.1900.00-2-E7-52" TYPE="PRO" LDCTYPE="PRO">
    <extent>
      <charseq START="1884" END="1884">I</charseq>
    </extent>
    <head>
      <charseq START="1884" END="1884">I</charseq>
    </head>
  </entity_mention>
</entity>
<entity ID="CNN_CF_20030305.1900.00-2-E9" TYPE="PER" SUBTYPE="Individual" CLASS="SPC">
  <entity_mention ID="CNN_CF_20030305.1900.00-2-E9-27" TYPE="PRO" LDCTYPE="PRO">
    <extent>
      <charseq START="1214" END="1216">you</charseq>
    </extent>
    <head>
      <charseq START="1214" END="1216">you</charseq>
    </head>
  </entity_mention>
  <entity_mention ID="CNN_CF_20030305.1900.00-2-E9-29" TYPE="PRO" LDCTYPE="PRO">
    <extent>
      <charseq START="1371" END="1373">you</charseq>
    </extent>
    <head>
      <charseq START="1371" END="1373">you</charseq>
    </head>
  </entity_mention>
  <entity_mention ID="CNN_CF_20030305.1900.00-2-E9-31" TYPE="PRO" LDCTYPE="PRO">
    <extent>
      <charseq START="1466" END="1468">you</charseq>
    </extent>
    <head>
      <charseq START="1466" END="1468">you</charseq>
    </head>
  </entity_mention>
  <entity_mention ID="CNN_CF_20030305.1900.00-2-E9-40" TYPE="PRO" LDCTYPE="PRO">
    <extent>
      <charseq START="1766" END="1766">I</charseq>
    </extent>
    <head>
      <charseq START="1766" END="1766">I</charseq>
    </head>
  </entity_mention>
  <entity_mention ID="CNN_CF_20030305.1900.00-2-E9-41" TYPE="PRO" LDCTYPE="PRO">
    <extent>
      <charseq START="1804" END="1805">me</charseq>
    </extent>
    <head>
      <charseq START="1804" END="1805">me</charseq>
    </head>
  </entity_mention>
  <entity_mention ID="CNN_CF_20030305.1900.00-2-E9-45" TYPE="PRO" LDCTYPE="PRO">
    <extent>
      <charseq START="1858" END="1859">me</charseq>
    </extent>
    <head>
      <charseq START="1858" END="1859">me</charseq>
    </head>
  </entity_mention>
</entity>
<entity ID="CNN_CF_20030305.1900.00-2-E10" TYPE="PER" SUBTYPE="Group" CLASS="GEN">
  <entity_mention ID="CNN_CF_20030305.1900.00-2-E10-28" TYPE="NOM" LDCTYPE="BAR">
    <extent>
      <charseq START="1344" END="1366">liberal talk show hosts</charseq>
    </extent>
    <head>
      <charseq START="1362" END="1366">hosts</charseq>
    </head>
  </entity_mention>
</entity>
<entity ID="CNN_CF_20030305.1900.00-2-E11" TYPE="PER" SUBTYPE="Individual" CLASS="SPC">
  <entity_mention ID="CNN_CF_20030305.1900.00-2-E11-30" TYPE="NAM" LDCTYPE="NAM">
    <extent>
      <charseq START="1400" END="1404">James</charseq>
    </extent>
    <head>
      <charseq START="1400" END="1404">James</charseq>
    </head>
  </entity_mention>
  <entity_attributes>
    <name NAME="James">
      <charseq START="1400" END="1404">James</charseq>
    </name>
  </entity_attributes>
</entity>
<entity ID="CNN_CF_20030305.1900.00-2-E12" TYPE="PER" SUBTYPE="Indeterminate" CLASS="USP">
  <entity_mention ID="CNN_CF_20030305.1900.00-2-E12-32" TYPE="PRO" LDCTYPE="PRO">
    <extent>
      <charseq START="1495" END="1497">You</charseq>
    </extent>
    <head>
      <charseq START="1495" END="1497">You</charseq>
    </head>
  </entity_mention>
</entity>
<entity ID="CNN_CF_20030305.1900.00-2-E13" TYPE="PER" SUBTYPE="Indeterminate" CLASS="USP">
  <entity_mention ID="CNN_CF_20030305.1900.00-2-E13-33" TYPE="PRO" LDCTYPE="PRO">
    <extent>
      <charseq START="1505" END="1507">you</charseq>
    </extent>
    <head>
      <charseq START="1505" END="1507">you</charseq>
    </head>
  </entity_mention>
  <entity_mention ID="CNN_CF_20030305.1900.00-2-E13-34" TYPE="PRO" LDCTYPE="PRO">
    <extent>
      <charseq START="1539" END="1541">you</charseq>
    </extent>
    <head>
      <charseq START="1539" END="1541">you</charseq>
    </head>
  </entity_mention>
</entity>
<entity ID="CNN_CF_20030305.1900.00-2-E14" TYPE="PER" SUBTYPE="Individual" CLASS="USP">
  <entity_mention ID="CNN_CF_20030305.1900.00-2-E14-35" TYPE="PRO" LDCTYPE="PRO">
    <extent>
      <charseq START="1558" END="1564">someone</charseq>
    </extent>
    <head>
      <charseq START="1558" END="1564">someone</charseq>
    </head>
  </entity_mention>
  <entity_mention ID="CNN_CF_20030305.1900.00-2-E14-36" TYPE="PRO" LDCTYPE="PRO">
    <extent>
      <charseq START="1577" END="1581">their</charseq>
    </extent>
    <head>
      <charseq START="1577" END="1581">their</charseq>
    </head>
  </entity_mention>
</entity>
<entity ID="CNN_CF_20030305.1900.00-2-E15" TYPE="ORG" SUBTYPE="Media" CLASS="SPC">
  <entity_mention ID="CNN_CF_20030305.1900.00-2-E15-42" TYPE="PRO" LDCTYPE="PRO" LDCATR="FALSE">
    <extent>
      <charseq START="1788" END="1791">They</charseq>
    </extent>
    <head>
      <charseq START="1788" END="1791">They</charseq>
    </head>
  </entity_mention>
  <entity_mention ID="CNN_CF_20030305.1900.00-2-E15-43" TYPE="PRO" LDCTYPE="PRO" LDCATR="FALSE">
    <extent>
      <charseq START="1808" END="1811">They</charseq>
    </extent>
    <head>
      <charseq START="1808" END="1811">They</charseq>
    </head>
  </entity_mention>
  <entity_mention ID="CNN_CF_20030305.1900.00-2-E15-44" TYPE="PRO" LDCTYPE="PRO" LDCATR="FALSE">
    <extent>
      <charseq START="1837" END="1840">they</charseq>
    </extent>
    <head>
      <charseq START="1837" END="1840">they</charseq>
    </head>
  </entity_mention>
  <entity_mention ID="CNN_CF_20030305.1900.00-2-E15-46" TYPE="NOM" LDCTYPE="BAR" LDCATR="TRUE">
    <extent>
      <charseq START="1816" END="1831">very nice people</charseq>
    </extent>
    <head>
      <charseq START="1826" END="1831">people</charseq>
    </head>
  </entity_mention>
  <entity_mention ID="CNN_CF_20030305.1900.00-2-E15-47" TYPE="PRO" LDCTYPE="PRO" LDCATR="FALSE">
    <extent>
      <charseq START="1781" END="1785">there</charseq>
    </extent>
    <head>
      <charseq START="1781" END="1785">there</charseq>
    </head>
  </entity_mention>
  <entity_mention ID="CNN_CF_20030305.1900.00-2-E15-48" TYPE="NAM" LDCTYPE="NAM" LDCATR="FALSE">
    <extent>
      <charseq START="1903" END="1907">MSNBC</charseq>
    </extent>
    <head>
      <charseq START="1903" END="1907">MSNBC</charseq>
    </head>
  </entity_mention>
  <entity_mention ID="CNN_CF_20030305.1900.00-2-E15-49" TYPE="PRO" LDCTYPE="PRO" LDCATR="FALSE">
    <extent>
      <charseq START="1928" END="1931">they</charseq>
    </extent>
    <head>
      <charseq START="1928" END="1931">they</charseq>
    </head>
  </entity_mention>
  <entity_mention ID="CNN_CF_20030305.1900.00-2-E15-53" TYPE="PRO" LDCTYPE="PRO" LDCATR="FALSE">
    <extent>
      <charseq START="362" END="364">its</charseq>
    </extent>
    <head>
      <charseq START="362" END="364">its</charseq>
    </head>
  </entity_mention>
  <entity_mention ID="CNN_CF_20030305.1900.00-2-E15-60" TYPE="NAM" LDCTYPE="NAM" LDCATR="FALSE">
    <extent>
      <charseq START="293" END="297">MSNBC</charseq>
    </extent>
    <head>
      <charseq START="293" END="297">MSNBC</charseq>
    </head>
  </entity_mention>
  <entity_attributes>
    <name NAME="MSNBC">
      <charseq START="1903" END="1907">MSNBC</charseq>
    </name>
    <name NAME="MSNBC">
      <charseq START="293" END="297">MSNBC</charseq>
    </name>
  </entity_attributes>
</entity>
<entity ID="CNN_CF_20030305.1900.00-2-E16" TYPE="PER" SUBTYPE="Individual" CLASS="USP">
  <entity_mention ID="CNN_CF_20030305.1900.00-2-E16-50" TYPE="NOM" LDCTYPE="NOM">
    <extent>
      <charseq START="1948" END="1952">a guy</charseq>
    </extent>
    <head>
      <charseq START="1950" END="1952">guy</charseq>
    </head>
  </entity_mention>
  <entity_mention ID="CNN_CF_20030305.1900.00-2-E16-51" TYPE="PRO" LDCTYPE="PRO">
    <extent>
      <charseq START="1958" END="1960">his</charseq>
    </extent>
    <head>
      <charseq START="1958" END="1960">his</charseq>
    </head>
  </entity_mention>
</entity>
<entity ID="CNN_CF_20030305.1900.00-2-E17" TYPE="ORG" SUBTYPE="Media" CLASS="SPC">
  <entity_mention ID="CNN_CF_20030305.1900.00-2-E17-1" TYPE="NAM" LDCTYPE="NAM" LDCATR="TRUE">
    <extent>
      <charseq START="623" END="625">NBC</charseq>
    </extent>
    <head>
      <charseq START="623" END="625">NBC</charseq>
    </head>
  </entity_mention>
  <entity_mention ID="CNN_CF_20030305.1900.00-2-E17-3" TYPE="PRO" LDCTYPE="PRO" LDCATR="TRUE">
    <extent>
      <charseq START="651" END="653">our</charseq>
    </extent>
    <head>
      <charseq START="651" END="653">our</charseq>
    </head>
  </entity_mention>
  <entity_mention ID="CNN_CF_20030305.1900.00-2-E17-8" TYPE="NAM" LDCTYPE="NAM" LDCATR="TRUE">
    <extent>
      <charseq START="862" END="864">NBC</charseq>
    </extent>
    <head>
      <charseq START="862" END="864">NBC</charseq>
    </head>
  </entity_mention>
  <entity_mention ID="CNN_CF_20030305.1900.00-2-E17-13" TYPE="NAM" LDCTYPE="NAM" LDCATR="TRUE">
    <extent>
      <charseq START="971" END="973">NBC</charseq>
    </extent>
    <head>
      <charseq START="971" END="973">NBC</charseq>
    </head>
  </entity_mention>
  <entity_mention ID="CNN_CF_20030305.1900.00-2-E17-37" TYPE="NAM" LDCTYPE="NAM" LDCATR="TRUE">
    <extent>
      <charseq START="1615" END="1617">NBC</charseq>
    </extent>
    <head>
      <charseq START="1615" END="1617">NBC</charseq>
    </head>
  </entity_mention>
  <entity_mention ID="CNN_CF_20030305.1900.00-2-E17-54" TYPE="NOM" LDCTYPE="NOM" LDCATR="TRUE">
    <extent>
      <charseq START="990" END="1082">a
division of the conglomerate GE, where they apparently only bring right
wing things to life</charseq>
    </extent>
    <head>
      <charseq START="992" END="999">division</charseq>
    </head>
  </entity_mention>
  <entity_mention ID="CNN_CF_20030305.1900.00-2-E17-64" TYPE="NAM" LDCTYPE="NAM" LDCATR="TRUE">
    <extent>
      <charseq START="405" END="407">NBC</charseq>
    </extent>
    <head>
      <charseq START="405" END="407">NBC</charseq>
    </head>
  </entity_mention>
  <entity_mention ID="CNN_CF_20030305.1900.00-2-E17-68" TYPE="NAM" LDCTYPE="NAMPRE" LDCATR="TRUE">
    <extent>
      <charseq START="492" END="494">NBC</charseq>
    </extent>
    <head>
      <charseq START="492" END="494">NBC</charseq>
    </head>
  </entity_mention>
  <entity_mention ID="CNN_CF_20030305.1900.00-2-E17-72" TYPE="NAM" LDCTYPE="NAMPRE" LDCATR="TRUE">
    <extent>
      <charseq START="573" END="575">NBC</charseq>
    </extent>
    <head>
      <charseq START="573" END="575">NBC</charseq>
    </head>
  </entity_mention>
  <entity_attributes>
    <name NAME="NBC">
      <charseq START="623" END="625">NBC</charseq>
    </name>
    <name NAME="NBC">
      <charseq START="862" END="864">NBC</charseq>
    </name>
    <name NAME="NBC">
      <charseq START="971" END="973">NBC</charseq>
    </name>
    <name NAME="NBC">
      <charseq START="1615" END="1617">NBC</charseq>
    </name>
    <name NAME="NBC">
      <charseq START="405" END="407">NBC</charseq>
    </name>
    <name NAME="NBC">
      <charseq START="492" END="494">NBC</charseq>
    </name>
    <name NAME="NBC">
      <charseq START="573" END="575">NBC</charseq>
    </name>
  </entity_attributes>
</entity>
<entity ID="CNN_CF_20030305.1900.00-2-E18" TYPE="PER" SUBTYPE="Group" CLASS="USP">
  <entity_mention ID="CNN_CF_20030305.1900.00-2-E18-56" TYPE="PRO" LDCTYPE="PTV">
    <extent>
      <charseq START="210" END="269">those of you who still believe the myth of the liberal media</charseq>
    </extent>
    <head>
      <charseq START="210" END="214">those</charseq>
    </head>
  </entity_mention>
  <entity_mention ID="CNN_CF_20030305.1900.00-2-E18-57" TYPE="PRO" LDCTYPE="WHQ">
    <extent>
      <charseq START="223" END="225">who</charseq>
    </extent>
    <head>
      <charseq START="223" END="225">who</charseq>
    </head>
  </entity_mention>
</entity>
<entity ID="CNN_CF_20030305.1900.00-2-E19" TYPE="ORG" SUBTYPE="Media" CLASS="GEN">
  <entity_mention ID="CNN_CF_20030305.1900.00-2-E19-58" TYPE="NOM" LDCTYPE="NOM">
    <extent>
      <charseq START="253" END="269">the liberal media</charseq>
    </extent>
    <head>
      <charseq START="265" END="269">media</charseq>
    </head>
  </entity_mention>
</entity>
<entity ID="CNN_CF_20030305.1900.00-2-E24" TYPE="ORG" SUBTYPE="Media" CLASS="SPC">
  <entity_mention ID="CNN_CF_20030305.1900.00-2-E24-65" TYPE="NAM" LDCTYPE="NAM">
    <extent>
      <charseq START="464" END="482">The Washington Post</charseq>
    </extent>
    <head>
      <charseq START="464" END="482">The Washington Post</charseq>
    </head>
  </entity_mention>
  <entity_attributes>
    <name NAME="The Washington Post">
      <charseq START="464" END="482">The Washington Post</charseq>
    </name>
  </entity_attributes>
</entity>
<entity ID="CNN_CF_20030305.1900.00-2-E25" TYPE="ORG" SUBTYPE="Non-Governmental" CLASS="SPC">
  <entity_mention ID="CNN_CF_20030305.1900.00-2-E25-66" TYPE="NAM" LDCTYPE="NAM" LDCATR="FALSE">
    <extent>
      <charseq START="422" END="447">the Web site allyourtv.com</charseq>
    </extent>
    <head>
      <charseq START="435" END="447">allyourtv.com</charseq>
    </head>
  </entity_mention>
  <entity_mention ID="CNN_CF_20030305.1900.00-2-E25-67" TYPE="NOM" LDCTYPE="NOMPRE" LDCATR="TRUE">
    <extent>
      <charseq START="426" END="433">Web site</charseq>
    </extent>
    <head>
      <charseq START="426" END="433">Web site</charseq>
    </head>
  </entity_mention>
  <entity_attributes>
    <name NAME="allyourtv.com">
      <charseq START="435" END="447">allyourtv.com</charseq>
    </name>
  </entity_attributes>
</entity>
<entity ID="CNN_CF_20030305.1900.00-2-E28" TYPE="PER" SUBTYPE="Group" CLASS="USP">
  <entity_mention ID="CNN_CF_20030305.1900.00-2-E28-69" TYPE="NOM" LDCTYPE="NOM">
    <extent>
      <charseq START="492" END="503">NBC
big wigs</charseq>
    </extent>
    <head>
      <charseq START="500" END="503">wigs</charseq>
    </head>
  </entity_mention>
</entity>
<timex2 ID="CNN_CF_20030305.1900.00-2-T1">
  <timex2_mention ID="CNN_CF_20030305.1900.00-2-T1-1">
    <extent>
      <charseq START="38" END="62">2003-03-05T19:00:00-05:00</charseq>
    </extent>
  </timex2_mention>
</timex2>
<timex2 ID="CNN_CF_20030305.1900.00-2-T2">
  <timex2_mention ID="CNN_CF_20030305.1900.00-2-T2-1">
    <extent>
      <charseq START="454" END="458">today</charseq>
    </extent>
  </timex2_mention>
</timex2>
<relation ID="CNN_CF_20030305.1900.00-2-R1" TYPE="ORG-AFF" SUBTYPE="Employment" TENSE="Past" MODALITY="Asserted">
  <relation_argument REFID="CNN_CF_20030305.1900.00-2-E4" ROLE="Arg-1"/>
  <relation_argument REFID="CNN_CF_20030305.1900.00-2-E15" ROLE="Arg-2"/>
  <relation_mention ID="CNN_CF_20030305.1900.00-2-R1-1" LEXICALCONDITION="Verbal">
    <extent>
      <charseq START="204" END="383">Well, those of you who still believe the myth of the liberal media should
consider this: MSNBC, an obscure cable channel, has fired Phil Donahue,
the host of its highest-rated show</charseq>
    </extent>
    <relation_mention_argument REFID="CNN_CF_20030305.1900.00-2-E4-61" ROLE="Arg-1">
      <extent>
        <charseq START="336" END="347">Phil Donahue</charseq>
      </extent>
    </relation_mention_argument>
    <relation_mention_argument REFID="CNN_CF_20030305.1900.00-2-E15-60" ROLE="Arg-2">
      <extent>
        <charseq START="293" END="297">MSNBC</charseq>
      </extent>
    </relation_mention_argument>
  </relation_mention>
</relation>
<relation ID="CNN_CF_20030305.1900.00-2-R2" TYPE="ORG-AFF" SUBTYPE="Employment" TENSE="Unspecified" MODALITY="Asserted">
  <relation_argument REFID="CNN_CF_20030305.1900.00-2-E28" ROLE="Arg-1"/>
  <relation_argument REFID="CNN_CF_20030305.1900.00-2-E17" ROLE="Arg-2"/>
  <relation_mention ID="CNN_CF_20030305.1900.00-2-R2-1" LEXICALCONDITION="PreMod">
    <extent>
      <charseq START="492" END="503">NBC
big wigs</charseq>
    </extent>
    <relation_mention_argument REFID="CNN_CF_20030305.1900.00-2-E28-69" ROLE="Arg-1">
      <extent>
        <charseq START="492" END="503">NBC
big wigs</charseq>
      </extent>
    </relation_mention_argument>
    <relation_mention_argument REFID="CNN_CF_20030305.1900.00-2-E17-68" ROLE="Arg-2">
      <extent>
        <charseq START="492" END="494">NBC</charseq>
      </extent>
    </relation_mention_argument>
  </relation_mention>
</relation>
<relation ID="CNN_CF_20030305.1900.00-2-R3" TYPE="PART-WHOLE" SUBTYPE="Subsidiary" TENSE="Present" MODALITY="Asserted">
  <relation_argument REFID="CNN_CF_20030305.1900.00-2-E17" ROLE="Arg-1"/>
  <relation_argument REFID="CNN_CF_20030305.1900.00-2-E6" ROLE="Arg-2"/>
  <relation_mention ID="CNN_CF_20030305.1900.00-2-R3-1" LEXICALCONDITION="Preposition">
    <extent>
      <charseq START="990" END="1082">a
division of the conglomerate GE, where they apparently only bring right
wing things to life</charseq>
    </extent>
    <relation_mention_argument REFID="CNN_CF_20030305.1900.00-2-E17-54" ROLE="Arg-1">
      <extent>
        <charseq START="990" END="1082">a
division of the conglomerate GE, where they apparently only bring right
wing things to life</charseq>
      </extent>
    </relation_mention_argument>
    <relation_mention_argument REFID="CNN_CF_20030305.1900.00-2-E6-15" ROLE="Arg-2">
      <extent>
        <charseq START="1021" END="1022">GE</charseq>
      </extent>
    </relation_mention_argument>
  </relation_mention>
</relation>
<relation ID="CNN_CF_20030305.1900.00-2-R4" TYPE="ORG-AFF" SUBTYPE="Employment" TENSE="Past" MODALITY="Asserted">
  <relation_argument REFID="CNN_CF_20030305.1900.00-2-E9" ROLE="Arg-1"/>
  <relation_argument REFID="CNN_CF_20030305.1900.00-2-E15" ROLE="Arg-2"/>
  <relation_mention ID="CNN_CF_20030305.1900.00-2-R4-1" LEXICALCONDITION="Verbal">
    <extent>
      <charseq START="1766" END="1785">I used to work there</charseq>
    </extent>
    <relation_mention_argument REFID="CNN_CF_20030305.1900.00-2-E9-40" ROLE="Arg-1">
      <extent>
        <charseq START="1766" END="1766">I</charseq>
      </extent>
    </relation_mention_argument>
    <relation_mention_argument REFID="CNN_CF_20030305.1900.00-2-E15-47" ROLE="Arg-2">
      <extent>
        <charseq START="1781" END="1785">there</charseq>
      </extent>
    </relation_mention_argument>
  </relation_mention>
</relation>
<event ID="CNN_CF_20030305.1900.00-2-EV1" TYPE="Personnel" SUBTYPE="End-Position" MODALITY="Asserted" POLARITY="Positive" GENERICITY="Specific" TENSE="Past">
  <event_argument REFID="CNN_CF_20030305.1900.00-2-E9" ROLE="Person"/>
  <event_argument REFID="CNN_CF_20030305.1900.00-2-E15" ROLE="Entity"/>
  <event_mention ID="CNN_CF_20030305.1900.00-2-EV1-1">
    <extent>
      <charseq START="1766" END="1785">I used to work there</charseq>
    </extent>
    <ldc_scope>
      <charseq START="1766" END="1785">I used to work there</charseq>
    </ldc_scope>
    <anchor>
      <charseq START="1776" END="1779">work</charseq>
    </anchor>
    <event_mention_argument REFID="CNN_CF_20030305.1900.00-2-E9-40" ROLE="Person">
      <extent>
        <charseq START="1766" END="1766">I</charseq>
      </extent>
    </event_mention_argument>
    <event_mention_argument REFID="CNN_CF_20030305.1900.00-2-E15-47" ROLE="Entity">
      <extent>
        <charseq START="1781" END="1785">there</charseq>
      </extent>
    </event_mention_argument>
  </event_mention>
</event>
<event ID="CNN_CF_20030305.1900.00-2-EV2" TYPE="Personnel" SUBTYPE="End-Position" MODALITY="Other" POLARITY="Negative" GENERICITY="Specific" TENSE="Unspecified">
  <event_argument REFID="CNN_CF_20030305.1900.00-2-E16" ROLE="Person"/>
  <event_argument REFID="CNN_CF_20030305.1900.00-2-E15" ROLE="Entity"/>
  <event_mention ID="CNN_CF_20030305.1900.00-2-EV2-1">
    <extent>
      <charseq START="1928" END="1952">they shouldn't fire a guy</charseq>
    </extent>
    <ldc_scope>
      <charseq START="1924" END="1976">but they shouldn't fire a guy for his political views</charseq>
    </ldc_scope>
    <anchor>
      <charseq START="1943" END="1946">fire</charseq>
    </anchor>
    <event_mention_argument REFID="CNN_CF_20030305.1900.00-2-E16-50" ROLE="Person">
      <extent>
        <charseq START="1948" END="1952">a guy</charseq>
      </extent>
    </event_mention_argument>
    <event_mention_argument REFID="CNN_CF_20030305.1900.00-2-E15-49" ROLE="Entity">
      <extent>
        <charseq START="1928" END="1931">they</charseq>
      </extent>
    </event_mention_argument>
  </event_mention>
</event>
<event ID="CNN_CF_20030305.1900.00-2-EV3" TYPE="Personnel" SUBTYPE="End-Position" MODALITY="Asserted" POLARITY="Positive" GENERICITY="Specific" TENSE="Past">
  <event_argument REFID="CNN_CF_20030305.1900.00-2-E17" ROLE="Entity"/>
  <event_argument REFID="CNN_CF_20030305.1900.00-2-E4" ROLE="Person"/>
  <event_argument REFID="CNN_CF_20030305.1900.00-2-E15" ROLE="Entity"/>
  <event_mention ID="CNN_CF_20030305.1900.00-2-EV3-1">
    <extent>
      <charseq START="1603" END="1617">that's what NBC</charseq>
    </extent>
    <ldc_scope>
      <charseq START="1495" END="1672">You know, you can argue back and forth, but you shouldn't fire someone
because of their political views and that's what NBC has done and shame
on the General Electric corporation</charseq>
    </ldc_scope>
    <anchor>
      <charseq START="1603" END="1606">that</charseq>
    </anchor>
    <event_mention_argument REFID="CNN_CF_20030305.1900.00-2-E17-37" ROLE="Entity">
      <extent>
        <charseq START="1615" END="1617">NBC</charseq>
      </extent>
    </event_mention_argument>
  </event_mention>
  <event_mention ID="CNN_CF_20030305.1900.00-2-EV3-2">
    <extent>
      <charseq START="293" END="347">MSNBC, an obscure cable channel, has fired Phil Donahue</charseq>
    </extent>
    <ldc_scope>
      <charseq START="204" END="383">Well, those of you who still believe the myth of the liberal media should
consider this: MSNBC, an obscure cable channel, has fired Phil Donahue,
the host of its highest-rated show</charseq>
    </ldc_scope>
    <anchor>
      <charseq START="330" END="334">fired</charseq>
    </anchor>
    <event_mention_argument REFID="CNN_CF_20030305.1900.00-2-E4-61" ROLE="Person">
      <extent>
        <charseq START="336" END="347">Phil Donahue</charseq>
      </extent>
    </event_mention_argument>
    <event_mention_argument REFID="CNN_CF_20030305.1900.00-2-E15-60" ROLE="Entity">
      <extent>
        <charseq START="293" END="297">MSNBC</charseq>
      </extent>
    </event_mention_argument>
  </event_mention>
  <event_mention ID="CNN_CF_20030305.1900.00-2-EV3-3">
    <extent>
      <charseq START="867" END="888">Phil Donahue was fired</charseq>
    </extent>
    <ldc_scope>
      <charseq START="867" END="911">Phil Donahue was fired because he's a liberal</charseq>
    </ldc_scope>
    <anchor>
      <charseq START="884" END="888">fired</charseq>
    </anchor>
    <event_mention_argument REFID="CNN_CF_20030305.1900.00-2-E4-9" ROLE="Person">
      <extent>
        <charseq START="867" END="878">Phil Donahue</charseq>
      </extent>
    </event_mention_argument>
  </event_mention>
</event>
<event ID="CNN_CF_20030305.1900.00-2-EV4" TYPE="Personnel" SUBTYPE="End-Position" MODALITY="Other" POLARITY="Negative" GENERICITY="Specific" TENSE="Unspecified">
  <event_argument REFID="CNN_CF_20030305.1900.00-2-E14" ROLE="Person"/>
  <event_mention ID="CNN_CF_20030305.1900.00-2-EV4-1">
    <extent>
      <charseq START="1553" END="1564">fire someone</charseq>
    </extent>
    <ldc_scope>
      <charseq START="1495" END="1672">You know, you can argue back and forth, but you shouldn't fire someone
because of their political views and that's what NBC has done and shame
on the General Electric corporation</charseq>
    </ldc_scope>
    <anchor>
      <charseq START="1553" END="1556">fire</charseq>
    </anchor>
    <event_mention_argument REFID="CNN_CF_20030305.1900.00-2-E14-35" ROLE="Person">
      <extent>
        <charseq START="1558" END="1564">someone</charseq>
      </extent>
    </event_mention_argument>
  </event_mention>
</event>
</document>
</source_file>
